Ticker,Forecast_Date,Predicted,Actual,Abs_Error_Pct
ADANIENT.NS,2025-07-24,2538.68,2607.23,2.629
ADANIENT.NS,2025-07-25,2512.04,2548.96,1.448
ADANIENT.NS,2025-07-28,2465.55,2521.17,2.206
ADANIENT.NS,2025-07-29,2448.31,2546.76,3.866
ADANIENT.NS,2025-07-30,2444.76,2531.77,3.437
ADANIENT.NS,2025-07-31,2433.87,2429.61,0.175
ADANIENT.NS,2025-08-01,2408.9,2349.85,2.513
ADANIENT.NS,2025-08-04,2372.74,2362.54,0.432
ADANIENT.NS,2025-08-05,2360.22,2327.16,1.421
ADANIENT.NS,2025-08-06,2361.8,2299.27,2.719
ADANIENT.NS,2025-08-07,2356.28,2248.79,4.78
ADANIENT.NS,2025-08-08,2336.81,2177.13,7.335
ADANIENT.NS,2025-08-11,2316.61,2282.38,1.5
ADANIENT.NS,2025-08-12,2308.94,2287.18,0.952
ADANIENT.NS,2025-08-13,2315.03,2279.08,1.577
ADANIENT.NS,2025-08-14,2313.63,2280.58,1.449
ADANIENT.NS,2025-08-18,2286.68,2332.56,1.967
ADANIENT.NS,2025-08-19,2281.4,2387.33,4.437
ADANIENT.NS,2025-08-20,2289.67,2386.03,4.039
ADANIENT.NS,2025-08-21,2290.33,2376.14,3.611
ADANIENT.NS,2025-08-22,2276.6,2323.86,2.034
ADANIENT.NS,2025-08-25,2271.94,2301.87,1.3
ADANIENT.NS,2025-08-26,2269.26,2270.98,0.076
ADANIENT.NS,2025-08-28,2284.39,2274.18,0.449
ADANIENT.NS,2025-08-29,2274.34,2243.7,1.366
ADANIENT.NS,2025-09-01,2283.22,2283.18,0.002
ADANIENT.NS,2025-09-02,2285.85,2273.18,0.557
ADANIENT.NS,2025-09-03,2302.68,2287.68,0.656
ADANIENT.NS,2025-09-04,2312.54,2277.78,1.526
ADANIENT.NS,2025-09-05,2308.6,2280.38,1.237
ADANIENT.NS,2025-09-08,2336.19,2309.87,1.14
ADANIENT.NS,2025-09-09,2344.86,2310.57,1.484
ADANIENT.NS,2025-09-10,2367.47,2339.15,1.211
ADANIENT.NS,2025-09-11,2382.74,2397.73,0.625
ADANIENT.NS,2025-09-12,2383.76,2390.93,0.3
ADANIENT.NS,2025-09-15,2422.67,2382.33,1.693
ADANIENT.NS,2025-09-16,2433.7,2398.33,1.475
ADANIENT.NS,2025-09-17,2457.9,2400.93,2.373
ADANIENT.NS,2025-09-18,2473.95,2400.93,3.041
ADANIENT.NS,2025-09-19,2474.95,2522.87,1.9
ADANIENT.NS,2025-09-22,2509.0,2628.32,4.54
ADANIENT.NS,2025-09-23,2516.94,2675.2,5.916
ADANIENT.NS,2025-09-24,2537.38,2618.63,3.103
ADANIENT.NS,2025-09-25,2549.1,2575.25,1.015
ADANIENT.NS,2025-09-26,2545.24,2542.56,0.105
ADANIENT.NS,2025-09-29,2562.47,2508.38,2.156
ADANIENT.NS,2025-09-30,2564.32,2504.78,2.377
ADANIENT.NS,2025-10-01,2578.58,2591.54,0.5
ADANIENT.NS,2025-10-03,2574.07,2588.74,0.567
ADANIENT.NS,2025-10-06,2573.72,2572.35,0.053
ADANIENT.NS,2025-10-07,2570.19,2541.06,1.146
ADANIENT.NS,2025-10-08,2579.35,2522.97,2.235
ADANIENT.NS,2025-10-09,2580.08,2541.26,1.527
ADANIENT.NS,2025-10-10,2565.61,2549.76,0.622
ADANIENT.NS,2025-10-13,2553.94,2526.27,1.095
ADANIENT.NS,2025-10-14,2547.29,2515.88,1.249
ADANIENT.NS,2025-10-15,2553.64,2531.67,0.868
ADANIENT.NS,2025-10-16,2551.86,2556.46,0.18
ADANIENT.NS,2025-10-17,2535.16,2548.26,0.514
ADANIENT.NS,2025-10-20,2518.3,2546.96,1.125
ADANIENT.NS,2025-10-21,2510.36,2548.76,1.507
ADANIENT.NS,2025-10-23,2512.97,2544.66,1.245
ADANIENT.NS,2025-10-24,2495.57,2503.08,0.3
ADANIENT.NS,2025-10-27,2477.69,2491.69,0.562
ADANIENT.NS,2025-10-28,2469.77,2493.29,0.943
ADANIENT.NS,2025-10-29,2475.22,2536.27,2.407
ADANIENT.NS,2025-10-30,2472.91,2525.77,2.093
ADANIENT.NS,2025-10-31,2456.02,2479.89,0.963
ADANIENT.NS,2025-11-03,2440.55,2465.9,1.028
ADANIENT.NS,2025-11-04,2433.66,2418.72,0.618
ADANIENT.NS,2025-11-06,2439.08,2313.27,5.439
ADANIENT.NS,2025-11-07,2423.37,2368.34,2.324
ADANIENT.NS,2025-11-10,2411.13,2297.33,4.954
ADANIENT.NS,2025-11-11,2405.1,2293.55,4.864
ADANIENT.NS,2025-11-12,2412.33,2407.61,0.196
ADANIENT.NS,2025-11-13,2411.62,2411.19,0.018
ADANIENT.NS,2025-11-14,2396.09,2438.91,1.756
ADANIENT.NS,2025-11-17,2382.57,2460.9,3.183
ADANIENT.NS,2025-11-18,2375.44,2435.71,2.474
ADANIENT.NS,2025-11-19,2381.25,2432.01,2.087
ADANIENT.NS,2025-11-20,2378.79,2445.01,2.708
ADANIENT.NS,2025-11-21,2361.22,2421.22,2.478
ADANIENT.NS,2025-11-24,2340.23,2398.13,2.414
ADANIENT.NS,2025-11-25,2330.36,2331.86,0.064
ADANIENT.NS,2025-11-26,2333.41,2313.97,0.84
ADANIENT.NS,2025-11-27,2328.27,2253.99,3.295
ADANIENT.NS,2025-11-28,2308.18,2279.18,1.272
ADANIENT.NS,2025-12-01,2281.47,2260.99,0.906
ADANIENT.NS,2025-12-02,2270.59,2238.6,1.429
ADANIENT.NS,2025-12-03,2273.22,2188.82,3.856
ADANIENT.NS,2025-12-04,2268.3,2216.91,2.318
ADANIENT.NS,2025-12-05,2249.12,2264.39,0.674
ADANIENT.NS,2025-12-08,2229.56,2215.21,0.648
ADANIENT.NS,2025-12-09,2222.53,2244.2,0.965
ADANIENT.NS,2025-12-10,2229.69,2210.61,0.863
ADANIENT.NS,2025-12-11,2229.93,2276.68,2.054
ADANIENT.NS,2025-12-12,2216.45,2281.38,2.846
ADANIENT.NS,2025-12-15,2216.23,2277.88,2.707
ADANIENT.NS,2025-12-16,2215.97,2246.9,1.376
ADANIENT.NS,2025-12-17,2229.82,2231.5,0.075
ADANIENT.NS,2025-12-18,2236.5,2228.3,0.368
ADANIENT.NS,2025-12-19,2229.09,2238.0,0.398
ADANIENT.NS,2025-12-22,2243.24,2262.49,0.851
ADANIENT.NS,2025-12-23,2246.04,2247.79,0.078
ADANIENT.NS,2025-12-24,2261.91,2221.71,1.81
ADANIENT.NS,2025-12-26,2261.76,2228.9,1.474
ADANIENT.NS,2025-12-29,2267.63,2202.22,2.97
ADANIENT.NS,2025-12-30,2265.29,2213.71,2.33
ADANIENT.NS,2025-12-31,2274.94,2238.7,1.619
ADANIENT.NS,2026-01-01,2275.32,2258.99,0.723
ADANIENT.NS,2026-01-02,2259.57,2278.78,0.843
ADANIENT.NS,2026-01-05,2237.96,2278.48,1.778
ADANIENT.NS,2026-01-06,2225.97,2258.09,1.422
ADANIENT.NS,2026-01-07,2226.07,2273.08,2.068
ADANIENT.NS,2026-01-08,2217.22,2213.01,0.19
ADANIENT.NS,2026-01-09,2192.75,2152.74,1.859
ADANIENT.NS,2026-01-12,2150.17,2170.63,0.943
ADANIENT.NS,2026-01-13,2133.49,2157.54,1.114
ADANIENT.NS,2026-01-14,2130.28,2152.34,1.025
ADANIENT.NS,2026-01-15,2119.61,2152.34,1.521
ADANIENT.NS,2026-01-16,2094.9,2156.34,2.849
ADANIENT.NS,2026-01-19,2061.13,2133.65,3.399
ADANIENT.NS,2026-01-20,2050.48,2054.18,0.18
ADANIENT.NS,2026-01-21,2054.72,2031.29,1.153
ADANIENT.NS,2026-01-22,2052.78,2085.47,1.567
ADANIENT.NS,2026-01-23,2037.92,1863.37,9.368
ADANIENT.NS,2026-01-27,2040.3,1958.62,4.17
ADANIENT.NS,2026-01-28,2056.98,1993.81,3.168
ADANIENT.NS,2026-01-29,2067.31,2018.3,2.428
ADANIENT.NS,2026-01-30,2064.32,2019.5,2.22
ADANIENT.NS,2026-02-02,2096.04,1994.51,5.091
ADANIENT.NS,2026-02-03,2105.99,2201.62,4.343
ADANIENT.NS,2026-02-04,2129.57,2227.2,4.384
ADANIENT.NS,2026-02-05,2145.36,2235.6,4.037
ADANIENT.NS,2026-02-06,2146.32,2225.4,3.554
ADANIENT.NS,2026-02-09,2180.49,2249.09,3.05
ADANIENT.NS,2026-02-10,2188.15,2227.4,1.762
ADANIENT.NS,2026-02-11,2208.0,2233.4,1.137
ADANIENT.NS,2026-02-12,2218.72,2210.81,0.358
ADANIENT.NS,2026-02-13,2213.37,2135.65,3.639
ADANIENT.NS,2026-02-16,2222.75,2183.62,1.792
ADANIENT.NS,2026-02-17,2220.75,2241.9,0.943
ADANIENT.NS,2026-02-18,2230.52,2210.21,0.919
ADANIENT.NS,2026-02-19,2230.94,2155.74,3.489
ADANIENT.NS,2026-02-20,2215.23,2159.83,2.565
ADANIENT.NS,2026-02-23,2194.66,2190.02,0.212
ADANIENT.NS,2026-02-24,2183.51,2182.02,0.068
ADANIENT.NS,2026-02-25,2184.71,2230.7,2.062
ADANIENT.NS,2026-02-26,2177.21,2215.41,1.724
ADANIENT.NS,2026-02-27,2154.3,2160.83,0.302
ADANIENT.NS,2026-03-02,2116.67,2123.65,0.329
ADANIENT.NS,2026-03-04,2099.05,2075.57,1.131
ADANIENT.NS,2026-03-05,2088.73,2088.27,0.022
ADANIENT.NS,2026-03-06,2063.62,2038.99,1.208
ADANIENT.NS,2026-03-09,2022.51,1998.31,1.211
ADANIENT.NS,2026-03-10,2006.87,1995.61,0.564
ADANIENT.NS,2026-03-11,2004.65,1973.82,1.562
ADANIENT.NS,2026-03-12,1994.71,2001.11,0.32
ADANIENT.NS,2026-03-13,1970.28,1960.22,0.513
ADANIENT.NS,2026-03-16,1932.93,1977.12,2.235
ADANIENT.NS,2026-03-17,1919.18,1974.52,2.803
ADANIENT.NS,2026-03-18,1919.2,2006.3,4.341
ADANIENT.NS,2026-03-19,1911.92,1935.93,1.24
ADANIENT.NS,2026-03-20,1890.6,1926.24,1.85
ADANIENT.NS,2026-03-23,1865.97,1832.18,1.844
ADANIENT.NS,2026-03-24,1857.75,1817.09,2.238
ADANIENT.NS,2026-03-25,1864.06,1885.76,1.151
ADANIENT.NS,2026-03-27,1850.35,1822.19,1.546
ADANIENT.NS,2026-03-30,1853.99,1758.01,5.459
ADANIENT.NS,2026-04-01,1874.51,1841.68,1.783
ADANIENT.NS,2026-04-02,1886.36,1833.38,2.89
ADANIENT.NS,2026-04-06,1927.72,1901.35,1.387
ADANIENT.NS,2026-04-07,1943.17,1881.26,3.291
ADANIENT.NS,2026-04-08,1973.42,2042.89,3.4
ADANIENT.NS,2026-04-09,1997.14,2039.59,2.081
ADANIENT.NS,2026-04-10,2007.35,2085.87,3.764
ADANIENT.NS,2026-04-13,2077.41,2128.05,2.38
ADANIENT.NS,2026-04-15,2135.42,2143.44,0.374
ADANIENT.NS,2026-04-16,2163.16,2202.72,1.796
ADANIENT.NS,2026-04-17,2175.91,2217.31,1.867
ADANIENT.NS,2026-04-20,2244.73,2228.6,0.724
ADANIENT.NS,2026-04-21,2263.85,2225.01,1.746
ADANIENT.NS,2026-04-22,2295.19,2259.79,1.567
ADANIENT.NS,2026-04-23,2317.48,2298.97,0.805
ADANIENT.NS,2026-04-24,2323.89,2286.58,1.632
ADANIENT.NS,2026-04-27,2370.27,2320.76,2.133
ADANIENT.NS,2026-04-28,2381.49,2411.32,1.237
ADANIENT.NS,2026-04-29,2405.09,2424.82,0.813
ADANIENT.NS,2026-04-30,2420.03,2407.32,0.528
ADANIENT.NS,2026-05-01,2419.66,2407.32,0.512
ADANIENT.NS,2026-05-04,2451.04,2484.59,1.35
ADANIENT.NS,2026-05-05,2459.51,2460.9,0.056
ADANIENT.NS,2026-05-06,2481.63,2539.16,2.266
ADANIENT.NS,2026-05-07,2496.42,2512.58,0.643
ADANIENT.NS,2026-05-08,2497.22,2504.78,0.302
ADANIENT.NS,2026-05-11,2539.6,2499.08,1.621
ADANIENT.NS,2026-05-12,2553.87,2404.12,6.229
ADANIENT.NS,2026-05-13,2582.62,2496.88,3.434
ADANIENT.NS,2026-05-14,2604.66,2711.69,3.947
ADANIENT.NS,2026-05-15,2613.13,2714.79,3.745
ADANIENT.NS,2026-05-18,2678.58,2688.6,0.373
ADANIENT.NS,2026-05-19,2699.78,2723.78,0.881
ADANIENT.NS,2026-05-20,2734.67,2703.59,1.15
ADANIENT.NS,2026-05-21,2761.85,2696.39,2.428
ADANIENT.NS,2026-05-22,2774.28,2716.09,2.143
ADANIENT.NS,2026-05-25,2842.98,2848.43,0.191
ADANIENT.NS,2026-05-26,2862.04,2967.97,3.569
ADANIENT.NS,2026-05-27,2893.13,2971.77,2.646
ADANIENT.NS,2026-05-28,2914.87,2971.77,1.915
ADANIENT.NS,2026-05-29,2920.26,2936.09,0.539
ADANIENT.NS,2026-06-01,2959.53,2908.1,1.769
ADANIENT.NS,2026-06-02,2966.61,2966.77,0.006
ADANIENT.NS,2026-06-03,2984.98,2924.29,2.075
ADANIENT.NS,2026-06-04,2993.53,2971.47,0.742
ADANIENT.NS,2026-06-05,2985.53,3046.84,2.012
ADANIENT.NS,2026-06-08,2986.21,2968.67,0.591
ADANIENT.NS,2026-06-09,2981.85,2978.57,0.11
ADANIENT.NS,2026-06-10,2989.9,2929.79,2.052
ADANIENT.NS,2026-06-11,2989.47,2907.5,2.819
ADANIENT.NS,2026-06-12,2974.01,2921.6,1.794
ADANIENT.NS,2026-06-15,2962.75,2942.5,0.688
ADANIENT.NS,2026-06-16,2958.11,2943.6,0.493
ADANIENT.NS,2026-06-17,2967.74,2951.9,0.537
ADANIENT.NS,2026-06-18,2970.68,3013.4,1.418
ADANIENT.NS,2026-06-19,2960.29,3038.4,2.571
ADANIENT.NS,2026-06-22,2972.71,3059.6,2.84
ADANIENT.NS,2026-06-23,2978.09,2962.9,0.513
ADANIENT.NS,2026-06-24,2998.39,3069.7,2.323
ADANIENT.NS,2026-06-25,3012.36,3038.0,0.844
ADANIENT.NS,2026-06-26,3013.08,3038.0,0.82
ADANIENT.NS,2026-06-29,3056.51,2962.5,3.173
ADANIENT.NS,2026-06-30,3070.56,3036.0,1.138
ADANIENT.NS,2026-07-01,3098.3,3143.6,1.441
ADANIENT.NS,2026-07-02,3118.29,3177.5,1.863
ADANIENT.NS,2026-07-03,3123.44,3212.1,2.76
ADANIENT.NS,2026-07-06,3169.54,3206.6,1.156
ADANIENT.NS,2026-07-07,3180.79,3107.2,2.368
ADANIENT.NS,2026-07-08,3203.9,3046.9,5.153
ADANIENT.NS,2026-07-09,3217.51,3083.6,4.343
ADANIENT.NS,2026-07-10,3214.65,3157.3,1.816
ADANIENT.NS,2026-07-13,3228.52,3177.5,1.606
ADANIENT.NS,2026-07-14,3226.95,3188.9,1.193
ADANIENT.NS,2026-07-15,3236.6,3150.6,2.73
ADANIENT.NS,2026-07-16,3236.34,3151.4,2.695
ADANIENT.NS,2026-07-17,3219.44,3160.7,1.858
ADANIENT.NS,2026-07-20,3192.64,3183.3,0.293
ADANIENT.NS,2026-07-21,3178.72,3182.7,0.125
ADANIENT.NS,2026-07-22,3176.95,3147.7,0.929
ADANIENT.NS,2026-07-23,3166.36,3010.0,5.195
ADANIENT.NS,2026-07-24,3140.33,3026.4,3.765
ADANIPORTS.NS,2025-07-24,1405.6,1405.68,0.005
ADANIPORTS.NS,2025-07-25,1396.19,1390.44,0.414
ADANIPORTS.NS,2025-07-28,1382.08,1370.23,0.865
ADANIPORTS.NS,2025-07-29,1379.42,1390.04,0.764
ADANIPORTS.NS,2025-07-30,1381.84,1388.15,0.455
ADANIPORTS.NS,2025-07-31,1378.36,1367.34,0.806
ADANIPORTS.NS,2025-08-01,1369.45,1341.45,2.088
ADANIPORTS.NS,2025-08-04,1356.98,1383.07,1.886
ADANIPORTS.NS,2025-08-05,1354.84,1352.4,0.18
ADANIPORTS.NS,2025-08-06,1357.75,1361.36,0.265
ADANIPORTS.NS,2025-08-07,1354.74,1339.75,1.119
ADANIPORTS.NS,2025-08-08,1346.26,1319.44,2.033
ADANIPORTS.NS,2025-08-11,1334.99,1333.78,0.091
ADANIPORTS.NS,2025-08-12,1333.28,1324.92,0.631
ADANIPORTS.NS,2025-08-13,1336.66,1314.06,1.72
ADANIPORTS.NS,2025-08-14,1334.19,1294.84,3.039
ADANIPORTS.NS,2025-08-18,1317.88,1321.63,0.284
ADANIPORTS.NS,2025-08-19,1317.44,1363.65,3.389
ADANIPORTS.NS,2025-08-20,1322.31,1364.85,3.117
ADANIPORTS.NS,2025-08-21,1321.54,1356.08,2.547
ADANIPORTS.NS,2025-08-22,1315.62,1335.57,1.494
ADANIPORTS.NS,2025-08-25,1314.1,1334.77,1.549
ADANIPORTS.NS,2025-08-26,1316.35,1309.88,0.494
ADANIPORTS.NS,2025-08-28,1326.18,1309.88,1.244
ADANIPORTS.NS,2025-08-29,1323.23,1307.29,1.219
ADANIPORTS.NS,2025-09-01,1330.55,1329.7,0.064
ADANIPORTS.NS,2025-09-02,1335.55,1330.59,0.373
ADANIPORTS.NS,2025-09-03,1345.81,1326.81,1.432
ADANIPORTS.NS,2025-09-04,1350.32,1322.63,2.094
ADANIPORTS.NS,2025-09-05,1349.46,1316.25,2.523
ADANIPORTS.NS,2025-09-08,1361.13,1342.64,1.377
ADANIPORTS.NS,2025-09-09,1366.86,1375.1,0.6
ADANIPORTS.NS,2025-09-10,1377.46,1383.27,0.42
ADANIPORTS.NS,2025-09-11,1381.91,1387.25,0.385
ADANIPORTS.NS,2025-09-12,1380.63,1387.25,0.477
ADANIPORTS.NS,2025-09-15,1388.94,1389.34,0.029
ADANIPORTS.NS,2025-09-16,1392.96,1402.29,0.665
ADANIPORTS.NS,2025-09-17,1401.63,1400.2,0.102
ADANIPORTS.NS,2025-09-18,1403.97,1406.87,0.206
ADANIPORTS.NS,2025-09-19,1400.47,1421.81,1.501
ADANIPORTS.NS,2025-09-22,1401.94,1438.14,2.517
ADANIPORTS.NS,2025-09-23,1403.8,1435.55,2.212
ADANIPORTS.NS,2025-09-24,1410.46,1425.59,1.061
ADANIPORTS.NS,2025-09-25,1410.99,1401.29,0.692
ADANIPORTS.NS,2025-09-26,1405.89,1386.16,1.423
ADANIPORTS.NS,2025-09-29,1404.21,1377.4,1.947
ADANIPORTS.NS,2025-09-30,1405.61,1397.61,0.572
ADANIPORTS.NS,2025-10-01,1412.11,1416.73,0.326
ADANIPORTS.NS,2025-10-03,1408.05,1413.14,0.361
ADANIPORTS.NS,2025-10-06,1408.83,1394.62,1.019
ADANIPORTS.NS,2025-10-07,1411.36,1393.63,1.272
ADANIPORTS.NS,2025-10-08,1419.07,1388.45,2.205
ADANIPORTS.NS,2025-10-09,1420.96,1389.74,2.246
ADANIPORTS.NS,2025-10-10,1417.48,1403.49,0.997
ADANIPORTS.NS,2025-10-13,1421.44,1431.77,0.721
ADANIPORTS.NS,2025-10-14,1424.74,1423.0,0.122
ADANIPORTS.NS,2025-10-15,1433.01,1444.61,0.803
ADANIPORTS.NS,2025-10-16,1435.26,1473.29,2.581
ADANIPORTS.NS,2025-10-17,1431.91,1473.19,2.802
ADANIPORTS.NS,2025-10-20,1434.93,1460.84,1.774
ADANIPORTS.NS,2025-10-21,1437.51,1467.32,2.031
ADANIPORTS.NS,2025-10-23,1446.16,1447.0,0.058
ADANIPORTS.NS,2025-10-24,1441.72,1423.0,1.315
ADANIPORTS.NS,2025-10-27,1441.37,1414.64,1.89
ADANIPORTS.NS,2025-10-28,1442.94,1411.95,2.195
ADANIPORTS.NS,2025-10-29,1449.46,1448.69,0.053
ADANIPORTS.NS,2025-10-30,1449.99,1451.78,0.123
ADANIPORTS.NS,2025-10-31,1445.03,1445.41,0.026
ADANIPORTS.NS,2025-11-03,1444.55,1438.64,0.411
ADANIPORTS.NS,2025-11-04,1446.59,1438.34,0.574
ADANIPORTS.NS,2025-11-06,1455.34,1430.77,1.717
ADANIPORTS.NS,2025-11-07,1451.57,1442.22,0.648
ADANIPORTS.NS,2025-11-10,1455.66,1438.84,1.169
ADANIPORTS.NS,2025-11-11,1459.42,1468.21,0.599
ADANIPORTS.NS,2025-11-12,1468.39,1500.58,2.145
ADANIPORTS.NS,2025-11-13,1471.58,1492.71,1.415
ADANIPORTS.NS,2025-11-14,1469.41,1506.35,2.452
ADANIPORTS.NS,2025-11-17,1477.2,1501.27,1.604
ADANIPORTS.NS,2025-11-18,1481.69,1488.73,0.473
ADANIPORTS.NS,2025-11-19,1491.08,1477.97,0.887
ADANIPORTS.NS,2025-11-20,1494.36,1484.84,0.641
ADANIPORTS.NS,2025-11-21,1491.92,1473.59,1.244
ADANIPORTS.NS,2025-11-24,1496.83,1479.66,1.16
ADANIPORTS.NS,2025-11-25,1499.71,1477.67,1.491
ADANIPORTS.NS,2025-11-26,1507.21,1499.88,0.489
ADANIPORTS.NS,2025-11-27,1508.35,1502.77,0.372
ADANIPORTS.NS,2025-11-28,1503.6,1510.53,0.459
ADANIPORTS.NS,2025-12-01,1501.01,1524.08,1.514
ADANIPORTS.NS,2025-12-02,1501.39,1511.73,0.684
ADANIPORTS.NS,2025-12-03,1506.51,1491.41,1.012
ADANIPORTS.NS,2025-12-04,1505.45,1499.28,0.411
ADANIPORTS.NS,2025-12-05,1498.7,1503.07,0.29
ADANIPORTS.NS,2025-12-08,1491.83,1474.29,1.19
ADANIPORTS.NS,2025-12-09,1491.47,1490.92,0.037
ADANIPORTS.NS,2025-12-10,1496.2,1491.81,0.294
ADANIPORTS.NS,2025-12-11,1495.09,1497.69,0.173
ADANIPORTS.NS,2025-12-12,1488.64,1516.41,1.831
ADANIPORTS.NS,2025-12-15,1484.39,1506.25,1.451
ADANIPORTS.NS,2025-12-16,1485.32,1492.71,0.495
ADANIPORTS.NS,2025-12-17,1491.45,1480.06,0.769
ADANIPORTS.NS,2025-12-18,1491.8,1489.42,0.16
ADANIPORTS.NS,2025-12-19,1486.78,1490.12,0.224
ADANIPORTS.NS,2025-12-22,1485.98,1502.37,1.091
ADANIPORTS.NS,2025-12-23,1487.55,1487.33,0.015
ADANIPORTS.NS,2025-12-24,1493.98,1488.03,0.4
ADANIPORTS.NS,2025-12-26,1488.69,1480.86,0.529
ADANIPORTS.NS,2025-12-29,1483.59,1448.3,2.437
ADANIPORTS.NS,2025-12-30,1482.84,1455.07,1.909
ADANIPORTS.NS,2025-12-31,1486.55,1463.63,1.566
ADANIPORTS.NS,2026-01-01,1483.72,1474.88,0.599
ADANIPORTS.NS,2026-01-02,1474.81,1483.25,0.569
ADANIPORTS.NS,2026-01-05,1458.64,1486.73,1.89
ADANIPORTS.NS,2026-01-06,1454.17,1467.02,0.876
ADANIPORTS.NS,2026-01-07,1454.31,1459.15,0.332
ADANIPORTS.NS,2026-01-08,1448.17,1459.05,0.746
ADANIPORTS.NS,2026-01-09,1436.31,1429.87,0.45
ADANIPORTS.NS,2026-01-12,1414.35,1437.44,1.606
ADANIPORTS.NS,2026-01-13,1409.25,1422.6,0.939
ADANIPORTS.NS,2026-01-14,1409.52,1424.0,1.017
ADANIPORTS.NS,2026-01-15,1404.31,1424.0,1.383
ADANIPORTS.NS,2026-01-16,1394.2,1415.93,1.535
ADANIPORTS.NS,2026-01-19,1382.42,1397.11,1.052
ADANIPORTS.NS,2026-01-20,1382.27,1361.86,1.499
ADANIPORTS.NS,2026-01-21,1388.16,1372.81,1.118
ADANIPORTS.NS,2026-01-22,1389.18,1408.26,1.355
ADANIPORTS.NS,2026-01-23,1385.8,1302.91,6.362
ADANIPORTS.NS,2026-01-27,1403.58,1358.18,3.343
ADANIPORTS.NS,2026-01-28,1416.95,1376.1,2.968
ADANIPORTS.NS,2026-01-29,1425.19,1411.85,0.945
ADANIPORTS.NS,2026-01-30,1428.66,1413.84,1.048
ADANIPORTS.NS,2026-02-02,1456.01,1397.21,4.208
ADANIPORTS.NS,2026-02-03,1467.59,1524.38,3.725
ADANIPORTS.NS,2026-02-04,1484.2,1561.32,4.939
ADANIPORTS.NS,2026-02-05,1494.72,1563.61,4.406
ADANIPORTS.NS,2026-02-06,1499.45,1544.19,2.897
ADANIPORTS.NS,2026-02-09,1524.42,1555.15,1.976
ADANIPORTS.NS,2026-02-10,1533.19,1548.18,0.968
ADANIPORTS.NS,2026-02-11,1546.05,1546.88,0.054
ADANIPORTS.NS,2026-02-12,1551.93,1537.22,0.957
ADANIPORTS.NS,2026-02-13,1551.25,1512.63,2.553
ADANIPORTS.NS,2026-02-16,1556.18,1533.64,1.47
ADANIPORTS.NS,2026-02-17,1557.38,1559.73,0.15
ADANIPORTS.NS,2026-02-18,1562.43,1544.29,1.175
ADANIPORTS.NS,2026-02-19,1560.38,1506.95,3.546
ADANIPORTS.NS,2026-02-20,1551.75,1505.16,3.096
ADANIPORTS.NS,2026-02-23,1533.93,1549.27,0.99
ADANIPORTS.NS,2026-02-24,1528.24,1548.87,1.332
ADANIPORTS.NS,2026-02-25,1526.88,1522.28,0.302
ADANIPORTS.NS,2026-02-26,1518.96,1544.09,1.628
ADANIPORTS.NS,2026-02-27,1505.07,1514.62,0.63
ADANIPORTS.NS,2026-03-02,1475.36,1464.13,0.767
ADANIPORTS.NS,2026-03-04,1463.75,1428.38,2.476
ADANIPORTS.NS,2026-03-05,1454.53,1493.01,2.577
ADANIPORTS.NS,2026-03-06,1439.95,1471.3,2.131
ADANIPORTS.NS,2026-03-09,1411.47,1415.34,0.273
ADANIPORTS.NS,2026-03-10,1404.52,1418.12,0.959
ADANIPORTS.NS,2026-03-11,1402.95,1404.88,0.137
ADANIPORTS.NS,2026-03-12,1395.82,1385.66,0.733
ADANIPORTS.NS,2026-03-13,1383.62,1357.48,1.926
ADANIPORTS.NS,2026-03-16,1363.68,1368.13,0.326
ADANIPORTS.NS,2026-03-17,1359.93,1359.77,0.012
ADANIPORTS.NS,2026-03-18,1361.7,1396.02,2.458
ADANIPORTS.NS,2026-03-19,1358.03,1350.31,0.572
ADANIPORTS.NS,2026-03-20,1349.4,1359.67,0.755
ADANIPORTS.NS,2026-03-23,1340.83,1298.13,3.289
ADANIPORTS.NS,2026-03-24,1341.11,1338.56,0.191
ADANIPORTS.NS,2026-03-25,1347.02,1370.13,1.686
ADANIPORTS.NS,2026-03-27,1343.43,1332.19,0.844
ADANIPORTS.NS,2026-03-30,1349.03,1307.09,3.209
ADANIPORTS.NS,2026-04-01,1365.36,1379.59,1.031
ADANIPORTS.NS,2026-04-02,1371.21,1371.82,0.044
ADANIPORTS.NS,2026-04-06,1394.07,1381.28,0.926
ADANIPORTS.NS,2026-04-07,1404.65,1375.2,2.141
ADANIPORTS.NS,2026-04-08,1420.88,1447.2,1.819
ADANIPORTS.NS,2026-04-09,1431.75,1441.33,0.664
ADANIPORTS.NS,2026-04-10,1437.66,1469.11,2.141
ADANIPORTS.NS,2026-04-13,1471.88,1459.15,0.872
ADANIPORTS.NS,2026-04-15,1504.98,1505.46,0.032
ADANIPORTS.NS,2026-04-16,1518.25,1543.3,1.623
ADANIPORTS.NS,2026-04-17,1526.05,1566.8,2.601
ADANIPORTS.NS,2026-04-20,1562.64,1571.78,0.581
ADANIPORTS.NS,2026-04-21,1576.29,1587.41,0.701
ADANIPORTS.NS,2026-04-22,1594.6,1581.93,0.801
ADANIPORTS.NS,2026-04-23,1606.55,1596.17,0.65
ADANIPORTS.NS,2026-04-24,1612.56,1578.45,2.161
ADANIPORTS.NS,2026-04-27,1641.49,1621.67,1.222
ADANIPORTS.NS,2026-04-28,1652.01,1630.73,1.305
ADANIPORTS.NS,2026-04-29,1666.99,1654.13,0.778
ADANIPORTS.NS,2026-04-30,1675.49,1650.34,1.524
ADANIPORTS.NS,2026-05-01,1677.98,1650.34,1.675
ADANIPORTS.NS,2026-05-04,1696.57,1735.29,2.231
ADANIPORTS.NS,2026-05-05,1703.88,1717.76,0.808
ADANIPORTS.NS,2026-05-06,1715.85,1740.96,1.442
ADANIPORTS.NS,2026-05-07,1721.57,1725.53,0.229
ADANIPORTS.NS,2026-05-08,1721.52,1753.01,1.796
ADANIPORTS.NS,2026-05-11,1734.09,1759.88,1.466
ADANIPORTS.NS,2026-05-12,1739.91,1681.11,3.497
ADANIPORTS.NS,2026-05-13,1750.63,1730.51,1.163
ADANIPORTS.NS,2026-05-14,1755.3,1765.96,0.603
ADANIPORTS.NS,2026-05-15,1754.39,1787.57,1.856
ADANIPORTS.NS,2026-05-18,1765.07,1780.2,0.85
ADANIPORTS.NS,2026-05-19,1770.36,1755.4,0.852
ADANIPORTS.NS,2026-05-20,1780.53,1765.16,0.871
ADANIPORTS.NS,2026-05-21,1784.59,1785.77,0.066
ADANIPORTS.NS,2026-05-22,1782.98,1779.4,0.201
ADANIPORTS.NS,2026-05-25,1790.75,1795.33,0.255
ADANIPORTS.NS,2026-05-26,1794.74,1803.6,0.491
ADANIPORTS.NS,2026-05-27,1803.43,1816.84,0.738
ADANIPORTS.NS,2026-05-28,1805.85,1816.84,0.605
ADANIPORTS.NS,2026-05-29,1802.44,1797.03,0.301
ADANIPORTS.NS,2026-06-01,1804.1,1776.02,1.581
ADANIPORTS.NS,2026-06-02,1805.92,1806.89,0.053
ADANIPORTS.NS,2026-06-03,1812.46,1796.23,0.904
ADANIPORTS.NS,2026-06-04,1812.76,1783.38,1.647
ADANIPORTS.NS,2026-06-05,1807.32,1816.54,0.508
ADANIPORTS.NS,2026-06-08,1803.84,1797.42,0.357
ADANIPORTS.NS,2026-06-09,1804.4,1818.74,0.788
ADANIPORTS.NS,2026-06-10,1809.94,1813.56,0.199
ADANIPORTS.NS,2026-06-11,1809.55,1779.6,1.683
ADANIPORTS.NS,2026-06-12,1803.73,1812.9,0.506
ADANIPORTS.NS,2026-06-15,1801.01,1804.8,0.21
ADANIPORTS.NS,2026-06-16,1802.42,1822.0,1.075
ADANIPORTS.NS,2026-06-17,1809.08,1828.6,1.067
ADANIPORTS.NS,2026-06-18,1810.03,1842.1,1.741
ADANIPORTS.NS,2026-06-19,1805.75,1835.3,1.61
ADANIPORTS.NS,2026-06-22,1808.31,1827.2,1.034
ADANIPORTS.NS,2026-06-23,1811.54,1784.0,1.544
ADANIPORTS.NS,2026-06-24,1819.94,1813.3,0.366
ADANIPORTS.NS,2026-06-25,1822.51,1796.0,1.476
ADANIPORTS.NS,2026-06-26,1819.68,1796.0,1.318
ADANIPORTS.NS,2026-06-29,1825.14,1776.1,2.761
ADANIPORTS.NS,2026-06-30,1828.72,1810.2,1.023
ADANIPORTS.NS,2026-07-01,1837.14,1848.2,0.598
ADANIPORTS.NS,2026-07-02,1839.37,1883.2,2.327
ADANIPORTS.NS,2026-07-03,1835.84,1874.2,2.047
ADANIPORTS.NS,2026-07-06,1837.14,1864.4,1.462
ADANIPORTS.NS,2026-07-07,1838.72,1833.9,0.263
ADANIPORTS.NS,2026-07-08,1844.88,1791.7,2.968
ADANIPORTS.NS,2026-07-09,1844.65,1800.1,2.475
ADANIPORTS.NS,2026-07-10,1838.48,1828.1,0.568
ADANIPORTS.NS,2026-07-13,1831.34,1810.3,1.162
ADANIPORTS.NS,2026-07-14,1830.09,1821.9,0.45
ADANIPORTS.NS,2026-07-15,1833.5,1829.1,0.241
ADANIPORTS.NS,2026-07-16,1830.64,1826.4,0.232
ADANIPORTS.NS,2026-07-17,1822.0,1837.4,0.838
ADANIPORTS.NS,2026-07-20,1808.68,1844.0,1.915
ADANIPORTS.NS,2026-07-21,1805.86,1846.5,2.201
ADANIPORTS.NS,2026-07-22,1807.96,1819.4,0.629
ADANIPORTS.NS,2026-07-23,1804.05,1778.5,1.437
APOLLOHOSP.NS,2025-07-24,7279.22,7344.34,0.887
APOLLOHOSP.NS,2025-07-25,7269.87,7449.06,2.406
APOLLOHOSP.NS,2025-07-28,7259.27,7337.35,1.064
APOLLOHOSP.NS,2025-07-29,7267.71,7436.6,2.271
APOLLOHOSP.NS,2025-07-30,7293.12,7430.61,1.85
APOLLOHOSP.NS,2025-07-31,7295.82,7478.49,2.443
APOLLOHOSP.NS,2025-08-01,7301.11,7332.37,0.426
APOLLOHOSP.NS,2025-08-04,7334.13,7288.98,0.619
APOLLOHOSP.NS,2025-08-05,7356.15,7255.07,1.393
APOLLOHOSP.NS,2025-08-06,7394.27,7170.79,3.117
APOLLOHOSP.NS,2025-08-07,7408.63,7151.34,3.598
APOLLOHOSP.NS,2025-08-08,7424.39,7066.06,5.071
APOLLOHOSP.NS,2025-08-11,7480.64,7240.11,3.322
APOLLOHOSP.NS,2025-08-12,7507.66,7217.67,4.018
APOLLOHOSP.NS,2025-08-13,7549.34,7788.18,3.067
APOLLOHOSP.NS,2025-08-14,7565.9,7801.14,3.016
APOLLOHOSP.NS,2025-08-18,7634.73,7802.14,2.146
APOLLOHOSP.NS,2025-08-19,7658.43,7813.13,1.98
APOLLOHOSP.NS,2025-08-20,7696.1,7872.55,2.241
APOLLOHOSP.NS,2025-08-21,7708.07,7915.99,2.627
APOLLOHOSP.NS,2025-08-22,7719.67,7912.0,2.431
APOLLOHOSP.NS,2025-08-25,7754.93,7840.59,1.093
APOLLOHOSP.NS,2025-08-26,7772.62,7783.17,0.136
APOLLOHOSP.NS,2025-08-28,7809.87,7717.75,1.194
APOLLOHOSP.NS,2025-08-29,7815.09,7599.91,2.831
APOLLOHOSP.NS,2025-09-01,7830.0,7661.33,2.202
APOLLOHOSP.NS,2025-09-02,7840.33,7671.81,2.197
APOLLOHOSP.NS,2025-09-03,7864.09,7725.74,1.791
APOLLOHOSP.NS,2025-09-04,7861.58,7889.53,0.354
APOLLOHOSP.NS,2025-09-05,7858.14,7794.15,0.821
APOLLOHOSP.NS,2025-09-08,7843.67,7776.18,0.868
APOLLOHOSP.NS,2025-09-09,7843.06,7815.12,0.357
APOLLOHOSP.NS,2025-09-10,7855.39,7918.49,0.797
APOLLOHOSP.NS,2025-09-11,7841.02,7869.05,0.356
APOLLOHOSP.NS,2025-09-12,7825.32,7864.06,0.493
APOLLOHOSP.NS,2025-09-15,7773.77,7806.14,0.415
APOLLOHOSP.NS,2025-09-16,7761.34,7842.09,1.03
APOLLOHOSP.NS,2025-09-17,7762.48,7877.54,1.461
APOLLOHOSP.NS,2025-09-18,7737.81,7840.09,1.305
APOLLOHOSP.NS,2025-09-19,7712.94,7796.15,1.067
APOLLOHOSP.NS,2025-09-22,7643.03,7728.74,1.109
APOLLOHOSP.NS,2025-09-23,7628.25,7673.81,0.594
APOLLOHOSP.NS,2025-09-24,7629.23,7633.37,0.054
APOLLOHOSP.NS,2025-09-25,7606.71,7613.89,0.094
APOLLOHOSP.NS,2025-09-26,7586.37,7500.04,1.151
APOLLOHOSP.NS,2025-09-29,7544.43,7434.13,1.484
APOLLOHOSP.NS,2025-09-30,7543.51,7399.18,1.951
APOLLOHOSP.NS,2025-10-01,7560.37,7431.13,1.739
APOLLOHOSP.NS,2025-10-03,7554.24,7439.62,1.541
APOLLOHOSP.NS,2025-10-06,7574.99,7651.84,1.004
APOLLOHOSP.NS,2025-10-07,7595.42,7689.79,1.227
APOLLOHOSP.NS,2025-10-08,7633.12,7651.84,0.245
APOLLOHOSP.NS,2025-10-09,7648.14,7684.8,0.477
APOLLOHOSP.NS,2025-10-10,7665.46,7670.82,0.07
APOLLOHOSP.NS,2025-10-13,7729.65,7660.83,0.898
APOLLOHOSP.NS,2025-10-14,7759.34,7748.71,0.137
APOLLOHOSP.NS,2025-10-15,7803.24,7815.62,0.158
APOLLOHOSP.NS,2025-10-16,7821.21,7823.11,0.024
APOLLOHOSP.NS,2025-10-17,7838.11,7891.02,0.671
APOLLOHOSP.NS,2025-10-20,7880.74,7999.38,1.483
APOLLOHOSP.NS,2025-10-21,7896.82,8001.38,1.307
APOLLOHOSP.NS,2025-10-23,7923.17,7957.94,0.437
APOLLOHOSP.NS,2025-10-24,7918.83,7827.11,1.172
APOLLOHOSP.NS,2025-10-27,7888.84,7835.1,0.686
APOLLOHOSP.NS,2025-10-28,7879.32,7870.05,0.118
APOLLOHOSP.NS,2025-10-29,7881.27,7848.08,0.423
APOLLOHOSP.NS,2025-10-30,7855.35,7779.67,0.973
APOLLOHOSP.NS,2025-10-31,7827.25,7670.82,2.039
APOLLOHOSP.NS,2025-11-03,7736.71,7814.13,0.991
APOLLOHOSP.NS,2025-11-04,7711.73,7800.14,1.133
APOLLOHOSP.NS,2025-11-06,7665.34,7771.68,1.368
APOLLOHOSP.NS,2025-11-07,7630.51,7631.87,0.018
APOLLOHOSP.NS,2025-11-10,7537.48,7519.52,0.239
APOLLOHOSP.NS,2025-11-11,7517.08,7491.05,0.347
APOLLOHOSP.NS,2025-11-12,7513.24,7488.06,0.336
APOLLOHOSP.NS,2025-11-13,7486.42,7430.64,0.751
APOLLOHOSP.NS,2025-11-14,7462.05,7410.66,0.693
APOLLOHOSP.NS,2025-11-17,7405.82,7477.57,0.96
APOLLOHOSP.NS,2025-11-18,7398.08,7375.71,0.303
APOLLOHOSP.NS,2025-11-19,7406.39,7449.11,0.573
APOLLOHOSP.NS,2025-11-20,7390.84,7413.16,0.301
APOLLOHOSP.NS,2025-11-21,7376.48,7381.2,0.064
APOLLOHOSP.NS,2025-11-24,7340.17,7344.75,0.062
APOLLOHOSP.NS,2025-11-25,7335.08,7320.78,0.195
APOLLOHOSP.NS,2025-11-26,7343.93,7383.2,0.532
APOLLOHOSP.NS,2025-11-27,7326.84,7312.79,0.192
APOLLOHOSP.NS,2025-11-28,7308.96,7325.77,0.23
APOLLOHOSP.NS,2025-12-01,7252.26,7277.84,0.351
APOLLOHOSP.NS,2025-12-02,7238.07,7232.4,0.078
APOLLOHOSP.NS,2025-12-03,7237.26,7174.48,0.875
APOLLOHOSP.NS,2025-12-04,7210.37,7191.45,0.263
APOLLOHOSP.NS,2025-12-05,7182.97,7179.97,0.042
APOLLOHOSP.NS,2025-12-08,7103.51,7086.59,0.239
APOLLOHOSP.NS,2025-12-09,7084.96,7081.6,0.047
APOLLOHOSP.NS,2025-12-10,7081.97,7009.19,1.038
APOLLOHOSP.NS,2025-12-11,7055.31,7000.21,0.787
APOLLOHOSP.NS,2025-12-12,7030.74,7091.58,0.858
APOLLOHOSP.NS,2025-12-15,6976.26,7077.1,1.425
APOLLOHOSP.NS,2025-12-16,6971.4,7042.15,1.005
APOLLOHOSP.NS,2025-12-17,6984.51,6912.32,1.044
APOLLOHOSP.NS,2025-12-18,6976.11,6909.33,0.967
APOLLOHOSP.NS,2025-12-19,6971.62,7003.2,0.451
APOLLOHOSP.NS,2025-12-22,6984.02,7044.65,0.861
APOLLOHOSP.NS,2025-12-23,7002.06,7064.12,0.879
APOLLOHOSP.NS,2025-12-24,7037.5,7162.49,1.745
APOLLOHOSP.NS,2025-12-26,7065.43,7146.51,1.135
APOLLOHOSP.NS,2025-12-29,7122.22,7075.11,0.666
APOLLOHOSP.NS,2025-12-30,7148.93,6980.73,2.409
APOLLOHOSP.NS,2025-12-31,7189.48,7033.16,2.223
APOLLOHOSP.NS,2026-01-01,7203.67,7102.07,1.431
APOLLOHOSP.NS,2026-01-02,7216.32,7120.05,1.352
APOLLOHOSP.NS,2026-01-05,7243.18,7073.61,2.397
APOLLOHOSP.NS,2026-01-06,7253.01,7338.26,1.162
APOLLOHOSP.NS,2026-01-07,7273.75,7437.63,2.203
APOLLOHOSP.NS,2026-01-08,7265.63,7354.74,1.212
APOLLOHOSP.NS,2026-01-09,7253.97,7246.88,0.098
APOLLOHOSP.NS,2026-01-12,7201.6,7258.86,0.789
APOLLOHOSP.NS,2026-01-13,7184.99,7301.81,1.6
APOLLOHOSP.NS,2026-01-14,7180.33,7262.86,1.136
APOLLOHOSP.NS,2026-01-15,7148.48,7262.86,1.575
APOLLOHOSP.NS,2026-01-16,7115.35,7225.91,1.53
APOLLOHOSP.NS,2026-01-19,7017.33,7123.54,1.491
APOLLOHOSP.NS,2026-01-20,6993.16,6903.33,1.301
APOLLOHOSP.NS,2026-01-21,6985.27,6817.45,2.462
APOLLOHOSP.NS,2026-01-22,6954.69,6787.99,2.456
APOLLOHOSP.NS,2026-01-23,6927.4,6793.98,1.964
APOLLOHOSP.NS,2026-01-27,6872.23,6784.49,1.293
APOLLOHOSP.NS,2026-01-28,6890.71,6868.38,0.325
APOLLOHOSP.NS,2026-01-29,6889.54,6791.98,1.436
APOLLOHOSP.NS,2026-01-30,6894.16,6951.27,0.822
APOLLOHOSP.NS,2026-02-02,6945.11,6924.31,0.3
APOLLOHOSP.NS,2026-02-03,6979.66,7079.1,1.405
APOLLOHOSP.NS,2026-02-04,7033.36,7106.57,1.03
APOLLOHOSP.NS,2026-02-05,7066.16,7112.56,0.652
APOLLOHOSP.NS,2026-02-06,7102.89,7143.02,0.562
APOLLOHOSP.NS,2026-02-09,7233.76,7201.44,0.449
APOLLOHOSP.NS,2026-02-10,7288.01,7209.43,1.09
APOLLOHOSP.NS,2026-02-11,7357.39,7497.05,1.863
APOLLOHOSP.NS,2026-02-12,7401.63,7529.0,1.692
APOLLOHOSP.NS,2026-02-13,7445.44,7532.5,1.156
APOLLOHOSP.NS,2026-02-16,7571.32,7618.0,0.613
APOLLOHOSP.NS,2026-02-17,7615.55,7601.5,0.185
APOLLOHOSP.NS,2026-02-18,7671.11,7647.5,0.309
APOLLOHOSP.NS,2026-02-19,7698.03,7592.5,1.39
APOLLOHOSP.NS,2026-02-20,7721.42,7615.5,1.391
APOLLOHOSP.NS,2026-02-23,7771.64,7693.0,1.022
APOLLOHOSP.NS,2026-02-24,7787.4,7720.5,0.867
APOLLOHOSP.NS,2026-02-25,7813.66,7783.0,0.394
APOLLOHOSP.NS,2026-02-26,7810.94,7775.0,0.462
APOLLOHOSP.NS,2026-02-27,7804.78,7821.5,0.214
APOLLOHOSP.NS,2026-03-02,7771.04,7791.5,0.263
APOLLOHOSP.NS,2026-03-04,7764.44,7666.0,1.284
APOLLOHOSP.NS,2026-03-05,7740.4,7775.0,0.445
APOLLOHOSP.NS,2026-03-06,7715.15,7724.5,0.121
APOLLOHOSP.NS,2026-03-09,7638.51,7779.0,1.806
APOLLOHOSP.NS,2026-03-10,7619.59,7803.0,2.351
APOLLOHOSP.NS,2026-03-11,7615.39,7684.0,0.893
APOLLOHOSP.NS,2026-03-12,7586.54,7574.5,0.159
APOLLOHOSP.NS,2026-03-13,7558.65,7550.0,0.115
APOLLOHOSP.NS,2026-03-16,7485.51,7490.0,0.06
APOLLOHOSP.NS,2026-03-17,7471.01,7500.0,0.387
APOLLOHOSP.NS,2026-03-18,7472.57,7471.0,0.021
APOLLOHOSP.NS,2026-03-19,7450.64,7252.0,2.739
APOLLOHOSP.NS,2026-03-20,7430.65,7364.5,0.898
APOLLOHOSP.NS,2026-03-23,7385.61,7145.0,3.368
APOLLOHOSP.NS,2026-03-24,7381.48,7413.0,0.425
APOLLOHOSP.NS,2026-03-25,7393.72,7580.5,2.464
APOLLOHOSP.NS,2026-03-27,7373.73,7549.0,2.322
APOLLOHOSP.NS,2026-03-30,7361.9,7419.0,0.77
APOLLOHOSP.NS,2026-04-01,7391.75,7305.5,1.181
APOLLOHOSP.NS,2026-04-02,7391.32,7317.5,1.009
APOLLOHOSP.NS,2026-04-06,7410.3,7373.0,0.506
APOLLOHOSP.NS,2026-04-07,7426.17,7326.5,1.36
APOLLOHOSP.NS,2026-04-08,7457.8,7401.5,0.761
APOLLOHOSP.NS,2026-04-09,7465.48,7481.5,0.214
APOLLOHOSP.NS,2026-04-10,7474.46,7511.5,0.493
APOLLOHOSP.NS,2026-04-13,7510.87,7516.5,0.075
APOLLOHOSP.NS,2026-04-15,7567.36,7642.0,0.977
APOLLOHOSP.NS,2026-04-16,7578.38,7553.0,0.336
APOLLOHOSP.NS,2026-04-17,7589.92,7699.0,1.417
APOLLOHOSP.NS,2026-04-20,7629.47,7657.0,0.36
APOLLOHOSP.NS,2026-04-21,7649.86,7744.0,1.216
APOLLOHOSP.NS,2026-04-22,7684.67,7662.0,0.296
APOLLOHOSP.NS,2026-04-23,7694.23,7781.0,1.115
APOLLOHOSP.NS,2026-04-24,7703.89,7732.5,0.37
APOLLOHOSP.NS,2026-04-27,7736.33,7825.0,1.133
APOLLOHOSP.NS,2026-04-28,7754.25,7753.0,0.016
APOLLOHOSP.NS,2026-04-29,7786.74,7709.0,1.008
APOLLOHOSP.NS,2026-04-30,7794.26,7636.5,2.066
APOLLOHOSP.NS,2026-05-01,7802.23,7636.5,2.17
APOLLOHOSP.NS,2026-05-04,7832.72,7737.5,1.231
APOLLOHOSP.NS,2026-05-05,7851.24,7772.0,1.02
APOLLOHOSP.NS,2026-05-06,7884.99,7760.5,1.604
APOLLOHOSP.NS,2026-05-07,7894.42,7837.0,0.733
APOLLOHOSP.NS,2026-05-08,7904.96,8097.0,2.372
APOLLOHOSP.NS,2026-05-11,7946.34,8082.0,1.679
APOLLOHOSP.NS,2026-05-12,7969.23,8022.5,0.664
APOLLOHOSP.NS,2026-05-13,8007.53,8004.5,0.038
APOLLOHOSP.NS,2026-05-14,8021.53,8119.0,1.201
APOLLOHOSP.NS,2026-05-15,8036.49,8082.5,0.569
APOLLOHOSP.NS,2026-05-18,8088.8,8020.5,0.852
APOLLOHOSP.NS,2026-05-19,8114.04,8026.0,1.097
APOLLOHOSP.NS,2026-05-20,8153.82,8078.5,0.932
APOLLOHOSP.NS,2026-05-21,8168.33,8308.5,1.687
APOLLOHOSP.NS,2026-05-22,8182.76,8362.5,2.149
APOLLOHOSP.NS,2026-05-25,8226.71,8404.0,2.11
APOLLOHOSP.NS,2026-05-26,8246.95,8258.5,0.14
APOLLOHOSP.NS,2026-05-27,8280.71,8272.5,0.099
APOLLOHOSP.NS,2026-05-28,8288.29,8272.5,0.191
APOLLOHOSP.NS,2026-05-29,8295.0,8176.5,1.449
APOLLOHOSP.NS,2026-06-01,8312.86,8108.5,2.52
APOLLOHOSP.NS,2026-06-02,8324.09,8089.5,2.9
APOLLOHOSP.NS,2026-06-03,8349.05,8290.5,0.706
APOLLOHOSP.NS,2026-06-04,8348.27,8249.0,1.203
APOLLOHOSP.NS,2026-06-05,8347.28,8304.5,0.515
APOLLOHOSP.NS,2026-06-08,8348.06,8358.5,0.125
APOLLOHOSP.NS,2026-06-09,8356.18,8524.0,1.969
APOLLOHOSP.NS,2026-06-10,8379.52,8488.5,1.284
APOLLOHOSP.NS,2026-06-11,8378.69,8493.0,1.346
APOLLOHOSP.NS,2026-06-12,8379.27,8498.0,1.397
APOLLOHOSP.NS,2026-06-15,8394.08,8468.5,0.879
APOLLOHOSP.NS,2026-06-16,8409.68,8390.5,0.229
APOLLOHOSP.NS,2026-06-17,8441.65,8427.5,0.168
APOLLOHOSP.NS,2026-06-18,8450.4,8411.5,0.462
APOLLOHOSP.NS,2026-06-19,8461.25,8489.5,0.333
APOLLOHOSP.NS,2026-06-22,8508.38,8469.0,0.465
APOLLOHOSP.NS,2026-06-23,8534.28,8487.5,0.551
APOLLOHOSP.NS,2026-06-24,8575.83,8573.5,0.027
APOLLOHOSP.NS,2026-06-25,8593.16,8592.0,0.014
APOLLOHOSP.NS,2026-06-26,8611.33,8592.0,0.225
APOLLOHOSP.NS,2026-06-29,8670.65,8655.0,0.181
APOLLOHOSP.NS,2026-06-30,8696.82,8682.0,0.171
APOLLOHOSP.NS,2026-07-01,8736.58,8618.5,1.37
APOLLOHOSP.NS,2026-07-02,8750.03,8696.0,0.621
APOLLOHOSP.NS,2026-07-03,8762.26,8893.5,1.476
APOLLOHOSP.NS,2026-07-06,8792.4,8888.5,1.081
APOLLOHOSP.NS,2026-07-07,8805.61,8837.0,0.355
APOLLOHOSP.NS,2026-07-08,8831.19,8753.5,0.888
APOLLOHOSP.NS,2026-07-09,8829.5,8845.5,0.181
APOLLOHOSP.NS,2026-07-10,8825.96,8841.0,0.17
APOLLOHOSP.NS,2026-07-13,8808.22,8782.5,0.293
APOLLOHOSP.NS,2026-07-14,8806.4,8900.5,1.057
APOLLOHOSP.NS,2026-07-15,8817.93,8934.0,1.299
APOLLOHOSP.NS,2026-07-16,8803.49,8888.0,0.951
APOLLOHOSP.NS,2026-07-17,8788.75,8826.0,0.422
APOLLOHOSP.NS,2026-07-20,8748.76,8905.0,1.755
APOLLOHOSP.NS,2026-07-21,8743.78,8926.5,2.047
APOLLOHOSP.NS,2026-07-22,8754.42,8938.0,2.054
APOLLOHOSP.NS,2026-07-23,8741.32,8862.0,1.362
ASIANPAINT.NS,2025-07-24,2347.58,2328.24,0.831
ASIANPAINT.NS,2025-07-25,2354.29,2312.5,1.807
ASIANPAINT.NS,2025-07-28,2358.77,2335.66,0.989
ASIANPAINT.NS,2025-07-29,2365.47,2377.13,0.491
ASIANPAINT.NS,2025-07-30,2384.05,2391.29,0.303
ASIANPAINT.NS,2025-07-31,2381.02,2371.79,0.389
ASIANPAINT.NS,2025-08-01,2394.24,2406.33,0.503
ASIANPAINT.NS,2025-08-04,2413.73,2424.94,0.462
ASIANPAINT.NS,2025-08-05,2423.69,2412.08,0.481
ASIANPAINT.NS,2025-08-06,2444.59,2465.92,0.865
ASIANPAINT.NS,2025-08-07,2442.91,2481.07,1.538
ASIANPAINT.NS,2025-08-08,2456.56,2450.48,0.248
ASIANPAINT.NS,2025-08-11,2472.2,2463.85,0.339
ASIANPAINT.NS,2025-08-12,2479.41,2453.15,1.07
ASIANPAINT.NS,2025-08-13,2496.99,2474.83,0.895
ASIANPAINT.NS,2025-08-14,2491.55,2503.04,0.459
ASIANPAINT.NS,2025-08-18,2503.57,2561.15,2.248
ASIANPAINT.NS,2025-08-19,2506.5,2553.23,1.83
ASIANPAINT.NS,2025-08-20,2520.02,2544.02,0.944
ASIANPAINT.NS,2025-08-21,2510.81,2540.56,1.171
ASIANPAINT.NS,2025-08-22,2516.96,2479.09,1.528
ASIANPAINT.NS,2025-08-25,2511.84,2467.61,1.793
ASIANPAINT.NS,2025-08-26,2513.12,2456.22,2.316
ASIANPAINT.NS,2025-08-28,2515.35,2463.75,2.095
ASIANPAINT.NS,2025-08-29,2520.94,2493.05,1.119
ASIANPAINT.NS,2025-09-01,2515.24,2544.12,1.135
ASIANPAINT.NS,2025-09-02,2516.39,2514.23,0.086
ASIANPAINT.NS,2025-09-03,2528.41,2527.99,0.017
ASIANPAINT.NS,2025-09-04,2517.87,2542.54,0.97
ASIANPAINT.NS,2025-09-05,2522.67,2553.72,1.216
ASIANPAINT.NS,2025-09-08,2512.1,2505.12,0.279
ASIANPAINT.NS,2025-09-09,2510.63,2511.56,0.037
ASIANPAINT.NS,2025-09-10,2519.52,2517.5,0.08
ASIANPAINT.NS,2025-09-11,2505.3,2529.97,0.975
ASIANPAINT.NS,2025-09-12,2505.93,2520.46,0.577
ASIANPAINT.NS,2025-09-15,2480.46,2477.21,0.131
ASIANPAINT.NS,2025-09-16,2473.51,2455.73,0.724
ASIANPAINT.NS,2025-09-17,2476.83,2468.3,0.346
ASIANPAINT.NS,2025-09-18,2457.08,2453.55,0.144
ASIANPAINT.NS,2025-09-19,2452.36,2456.52,0.169
ASIANPAINT.NS,2025-09-22,2413.17,2457.51,1.804
ASIANPAINT.NS,2025-09-23,2402.84,2422.07,0.794
ASIANPAINT.NS,2025-09-24,2403.58,2432.27,1.18
ASIANPAINT.NS,2025-09-25,2382.14,2379.61,0.106
ASIANPAINT.NS,2025-09-26,2376.7,2319.03,2.487
ASIANPAINT.NS,2025-09-29,2341.57,2318.83,0.981
ASIANPAINT.NS,2025-09-30,2334.71,2326.16,0.368
ASIANPAINT.NS,2025-10-01,2339.94,2312.1,1.204
ASIANPAINT.NS,2025-10-03,2324.83,2333.88,0.388
ASIANPAINT.NS,2025-10-06,2312.87,2330.91,0.774
ASIANPAINT.NS,2025-10-07,2314.7,2328.93,0.611
ASIANPAINT.NS,2025-10-08,2328.86,2304.87,1.041
ASIANPAINT.NS,2025-10-09,2321.89,2312.69,0.398
ASIANPAINT.NS,2025-10-10,2331.72,2316.46,0.659
ASIANPAINT.NS,2025-10-13,2344.85,2318.73,1.126
ASIANPAINT.NS,2025-10-14,2354.04,2294.58,2.591
ASIANPAINT.NS,2025-10-15,2374.89,2351.0,1.016
ASIANPAINT.NS,2025-10-16,2373.87,2385.25,0.477
ASIANPAINT.NS,2025-10-17,2388.89,2482.36,3.765
ASIANPAINT.NS,2025-10-20,2412.76,2490.47,3.12
ASIANPAINT.NS,2025-10-21,2424.02,2479.19,2.225
ASIANPAINT.NS,2025-10-23,2446.08,2477.01,1.249
ASIANPAINT.NS,2025-10-24,2461.44,2476.22,0.597
ASIANPAINT.NS,2025-10-27,2484.68,2493.24,0.343
ASIANPAINT.NS,2025-10-28,2495.58,2483.84,0.473
ASIANPAINT.NS,2025-10-29,2517.6,2512.94,0.185
ASIANPAINT.NS,2025-10-30,2517.43,2497.9,0.782
ASIANPAINT.NS,2025-10-31,2533.15,2485.32,1.924
ASIANPAINT.NS,2025-11-03,2560.26,2486.71,2.958
ASIANPAINT.NS,2025-11-04,2573.52,2461.47,4.552
ASIANPAINT.NS,2025-11-06,2601.72,2576.49,0.979
ASIANPAINT.NS,2025-11-07,2621.33,2587.28,1.316
ASIANPAINT.NS,2025-11-10,2661.97,2623.51,1.466
ASIANPAINT.NS,2025-11-11,2679.96,2630.24,1.89
ASIANPAINT.NS,2025-11-12,2709.48,2741.7,1.175
ASIANPAINT.NS,2025-11-13,2717.02,2850.18,4.672
ASIANPAINT.NS,2025-11-14,2740.46,2876.91,4.743
ASIANPAINT.NS,2025-11-17,2788.12,2858.6,2.465
ASIANPAINT.NS,2025-11-18,2806.47,2881.0,2.587
ASIANPAINT.NS,2025-11-19,2835.15,2868.81,1.173
ASIANPAINT.NS,2025-11-20,2840.56,2835.2,0.189
ASIANPAINT.NS,2025-11-21,2860.5,2851.86,0.303
ASIANPAINT.NS,2025-11-24,2889.27,2854.43,1.22
ASIANPAINT.NS,2025-11-25,2898.62,2851.06,1.668
ASIANPAINT.NS,2025-11-26,2917.06,2849.28,2.379
ASIANPAINT.NS,2025-11-27,2911.13,2854.34,1.99
ASIANPAINT.NS,2025-11-28,2918.79,2849.68,2.425
ASIANPAINT.NS,2025-12-01,2906.91,2842.93,2.25
ASIANPAINT.NS,2025-12-02,2902.19,2928.99,0.915
ASIANPAINT.NS,2025-12-03,2906.7,2928.1,0.731
ASIANPAINT.NS,2025-12-04,2887.23,2931.76,1.519
ASIANPAINT.NS,2025-12-05,2881.97,2942.97,2.073
ASIANPAINT.NS,2025-12-08,2837.47,2903.11,2.261
ASIANPAINT.NS,2025-12-09,2824.56,2771.95,1.898
ASIANPAINT.NS,2025-12-10,2822.53,2780.38,1.516
ASIANPAINT.NS,2025-12-11,2798.24,2755.49,1.551
ASIANPAINT.NS,2025-12-12,2789.99,2741.02,1.787
ASIANPAINT.NS,2025-12-15,2747.66,2756.29,0.313
ASIANPAINT.NS,2025-12-16,2739.07,2766.89,1.006
ASIANPAINT.NS,2025-12-17,2742.98,2761.74,0.679
ASIANPAINT.NS,2025-12-18,2726.13,2735.96,0.359
ASIANPAINT.NS,2025-12-19,2726.61,2775.82,1.773
ASIANPAINT.NS,2025-12-22,2716.06,2783.45,2.421
ASIANPAINT.NS,2025-12-23,2719.08,2783.65,2.32
ASIANPAINT.NS,2025-12-24,2734.67,2761.54,0.973
ASIANPAINT.NS,2025-12-26,2740.74,2722.88,0.656
ASIANPAINT.NS,2025-12-29,2757.72,2751.53,0.225
ASIANPAINT.NS,2025-12-30,2767.4,2734.57,1.2
ASIANPAINT.NS,2025-12-31,2788.07,2745.68,1.544
ASIANPAINT.NS,2026-01-01,2786.09,2728.33,2.117
ASIANPAINT.NS,2026-01-02,2799.18,2748.75,1.835
ASIANPAINT.NS,2026-01-05,2810.07,2791.38,0.669
ASIANPAINT.NS,2026-01-06,2814.15,2821.32,0.254
ASIANPAINT.NS,2026-01-07,2827.58,2785.24,1.52
ASIANPAINT.NS,2026-01-08,2816.83,2762.53,1.966
ASIANPAINT.NS,2026-01-09,2819.81,2801.2,0.664
ASIANPAINT.NS,2026-01-12,2794.31,2871.49,2.688
ASIANPAINT.NS,2026-01-13,2785.0,2861.47,2.673
ASIANPAINT.NS,2026-01-14,2784.83,2789.7,0.174
ASIANPAINT.NS,2026-01-15,2760.51,2789.7,1.046
ASIANPAINT.NS,2026-01-16,2750.2,2733.19,0.622
ASIANPAINT.NS,2026-01-19,2688.76,2730.31,1.522
ASIANPAINT.NS,2026-01-20,2669.47,2652.59,0.637
ASIANPAINT.NS,2026-01-21,2660.58,2638.21,0.848
ASIANPAINT.NS,2026-01-22,2628.95,2680.54,1.925
ASIANPAINT.NS,2026-01-23,2612.82,2680.44,2.523
ASIANPAINT.NS,2026-01-27,2524.63,2600.24,2.908
ASIANPAINT.NS,2026-01-28,2517.76,2490.2,1.107
ASIANPAINT.NS,2026-01-29,2489.57,2395.22,3.939
ASIANPAINT.NS,2026-01-30,2478.19,2407.41,2.94
ASIANPAINT.NS,2026-02-02,2429.51,2381.34,2.023
ASIANPAINT.NS,2026-02-03,2419.25,2405.13,0.587
ASIANPAINT.NS,2026-02-04,2421.42,2431.6,0.419
ASIANPAINT.NS,2026-02-05,2402.61,2411.18,0.355
ASIANPAINT.NS,2026-02-06,2400.76,2380.45,0.853
ASIANPAINT.NS,2026-02-09,2379.88,2396.61,0.698
ASIANPAINT.NS,2026-02-10,2378.09,2373.01,0.214
ASIANPAINT.NS,2026-02-11,2388.13,2371.92,0.683
ASIANPAINT.NS,2026-02-12,2376.44,2389.77,0.558
ASIANPAINT.NS,2026-02-13,2380.91,2346.05,1.486
ASIANPAINT.NS,2026-02-16,2373.41,2376.58,0.133
ASIANPAINT.NS,2026-02-17,2374.14,2416.43,1.75
ASIANPAINT.NS,2026-02-18,2385.69,2411.18,1.057
ASIANPAINT.NS,2026-02-19,2374.57,2380.15,0.234
ASIANPAINT.NS,2026-02-20,2378.68,2407.22,1.185
ASIANPAINT.NS,2026-02-23,2365.16,2408.8,1.812
ASIANPAINT.NS,2026-02-24,2362.48,2392.34,1.248
ASIANPAINT.NS,2026-02-25,2370.08,2395.62,1.066
ASIANPAINT.NS,2026-02-26,2354.56,2374.3,0.831
ASIANPAINT.NS,2026-02-27,2353.9,2355.76,0.079
ASIANPAINT.NS,2026-03-02,2324.99,2287.26,1.65
ASIANPAINT.NS,2026-03-04,2319.73,2265.54,2.392
ASIANPAINT.NS,2026-03-05,2299.41,2268.12,1.379
ASIANPAINT.NS,2026-03-06,2294.28,2259.89,1.522
ASIANPAINT.NS,2026-03-09,2254.63,2201.7,2.404
ASIANPAINT.NS,2026-03-10,2244.32,2260.79,0.728
ASIANPAINT.NS,2026-03-11,2245.07,2212.8,1.458
ASIANPAINT.NS,2026-03-12,2223.62,2202.09,0.978
ASIANPAINT.NS,2026-03-13,2218.08,2177.9,1.845
ASIANPAINT.NS,2026-03-16,2181.8,2198.62,0.765
ASIANPAINT.NS,2026-03-17,2174.18,2218.95,2.018
ASIANPAINT.NS,2026-03-18,2178.41,2242.64,2.864
ASIANPAINT.NS,2026-03-19,2161.21,2167.2,0.276
ASIANPAINT.NS,2026-03-20,2160.67,2176.52,0.728
ASIANPAINT.NS,2026-03-23,2143.52,2103.05,1.924
ASIANPAINT.NS,2026-03-24,2143.49,2198.23,2.49
ASIANPAINT.NS,2026-03-25,2155.81,2250.67,4.215
ASIANPAINT.NS,2026-03-27,2155.44,2188.41,1.507
ASIANPAINT.NS,2026-03-30,2165.99,2146.58,0.904
ASIANPAINT.NS,2026-04-01,2196.66,2206.66,0.453
ASIANPAINT.NS,2026-04-02,2196.82,2150.34,2.161
ASIANPAINT.NS,2026-04-06,2246.34,2165.51,3.733
ASIANPAINT.NS,2026-04-07,2261.58,2167.4,4.346
ASIANPAINT.NS,2026-04-08,2288.19,2262.77,1.123
ASIANPAINT.NS,2026-04-09,2292.64,2250.08,1.892
ASIANPAINT.NS,2026-04-10,2312.78,2340.39,1.18
ASIANPAINT.NS,2026-04-13,2349.62,2332.17,0.748
ASIANPAINT.NS,2026-04-15,2389.31,2402.26,0.539
ASIANPAINT.NS,2026-04-16,2391.3,2419.31,1.158
ASIANPAINT.NS,2026-04-17,2408.15,2442.81,1.419
ASIANPAINT.NS,2026-04-20,2430.97,2495.15,2.572
ASIANPAINT.NS,2026-04-21,2439.89,2521.72,3.245
ASIANPAINT.NS,2026-04-22,2458.93,2540.86,3.224
ASIANPAINT.NS,2026-04-23,2454.7,2499.71,1.801
ASIANPAINT.NS,2026-04-24,2465.28,2463.72,0.063
ASIANPAINT.NS,2026-04-27,2470.24,2463.82,0.26
ASIANPAINT.NS,2026-04-28,2473.93,2441.42,1.332
ASIANPAINT.NS,2026-04-29,2488.26,2426.25,2.556
ASIANPAINT.NS,2026-04-30,2479.96,2423.47,2.331
ASIANPAINT.NS,2026-05-01,2487.15,2423.47,2.627
ASIANPAINT.NS,2026-05-04,2486.53,2427.04,2.451
ASIANPAINT.NS,2026-05-05,2489.94,2409.1,3.356
ASIANPAINT.NS,2026-05-06,2504.76,2497.33,0.297
ASIANPAINT.NS,2026-05-07,2497.66,2508.83,0.445
ASIANPAINT.NS,2026-05-08,2506.73,2577.54,2.747
ASIANPAINT.NS,2026-05-11,2514.87,2544.03,1.146
ASIANPAINT.NS,2026-05-12,2521.91,2483.95,1.528
ASIANPAINT.NS,2026-05-13,2540.52,2595.09,2.103
ASIANPAINT.NS,2026-05-14,2537.27,2599.65,2.399
ASIANPAINT.NS,2026-05-15,2550.09,2583.19,1.281
ASIANPAINT.NS,2026-05-18,2567.94,2591.52,0.91
ASIANPAINT.NS,2026-05-19,2577.35,2578.33,0.038
ASIANPAINT.NS,2026-05-20,2597.77,2576.25,0.835
ASIANPAINT.NS,2026-05-21,2595.7,2576.45,0.747
ASIANPAINT.NS,2026-05-22,2609.05,2617.09,0.307
ASIANPAINT.NS,2026-05-25,2624.39,2634.94,0.4
ASIANPAINT.NS,2026-05-26,2631.67,2624.23,0.283
ASIANPAINT.NS,2026-05-27,2649.37,2648.92,0.017
ASIANPAINT.NS,2026-05-28,2644.08,2648.92,0.183
ASIANPAINT.NS,2026-05-29,2653.78,2648.62,0.195
ASIANPAINT.NS,2026-06-01,2656.59,2609.76,1.795
ASIANPAINT.NS,2026-06-02,2659.52,2637.81,0.823
ASIANPAINT.NS,2026-06-03,2672.97,2639.5,1.268
ASIANPAINT.NS,2026-06-04,2663.62,2638.71,0.944
ASIANPAINT.NS,2026-06-05,2669.56,2663.59,0.224
ASIANPAINT.NS,2026-06-08,2663.69,2636.33,1.038
ASIANPAINT.NS,2026-06-09,2664.77,2684.81,0.746
ASIANPAINT.NS,2026-06-10,2676.97,2691.75,0.549
ASIANPAINT.NS,2026-06-11,2666.95,2667.75,0.03
ASIANPAINT.NS,2026-06-12,2672.8,2723.77,1.871
ASIANPAINT.NS,2026-06-15,2669.65,2715.74,1.697
ASIANPAINT.NS,2026-06-16,2672.44,2724.46,1.909
ASIANPAINT.NS,2026-06-17,2686.57,2714.45,1.027
ASIANPAINT.NS,2026-06-18,2678.64,2731.3,1.928
ASIANPAINT.NS,2026-06-19,2686.61,2709.39,0.841
ASIANPAINT.NS,2026-06-22,2688.91,2651.0,1.43
ASIANPAINT.NS,2026-06-23,2692.85,2661.2,1.189
ASIANPAINT.NS,2026-06-24,2707.66,2667.5,1.506
ASIANPAINT.NS,2026-06-25,2699.83,2645.2,2.065
ASIANPAINT.NS,2026-06-26,2707.27,2645.2,2.347
ASIANPAINT.NS,2026-06-29,2703.93,2656.9,1.77
ASIANPAINT.NS,2026-06-30,2704.63,2635.7,2.615
ASIANPAINT.NS,2026-07-01,2715.55,2716.4,0.031
ASIANPAINT.NS,2026-07-02,2703.27,2744.5,1.502
ASIANPAINT.NS,2026-07-03,2705.77,2737.8,1.17
ASIANPAINT.NS,2026-07-06,2685.7,2754.9,2.512
ASIANPAINT.NS,2026-07-07,2680.6,2731.4,1.86
ASIANPAINT.NS,2026-07-08,2685.84,2665.9,0.748
ASIANPAINT.NS,2026-07-09,2668.14,2673.8,0.212
ASIANPAINT.NS,2026-07-10,2665.63,2677.8,0.454
ASIANPAINT.NS,2026-07-13,2634.17,2652.1,0.676
ASIANPAINT.NS,2026-07-14,2626.87,2641.0,0.535
ASIANPAINT.NS,2026-07-15,2630.86,2670.0,1.466
ASIANPAINT.NS,2026-07-16,2612.91,2674.7,2.31
ASIANPAINT.NS,2026-07-17,2611.16,2689.0,2.895
ASIANPAINT.NS,2026-07-20,2588.2,2691.4,3.834
ASIANPAINT.NS,2026-07-21,2585.66,2692.4,3.964
ASIANPAINT.NS,2026-07-22,2595.25,2692.8,3.623
ASIANPAINT.NS,2026-07-23,2583.65,2668.8,3.191
AXISBANK.NS,2025-07-24,1084.9,1094.26,0.855
AXISBANK.NS,2025-07-25,1079.83,1085.26,0.501
AXISBANK.NS,2025-07-28,1073.91,1072.77,0.106
AXISBANK.NS,2025-07-29,1071.49,1063.38,0.763
AXISBANK.NS,2025-07-30,1077.03,1072.47,0.425
AXISBANK.NS,2025-07-31,1075.73,1067.58,0.764
AXISBANK.NS,2025-08-01,1074.19,1061.58,1.188
AXISBANK.NS,2025-08-04,1075.99,1067.78,0.769
AXISBANK.NS,2025-08-05,1075.08,1069.97,0.477
AXISBANK.NS,2025-08-06,1081.56,1070.17,1.064
AXISBANK.NS,2025-08-07,1080.67,1075.37,0.493
AXISBANK.NS,2025-08-08,1079.04,1057.28,2.058
AXISBANK.NS,2025-08-11,1077.91,1072.47,0.507
AXISBANK.NS,2025-08-12,1075.34,1069.18,0.577
AXISBANK.NS,2025-08-13,1079.95,1065.18,1.387
AXISBANK.NS,2025-08-14,1077.04,1067.38,0.905
AXISBANK.NS,2025-08-18,1066.38,1081.77,1.422
AXISBANK.NS,2025-08-19,1062.26,1082.37,1.858
AXISBANK.NS,2025-08-20,1065.62,1079.37,1.274
AXISBANK.NS,2025-08-21,1061.8,1078.07,1.509
AXISBANK.NS,2025-08-22,1057.58,1070.07,1.168
AXISBANK.NS,2025-08-25,1051.66,1069.18,1.638
AXISBANK.NS,2025-08-26,1048.77,1049.29,0.05
AXISBANK.NS,2025-08-28,1052.0,1051.09,0.087
AXISBANK.NS,2025-08-29,1050.18,1044.39,0.554
AXISBANK.NS,2025-09-01,1053.1,1060.68,0.715
AXISBANK.NS,2025-09-02,1053.5,1055.39,0.179
AXISBANK.NS,2025-09-03,1061.86,1053.89,0.757
AXISBANK.NS,2025-09-04,1063.44,1049.59,1.32
AXISBANK.NS,2025-09-05,1064.9,1055.09,0.93
AXISBANK.NS,2025-09-08,1076.66,1054.69,2.083
AXISBANK.NS,2025-09-09,1079.5,1051.39,2.674
AXISBANK.NS,2025-09-10,1089.97,1069.28,1.935
AXISBANK.NS,2025-09-11,1093.32,1086.56,0.622
AXISBANK.NS,2025-09-12,1096.17,1104.45,0.75
AXISBANK.NS,2025-09-15,1109.87,1103.55,0.573
AXISBANK.NS,2025-09-16,1112.63,1120.34,0.688
AXISBANK.NS,2025-09-17,1122.72,1125.13,0.214
AXISBANK.NS,2025-09-18,1125.4,1132.13,0.594
AXISBANK.NS,2025-09-19,1127.35,1135.02,0.676
AXISBANK.NS,2025-09-22,1137.33,1143.52,0.541
AXISBANK.NS,2025-09-23,1138.69,1169.9,2.668
AXISBANK.NS,2025-09-24,1147.37,1158.01,0.919
AXISBANK.NS,2025-09-25,1148.69,1165.7,1.459
AXISBANK.NS,2025-09-26,1149.36,1153.11,0.325
AXISBANK.NS,2025-09-29,1156.38,1131.33,2.214
AXISBANK.NS,2025-09-30,1157.12,1130.73,2.334
AXISBANK.NS,2025-10-01,1165.39,1158.61,0.585
AXISBANK.NS,2025-10-03,1167.15,1180.09,1.097
AXISBANK.NS,2025-10-06,1175.16,1211.87,3.029
AXISBANK.NS,2025-10-07,1176.49,1185.89,0.792
AXISBANK.NS,2025-10-08,1185.42,1179.69,0.486
AXISBANK.NS,2025-10-09,1187.24,1166.5,1.778
AXISBANK.NS,2025-10-10,1188.6,1179.49,0.772
AXISBANK.NS,2025-10-13,1198.35,1188.68,0.813
AXISBANK.NS,2025-10-14,1200.01,1175.89,2.051
AXISBANK.NS,2025-10-15,1209.11,1168.7,3.458
AXISBANK.NS,2025-10-16,1210.9,1195.38,1.298
AXISBANK.NS,2025-10-17,1212.03,1199.28,1.064
AXISBANK.NS,2025-10-20,1219.79,1225.06,0.43
AXISBANK.NS,2025-10-21,1220.38,1236.35,1.291
AXISBANK.NS,2025-10-23,1228.58,1257.83,2.325
AXISBANK.NS,2025-10-24,1228.16,1240.94,1.03
AXISBANK.NS,2025-10-27,1230.86,1253.13,1.777
AXISBANK.NS,2025-10-28,1229.75,1245.34,1.252
AXISBANK.NS,2025-10-29,1235.96,1247.84,0.952
AXISBANK.NS,2025-10-30,1234.81,1237.65,0.229
AXISBANK.NS,2025-10-31,1233.02,1231.85,0.095
AXISBANK.NS,2025-11-03,1232.8,1232.75,0.004
AXISBANK.NS,2025-11-04,1231.2,1225.65,0.452
AXISBANK.NS,2025-11-06,1236.09,1227.55,0.695
AXISBANK.NS,2025-11-07,1234.61,1221.86,1.044
AXISBANK.NS,2025-11-10,1236.83,1216.06,1.708
AXISBANK.NS,2025-11-11,1236.46,1221.56,1.22
AXISBANK.NS,2025-11-12,1243.82,1220.66,1.897
AXISBANK.NS,2025-11-13,1244.21,1224.26,1.63
AXISBANK.NS,2025-11-14,1244.3,1240.64,0.295
AXISBANK.NS,2025-11-17,1251.14,1248.64,0.2
AXISBANK.NS,2025-11-18,1252.14,1264.42,0.972
AXISBANK.NS,2025-11-19,1260.7,1269.42,0.687
AXISBANK.NS,2025-11-20,1262.09,1284.21,1.722
AXISBANK.NS,2025-11-21,1262.93,1274.82,0.932
AXISBANK.NS,2025-11-24,1270.31,1268.02,0.18
AXISBANK.NS,2025-11-25,1270.85,1265.32,0.437
AXISBANK.NS,2025-11-26,1278.62,1289.21,0.821
AXISBANK.NS,2025-11-27,1278.9,1286.31,0.576
AXISBANK.NS,2025-11-28,1278.32,1278.71,0.031
AXISBANK.NS,2025-12-01,1279.8,1274.72,0.399
AXISBANK.NS,2025-12-02,1277.94,1257.03,1.663
AXISBANK.NS,2025-12-03,1283.18,1269.72,1.06
AXISBANK.NS,2025-12-04,1280.81,1279.01,0.14
AXISBANK.NS,2025-12-05,1277.54,1281.51,0.31
AXISBANK.NS,2025-12-08,1271.18,1272.82,0.129
AXISBANK.NS,2025-12-09,1266.96,1274.92,0.624
AXISBANK.NS,2025-12-10,1270.04,1277.61,0.593
AXISBANK.NS,2025-12-11,1265.76,1271.72,0.469
AXISBANK.NS,2025-12-12,1260.86,1285.11,1.887
AXISBANK.NS,2025-12-15,1251.62,1283.81,2.507
AXISBANK.NS,2025-12-16,1247.18,1218.66,2.34
AXISBANK.NS,2025-12-17,1250.41,1223.76,2.178
AXISBANK.NS,2025-12-18,1246.67,1228.85,1.45
AXISBANK.NS,2025-12-19,1242.68,1229.65,1.06
AXISBANK.NS,2025-12-22,1238.17,1232.25,0.48
AXISBANK.NS,2025-12-23,1235.88,1224.06,0.966
AXISBANK.NS,2025-12-24,1241.5,1225.35,1.318
AXISBANK.NS,2025-12-26,1239.03,1227.25,0.96
AXISBANK.NS,2025-12-29,1243.01,1231.05,0.971
AXISBANK.NS,2025-12-30,1243.51,1245.04,0.123
AXISBANK.NS,2025-12-31,1251.82,1268.42,1.309
AXISBANK.NS,2026-01-01,1253.2,1273.42,1.588
AXISBANK.NS,2026-01-02,1254.29,1265.92,0.919
AXISBANK.NS,2026-01-05,1264.03,1284.81,1.617
AXISBANK.NS,2026-01-06,1265.91,1292.8,2.08
AXISBANK.NS,2026-01-07,1275.3,1294.5,1.483
AXISBANK.NS,2026-01-08,1277.46,1285.81,0.649
AXISBANK.NS,2026-01-09,1279.03,1271.02,0.63
AXISBANK.NS,2026-01-12,1288.45,1273.22,1.196
AXISBANK.NS,2026-01-13,1289.7,1261.03,2.274
AXISBANK.NS,2026-01-14,1298.23,1297.8,0.033
AXISBANK.NS,2026-01-15,1299.35,1297.8,0.119
AXISBANK.NS,2026-01-16,1299.71,1293.2,0.503
AXISBANK.NS,2026-01-19,1304.93,1306.49,0.12
AXISBANK.NS,2026-01-20,1304.71,1292.5,0.944
AXISBANK.NS,2026-01-21,1311.81,1283.91,2.173
AXISBANK.NS,2026-01-22,1311.56,1293.8,1.373
AXISBANK.NS,2026-01-23,1310.67,1257.03,4.267
AXISBANK.NS,2026-01-27,1312.36,1314.79,0.185
AXISBANK.NS,2026-01-28,1319.18,1318.78,0.03
AXISBANK.NS,2026-01-29,1318.89,1362.65,3.211
AXISBANK.NS,2026-01-30,1318.21,1369.34,3.734
AXISBANK.NS,2026-02-02,1322.75,1310.49,0.936
AXISBANK.NS,2026-02-03,1323.15,1355.15,2.362
AXISBANK.NS,2026-02-04,1331.29,1337.67,0.477
AXISBANK.NS,2026-02-05,1332.47,1329.57,0.218
AXISBANK.NS,2026-02-06,1333.38,1340.57,0.536
AXISBANK.NS,2026-02-09,1342.88,1340.37,0.188
AXISBANK.NS,2026-02-10,1344.85,1355.65,0.797
AXISBANK.NS,2026-02-11,1354.42,1346.26,0.606
AXISBANK.NS,2026-02-12,1356.85,1338.97,1.336
AXISBANK.NS,2026-02-13,1358.75,1331.27,2.064
AXISBANK.NS,2026-02-16,1369.27,1357.25,0.885
AXISBANK.NS,2026-02-17,1370.77,1356.15,1.078
AXISBANK.NS,2026-02-18,1379.4,1375.94,0.252
AXISBANK.NS,2026-02-19,1380.38,1355.55,1.831
AXISBANK.NS,2026-02-20,1380.33,1367.25,0.957
AXISBANK.NS,2026-02-23,1381.82,1385.63,0.275
AXISBANK.NS,2026-02-24,1379.28,1386.53,0.523
AXISBANK.NS,2026-02-25,1383.41,1401.92,1.32
AXISBANK.NS,2026-02-26,1379.46,1394.42,1.073
AXISBANK.NS,2026-02-27,1374.1,1382.83,0.632
AXISBANK.NS,2026-03-02,1358.07,1371.24,0.961
AXISBANK.NS,2026-03-04,1347.44,1350.26,0.209
AXISBANK.NS,2026-03-05,1337.5,1348.06,0.783
AXISBANK.NS,2026-03-06,1326.36,1314.79,0.88
AXISBANK.NS,2026-03-09,1295.25,1287.31,0.617
AXISBANK.NS,2026-03-10,1282.65,1313.69,2.363
AXISBANK.NS,2026-03-11,1277.42,1254.83,1.8
AXISBANK.NS,2026-03-12,1265.0,1233.55,2.55
AXISBANK.NS,2026-03-13,1252.21,1196.38,4.667
AXISBANK.NS,2026-03-16,1221.66,1213.76,0.651
AXISBANK.NS,2026-03-17,1211.18,1227.15,1.302
AXISBANK.NS,2026-03-18,1209.05,1252.23,3.449
AXISBANK.NS,2026-03-19,1200.67,1206.07,0.448
AXISBANK.NS,2026-03-20,1192.85,1202.97,0.841
AXISBANK.NS,2026-03-23,1182.06,1169.7,1.057
AXISBANK.NS,2026-03-24,1179.52,1191.78,1.029
AXISBANK.NS,2026-03-25,1185.81,1221.16,2.895
AXISBANK.NS,2026-03-27,1187.43,1204.27,1.398
AXISBANK.NS,2026-03-30,1203.81,1160.41,3.74
AXISBANK.NS,2026-04-01,1224.28,1192.18,2.692
AXISBANK.NS,2026-04-02,1232.24,1196.98,2.946
AXISBANK.NS,2026-04-06,1271.85,1244.34,2.211
AXISBANK.NS,2026-04-07,1280.93,1249.14,2.545
AXISBANK.NS,2026-04-08,1297.29,1331.97,2.604
AXISBANK.NS,2026-04-09,1306.06,1317.48,0.867
AXISBANK.NS,2026-04-10,1313.77,1349.76,2.666
AXISBANK.NS,2026-04-13,1337.84,1352.56,1.088
AXISBANK.NS,2026-04-15,1353.42,1354.46,0.076
AXISBANK.NS,2026-04-16,1356.08,1348.56,0.558
AXISBANK.NS,2026-04-17,1357.03,1358.05,0.075
AXISBANK.NS,2026-04-20,1358.32,1353.66,0.345
AXISBANK.NS,2026-04-21,1354.93,1376.64,1.577
AXISBANK.NS,2026-04-22,1358.01,1378.54,1.489
AXISBANK.NS,2026-04-23,1352.93,1368.54,1.141
AXISBANK.NS,2026-04-24,1346.47,1364.85,1.346
AXISBANK.NS,2026-04-27,1328.54,1323.18,0.405
AXISBANK.NS,2026-04-28,1320.09,1288.01,2.491
AXISBANK.NS,2026-04-29,1318.9,1295.4,1.814
AXISBANK.NS,2026-04-30,1310.38,1267.32,3.398
AXISBANK.NS,2026-05-01,1301.36,1267.32,2.686
AXISBANK.NS,2026-05-04,1280.98,1274.12,0.539
AXISBANK.NS,2026-05-05,1273.38,1258.73,1.164
AXISBANK.NS,2026-05-06,1273.79,1293.2,1.501
AXISBANK.NS,2026-05-07,1267.57,1291.7,1.868
AXISBANK.NS,2026-05-08,1261.43,1267.32,0.465
AXISBANK.NS,2026-05-11,1252.44,1271.32,1.485
AXISBANK.NS,2026-05-12,1249.2,1259.13,0.789
AXISBANK.NS,2026-05-13,1254.09,1254.73,0.051
AXISBANK.NS,2026-05-14,1252.36,1253.63,0.102
AXISBANK.NS,2026-05-15,1250.66,1243.84,0.548
AXISBANK.NS,2026-05-18,1253.71,1236.95,1.355
AXISBANK.NS,2026-05-19,1253.87,1237.35,1.335
AXISBANK.NS,2026-05-20,1261.77,1248.84,1.036
AXISBANK.NS,2026-05-21,1262.64,1252.33,0.823
AXISBANK.NS,2026-05-22,1263.11,1284.41,1.658
AXISBANK.NS,2026-05-25,1270.24,1310.19,3.049
AXISBANK.NS,2026-05-26,1271.02,1298.3,2.101
AXISBANK.NS,2026-05-27,1279.24,1303.09,1.831
AXISBANK.NS,2026-05-28,1280.18,1303.09,1.759
AXISBANK.NS,2026-05-29,1280.53,1285.61,0.395
AXISBANK.NS,2026-06-01,1286.73,1274.92,0.927
AXISBANK.NS,2026-06-02,1287.22,1250.14,2.966
AXISBANK.NS,2026-06-03,1295.23,1254.23,3.269
AXISBANK.NS,2026-06-04,1296.1,1252.33,3.495
AXISBANK.NS,2026-06-05,1296.55,1271.32,1.985
AXISBANK.NS,2026-06-08,1304.27,1267.12,2.932
AXISBANK.NS,2026-06-09,1305.67,1291.4,1.105
AXISBANK.NS,2026-06-10,1314.8,1313.49,0.1
AXISBANK.NS,2026-06-11,1316.94,1316.28,0.05
AXISBANK.NS,2026-06-12,1318.78,1355.25,2.691
AXISBANK.NS,2026-06-15,1330.84,1367.25,2.663
AXISBANK.NS,2026-06-16,1333.55,1364.65,2.279
AXISBANK.NS,2026-06-17,1343.8,1349.86,0.449
AXISBANK.NS,2026-06-18,1346.81,1359.05,0.901
AXISBANK.NS,2026-06-19,1349.19,1356.85,0.565
AXISBANK.NS,2026-06-22,1360.42,1357.55,0.211
AXISBANK.NS,2026-06-23,1361.87,1362.45,0.043
AXISBANK.NS,2026-06-24,1370.31,1383.43,0.949
AXISBANK.NS,2026-06-25,1370.96,1376.14,0.376
AXISBANK.NS,2026-06-26,1370.43,1376.14,0.415
AXISBANK.NS,2026-06-29,1369.76,1355.75,1.033
AXISBANK.NS,2026-06-30,1366.33,1344.66,1.611
AXISBANK.NS,2026-07-01,1369.54,1367.65,0.139
AXISBANK.NS,2026-07-02,1364.67,1361.55,0.229
AXISBANK.NS,2026-07-03,1358.42,1341.07,1.294
AXISBANK.NS,2026-07-06,1340.36,1338.57,0.134
AXISBANK.NS,2026-07-07,1331.38,1339.97,0.641
AXISBANK.NS,2026-07-08,1329.32,1308.49,1.592
AXISBANK.NS,2026-07-09,1319.57,1296.6,1.772
AXISBANK.NS,2026-07-10,1308.9,1323.7,1.118
AXISBANK.NS,2026-07-13,1281.14,1319.4,2.9
AXISBANK.NS,2026-07-14,1270.29,1317.6,3.591
AXISBANK.NS,2026-07-15,1267.1,1312.3,3.444
AXISBANK.NS,2026-07-16,1256.98,1307.6,3.871
AXISBANK.NS,2026-07-17,1246.69,1328.5,6.158
AXISBANK.NS,2026-07-20,1224.28,1256.0,2.525
AXISBANK.NS,2026-07-21,1216.47,1258.2,3.317
AXISBANK.NS,2026-07-22,1216.84,1238.4,1.741
AXISBANK.NS,2026-07-23,1210.7,1223.0,1.006
BAJAJ-AUTO.NS,2025-07-24,8114.4,8173.47,0.723
BAJAJ-AUTO.NS,2025-07-25,8083.02,7963.43,1.502
BAJAJ-AUTO.NS,2025-07-28,8064.59,7977.23,1.095
BAJAJ-AUTO.NS,2025-07-29,8069.31,8014.71,0.681
BAJAJ-AUTO.NS,2025-07-30,8087.66,7931.87,1.964
BAJAJ-AUTO.NS,2025-07-31,8081.29,7896.87,2.335
BAJAJ-AUTO.NS,2025-08-01,8054.25,7932.86,1.53
BAJAJ-AUTO.NS,2025-08-04,8054.37,8073.87,0.242
BAJAJ-AUTO.NS,2025-08-05,8067.27,8116.28,0.604
BAJAJ-AUTO.NS,2025-08-06,8094.88,8065.0,0.371
BAJAJ-AUTO.NS,2025-08-07,8098.87,8114.8,0.196
BAJAJ-AUTO.NS,2025-08-08,8083.32,8109.87,0.327
BAJAJ-AUTO.NS,2025-08-11,8124.61,8160.16,0.436
BAJAJ-AUTO.NS,2025-08-12,8153.34,8082.75,0.873
BAJAJ-AUTO.NS,2025-08-13,8197.71,8134.03,0.783
BAJAJ-AUTO.NS,2025-08-14,8219.26,8099.51,1.478
BAJAJ-AUTO.NS,2025-08-18,8319.75,8469.31,1.766
BAJAJ-AUTO.NS,2025-08-19,8367.16,8673.44,3.531
BAJAJ-AUTO.NS,2025-08-20,8429.64,8704.99,3.163
BAJAJ-AUTO.NS,2025-08-21,8468.44,8563.98,1.116
BAJAJ-AUTO.NS,2025-08-22,8487.15,8559.05,0.84
BAJAJ-AUTO.NS,2025-08-25,8622.72,8629.06,0.073
BAJAJ-AUTO.NS,2025-08-26,8678.17,8570.88,1.252
BAJAJ-AUTO.NS,2025-08-28,8787.08,8568.91,2.546
BAJAJ-AUTO.NS,2025-08-29,8804.93,8511.71,3.445
BAJAJ-AUTO.NS,2025-09-01,8917.57,8842.56,0.848
BAJAJ-AUTO.NS,2025-09-02,8958.48,8905.17,0.599
BAJAJ-AUTO.NS,2025-09-03,9008.37,8989.49,0.21
BAJAJ-AUTO.NS,2025-09-04,9028.41,8945.11,0.931
BAJAJ-AUTO.NS,2025-09-05,9022.22,8958.43,0.712
BAJAJ-AUTO.NS,2025-09-08,9048.25,9302.58,2.734
BAJAJ-AUTO.NS,2025-09-09,9056.83,9252.78,2.118
BAJAJ-AUTO.NS,2025-09-10,9073.49,9115.71,0.463
BAJAJ-AUTO.NS,2025-09-11,9059.9,8987.02,0.811
BAJAJ-AUTO.NS,2025-09-12,9020.28,8874.61,1.641
BAJAJ-AUTO.NS,2025-09-15,8952.79,8899.75,0.596
BAJAJ-AUTO.NS,2025-09-16,8934.31,8946.59,0.137
BAJAJ-AUTO.NS,2025-09-17,8926.81,8957.93,0.347
BAJAJ-AUTO.NS,2025-09-18,8892.41,8949.06,0.633
BAJAJ-AUTO.NS,2025-09-19,8835.7,8846.99,0.128
BAJAJ-AUTO.NS,2025-09-22,8742.01,8928.84,2.092
BAJAJ-AUTO.NS,2025-09-23,8723.64,8859.81,1.537
BAJAJ-AUTO.NS,2025-09-24,8720.67,8716.33,0.05
BAJAJ-AUTO.NS,2025-09-25,8695.13,8719.78,0.283
BAJAJ-AUTO.NS,2025-09-26,8651.36,8581.23,0.817
BAJAJ-AUTO.NS,2025-09-29,8617.63,8596.52,0.246
BAJAJ-AUTO.NS,2025-09-30,8624.76,8558.06,0.779
BAJAJ-AUTO.NS,2025-10-01,8649.15,8506.78,1.674
BAJAJ-AUTO.NS,2025-10-03,8637.58,8559.05,0.918
BAJAJ-AUTO.NS,2025-10-06,8688.38,8669.98,0.212
BAJAJ-AUTO.NS,2025-10-07,8720.6,8780.43,0.681
BAJAJ-AUTO.NS,2025-10-08,8767.59,8669.98,1.126
BAJAJ-AUTO.NS,2025-10-09,8790.23,8687.74,1.18
BAJAJ-AUTO.NS,2025-10-10,8791.81,8822.34,0.346
BAJAJ-AUTO.NS,2025-10-13,8867.72,8940.18,0.811
BAJAJ-AUTO.NS,2025-10-14,8899.96,8976.18,0.849
BAJAJ-AUTO.NS,2025-10-15,8942.76,8873.13,0.785
BAJAJ-AUTO.NS,2025-10-16,8957.16,9024.5,0.746
BAJAJ-AUTO.NS,2025-10-17,8946.69,9023.51,0.851
BAJAJ-AUTO.NS,2025-10-20,8967.02,8997.87,0.343
BAJAJ-AUTO.NS,2025-10-21,8975.84,8991.46,0.174
BAJAJ-AUTO.NS,2025-10-23,8982.25,8921.45,0.682
BAJAJ-AUTO.NS,2025-10-24,8945.63,8950.54,0.055
BAJAJ-AUTO.NS,2025-10-27,8892.08,8969.27,0.861
BAJAJ-AUTO.NS,2025-10-28,8879.74,8931.8,0.583
BAJAJ-AUTO.NS,2025-10-29,8879.03,8908.63,0.332
BAJAJ-AUTO.NS,2025-10-30,8852.04,8799.17,0.601
BAJAJ-AUTO.NS,2025-10-31,8803.25,8769.09,0.39
BAJAJ-AUTO.NS,2025-11-03,8735.57,8798.67,0.717
BAJAJ-AUTO.NS,2025-11-04,8726.25,8629.55,1.121
BAJAJ-AUTO.NS,2025-11-06,8715.61,8599.48,1.35
BAJAJ-AUTO.NS,2025-11-07,8680.39,8600.46,0.929
BAJAJ-AUTO.NS,2025-11-10,8668.88,8650.26,0.215
BAJAJ-AUTO.NS,2025-11-11,8681.81,8771.56,1.023
BAJAJ-AUTO.NS,2025-11-12,8710.98,8744.93,0.388
BAJAJ-AUTO.NS,2025-11-13,8717.66,8744.44,0.306
BAJAJ-AUTO.NS,2025-11-14,8705.5,8720.28,0.169
BAJAJ-AUTO.NS,2025-11-17,8755.77,8821.35,0.743
BAJAJ-AUTO.NS,2025-11-18,8785.18,8797.19,0.137
BAJAJ-AUTO.NS,2025-11-19,8828.09,8761.2,0.763
BAJAJ-AUTO.NS,2025-11-20,8845.49,8854.88,0.106
BAJAJ-AUTO.NS,2025-11-21,8840.77,8768.6,0.823
BAJAJ-AUTO.NS,2025-11-24,8893.0,8882.49,0.118
BAJAJ-AUTO.NS,2025-11-25,8916.43,8922.43,0.067
BAJAJ-AUTO.NS,2025-11-26,8950.33,9036.82,0.957
BAJAJ-AUTO.NS,2025-11-27,8955.99,8897.29,0.66
BAJAJ-AUTO.NS,2025-11-28,8937.19,8947.58,0.116
BAJAJ-AUTO.NS,2025-12-01,8937.61,8969.77,0.358
BAJAJ-AUTO.NS,2025-12-02,8942.29,8959.41,0.191
BAJAJ-AUTO.NS,2025-12-03,8957.62,8875.59,0.924
BAJAJ-AUTO.NS,2025-12-04,8945.42,8958.92,0.151
BAJAJ-AUTO.NS,2025-12-05,8910.01,8982.58,0.808
BAJAJ-AUTO.NS,2025-12-08,8872.73,8900.74,0.315
BAJAJ-AUTO.NS,2025-12-09,8870.19,8836.64,0.38
BAJAJ-AUTO.NS,2025-12-10,8881.46,8866.22,0.172
BAJAJ-AUTO.NS,2025-12-11,8868.53,8927.86,0.664
BAJAJ-AUTO.NS,2025-12-12,8835.8,8889.89,0.608
BAJAJ-AUTO.NS,2025-12-15,8826.64,8815.93,0.121
BAJAJ-AUTO.NS,2025-12-16,8839.61,8882.99,0.488
BAJAJ-AUTO.NS,2025-12-17,8868.96,8771.56,1.11
BAJAJ-AUTO.NS,2025-12-18,8876.32,8708.44,1.928
BAJAJ-AUTO.NS,2025-12-19,8865.62,8877.07,0.129
BAJAJ-AUTO.NS,2025-12-22,8928.0,9036.82,1.204
BAJAJ-AUTO.NS,2025-12-23,8964.82,8972.72,0.088
BAJAJ-AUTO.NS,2025-12-24,9017.11,9042.74,0.283
BAJAJ-AUTO.NS,2025-12-26,9054.84,8938.7,1.299
BAJAJ-AUTO.NS,2025-12-29,9160.09,8960.89,2.223
BAJAJ-AUTO.NS,2025-12-30,9204.8,9153.18,0.564
BAJAJ-AUTO.NS,2025-12-31,9261.42,9213.34,0.522
BAJAJ-AUTO.NS,2026-01-01,9290.93,9425.35,1.426
BAJAJ-AUTO.NS,2026-01-02,9296.74,9370.62,0.788
BAJAJ-AUTO.NS,2026-01-05,9371.6,9365.69,0.063
BAJAJ-AUTO.NS,2026-01-06,9399.83,9526.92,1.334
BAJAJ-AUTO.NS,2026-01-07,9437.33,9653.64,2.241
BAJAJ-AUTO.NS,2026-01-08,9445.48,9625.04,1.866
BAJAJ-AUTO.NS,2026-01-09,9428.18,9429.79,0.017
BAJAJ-AUTO.NS,2026-01-12,9428.13,9359.28,0.736
BAJAJ-AUTO.NS,2026-01-13,9431.31,9421.41,0.105
BAJAJ-AUTO.NS,2026-01-14,9444.61,9446.56,0.021
BAJAJ-AUTO.NS,2026-01-15,9429.91,9446.56,0.176
BAJAJ-AUTO.NS,2026-01-16,9391.59,9357.31,0.366
BAJAJ-AUTO.NS,2026-01-19,9343.51,9298.64,0.483
BAJAJ-AUTO.NS,2026-01-20,9336.76,9052.6,3.139
BAJAJ-AUTO.NS,2026-01-21,9343.54,9051.61,3.225
BAJAJ-AUTO.NS,2026-01-22,9325.86,9239.96,0.93
BAJAJ-AUTO.NS,2026-01-23,9288.12,9282.86,0.057
BAJAJ-AUTO.NS,2026-01-27,9269.69,9360.27,0.968
BAJAJ-AUTO.NS,2026-01-28,9293.06,9302.58,0.102
BAJAJ-AUTO.NS,2026-01-29,9294.35,9379.99,0.913
BAJAJ-AUTO.NS,2026-01-30,9277.57,9464.31,1.973
BAJAJ-AUTO.NS,2026-02-02,9322.3,9364.71,0.453
BAJAJ-AUTO.NS,2026-02-03,9353.72,9462.33,1.148
BAJAJ-AUTO.NS,2026-02-04,9401.02,9505.23,1.096
BAJAJ-AUTO.NS,2026-02-05,9425.37,9513.12,0.922
BAJAJ-AUTO.NS,2026-02-06,9430.31,9386.4,0.468
BAJAJ-AUTO.NS,2026-02-09,9527.95,9456.91,0.751
BAJAJ-AUTO.NS,2026-02-10,9571.7,9638.36,0.692
BAJAJ-AUTO.NS,2026-02-11,9628.16,9732.53,1.072
BAJAJ-AUTO.NS,2026-02-12,9658.29,9703.44,0.465
BAJAJ-AUTO.NS,2026-02-13,9665.47,9624.55,0.425
BAJAJ-AUTO.NS,2026-02-16,9747.78,9562.92,1.933
BAJAJ-AUTO.NS,2026-02-17,9779.08,9690.13,0.918
BAJAJ-AUTO.NS,2026-02-18,9819.61,9841.5,0.222
BAJAJ-AUTO.NS,2026-02-19,9830.48,9593.98,2.465
BAJAJ-AUTO.NS,2026-02-20,9815.3,9670.9,1.493
BAJAJ-AUTO.NS,2026-02-23,9814.87,9768.03,0.48
BAJAJ-AUTO.NS,2026-02-24,9814.55,9692.59,1.258
BAJAJ-AUTO.NS,2026-02-25,9822.06,9956.87,1.354
BAJAJ-AUTO.NS,2026-02-26,9798.97,9969.69,1.712
BAJAJ-AUTO.NS,2026-02-27,9749.32,9834.1,0.862
BAJAJ-AUTO.NS,2026-03-02,9646.86,9640.33,0.068
BAJAJ-AUTO.NS,2026-03-04,9591.55,9518.54,0.767
BAJAJ-AUTO.NS,2026-03-05,9540.12,9668.43,1.327
BAJAJ-AUTO.NS,2026-03-06,9464.55,9679.77,2.223
BAJAJ-AUTO.NS,2026-03-09,9302.16,9252.78,0.534
BAJAJ-AUTO.NS,2026-03-10,9256.6,9476.63,2.322
BAJAJ-AUTO.NS,2026-03-11,9224.29,9198.05,0.285
BAJAJ-AUTO.NS,2026-03-12,9167.33,9034.85,1.466
BAJAJ-AUTO.NS,2026-03-13,9090.2,8751.83,3.866
BAJAJ-AUTO.NS,2026-03-16,8946.97,8947.08,0.001
BAJAJ-AUTO.NS,2026-03-17,8915.51,8983.57,0.758
BAJAJ-AUTO.NS,2026-03-18,8900.95,9142.34,2.64
BAJAJ-AUTO.NS,2026-03-19,8865.13,8745.42,1.369
BAJAJ-AUTO.NS,2026-03-20,8812.3,8925.39,1.267
BAJAJ-AUTO.NS,2026-03-23,8757.75,8654.21,1.196
BAJAJ-AUTO.NS,2026-03-24,8759.89,8774.51,0.167
BAJAJ-AUTO.NS,2026-03-25,8780.25,8922.92,1.599
BAJAJ-AUTO.NS,2026-03-27,8763.75,8777.47,0.156
BAJAJ-AUTO.NS,2026-03-30,8816.45,8659.63,1.811
BAJAJ-AUTO.NS,2026-04-01,8904.84,8772.05,1.514
BAJAJ-AUTO.NS,2026-04-02,8934.97,8636.95,3.451
BAJAJ-AUTO.NS,2026-04-06,9065.65,8818.4,2.804
BAJAJ-AUTO.NS,2026-04-07,9117.69,8923.91,2.171
BAJAJ-AUTO.NS,2026-04-08,9183.08,9236.02,0.573
BAJAJ-AUTO.NS,2026-04-09,9222.87,9384.92,1.727
BAJAJ-AUTO.NS,2026-04-10,9240.58,9677.31,4.513
BAJAJ-AUTO.NS,2026-04-13,9361.52,9679.77,3.288
BAJAJ-AUTO.NS,2026-04-15,9467.14,9728.09,2.682
BAJAJ-AUTO.NS,2026-04-16,9498.05,9688.65,1.967
BAJAJ-AUTO.NS,2026-04-17,9505.34,9637.86,1.375
BAJAJ-AUTO.NS,2026-04-20,9589.6,9666.95,0.8
BAJAJ-AUTO.NS,2026-04-21,9624.08,9657.09,0.342
BAJAJ-AUTO.NS,2026-04-22,9670.04,9468.74,2.126
BAJAJ-AUTO.NS,2026-04-23,9689.21,9417.96,2.88
BAJAJ-AUTO.NS,2026-04-24,9685.79,9443.1,2.57
BAJAJ-AUTO.NS,2026-04-27,9746.43,9527.91,2.293
BAJAJ-AUTO.NS,2026-04-28,9776.49,9363.72,4.408
BAJAJ-AUTO.NS,2026-04-29,9819.94,9411.06,4.345
BAJAJ-AUTO.NS,2026-04-30,9838.53,9855.3,0.17
BAJAJ-AUTO.NS,2026-05-01,9836.4,9855.3,0.192
BAJAJ-AUTO.NS,2026-05-04,9911.0,9991.39,0.805
BAJAJ-AUTO.NS,2026-05-05,9948.41,9906.58,0.422
BAJAJ-AUTO.NS,2026-05-06,10000.11,10175.79,1.726
BAJAJ-AUTO.NS,2026-05-07,10027.54,10457.82,4.114
BAJAJ-AUTO.NS,2026-05-08,10034.49,10562.85,5.002
BAJAJ-AUTO.NS,2026-05-11,10134.15,10448.46,3.008
BAJAJ-AUTO.NS,2026-05-12,10177.99,10252.71,0.729
BAJAJ-AUTO.NS,2026-05-13,10234.58,10119.58,1.136
BAJAJ-AUTO.NS,2026-05-14,10265.05,10305.96,0.397
BAJAJ-AUTO.NS,2026-05-15,10272.93,10233.48,0.385
BAJAJ-AUTO.NS,2026-05-18,10360.73,10056.97,3.02
BAJAJ-AUTO.NS,2026-05-19,10395.3,10063.38,3.298
BAJAJ-AUTO.NS,2026-05-20,10439.93,10317.3,1.189
BAJAJ-AUTO.NS,2026-05-21,10455.79,10518.96,0.601
BAJAJ-AUTO.NS,2026-05-22,10446.52,10403.09,0.417
BAJAJ-AUTO.NS,2026-05-25,10469.64,10345.41,1.201
BAJAJ-AUTO.NS,2026-05-26,10479.18,10445.99,0.318
BAJAJ-AUTO.NS,2026-05-27,10497.58,10658.5,1.51
BAJAJ-AUTO.NS,2026-05-28,10486.44,10658.5,1.614
BAJAJ-AUTO.NS,2026-05-29,10449.78,10460.0,0.098
BAJAJ-AUTO.NS,2026-06-01,10392.61,10376.0,0.16
BAJAJ-AUTO.NS,2026-06-02,10377.38,10281.0,0.937
BAJAJ-AUTO.NS,2026-06-03,10372.66,10259.0,1.108
BAJAJ-AUTO.NS,2026-06-04,10340.36,10362.0,0.209
BAJAJ-AUTO.NS,2026-06-05,10284.83,10342.0,0.553
BAJAJ-AUTO.NS,2026-06-08,10187.02,10231.0,0.43
BAJAJ-AUTO.NS,2026-06-09,10164.06,10184.0,0.196
BAJAJ-AUTO.NS,2026-06-10,10154.63,10144.0,0.105
BAJAJ-AUTO.NS,2026-06-11,10120.61,10114.0,0.065
BAJAJ-AUTO.NS,2026-06-12,10066.28,10063.0,0.033
BAJAJ-AUTO.NS,2026-06-15,9987.99,9943.0,0.452
BAJAJ-AUTO.NS,2026-06-16,9976.11,9939.0,0.373
BAJAJ-AUTO.NS,2026-06-17,9979.59,10042.0,0.621
BAJAJ-AUTO.NS,2026-06-18,9959.98,10077.0,1.161
BAJAJ-AUTO.NS,2026-06-19,9921.23,10066.0,1.438
BAJAJ-AUTO.NS,2026-06-22,9893.33,10191.0,2.921
BAJAJ-AUTO.NS,2026-06-23,9898.34,10025.0,1.263
BAJAJ-AUTO.NS,2026-06-24,9918.24,9750.0,1.726
BAJAJ-AUTO.NS,2026-06-25,9914.31,9843.0,0.724
BAJAJ-AUTO.NS,2026-06-26,9890.26,9843.0,0.48
BAJAJ-AUTO.NS,2026-06-29,9898.59,9630.0,2.789
BAJAJ-AUTO.NS,2026-06-30,9912.63,9716.0,2.024
BAJAJ-AUTO.NS,2026-07-01,9939.91,9842.0,0.995
BAJAJ-AUTO.NS,2026-07-02,9941.71,9857.0,0.859
BAJAJ-AUTO.NS,2026-07-03,9921.73,9785.5,1.392
BAJAJ-AUTO.NS,2026-07-06,9933.22,10036.5,1.029
BAJAJ-AUTO.NS,2026-07-07,9945.65,10109.5,1.621
BAJAJ-AUTO.NS,2026-07-08,9970.21,10164.0,1.907
BAJAJ-AUTO.NS,2026-07-09,9968.36,10155.0,1.838
BAJAJ-AUTO.NS,2026-07-10,9943.97,10156.0,2.088
BAJAJ-AUTO.NS,2026-07-13,9939.27,10381.0,4.255
BAJAJ-AUTO.NS,2026-07-14,9945.86,10166.0,2.165
BAJAJ-AUTO.NS,2026-07-15,9964.6,10323.0,3.472
BAJAJ-AUTO.NS,2026-07-16,9957.08,10331.5,3.624
BAJAJ-AUTO.NS,2026-07-17,9927.27,10443.0,4.939
BAJAJ-AUTO.NS,2026-07-20,9908.72,10522.5,5.833
BAJAJ-AUTO.NS,2026-07-21,9911.71,10403.5,4.727
BAJAJ-AUTO.NS,2026-07-22,9927.44,10998.5,9.738
BAJAJ-AUTO.NS,2026-07-23,9917.51,11283.5,12.106
BAJAJFINSV.NS,2025-07-24,1989.97,2030.57,1.999
BAJAJFINSV.NS,2025-07-25,1983.85,1984.11,0.013
BAJAJFINSV.NS,2025-07-28,1973.12,1976.11,0.151
BAJAJFINSV.NS,2025-07-29,1968.09,1970.92,0.143
BAJAJFINSV.NS,2025-07-30,1967.24,1958.13,0.465
BAJAJFINSV.NS,2025-07-31,1960.56,1946.34,0.731
BAJAJFINSV.NS,2025-08-01,1956.23,1914.67,2.171
BAJAJFINSV.NS,2025-08-04,1950.75,1931.95,0.973
BAJAJFINSV.NS,2025-08-05,1947.26,1937.75,0.491
BAJAJFINSV.NS,2025-08-06,1947.78,1922.36,1.322
BAJAJFINSV.NS,2025-08-07,1942.3,1912.37,1.565
BAJAJFINSV.NS,2025-08-08,1938.99,1917.56,1.117
BAJAJFINSV.NS,2025-08-11,1935.64,1921.16,0.754
BAJAJFINSV.NS,2025-08-12,1932.67,1906.37,1.379
BAJAJFINSV.NS,2025-08-13,1933.69,1912.77,1.094
BAJAJFINSV.NS,2025-08-14,1928.75,1923.46,0.275
BAJAJFINSV.NS,2025-08-18,1925.81,1991.8,3.313
BAJAJFINSV.NS,2025-08-19,1924.43,1970.52,2.339
BAJAJFINSV.NS,2025-08-20,1927.39,1956.83,1.504
BAJAJFINSV.NS,2025-08-21,1924.77,1978.31,2.706
BAJAJFINSV.NS,2025-08-22,1924.8,1964.22,2.007
BAJAJFINSV.NS,2025-08-25,1934.87,1962.13,1.389
BAJAJFINSV.NS,2025-08-26,1937.58,1922.56,0.781
BAJAJFINSV.NS,2025-08-28,1946.72,1915.97,1.605
BAJAJFINSV.NS,2025-08-29,1951.3,1911.87,2.062
BAJAJFINSV.NS,2025-09-01,1974.54,1941.84,1.684
BAJAJFINSV.NS,2025-09-02,1981.12,1954.23,1.376
BAJAJFINSV.NS,2025-09-03,1991.85,1964.42,1.396
BAJAJFINSV.NS,2025-09-04,1996.63,2000.49,0.193
BAJAJFINSV.NS,2025-09-05,2003.52,2012.68,0.455
BAJAJFINSV.NS,2025-09-08,2029.27,2006.69,1.125
BAJAJFINSV.NS,2025-09-09,2035.06,2023.57,0.568
BAJAJFINSV.NS,2025-09-10,2044.15,2036.46,0.378
BAJAJFINSV.NS,2025-09-11,2046.45,2036.06,0.51
BAJAJFINSV.NS,2025-09-12,2050.06,2079.73,1.426
BAJAJFINSV.NS,2025-09-15,2061.71,2078.23,0.795
BAJAJFINSV.NS,2025-09-16,2061.7,2078.53,0.81
BAJAJFINSV.NS,2025-09-17,2064.62,2055.25,0.456
BAJAJFINSV.NS,2025-09-18,2060.53,2067.44,0.334
BAJAJFINSV.NS,2025-09-19,2057.65,2065.54,0.382
BAJAJFINSV.NS,2025-09-22,2050.87,2067.74,0.816
BAJAJFINSV.NS,2025-09-23,2045.53,2082.62,1.781
BAJAJFINSV.NS,2025-09-24,2043.76,2067.44,1.145
BAJAJFINSV.NS,2025-09-25,2035.74,2033.86,0.092
BAJAJFINSV.NS,2025-09-26,2029.8,2001.49,1.414
BAJAJFINSV.NS,2025-09-29,2019.67,2022.97,0.163
BAJAJFINSV.NS,2025-09-30,2015.3,2004.69,0.529
BAJAJFINSV.NS,2025-10-01,2015.54,2005.29,0.511
BAJAJFINSV.NS,2025-10-03,2008.5,1999.19,0.465
BAJAJFINSV.NS,2025-10-06,2014.77,2031.47,0.822
BAJAJFINSV.NS,2025-10-07,2016.96,2030.87,0.685
BAJAJFINSV.NS,2025-10-08,2024.07,2011.88,0.606
BAJAJFINSV.NS,2025-10-09,2026.05,2012.88,0.654
BAJAJFINSV.NS,2025-10-10,2031.0,2002.59,1.419
BAJAJFINSV.NS,2025-10-13,2056.24,2018.68,1.861
BAJAJFINSV.NS,2025-10-14,2063.6,2017.68,2.276
BAJAJFINSV.NS,2025-10-15,2075.04,2082.32,0.35
BAJAJFINSV.NS,2025-10-16,2080.43,2088.42,0.382
BAJAJFINSV.NS,2025-10-17,2087.78,2081.92,0.281
BAJAJFINSV.NS,2025-10-20,2113.58,2137.98,1.141
BAJAJFINSV.NS,2025-10-21,2118.86,2167.25,2.233
BAJAJFINSV.NS,2025-10-23,2128.4,2174.74,2.131
BAJAJFINSV.NS,2025-10-24,2130.67,2157.66,1.251
BAJAJFINSV.NS,2025-10-27,2136.94,2168.35,1.449
BAJAJFINSV.NS,2025-10-28,2134.79,2138.38,0.168
BAJAJFINSV.NS,2025-10-29,2135.44,2135.18,0.012
BAJAJFINSV.NS,2025-10-30,2129.01,2112.8,0.767
BAJAJFINSV.NS,2025-10-31,2123.76,2086.52,1.785
BAJAJFINSV.NS,2025-11-03,2109.94,2079.83,1.448
BAJAJFINSV.NS,2025-11-04,2102.38,2071.43,1.494
BAJAJFINSV.NS,2025-11-06,2088.42,2061.44,1.309
BAJAJFINSV.NS,2025-11-07,2080.52,2100.31,0.942
BAJAJFINSV.NS,2025-11-10,2064.92,2116.49,2.437
BAJAJFINSV.NS,2025-11-11,2058.76,1987.7,3.575
BAJAJFINSV.NS,2025-11-12,2057.18,2033.76,1.151
BAJAJFINSV.NS,2025-11-13,2050.25,2054.45,0.204
BAJAJFINSV.NS,2025-11-14,2046.22,2064.04,0.863
BAJAJFINSV.NS,2025-11-17,2045.26,2077.83,1.567
BAJAJFINSV.NS,2025-11-18,2044.53,2048.45,0.191
BAJAJFINSV.NS,2025-11-19,2048.4,2048.45,0.003
BAJAJFINSV.NS,2025-11-20,2046.81,2093.81,2.245
BAJAJFINSV.NS,2025-11-21,2047.85,2050.65,0.137
BAJAJFINSV.NS,2025-11-24,2059.38,2029.07,1.494
BAJAJFINSV.NS,2025-11-25,2061.56,2028.47,1.631
BAJAJFINSV.NS,2025-11-26,2067.61,2083.32,0.754
BAJAJFINSV.NS,2025-11-27,2067.43,2101.41,1.617
BAJAJFINSV.NS,2025-11-28,2069.08,2092.21,1.106
BAJAJFINSV.NS,2025-12-01,2077.86,2080.03,0.104
BAJAJFINSV.NS,2025-12-02,2077.77,2064.14,0.66
BAJAJFINSV.NS,2025-12-03,2080.98,2044.26,1.796
BAJAJFINSV.NS,2025-12-04,2077.49,2047.45,1.467
BAJAJFINSV.NS,2025-12-05,2075.5,2094.71,0.917
BAJAJFINSV.NS,2025-12-08,2072.39,2057.44,0.726
BAJAJFINSV.NS,2025-12-09,2068.42,2067.74,0.033
BAJAJFINSV.NS,2025-12-10,2067.97,2064.04,0.19
BAJAJFINSV.NS,2025-12-11,2061.17,2064.04,0.139
BAJAJFINSV.NS,2025-12-12,2056.27,2081.32,1.204
BAJAJFINSV.NS,2025-12-15,2047.61,2068.73,1.021
BAJAJFINSV.NS,2025-12-16,2042.97,2033.46,0.467
BAJAJFINSV.NS,2025-12-17,2042.46,2019.48,1.138
BAJAJFINSV.NS,2025-12-18,2036.19,2024.57,0.574
BAJAJFINSV.NS,2025-12-19,2032.38,2042.06,0.474
BAJAJFINSV.NS,2025-12-22,2029.72,2048.05,0.895
BAJAJFINSV.NS,2025-12-23,2027.72,2045.85,0.886
BAJAJFINSV.NS,2025-12-24,2030.02,2033.96,0.194
BAJAJFINSV.NS,2025-12-26,2025.63,2015.88,0.484
BAJAJFINSV.NS,2025-12-29,2030.16,2010.38,0.984
BAJAJFINSV.NS,2025-12-30,2029.85,2024.67,0.256
BAJAJFINSV.NS,2025-12-31,2033.36,2038.16,0.236
BAJAJFINSV.NS,2026-01-01,2030.63,2035.26,0.228
BAJAJFINSV.NS,2026-01-02,2029.75,2036.66,0.339
BAJAJFINSV.NS,2026-01-05,2031.17,2037.46,0.309
BAJAJFINSV.NS,2026-01-06,2028.74,2042.86,0.691
BAJAJFINSV.NS,2026-01-07,2029.66,2030.17,0.025
BAJAJFINSV.NS,2026-01-08,2023.96,2007.19,0.836
BAJAJFINSV.NS,2026-01-09,2019.8,1990.7,1.462
BAJAJFINSV.NS,2026-01-12,2010.51,1997.2,0.667
BAJAJFINSV.NS,2026-01-13,2004.59,2009.49,0.244
BAJAJFINSV.NS,2026-01-14,2002.25,1999.19,0.153
BAJAJFINSV.NS,2026-01-15,1993.61,1999.19,0.279
BAJAJFINSV.NS,2026-01-16,1986.95,2000.79,0.692
BAJAJFINSV.NS,2026-01-19,1973.65,2016.08,2.105
BAJAJFINSV.NS,2026-01-20,1967.76,1957.03,0.548
BAJAJFINSV.NS,2026-01-21,1966.22,1958.23,0.408
BAJAJFINSV.NS,2026-01-22,1959.15,1991.4,1.619
BAJAJFINSV.NS,2026-01-23,1954.83,1947.34,0.385
BAJAJFINSV.NS,2026-01-27,1951.9,1916.06,1.87
BAJAJFINSV.NS,2026-01-28,1955.8,1938.65,0.885
BAJAJFINSV.NS,2026-01-29,1954.54,1946.44,0.416
BAJAJFINSV.NS,2026-01-30,1956.27,1950.94,0.273
BAJAJFINSV.NS,2026-02-02,1972.61,1928.45,2.29
BAJAJFINSV.NS,2026-02-03,1977.45,2010.98,1.668
BAJAJFINSV.NS,2026-02-04,1986.71,2017.88,1.545
BAJAJFINSV.NS,2026-02-05,1990.29,1998.39,0.406
BAJAJFINSV.NS,2026-02-06,1996.23,2022.47,1.298
BAJAJFINSV.NS,2026-02-09,2020.52,2022.87,0.116
BAJAJFINSV.NS,2026-02-10,2026.21,2026.17,0.002
BAJAJFINSV.NS,2026-02-11,2035.35,2025.27,0.498
BAJAJFINSV.NS,2026-02-12,2037.81,2035.36,0.12
BAJAJFINSV.NS,2026-02-13,2041.64,2021.47,0.998
BAJAJFINSV.NS,2026-02-16,2053.87,2049.15,0.23
BAJAJFINSV.NS,2026-02-17,2053.81,2042.66,0.546
BAJAJFINSV.NS,2026-02-18,2056.43,2058.84,0.117
BAJAJFINSV.NS,2026-02-19,2051.72,2031.47,0.997
BAJAJFINSV.NS,2026-02-20,2047.82,2056.74,0.434
BAJAJFINSV.NS,2026-02-23,2034.58,2049.85,0.745
BAJAJFINSV.NS,2026-02-24,2025.65,2041.56,0.779
BAJAJFINSV.NS,2026-02-25,2019.41,2047.55,1.374
BAJAJFINSV.NS,2026-02-26,2005.95,2039.56,1.648
BAJAJFINSV.NS,2026-02-27,1993.53,1991.7,0.092
BAJAJFINSV.NS,2026-03-02,1957.04,1940.24,0.866
BAJAJFINSV.NS,2026-03-04,1929.16,1887.69,2.197
BAJAJFINSV.NS,2026-03-05,1910.38,1910.17,0.011
BAJAJFINSV.NS,2026-03-06,1893.4,1867.31,1.397
BAJAJFINSV.NS,2026-03-09,1848.1,1839.93,0.444
BAJAJFINSV.NS,2026-03-10,1831.23,1866.21,1.874
BAJAJFINSV.NS,2026-03-11,1818.55,1793.77,1.381
BAJAJFINSV.NS,2026-03-12,1800.2,1769.29,1.747
BAJAJFINSV.NS,2026-03-13,1784.46,1736.52,2.761
BAJAJFINSV.NS,2026-03-16,1747.57,1772.39,1.4
BAJAJFINSV.NS,2026-03-17,1734.94,1773.19,2.157
BAJAJFINSV.NS,2026-03-18,1727.15,1790.27,3.526
BAJAJFINSV.NS,2026-03-19,1714.28,1713.44,0.049
BAJAJFINSV.NS,2026-03-20,1704.58,1708.84,0.249
BAJAJFINSV.NS,2026-03-23,1688.47,1674.07,0.86
BAJAJFINSV.NS,2026-03-24,1683.46,1702.95,1.144
BAJAJFINSV.NS,2026-03-25,1683.52,1744.71,3.507
BAJAJFINSV.NS,2026-03-27,1677.05,1693.26,0.957
BAJAJFINSV.NS,2026-03-30,1684.99,1630.41,3.348
BAJAJFINSV.NS,2026-04-01,1695.09,1645.6,3.008
BAJAJFINSV.NS,2026-04-02,1697.25,1639.3,3.535
BAJAJFINSV.NS,2026-04-06,1726.54,1670.87,3.332
BAJAJFINSV.NS,2026-04-07,1733.36,1682.96,2.994
BAJAJFINSV.NS,2026-04-08,1744.23,1783.08,2.179
BAJAJFINSV.NS,2026-04-09,1749.04,1766.19,0.971
BAJAJFINSV.NS,2026-04-10,1755.87,1807.66,2.865
BAJAJFINSV.NS,2026-04-13,1780.93,1786.78,0.327
BAJAJFINSV.NS,2026-04-15,1795.19,1824.24,1.593
BAJAJFINSV.NS,2026-04-16,1797.21,1828.34,1.703
BAJAJFINSV.NS,2026-04-17,1800.59,1837.33,2.0
BAJAJFINSV.NS,2026-04-20,1812.21,1829.04,0.92
BAJAJFINSV.NS,2026-04-21,1812.45,1849.82,2.02
BAJAJFINSV.NS,2026-04-22,1815.77,1841.33,1.388
BAJAJFINSV.NS,2026-04-23,1812.23,1791.07,1.181
BAJAJFINSV.NS,2026-04-24,1810.05,1769.19,2.31
BAJAJFINSV.NS,2026-04-27,1805.98,1770.69,1.993
BAJAJFINSV.NS,2026-04-28,1801.65,1777.48,1.36
BAJAJFINSV.NS,2026-04-29,1800.87,1762.7,2.166
BAJAJFINSV.NS,2026-04-30,1793.76,1745.71,2.752
BAJAJFINSV.NS,2026-05-01,1788.6,1745.71,2.457
BAJAJFINSV.NS,2026-05-04,1779.52,1768.89,0.601
BAJAJFINSV.NS,2026-05-05,1774.86,1793.07,1.016
BAJAJFINSV.NS,2026-05-06,1774.39,1834.53,3.278
BAJAJFINSV.NS,2026-05-07,1768.21,1822.94,3.003
BAJAJFINSV.NS,2026-05-08,1764.53,1816.75,2.874
BAJAJFINSV.NS,2026-05-11,1762.51,1792.67,1.682
BAJAJFINSV.NS,2026-05-12,1760.78,1743.31,1.002
BAJAJFINSV.NS,2026-05-13,1763.38,1727.43,2.081
BAJAJFINSV.NS,2026-05-14,1760.29,1738.72,1.241
BAJAJFINSV.NS,2026-05-15,1759.63,1726.63,1.911
BAJAJFINSV.NS,2026-05-18,1765.25,1751.61,0.779
BAJAJFINSV.NS,2026-05-19,1765.33,1748.31,0.974
BAJAJFINSV.NS,2026-05-20,1769.24,1770.49,0.071
BAJAJFINSV.NS,2026-05-21,1766.92,1750.71,0.926
BAJAJFINSV.NS,2026-05-22,1766.48,1764.49,0.113
BAJAJFINSV.NS,2026-05-25,1769.31,1805.86,2.024
BAJAJFINSV.NS,2026-05-26,1767.39,1799.16,1.766
BAJAJFINSV.NS,2026-05-27,1768.85,1807.56,2.141
BAJAJFINSV.NS,2026-05-28,1763.71,1807.56,2.426
BAJAJFINSV.NS,2026-05-29,1760.14,1782.08,1.231
BAJAJFINSV.NS,2026-06-01,1752.83,1757.4,0.26
BAJAJFINSV.NS,2026-06-02,1747.64,1739.92,0.444
BAJAJFINSV.NS,2026-06-03,1746.08,1732.92,0.759
BAJAJFINSV.NS,2026-06-04,1738.28,1708.34,1.752
BAJAJFINSV.NS,2026-06-05,1732.51,1701.75,1.808
BAJAJFINSV.NS,2026-06-08,1722.3,1673.17,2.936
BAJAJFINSV.NS,2026-06-09,1717.6,1691.66,1.534
BAJAJFINSV.NS,2026-06-10,1717.33,1662.78,3.281
BAJAJFINSV.NS,2026-06-11,1711.63,1643.7,4.133
BAJAJFINSV.NS,2026-06-12,1708.77,1687.66,1.251
BAJAJFINSV.NS,2026-06-15,1711.78,1748.71,2.112
BAJAJFINSV.NS,2026-06-16,1712.76,1785.78,4.089
BAJAJFINSV.NS,2026-06-17,1718.67,1763.1,2.52
BAJAJFINSV.NS,2026-06-18,1719.51,1770.19,2.863
BAJAJFINSV.NS,2026-06-19,1723.45,1767.89,2.514
BAJAJFINSV.NS,2026-06-22,1746.98,1780.68,1.893
BAJAJFINSV.NS,2026-06-23,1754.38,1763.5,0.517
BAJAJFINSV.NS,2026-06-24,1766.27,1778.98,0.715
BAJAJFINSV.NS,2026-06-25,1772.54,1763.1,0.536
BAJAJFINSV.NS,2026-06-26,1781.23,1763.1,1.029
BAJAJFINSV.NS,2026-06-29,1814.03,1757.8,3.199
BAJAJFINSV.NS,2026-06-30,1822.66,1780.2,2.385
BAJAJFINSV.NS,2026-07-01,1834.78,1797.6,2.068
BAJAJFINSV.NS,2026-07-02,1840.29,1855.7,0.83
BAJAJFINSV.NS,2026-07-03,1847.24,1895.6,2.551
BAJAJFINSV.NS,2026-07-06,1869.46,1870.7,0.066
BAJAJFINSV.NS,2026-07-07,1873.03,1885.3,0.651
BAJAJFINSV.NS,2026-07-08,1879.49,1854.9,1.326
BAJAJFINSV.NS,2026-07-09,1878.84,1895.0,0.853
BAJAJFINSV.NS,2026-07-10,1879.29,1916.0,1.916
BAJAJFINSV.NS,2026-07-13,1881.11,1908.1,1.414
BAJAJFINSV.NS,2026-07-14,1878.0,1869.2,0.471
BAJAJFINSV.NS,2026-07-15,1878.05,1849.6,1.538
BAJAJFINSV.NS,2026-07-16,1871.37,1838.6,1.782
BAJAJFINSV.NS,2026-07-17,1866.23,1854.0,0.66
BAJAJFINSV.NS,2026-07-20,1854.74,1861.5,0.363
BAJAJFINSV.NS,2026-07-21,1848.49,1900.6,2.742
BAJAJFINSV.NS,2026-07-22,1846.07,1876.4,1.616
BAJAJFINSV.NS,2026-07-23,1837.57,1889.4,2.743
BAJFINANCE.NS,2025-07-24,909.27,953.09,4.598
BAJFINANCE.NS,2025-07-25,908.75,908.17,0.064
BAJFINANCE.NS,2025-07-28,899.81,875.12,2.821
BAJFINANCE.NS,2025-07-29,896.58,881.13,1.753
BAJFINANCE.NS,2025-07-30,896.26,879.44,1.912
BAJFINANCE.NS,2025-07-31,892.43,875.82,1.897
BAJFINANCE.NS,2025-08-01,892.26,870.25,2.529
BAJFINANCE.NS,2025-08-04,884.37,879.89,0.509
BAJFINANCE.NS,2025-08-05,881.46,886.45,0.563
BAJFINANCE.NS,2025-08-06,881.44,871.29,1.164
BAJFINANCE.NS,2025-08-07,877.91,873.73,0.479
BAJFINANCE.NS,2025-08-08,878.05,871.79,0.718
BAJFINANCE.NS,2025-08-11,871.27,872.44,0.134
BAJFINANCE.NS,2025-08-12,868.86,847.79,2.485
BAJFINANCE.NS,2025-08-13,869.47,854.75,1.723
BAJFINANCE.NS,2025-08-14,866.68,856.19,1.226
BAJFINANCE.NS,2025-08-18,864.8,899.67,3.876
BAJFINANCE.NS,2025-08-19,864.11,896.79,3.644
BAJFINANCE.NS,2025-08-20,866.65,882.38,1.782
BAJFINANCE.NS,2025-08-21,866.03,890.13,2.707
BAJFINANCE.NS,2025-08-22,869.45,889.03,2.203
BAJFINANCE.NS,2025-08-25,874.78,895.3,2.292
BAJFINANCE.NS,2025-08-26,877.12,870.9,0.715
BAJFINANCE.NS,2025-08-28,885.32,871.49,1.587
BAJFINANCE.NS,2025-08-29,891.89,872.49,2.224
BAJFINANCE.NS,2025-09-01,906.12,883.92,2.512
BAJFINANCE.NS,2025-09-02,911.07,884.66,2.985
BAJFINANCE.NS,2025-09-03,919.08,890.82,3.172
BAJFINANCE.NS,2025-09-04,923.66,929.04,0.579
BAJFINANCE.NS,2025-09-05,931.94,931.87,0.007
BAJFINANCE.NS,2025-09-08,948.86,938.53,1.101
BAJFINANCE.NS,2025-09-09,953.86,942.61,1.194
BAJFINANCE.NS,2025-09-10,961.46,962.04,0.06
BAJFINANCE.NS,2025-09-11,965.2,964.32,0.091
BAJFINANCE.NS,2025-09-12,972.21,997.12,2.498
BAJFINANCE.NS,2025-09-15,983.14,1003.68,2.046
BAJFINANCE.NS,2025-09-16,985.53,997.12,1.162
BAJFINANCE.NS,2025-09-17,990.33,1001.34,1.1
BAJFINANCE.NS,2025-09-18,991.11,990.41,0.071
BAJFINANCE.NS,2025-09-19,995.08,986.39,0.881
BAJFINANCE.NS,2025-09-22,997.06,1000.35,0.329
BAJFINANCE.NS,2025-09-23,996.75,1019.23,2.206
BAJFINANCE.NS,2025-09-24,999.09,1023.46,2.381
BAJFINANCE.NS,2025-09-25,997.7,1006.56,0.88
BAJFINANCE.NS,2025-09-26,999.85,979.08,2.121
BAJFINANCE.NS,2025-09-29,998.78,984.9,1.41
BAJFINANCE.NS,2025-09-30,998.32,992.8,0.556
BAJFINANCE.NS,2025-10-01,1000.94,981.67,1.963
BAJFINANCE.NS,2025-10-03,1003.52,983.7,2.015
BAJFINANCE.NS,2025-10-06,1007.76,1002.74,0.501
BAJFINANCE.NS,2025-10-07,1009.56,1010.34,0.077
BAJFINANCE.NS,2025-10-08,1014.58,1016.9,0.228
BAJFINANCE.NS,2025-10-09,1016.38,1017.84,0.144
BAJFINANCE.NS,2025-10-10,1022.1,1017.59,0.443
BAJFINANCE.NS,2025-10-13,1033.0,1030.42,0.251
BAJFINANCE.NS,2025-10-14,1036.54,1012.92,2.332
BAJFINANCE.NS,2025-10-15,1042.95,1053.42,0.994
BAJFINANCE.NS,2025-10-16,1045.75,1059.24,1.273
BAJFINANCE.NS,2025-10-17,1052.03,1063.56,1.084
BAJFINANCE.NS,2025-10-20,1061.7,1074.4,1.182
BAJFINANCE.NS,2025-10-21,1063.83,1079.86,1.485
BAJFINANCE.NS,2025-10-23,1068.8,1087.47,1.716
BAJFINANCE.NS,2025-10-24,1072.3,1083.09,0.996
BAJFINANCE.NS,2025-10-27,1071.61,1077.77,0.572
BAJFINANCE.NS,2025-10-28,1069.82,1066.2,0.34
BAJFINANCE.NS,2025-10-29,1070.3,1056.46,1.31
BAJFINANCE.NS,2025-10-30,1066.67,1045.87,1.989
BAJFINANCE.NS,2025-10-31,1066.15,1036.43,2.868
BAJFINANCE.NS,2025-11-03,1054.36,1036.73,1.701
BAJFINANCE.NS,2025-11-04,1049.44,1050.54,0.105
BAJFINANCE.NS,2025-11-06,1041.25,1035.53,0.552
BAJFINANCE.NS,2025-11-07,1038.89,1060.08,1.999
BAJFINANCE.NS,2025-11-10,1024.66,1078.37,4.981
BAJFINANCE.NS,2025-11-11,1019.95,999.06,2.091
BAJFINANCE.NS,2025-11-12,1018.41,1007.01,1.132
BAJFINANCE.NS,2025-11-13,1013.65,999.26,1.44
BAJFINANCE.NS,2025-11-14,1012.89,1012.28,0.061
BAJFINANCE.NS,2025-11-17,1005.53,1020.53,1.47
BAJFINANCE.NS,2025-11-18,1003.6,1007.41,0.378
BAJFINANCE.NS,2025-11-19,1004.96,999.46,0.551
BAJFINANCE.NS,2025-11-20,1003.16,1022.32,1.874
BAJFINANCE.NS,2025-11-21,1005.35,997.97,0.74
BAJFINANCE.NS,2025-11-24,1006.12,987.93,1.842
BAJFINANCE.NS,2025-11-25,1006.47,980.17,2.683
BAJFINANCE.NS,2025-11-26,1009.81,1004.52,0.526
BAJFINANCE.NS,2025-11-27,1009.65,1027.48,1.736
BAJFINANCE.NS,2025-11-28,1013.14,1031.16,1.748
BAJFINANCE.NS,2025-12-01,1015.51,1014.86,0.064
BAJFINANCE.NS,2025-12-02,1015.64,1019.23,0.353
BAJFINANCE.NS,2025-12-03,1018.42,1015.16,0.321
BAJFINANCE.NS,2025-12-04,1017.39,1022.81,0.53
BAJFINANCE.NS,2025-12-05,1019.71,1041.6,2.101
BAJFINANCE.NS,2025-12-08,1017.36,1020.13,0.271
BAJFINANCE.NS,2025-12-09,1015.66,1010.49,0.512
BAJFINANCE.NS,2025-12-10,1016.57,1004.13,1.239
BAJFINANCE.NS,2025-12-11,1013.68,1000.25,1.343
BAJFINANCE.NS,2025-12-12,1014.21,1011.08,0.309
BAJFINANCE.NS,2025-12-15,1007.19,1006.51,0.067
BAJFINANCE.NS,2025-12-16,1004.3,992.3,1.209
BAJFINANCE.NS,2025-12-17,1004.23,993.49,1.081
BAJFINANCE.NS,2025-12-18,1000.58,994.19,0.643
BAJFINANCE.NS,2025-12-19,1000.58,1002.14,0.156
BAJFINANCE.NS,2025-12-22,993.28,1001.64,0.835
BAJFINANCE.NS,2025-12-23,990.66,1005.22,1.449
BAJFINANCE.NS,2025-12-24,990.99,1005.52,1.445
BAJFINANCE.NS,2025-12-26,988.44,993.89,0.548
BAJFINANCE.NS,2025-12-29,982.9,991.9,0.908
BAJFINANCE.NS,2025-12-30,980.74,983.26,0.256
BAJFINANCE.NS,2025-12-31,981.43,980.77,0.067
BAJFINANCE.NS,2026-01-01,978.51,967.15,1.174
BAJFINANCE.NS,2026-01-02,979.13,984.4,0.535
BAJFINANCE.NS,2026-01-05,972.6,972.77,0.017
BAJFINANCE.NS,2026-01-06,969.74,971.38,0.169
BAJFINANCE.NS,2026-01-07,969.56,962.88,0.694
BAJFINANCE.NS,2026-01-08,965.62,966.01,0.041
BAJFINANCE.NS,2026-01-09,965.11,953.74,1.192
BAJFINANCE.NS,2026-01-12,954.84,946.08,0.925
BAJFINANCE.NS,2026-01-13,950.77,943.2,0.802
BAJFINANCE.NS,2026-01-14,949.48,940.17,0.99
BAJFINANCE.NS,2026-01-15,944.58,940.17,0.469
BAJFINANCE.NS,2026-01-16,943.3,944.44,0.121
BAJFINANCE.NS,2026-01-19,932.38,963.53,3.233
BAJFINANCE.NS,2026-01-20,928.77,927.5,0.137
BAJFINANCE.NS,2026-01-21,928.31,930.53,0.239
BAJFINANCE.NS,2026-01-22,924.65,937.09,1.327
BAJFINANCE.NS,2026-01-23,925.02,922.18,0.308
BAJFINANCE.NS,2026-01-27,920.97,909.11,1.304
BAJFINANCE.NS,2026-01-28,923.98,929.44,0.587
BAJFINANCE.NS,2026-01-29,924.03,929.44,0.582
BAJFINANCE.NS,2026-01-30,928.32,924.17,0.449
BAJFINANCE.NS,2026-02-02,937.0,898.18,4.322
BAJFINANCE.NS,2026-02-03,940.59,958.51,1.869
BAJFINANCE.NS,2026-02-04,947.48,957.41,1.038
BAJFINANCE.NS,2026-02-05,951.18,958.86,0.801
BAJFINANCE.NS,2026-02-06,958.81,975.7,1.731
BAJFINANCE.NS,2026-02-09,975.01,977.14,0.218
BAJFINANCE.NS,2026-02-10,980.07,959.7,2.122
BAJFINANCE.NS,2026-02-11,987.84,963.03,2.576
BAJFINANCE.NS,2026-02-12,991.8,993.0,0.12
BAJFINANCE.NS,2026-02-13,999.04,1018.49,1.91
BAJFINANCE.NS,2026-02-16,1010.15,1006.56,0.356
BAJFINANCE.NS,2026-02-17,1012.24,1007.95,0.425
BAJFINANCE.NS,2026-02-18,1016.46,1017.54,0.107
BAJFINANCE.NS,2026-02-19,1016.31,1010.84,0.542
BAJFINANCE.NS,2026-02-20,1018.95,1023.91,0.484
BAJFINANCE.NS,2026-02-23,1013.93,1024.7,1.051
BAJFINANCE.NS,2026-02-24,1010.13,1017.3,0.704
BAJFINANCE.NS,2026-02-25,1008.31,1014.81,0.641
BAJFINANCE.NS,2026-02-26,1002.1,1006.76,0.463
BAJFINANCE.NS,2026-02-27,998.71,989.82,0.899
BAJFINANCE.NS,2026-03-02,976.68,972.27,0.453
BAJFINANCE.NS,2026-03-04,961.36,939.33,2.346
BAJFINANCE.NS,2026-03-05,950.98,956.52,0.579
BAJFINANCE.NS,2026-03-06,943.96,944.39,0.046
BAJFINANCE.NS,2026-03-09,914.62,932.32,1.898
BAJFINANCE.NS,2026-03-10,904.58,934.06,3.156
BAJFINANCE.NS,2026-03-11,897.61,888.19,1.061
BAJFINANCE.NS,2026-03-12,887.36,857.83,3.443
BAJFINANCE.NS,2026-03-13,881.11,849.83,3.681
BAJFINANCE.NS,2026-03-16,857.58,872.78,1.742
BAJFINANCE.NS,2026-03-17,850.54,863.29,1.477
BAJFINANCE.NS,2026-03-18,847.02,874.72,3.167
BAJFINANCE.NS,2026-03-19,840.62,827.12,1.633
BAJFINANCE.NS,2026-03-20,838.56,825.48,1.585
BAJFINANCE.NS,2026-03-23,829.07,807.64,2.654
BAJFINANCE.NS,2026-03-24,826.99,843.81,1.994
BAJFINANCE.NS,2026-03-25,828.48,877.36,5.571
BAJFINANCE.NS,2026-03-27,829.91,838.64,1.042
BAJFINANCE.NS,2026-03-30,834.22,796.65,4.716
BAJFINANCE.NS,2026-04-01,841.64,812.31,3.611
BAJFINANCE.NS,2026-04-02,843.77,821.8,2.674
BAJFINANCE.NS,2026-04-06,861.63,845.65,1.889
BAJFINANCE.NS,2026-04-07,865.45,849.88,1.833
BAJFINANCE.NS,2026-04-08,872.18,909.46,4.099
BAJFINANCE.NS,2026-04-09,875.34,897.73,2.494
BAJFINANCE.NS,2026-04-10,882.09,918.9,4.006
BAJFINANCE.NS,2026-04-13,894.03,893.46,0.064
BAJFINANCE.NS,2026-04-15,903.32,907.57,0.468
BAJFINANCE.NS,2026-04-16,905.51,900.37,0.571
BAJFINANCE.NS,2026-04-17,911.1,902.7,0.93
BAJFINANCE.NS,2026-04-20,918.74,912.14,0.723
BAJFINANCE.NS,2026-04-21,920.43,933.11,1.359
BAJFINANCE.NS,2026-04-22,924.73,929.04,0.464
BAJFINANCE.NS,2026-04-23,925.21,912.74,1.366
BAJFINANCE.NS,2026-04-24,929.08,915.92,1.437
BAJFINANCE.NS,2026-04-27,931.67,916.17,1.692
BAJFINANCE.NS,2026-04-28,931.75,918.01,1.497
BAJFINANCE.NS,2026-04-29,934.5,924.32,1.102
BAJFINANCE.NS,2026-04-30,933.49,931.28,0.238
BAJFINANCE.NS,2026-05-01,935.94,931.28,0.501
BAJFINANCE.NS,2026-05-04,934.63,944.39,1.034
BAJFINANCE.NS,2026-05-05,933.53,952.74,2.017
BAJFINANCE.NS,2026-05-06,935.14,974.76,4.064
BAJFINANCE.NS,2026-05-07,933.05,966.81,3.492
BAJFINANCE.NS,2026-05-08,934.44,949.51,1.587
BAJFINANCE.NS,2026-05-11,930.14,930.33,0.021
BAJFINANCE.NS,2026-05-12,928.07,898.68,3.271
BAJFINANCE.NS,2026-05-13,928.73,890.67,4.273
BAJFINANCE.NS,2026-05-14,925.69,906.58,2.108
BAJFINANCE.NS,2026-05-15,926.14,904.89,2.349
BAJFINANCE.NS,2026-05-18,919.08,915.47,0.394
BAJFINANCE.NS,2026-05-19,916.14,917.91,0.193
BAJFINANCE.NS,2026-05-20,915.98,917.46,0.161
BAJFINANCE.NS,2026-05-21,912.17,902.1,1.116
BAJFINANCE.NS,2026-05-22,911.93,910.95,0.108
BAJFINANCE.NS,2026-05-25,903.41,936.15,3.497
BAJFINANCE.NS,2026-05-26,900.27,924.52,2.623
BAJFINANCE.NS,2026-05-27,900.06,925.46,2.745
BAJFINANCE.NS,2026-05-28,896.4,925.46,3.14
BAJFINANCE.NS,2026-05-29,896.51,902.7,0.686
BAJFINANCE.NS,2026-06-01,890.47,883.62,0.775
BAJFINANCE.NS,2026-06-02,888.65,876.61,1.373
BAJFINANCE.NS,2026-06-03,890.03,871.44,2.133
BAJFINANCE.NS,2026-06-04,888.22,869.06,2.205
BAJFINANCE.NS,2026-06-05,890.43,883.97,0.731
BAJFINANCE.NS,2026-06-08,892.1,865.78,3.04
BAJFINANCE.NS,2026-06-09,893.25,881.48,1.335
BAJFINANCE.NS,2026-06-10,897.76,878.7,2.169
BAJFINANCE.NS,2026-06-11,899.2,865.23,3.926
BAJFINANCE.NS,2026-06-12,904.74,912.69,0.871
BAJFINANCE.NS,2026-06-15,916.48,936.54,2.142
BAJFINANCE.NS,2026-06-16,920.87,953.79,3.451
BAJFINANCE.NS,2026-06-17,928.47,952.54,2.527
BAJFINANCE.NS,2026-06-18,932.82,952.99,2.117
BAJFINANCE.NS,2026-06-19,941.04,955.92,1.557
BAJFINANCE.NS,2026-06-22,959.05,962.38,0.346
BAJFINANCE.NS,2026-06-23,964.82,956.52,0.868
BAJFINANCE.NS,2026-06-24,973.4,984.9,1.167
BAJFINANCE.NS,2026-06-25,978.32,974.41,0.401
BAJFINANCE.NS,2026-06-26,986.69,974.41,1.26
BAJFINANCE.NS,2026-06-29,1002.56,976.05,2.716
BAJFINANCE.NS,2026-06-30,1006.8,1004.75,0.204
BAJFINANCE.NS,2026-07-01,1013.48,1014.9,0.14
BAJFINANCE.NS,2026-07-02,1016.13,1018.4,0.223
BAJFINANCE.NS,2026-07-03,1021.93,1031.4,0.918
BAJFINANCE.NS,2026-07-06,1028.63,1029.1,0.046
BAJFINANCE.NS,2026-07-07,1029.47,1042.5,1.25
BAJFINANCE.NS,2026-07-08,1032.67,1010.4,2.204
BAJFINANCE.NS,2026-07-09,1031.81,1003.8,2.79
BAJFINANCE.NS,2026-07-10,1034.1,1020.5,1.333
BAJFINANCE.NS,2026-07-13,1030.81,1022.6,0.803
BAJFINANCE.NS,2026-07-14,1028.64,1006.6,2.19
BAJFINANCE.NS,2026-07-15,1029.03,1021.3,0.757
BAJFINANCE.NS,2026-07-16,1025.59,1037.6,1.157
BAJFINANCE.NS,2026-07-17,1025.56,1056.3,2.91
BAJFINANCE.NS,2026-07-20,1016.92,1064.0,4.425
BAJFINANCE.NS,2026-07-21,1013.5,1069.2,5.209
BAJFINANCE.NS,2026-07-22,1012.91,1060.3,4.469
BAJFINANCE.NS,2026-07-23,1008.73,1039.8,2.988
BHARTIARTL.NS,2025-07-24,1903.83,1912.04,0.429
BHARTIARTL.NS,2025-07-25,1901.78,1913.81,0.629
BHARTIARTL.NS,2025-07-28,1901.28,1866.81,1.847
BHARTIARTL.NS,2025-07-29,1906.27,1894.46,0.624
BHARTIARTL.NS,2025-07-30,1908.66,1908.58,0.004
BHARTIARTL.NS,2025-07-31,1907.24,1890.51,0.885
BHARTIARTL.NS,2025-08-01,1907.06,1860.98,2.476
BHARTIARTL.NS,2025-08-04,1908.97,1890.8,0.961
BHARTIARTL.NS,2025-08-05,1913.68,1907.79,0.309
BHARTIARTL.NS,2025-08-06,1915.28,1905.72,0.502
BHARTIARTL.NS,2025-08-07,1912.62,1898.7,0.733
BHARTIARTL.NS,2025-08-08,1910.8,1835.5,4.102
BHARTIARTL.NS,2025-08-11,1906.15,1834.31,3.916
BHARTIARTL.NS,2025-08-12,1908.44,1827.3,4.44
BHARTIARTL.NS,2025-08-13,1907.64,1844.19,3.441
BHARTIARTL.NS,2025-08-14,1902.69,1850.51,2.82
BHARTIARTL.NS,2025-08-18,1889.9,1868.78,1.13
BHARTIARTL.NS,2025-08-19,1891.61,1885.96,0.299
BHARTIARTL.NS,2025-08-20,1890.74,1904.43,0.719
BHARTIARTL.NS,2025-08-21,1886.23,1905.91,1.033
BHARTIARTL.NS,2025-08-22,1883.29,1909.27,1.361
BHARTIARTL.NS,2025-08-25,1880.09,1906.7,1.396
BHARTIARTL.NS,2025-08-26,1884.49,1881.03,0.184
BHARTIARTL.NS,2025-08-28,1885.27,1857.72,1.483
BHARTIARTL.NS,2025-08-29,1885.63,1865.32,1.089
BHARTIARTL.NS,2025-09-01,1892.12,1876.98,0.807
BHARTIARTL.NS,2025-09-02,1899.39,1863.74,1.913
BHARTIARTL.NS,2025-09-03,1904.02,1860.49,2.34
BHARTIARTL.NS,2025-09-04,1904.82,1857.03,2.574
BHARTIARTL.NS,2025-09-05,1906.84,1871.74,1.875
BHARTIARTL.NS,2025-09-08,1915.11,1864.24,2.729
BHARTIARTL.NS,2025-09-09,1921.84,1870.16,2.763
BHARTIARTL.NS,2025-09-10,1925.39,1867.89,3.078
BHARTIARTL.NS,2025-09-11,1924.57,1889.22,1.871
BHARTIARTL.NS,2025-09-12,1924.51,1878.95,2.425
BHARTIARTL.NS,2025-09-15,1924.33,1880.83,2.313
BHARTIARTL.NS,2025-09-16,1927.79,1915.39,0.647
BHARTIARTL.NS,2025-09-17,1928.01,1917.17,0.565
BHARTIARTL.NS,2025-09-18,1923.9,1916.97,0.361
BHARTIARTL.NS,2025-09-19,1920.67,1938.01,0.895
BHARTIARTL.NS,2025-09-22,1912.8,1931.89,0.988
BHARTIARTL.NS,2025-09-23,1914.58,1914.6,0.001
BHARTIARTL.NS,2025-09-24,1913.66,1907.1,0.344
BHARTIARTL.NS,2025-09-25,1909.02,1911.54,0.132
BHARTIARTL.NS,2025-09-26,1905.91,1892.78,0.694
BHARTIARTL.NS,2025-09-29,1902.26,1878.56,1.262
BHARTIARTL.NS,2025-09-30,1906.68,1855.05,2.783
BHARTIARTL.NS,2025-10-01,1908.95,1844.39,3.5
BHARTIARTL.NS,2025-10-03,1908.97,1873.13,1.914
BHARTIARTL.NS,2025-10-06,1919.15,1879.45,2.113
BHARTIARTL.NS,2025-10-07,1928.36,1905.02,1.225
BHARTIARTL.NS,2025-10-08,1935.36,1919.34,0.834
BHARTIARTL.NS,2025-10-09,1938.94,1917.86,1.099
BHARTIARTL.NS,2025-10-10,1944.18,1915.79,1.482
BHARTIARTL.NS,2025-10-13,1964.7,1930.6,1.766
BHARTIARTL.NS,2025-10-14,1976.34,1922.41,2.806
BHARTIARTL.NS,2025-10-15,1985.18,1944.03,2.117
BHARTIARTL.NS,2025-10-16,1990.0,1942.95,2.422
BHARTIARTL.NS,2025-10-17,1995.87,1986.99,0.447
BHARTIARTL.NS,2025-10-20,2014.84,2026.0,0.551
BHARTIARTL.NS,2025-10-21,2024.95,2018.1,0.339
BHARTIARTL.NS,2025-10-23,2034.4,1982.94,2.595
BHARTIARTL.NS,2025-10-24,2037.74,2004.08,1.68
BHARTIARTL.NS,2025-10-27,2048.44,2054.25,0.283
BHARTIARTL.NS,2025-10-28,2055.83,2064.22,0.407
BHARTIARTL.NS,2025-10-29,2060.16,2074.49,0.691
BHARTIARTL.NS,2025-10-30,2060.35,2040.62,0.967
BHARTIARTL.NS,2025-10-31,2061.61,2028.96,1.609
BHARTIARTL.NS,2025-11-03,2068.03,2048.22,0.967
BHARTIARTL.NS,2025-11-04,2074.71,2087.03,0.591
BHARTIARTL.NS,2025-11-06,2078.83,2068.86,0.482
BHARTIARTL.NS,2025-11-07,2080.33,1976.33,5.262
BHARTIARTL.NS,2025-11-10,2088.72,1994.7,4.714
BHARTIARTL.NS,2025-11-11,2096.25,2016.92,3.933
BHARTIARTL.NS,2025-11-12,2101.05,2048.03,2.589
BHARTIARTL.NS,2025-11-13,2101.95,2065.8,1.75
BHARTIARTL.NS,2025-11-14,2104.04,2074.59,1.42
BHARTIARTL.NS,2025-11-17,2112.6,2085.95,1.278
BHARTIARTL.NS,2025-11-18,2119.5,2122.49,0.141
BHARTIARTL.NS,2025-11-19,2123.28,2132.96,0.454
BHARTIARTL.NS,2025-11-20,2122.75,2131.47,0.409
BHARTIARTL.NS,2025-11-21,2123.0,2135.82,0.6
BHARTIARTL.NS,2025-11-24,2123.83,2125.35,0.072
BHARTIARTL.NS,2025-11-25,2127.57,2134.73,0.336
BHARTIARTL.NS,2025-11-26,2127.97,2100.37,1.314
BHARTIARTL.NS,2025-11-27,2123.95,2089.31,1.658
BHARTIARTL.NS,2025-11-28,2120.67,2075.48,2.177
BHARTIARTL.NS,2025-12-01,2111.51,2063.73,2.315
BHARTIARTL.NS,2025-12-02,2112.4,2077.85,1.663
BHARTIARTL.NS,2025-12-03,2110.35,2060.07,2.441
BHARTIARTL.NS,2025-12-04,2104.31,2077.65,1.283
BHARTIARTL.NS,2025-12-05,2099.51,2082.59,0.812
BHARTIARTL.NS,2025-12-08,2089.21,2060.27,1.405
BHARTIARTL.NS,2025-12-09,2090.91,2063.73,1.317
BHARTIARTL.NS,2025-12-10,2090.23,2041.31,2.397
BHARTIARTL.NS,2025-12-11,2086.11,2027.68,2.882
BHARTIARTL.NS,2025-12-12,2083.72,2057.51,1.274
BHARTIARTL.NS,2025-12-15,2082.85,2043.98,1.902
BHARTIARTL.NS,2025-12-16,2088.13,2075.87,0.59
BHARTIARTL.NS,2025-12-17,2091.09,2081.8,0.446
BHARTIARTL.NS,2025-12-18,2090.53,2066.0,1.187
BHARTIARTL.NS,2025-12-19,2091.55,2071.63,0.962
BHARTIARTL.NS,2025-12-22,2098.8,2120.91,1.042
BHARTIARTL.NS,2025-12-23,2105.78,2096.51,0.442
BHARTIARTL.NS,2025-12-24,2109.8,2097.3,0.596
BHARTIARTL.NS,2025-12-26,2110.29,2079.23,1.494
BHARTIARTL.NS,2025-12-29,2112.04,2055.73,2.739
BHARTIARTL.NS,2025-12-30,2115.76,2073.7,2.028
BHARTIARTL.NS,2025-12-31,2115.88,2079.43,1.753
BHARTIARTL.NS,2026-01-01,2111.25,2084.17,1.299
BHARTIARTL.NS,2026-01-02,2106.98,2080.12,1.291
BHARTIARTL.NS,2026-01-05,2092.2,2078.84,0.643
BHARTIARTL.NS,2026-01-06,2090.22,2079.13,0.533
BHARTIARTL.NS,2026-01-07,2084.78,2058.3,1.287
BHARTIARTL.NS,2026-01-08,2074.84,2040.62,1.677
BHARTIARTL.NS,2026-01-09,2065.64,2001.91,3.184
BHARTIARTL.NS,2026-01-12,2039.45,2018.6,1.033
BHARTIARTL.NS,2026-01-13,2035.11,2001.71,1.669
BHARTIARTL.NS,2026-01-14,2028.13,1997.36,1.54
BHARTIARTL.NS,2026-01-15,2017.53,1997.36,1.01
BHARTIARTL.NS,2026-01-16,2008.56,1991.34,0.865
BHARTIARTL.NS,2026-01-19,1988.32,1985.02,0.166
BHARTIARTL.NS,2026-01-20,1987.59,1971.19,0.832
BHARTIARTL.NS,2026-01-21,1984.91,1971.29,0.691
BHARTIARTL.NS,2026-01-22,1979.21,1977.31,0.096
BHARTIARTL.NS,2026-01-23,1975.65,1960.03,0.797
BHARTIARTL.NS,2026-01-27,1978.74,1948.87,1.533
BHARTIARTL.NS,2026-01-28,1982.05,1933.37,2.518
BHARTIARTL.NS,2026-01-29,1982.05,1943.44,1.987
BHARTIARTL.NS,2026-01-30,1983.78,1944.23,2.034
BHARTIARTL.NS,2026-02-02,1993.94,1940.97,2.729
BHARTIARTL.NS,2026-02-03,2002.05,1972.48,1.499
BHARTIARTL.NS,2026-02-04,2007.25,2000.62,0.331
BHARTIARTL.NS,2026-02-05,2008.3,1967.64,2.067
BHARTIARTL.NS,2026-02-06,2010.22,2013.07,0.141
BHARTIARTL.NS,2026-02-09,2015.86,2012.87,0.149
BHARTIARTL.NS,2026-02-10,2020.9,1986.3,1.742
BHARTIARTL.NS,2026-02-11,2022.37,1987.09,1.775
BHARTIARTL.NS,2026-02-12,2019.08,1989.46,1.489
BHARTIARTL.NS,2026-02-13,2016.16,1979.78,1.837
BHARTIARTL.NS,2026-02-16,2005.3,2004.18,0.056
BHARTIARTL.NS,2026-02-17,2004.54,1995.19,0.469
BHARTIARTL.NS,2026-02-18,2000.22,1996.67,0.178
BHARTIARTL.NS,2026-02-19,1991.27,1963.88,1.394
BHARTIARTL.NS,2026-02-20,1982.91,1952.82,1.541
BHARTIARTL.NS,2026-02-23,1957.86,1972.48,0.741
BHARTIARTL.NS,2026-02-24,1953.3,1916.88,1.9
BHARTIARTL.NS,2026-02-25,1945.72,1889.62,2.969
BHARTIARTL.NS,2026-02-26,1934.1,1905.62,1.495
BHARTIARTL.NS,2026-02-27,1923.65,1855.94,3.648
BHARTIARTL.NS,2026-03-02,1895.86,1849.92,2.483
BHARTIARTL.NS,2026-03-04,1884.64,1882.21,0.129
BHARTIARTL.NS,2026-03-05,1874.19,1883.3,0.484
BHARTIARTL.NS,2026-03-06,1865.35,1847.55,0.964
BHARTIARTL.NS,2026-03-09,1844.41,1843.5,0.049
BHARTIARTL.NS,2026-03-10,1842.84,1827.4,0.845
BHARTIARTL.NS,2026-03-11,1838.95,1784.54,3.049
BHARTIARTL.NS,2026-03-12,1831.6,1778.91,2.962
BHARTIARTL.NS,2026-03-13,1825.94,1780.99,2.524
BHARTIARTL.NS,2026-03-16,1814.72,1766.57,2.726
BHARTIARTL.NS,2026-03-17,1816.36,1804.29,0.669
BHARTIARTL.NS,2026-03-18,1815.62,1832.34,0.912
BHARTIARTL.NS,2026-03-19,1811.37,1804.29,0.392
BHARTIARTL.NS,2026-03-20,1808.72,1823.16,0.792
BHARTIARTL.NS,2026-03-23,1806.04,1773.58,1.83
BHARTIARTL.NS,2026-03-24,1810.34,1779.7,1.722
BHARTIARTL.NS,2026-03-25,1812.17,1812.09,0.004
BHARTIARTL.NS,2026-03-27,1810.07,1820.98,0.599
BHARTIARTL.NS,2026-03-30,1813.72,1760.25,3.038
BHARTIARTL.NS,2026-04-01,1823.35,1759.75,3.614
BHARTIARTL.NS,2026-04-02,1823.05,1767.46,3.145
BHARTIARTL.NS,2026-04-06,1830.3,1770.52,3.377
BHARTIARTL.NS,2026-04-07,1836.82,1807.55,1.619
BHARTIARTL.NS,2026-04-08,1840.44,1838.46,0.108
BHARTIARTL.NS,2026-04-09,1839.99,1836.29,0.201
BHARTIARTL.NS,2026-04-10,1840.59,1846.76,0.334
BHARTIARTL.NS,2026-04-13,1844.07,1847.65,0.194
BHARTIARTL.NS,2026-04-15,1851.26,1832.64,1.016
BHARTIARTL.NS,2026-04-16,1849.08,1817.72,1.725
BHARTIARTL.NS,2026-04-17,1847.83,1823.95,1.31
BHARTIARTL.NS,2026-04-20,1845.49,1823.16,1.225
BHARTIARTL.NS,2026-04-21,1848.74,1831.94,0.917
BHARTIARTL.NS,2026-04-22,1849.02,1806.27,2.367
BHARTIARTL.NS,2026-04-23,1845.24,1818.32,1.481
BHARTIARTL.NS,2026-04-24,1842.58,1791.95,2.826
BHARTIARTL.NS,2026-04-27,1837.58,1797.48,2.231
BHARTIARTL.NS,2026-04-28,1840.57,1820.88,1.081
BHARTIARTL.NS,2026-04-29,1840.91,1864.63,1.272
BHARTIARTL.NS,2026-04-30,1837.52,1863.35,1.386
BHARTIARTL.NS,2026-05-01,1835.59,1863.35,1.49
BHARTIARTL.NS,2026-05-04,1834.49,1804.39,1.668
BHARTIARTL.NS,2026-05-05,1839.24,1783.65,3.117
BHARTIARTL.NS,2026-05-06,1841.49,1810.91,1.689
BHARTIARTL.NS,2026-05-07,1840.1,1803.9,2.007
BHARTIARTL.NS,2026-05-08,1840.19,1811.7,1.573
BHARTIARTL.NS,2026-05-11,1844.7,1737.93,6.144
BHARTIARTL.NS,2026-05-12,1850.94,1734.97,6.685
BHARTIARTL.NS,2026-05-13,1854.39,1766.96,4.948
BHARTIARTL.NS,2026-05-14,1853.88,1860.09,0.334
BHARTIARTL.NS,2026-05-15,1854.46,1881.72,1.449
BHARTIARTL.NS,2026-05-18,1857.93,1914.01,2.93
BHARTIARTL.NS,2026-05-19,1862.95,1889.72,1.416
BHARTIARTL.NS,2026-05-20,1864.77,1881.22,0.875
BHARTIARTL.NS,2026-05-21,1862.22,1861.87,0.019
BHARTIARTL.NS,2026-05-22,1860.43,1848.14,0.665
BHARTIARTL.NS,2026-05-25,1855.25,1851.5,0.203
BHARTIARTL.NS,2026-05-26,1857.12,1823.95,1.819
BHARTIARTL.NS,2026-05-27,1855.8,1829.18,1.455
BHARTIARTL.NS,2026-05-28,1850.21,1829.18,1.15
BHARTIARTL.NS,2026-05-29,1845.55,1806.27,2.175
BHARTIARTL.NS,2026-06-01,1833.72,1788.1,2.552
BHARTIARTL.NS,2026-06-02,1834.27,1791.65,2.379
BHARTIARTL.NS,2026-06-03,1832.17,1801.43,1.707
BHARTIARTL.NS,2026-06-04,1826.4,1796.29,1.676
BHARTIARTL.NS,2026-06-05,1822.18,1775.85,2.609
BHARTIARTL.NS,2026-06-08,1815.42,1790.76,1.377
BHARTIARTL.NS,2026-06-09,1818.85,1776.64,2.376
BHARTIARTL.NS,2026-06-10,1820.16,1753.14,3.823
BHARTIARTL.NS,2026-06-11,1818.24,1760.44,3.283
BHARTIARTL.NS,2026-06-12,1818.26,1799.85,1.023
BHARTIARTL.NS,2026-06-15,1825.5,1818.32,0.395
BHARTIARTL.NS,2026-06-16,1833.67,1829.97,0.202
BHARTIARTL.NS,2026-06-17,1839.57,1852.39,0.692
BHARTIARTL.NS,2026-06-18,1841.98,1851.5,0.514
BHARTIARTL.NS,2026-06-19,1845.95,1887.05,2.178
BHARTIARTL.NS,2026-06-22,1861.88,1892.78,1.632
BHARTIARTL.NS,2026-06-23,1871.63,1877.97,0.337
BHARTIARTL.NS,2026-06-24,1878.36,1853.97,1.316
BHARTIARTL.NS,2026-06-25,1880.81,1827.7,2.906
BHARTIARTL.NS,2026-06-26,1884.03,1827.7,3.082
BHARTIARTL.NS,2026-06-29,1893.11,1818.22,4.119
BHARTIARTL.NS,2026-06-30,1899.18,1828.98,3.838
BHARTIARTL.NS,2026-07-01,1901.65,1847.75,2.917
BHARTIARTL.NS,2026-07-02,1899.36,1851.7,2.574
BHARTIARTL.NS,2026-07-03,1897.45,1886.66,0.572
BHARTIARTL.NS,2026-07-06,1889.96,1901.77,0.621
BHARTIARTL.NS,2026-07-07,1890.53,1901.86,0.596
BHARTIARTL.NS,2026-07-08,1887.7,1864.63,1.237
BHARTIARTL.NS,2026-07-09,1880.42,1907.1,1.399
BHARTIARTL.NS,2026-07-10,1873.95,1896.53,1.191
BHARTIARTL.NS,2026-07-13,1856.17,1878.16,1.171
BHARTIARTL.NS,2026-07-14,1854.66,1912.43,3.021
BHARTIARTL.NS,2026-07-15,1850.47,1894.46,2.322
BHARTIARTL.NS,2026-07-16,1842.58,1897.91,2.916
BHARTIARTL.NS,2026-07-17,1836.24,1885.08,2.591
BHARTIARTL.NS,2026-07-20,1822.87,1915.99,4.86
BHARTIARTL.NS,2026-07-21,1823.97,1924.18,5.208
BHARTIARTL.NS,2026-07-22,1822.85,1924.78,5.295
BHARTIARTL.NS,2026-07-23,1818.36,1907.0,4.648
BPCL.NS,2025-07-24,316.09,320.44,1.358
BPCL.NS,2025-07-25,314.19,312.46,0.553
BPCL.NS,2025-07-28,311.78,312.93,0.368
BPCL.NS,2025-07-29,310.86,314.39,1.122
BPCL.NS,2025-07-30,312.44,316.36,1.238
BPCL.NS,2025-07-31,310.07,313.74,1.169
BPCL.NS,2025-08-01,308.41,302.83,1.843
BPCL.NS,2025-08-04,306.71,302.83,1.282
BPCL.NS,2025-08-05,306.04,300.21,1.942
BPCL.NS,2025-08-06,307.86,300.83,2.338
BPCL.NS,2025-08-07,305.73,295.68,3.398
BPCL.NS,2025-08-08,304.29,304.35,0.021
BPCL.NS,2025-08-11,303.27,305.78,0.822
BPCL.NS,2025-08-12,302.81,308.4,1.813
BPCL.NS,2025-08-13,304.83,307.26,0.791
BPCL.NS,2025-08-14,302.89,303.02,0.043
BPCL.NS,2025-08-18,301.1,299.16,0.648
BPCL.NS,2025-08-19,300.76,306.26,1.795
BPCL.NS,2025-08-20,302.91,304.83,0.63
BPCL.NS,2025-08-21,301.07,304.83,1.233
BPCL.NS,2025-08-22,299.91,301.49,0.526
BPCL.NS,2025-08-25,299.59,300.88,0.427
BPCL.NS,2025-08-26,299.32,297.35,0.662
BPCL.NS,2025-08-28,299.76,296.02,1.265
BPCL.NS,2025-08-29,298.68,293.63,1.718
BPCL.NS,2025-09-01,298.68,299.88,0.399
BPCL.NS,2025-09-02,298.57,300.07,0.499
BPCL.NS,2025-09-03,300.96,299.97,0.33
BPCL.NS,2025-09-04,299.42,298.11,0.439
BPCL.NS,2025-09-05,298.6,297.73,0.292
BPCL.NS,2025-09-08,299.65,301.49,0.612
BPCL.NS,2025-09-09,299.98,299.11,0.29
BPCL.NS,2025-09-10,302.85,302.92,0.024
BPCL.NS,2025-09-11,301.82,304.88,1.003
BPCL.NS,2025-09-12,301.55,302.97,0.469
BPCL.NS,2025-09-15,304.37,302.73,0.541
BPCL.NS,2025-09-16,305.29,303.21,0.686
BPCL.NS,2025-09-17,308.76,308.26,0.162
BPCL.NS,2025-09-18,308.29,310.31,0.65
BPCL.NS,2025-09-19,308.55,313.98,1.728
BPCL.NS,2025-09-22,312.61,310.02,0.835
BPCL.NS,2025-09-23,313.8,314.79,0.313
BPCL.NS,2025-09-24,317.43,314.74,0.855
BPCL.NS,2025-09-25,317.04,314.07,0.945
BPCL.NS,2025-09-26,317.26,309.02,2.666
BPCL.NS,2025-09-29,320.56,322.12,0.485
BPCL.NS,2025-09-30,321.28,323.6,0.716
BPCL.NS,2025-10-01,324.35,323.65,0.217
BPCL.NS,2025-10-03,322.79,325.41,0.805
BPCL.NS,2025-10-06,323.59,327.36,1.152
BPCL.NS,2025-10-07,323.44,325.74,0.707
BPCL.NS,2025-10-08,325.64,328.79,0.958
BPCL.NS,2025-10-09,323.77,327.74,1.212
BPCL.NS,2025-10-10,322.5,322.69,0.06
BPCL.NS,2025-10-13,321.57,321.98,0.127
BPCL.NS,2025-10-14,321.09,316.74,1.374
BPCL.NS,2025-10-15,323.12,321.93,0.369
BPCL.NS,2025-10-16,321.23,320.03,0.376
BPCL.NS,2025-10-17,320.11,319.98,0.041
BPCL.NS,2025-10-20,320.68,321.74,0.33
BPCL.NS,2025-10-21,321.03,323.03,0.618
BPCL.NS,2025-10-23,323.27,315.64,2.416
BPCL.NS,2025-10-24,323.39,314.83,2.718
BPCL.NS,2025-10-27,328.07,326.79,0.392
BPCL.NS,2025-10-28,329.84,324.55,1.63
BPCL.NS,2025-10-29,334.25,331.65,0.784
BPCL.NS,2025-10-30,334.81,340.7,1.729
BPCL.NS,2025-10-31,336.16,339.94,1.111
BPCL.NS,2025-11-03,343.74,349.94,1.772
BPCL.NS,2025-11-04,346.1,355.32,2.596
BPCL.NS,2025-11-06,351.6,350.56,0.296
BPCL.NS,2025-11-07,352.86,357.08,1.181
BPCL.NS,2025-11-10,358.7,355.13,1.005
BPCL.NS,2025-11-11,360.02,363.89,1.062
BPCL.NS,2025-11-12,363.55,365.15,0.438
BPCL.NS,2025-11-13,362.82,364.66,0.505
BPCL.NS,2025-11-14,362.47,360.97,0.416
BPCL.NS,2025-11-17,362.83,363.98,0.317
BPCL.NS,2025-11-18,362.22,361.65,0.158
BPCL.NS,2025-11-19,363.84,355.62,2.312
BPCL.NS,2025-11-20,361.25,355.03,1.751
BPCL.NS,2025-11-21,359.13,354.55,1.292
BPCL.NS,2025-11-24,355.06,349.78,1.509
BPCL.NS,2025-11-25,353.37,346.09,2.104
BPCL.NS,2025-11-26,354.15,357.56,0.955
BPCL.NS,2025-11-27,350.96,354.69,1.053
BPCL.NS,2025-11-28,348.52,349.25,0.208
BPCL.NS,2025-12-01,345.05,344.29,0.221
BPCL.NS,2025-12-02,344.08,348.91,1.384
BPCL.NS,2025-12-03,345.79,348.57,0.797
BPCL.NS,2025-12-04,343.74,346.23,0.72
BPCL.NS,2025-12-05,342.62,350.42,2.225
BPCL.NS,2025-12-08,343.84,347.74,1.122
BPCL.NS,2025-12-09,344.54,345.31,0.223
BPCL.NS,2025-12-10,347.92,345.41,0.728
BPCL.NS,2025-12-11,347.5,341.66,1.709
BPCL.NS,2025-12-12,347.91,355.03,2.007
BPCL.NS,2025-12-15,352.91,356.93,1.127
BPCL.NS,2025-12-16,354.49,358.05,0.994
BPCL.NS,2025-12-17,358.54,358.24,0.083
BPCL.NS,2025-12-18,358.54,353.38,1.46
BPCL.NS,2025-12-19,359.13,355.91,0.905
BPCL.NS,2025-12-22,363.18,359.75,0.953
BPCL.NS,2025-12-23,363.99,359.85,1.151
BPCL.NS,2025-12-24,367.05,355.86,3.144
BPCL.NS,2025-12-26,365.17,355.96,2.588
BPCL.NS,2025-12-29,364.69,361.41,0.909
BPCL.NS,2025-12-30,363.91,359.36,1.265
BPCL.NS,2025-12-31,365.39,373.47,2.162
BPCL.NS,2026-01-01,362.71,371.03,2.243
BPCL.NS,2026-01-02,360.56,370.98,2.81
BPCL.NS,2026-01-05,356.58,367.53,2.98
BPCL.NS,2026-01-06,354.98,360.63,1.566
BPCL.NS,2026-01-07,355.86,358.1,0.625
BPCL.NS,2026-01-08,352.79,344.82,2.31
BPCL.NS,2026-01-09,350.46,344.43,1.75
BPCL.NS,2026-01-12,347.28,348.91,0.467
BPCL.NS,2026-01-13,346.36,345.36,0.29
BPCL.NS,2026-01-14,348.1,347.11,0.286
BPCL.NS,2026-01-15,346.05,347.11,0.305
BPCL.NS,2026-01-16,344.89,353.24,2.363
BPCL.NS,2026-01-19,345.79,351.34,1.579
BPCL.NS,2026-01-20,346.33,345.46,0.253
BPCL.NS,2026-01-21,349.55,342.29,2.12
BPCL.NS,2026-01-22,348.95,344.43,1.311
BPCL.NS,2026-01-23,349.2,339.57,2.836
BPCL.NS,2026-01-27,355.49,347.59,2.271
BPCL.NS,2026-01-28,359.62,352.41,2.046
BPCL.NS,2026-01-29,359.82,356.88,0.823
BPCL.NS,2026-01-30,360.72,354.5,1.755
BPCL.NS,2026-02-02,366.5,366.7,0.055
BPCL.NS,2026-02-03,368.18,373.45,1.411
BPCL.NS,2026-02-04,372.28,382.45,2.659
BPCL.NS,2026-02-05,372.31,382.05,2.549
BPCL.NS,2026-02-06,372.94,386.35,3.471
BPCL.NS,2026-02-09,377.31,388.3,2.83
BPCL.NS,2026-02-10,378.36,386.35,2.068
BPCL.NS,2026-02-11,381.74,387.6,1.512
BPCL.NS,2026-02-12,381.0,377.7,0.874
BPCL.NS,2026-02-13,380.79,374.1,1.788
BPCL.NS,2026-02-16,382.33,374.35,2.132
BPCL.NS,2026-02-17,382.32,374.95,1.966
BPCL.NS,2026-02-18,384.59,380.9,0.969
BPCL.NS,2026-02-19,382.68,367.65,4.088
BPCL.NS,2026-02-20,381.24,366.3,4.079
BPCL.NS,2026-02-23,378.7,372.1,1.774
BPCL.NS,2026-02-24,377.2,374.45,0.734
BPCL.NS,2026-02-25,377.92,381.05,0.821
BPCL.NS,2026-02-26,374.4,386.0,3.005
BPCL.NS,2026-02-27,371.29,385.4,3.661
BPCL.NS,2026-03-02,363.49,374.8,3.018
BPCL.NS,2026-03-04,359.14,356.4,0.769
BPCL.NS,2026-03-05,353.86,360.35,1.801
BPCL.NS,2026-03-06,349.04,352.75,1.052
BPCL.NS,2026-03-09,336.63,331.15,1.655
BPCL.NS,2026-03-10,332.06,325.9,1.89
BPCL.NS,2026-03-11,329.88,325.05,1.486
BPCL.NS,2026-03-12,323.68,326.35,0.818
BPCL.NS,2026-03-13,318.15,319.3,0.36
BPCL.NS,2026-03-16,305.07,304.95,0.039
BPCL.NS,2026-03-17,300.81,300.05,0.253
BPCL.NS,2026-03-18,299.22,303.7,1.475
BPCL.NS,2026-03-19,293.88,286.0,2.755
BPCL.NS,2026-03-20,289.49,287.8,0.587
BPCL.NS,2026-03-23,281.41,271.3,3.727
BPCL.NS,2026-03-24,279.28,282.25,1.052
BPCL.NS,2026-03-25,280.0,284.55,1.599
BPCL.NS,2026-03-27,275.36,282.7,2.596
BPCL.NS,2026-03-30,275.5,281.0,1.957
BPCL.NS,2026-04-01,279.52,281.25,0.615
BPCL.NS,2026-04-02,279.24,278.15,0.392
BPCL.NS,2026-04-06,286.24,278.7,2.705
BPCL.NS,2026-04-07,288.44,277.45,3.961
BPCL.NS,2026-04-08,293.17,298.1,1.654
BPCL.NS,2026-04-09,293.94,297.35,1.147
BPCL.NS,2026-04-10,295.36,299.35,1.333
BPCL.NS,2026-04-13,302.22,292.95,3.164
BPCL.NS,2026-04-15,308.16,310.45,0.738
BPCL.NS,2026-04-16,308.07,307.95,0.039
BPCL.NS,2026-04-17,308.44,312.1,1.173
BPCL.NS,2026-04-20,311.2,316.05,1.535
BPCL.NS,2026-04-21,311.46,318.05,2.072
BPCL.NS,2026-04-22,313.95,314.4,0.143
BPCL.NS,2026-04-23,312.23,309.8,0.784
BPCL.NS,2026-04-24,310.98,308.1,0.935
BPCL.NS,2026-04-27,309.28,312.65,1.078
BPCL.NS,2026-04-28,308.26,307.75,0.166
BPCL.NS,2026-04-29,309.61,303.9,1.879
BPCL.NS,2026-04-30,306.9,300.45,2.147
BPCL.NS,2026-05-01,304.82,300.45,1.454
BPCL.NS,2026-05-04,301.63,301.7,0.023
BPCL.NS,2026-05-05,300.44,298.5,0.65
BPCL.NS,2026-05-06,301.78,314.05,3.907
BPCL.NS,2026-05-07,299.19,307.6,2.734
BPCL.NS,2026-05-08,297.36,302.75,1.78
BPCL.NS,2026-05-11,295.51,294.45,0.36
BPCL.NS,2026-05-12,294.91,287.85,2.453
BPCL.NS,2026-05-13,296.87,297.1,0.077
BPCL.NS,2026-05-14,294.93,295.0,0.024
BPCL.NS,2026-05-15,293.75,284.45,3.269
BPCL.NS,2026-05-18,293.76,280.8,4.615
BPCL.NS,2026-05-19,293.7,286.45,2.531
BPCL.NS,2026-05-20,296.15,293.75,0.817
BPCL.NS,2026-05-21,294.65,296.4,0.59
BPCL.NS,2026-05-22,293.85,295.6,0.592
BPCL.NS,2026-05-25,294.65,308.25,4.412
BPCL.NS,2026-05-26,294.75,304.6,3.234
BPCL.NS,2026-05-27,297.33,307.15,3.197
BPCL.NS,2026-05-28,295.92,307.15,3.656
BPCL.NS,2026-05-29,295.19,298.1,0.976
BPCL.NS,2026-06-01,296.12,296.85,0.246
BPCL.NS,2026-06-02,296.28,294.4,0.639
BPCL.NS,2026-06-03,298.92,292.1,2.335
BPCL.NS,2026-06-04,297.6,295.15,0.83
BPCL.NS,2026-06-05,296.97,295.0,0.668
BPCL.NS,2026-06-08,298.39,285.15,4.643
BPCL.NS,2026-06-09,298.75,289.1,3.338
BPCL.NS,2026-06-10,301.63,288.0,4.733
BPCL.NS,2026-06-11,300.54,286.35,4.955
BPCL.NS,2026-06-12,300.17,302.35,0.721
BPCL.NS,2026-06-15,302.33,310.6,2.663
BPCL.NS,2026-06-16,302.91,312.1,2.945
BPCL.NS,2026-06-17,305.97,317.95,3.768
BPCL.NS,2026-06-18,305.04,316.3,3.56
BPCL.NS,2026-06-19,304.76,306.6,0.6
BPCL.NS,2026-06-22,306.89,308.6,0.554
BPCL.NS,2026-06-23,307.34,308.55,0.392
BPCL.NS,2026-06-24,310.19,315.7,1.745
BPCL.NS,2026-06-25,308.99,309.75,0.245
BPCL.NS,2026-06-26,308.38,309.75,0.442
BPCL.NS,2026-06-29,309.15,300.8,2.776
BPCL.NS,2026-06-30,309.03,303.55,1.805
BPCL.NS,2026-07-01,311.29,304.2,2.331
BPCL.NS,2026-07-02,309.46,310.45,0.319
BPCL.NS,2026-07-03,308.2,308.15,0.016
BPCL.NS,2026-07-06,306.97,308.15,0.383
BPCL.NS,2026-07-07,306.21,313.95,2.465
BPCL.NS,2026-07-08,307.84,303.55,1.413
BPCL.NS,2026-07-09,305.4,308.2,0.909
BPCL.NS,2026-07-10,303.58,309.75,1.992
BPCL.NS,2026-07-13,300.92,307.55,2.156
BPCL.NS,2026-07-14,299.78,305.35,1.824
BPCL.NS,2026-07-15,301.08,309.6,2.752
BPCL.NS,2026-07-16,298.38,312.0,4.365
BPCL.NS,2026-07-17,296.35,315.55,6.085
BPCL.NS,2026-07-20,293.36,317.6,7.632
BPCL.NS,2026-07-21,292.21,319.35,8.499
BPCL.NS,2026-07-22,293.54,314.0,6.516
BPCL.NS,2026-07-23,290.91,309.85,6.113
BPCL.NS,2026-07-24,288.97,310.15,6.829
BRITANNIA.NS,2025-07-24,5672.31,5599.62,1.298
BRITANNIA.NS,2025-07-25,5658.29,5521.64,2.475
BRITANNIA.NS,2025-07-28,5615.67,5551.74,1.151
BRITANNIA.NS,2025-07-29,5614.74,5553.22,1.108
BRITANNIA.NS,2025-07-30,5597.48,5672.66,1.325
BRITANNIA.NS,2025-07-31,5578.83,5696.35,2.063
BRITANNIA.NS,2025-08-01,5559.68,5723.0,2.854
BRITANNIA.NS,2025-08-04,5507.61,5787.0,4.828
BRITANNIA.NS,2025-08-05,5506.04,5635.5,2.297
BRITANNIA.NS,2025-08-06,5489.63,5402.5,1.613
BRITANNIA.NS,2025-08-07,5473.45,5476.5,0.056
BRITANNIA.NS,2025-08-08,5458.48,5387.0,1.327
BRITANNIA.NS,2025-08-11,5429.89,5381.5,0.899
BRITANNIA.NS,2025-08-12,5439.86,5338.0,1.908
BRITANNIA.NS,2025-08-13,5436.79,5375.5,1.14
BRITANNIA.NS,2025-08-14,5435.67,5302.5,2.511
BRITANNIA.NS,2025-08-18,5466.56,5439.0,0.507
BRITANNIA.NS,2025-08-19,5497.65,5499.0,0.025
BRITANNIA.NS,2025-08-20,5516.18,5701.0,3.242
BRITANNIA.NS,2025-08-21,5536.83,5597.5,1.084
BRITANNIA.NS,2025-08-22,5560.14,5545.5,0.264
BRITANNIA.NS,2025-08-25,5650.01,5550.5,1.793
BRITANNIA.NS,2025-08-26,5698.81,5765.5,1.157
BRITANNIA.NS,2025-08-28,5767.78,5721.0,0.818
BRITANNIA.NS,2025-08-29,5802.61,5824.0,0.367
BRITANNIA.NS,2025-09-01,5910.99,5846.5,1.103
BRITANNIA.NS,2025-09-02,5960.16,5891.5,1.165
BRITANNIA.NS,2025-09-03,5991.95,5908.0,1.421
BRITANNIA.NS,2025-09-04,6020.79,6083.0,1.023
BRITANNIA.NS,2025-09-05,6047.01,6076.0,0.477
BRITANNIA.NS,2025-09-08,6113.33,6115.5,0.035
BRITANNIA.NS,2025-09-09,6143.77,6142.5,0.021
BRITANNIA.NS,2025-09-10,6154.95,6199.0,0.711
BRITANNIA.NS,2025-09-11,6161.63,6300.5,2.204
BRITANNIA.NS,2025-09-12,6164.5,6247.0,1.321
BRITANNIA.NS,2025-09-15,6157.51,6212.0,0.877
BRITANNIA.NS,2025-09-16,6163.75,6202.5,0.625
BRITANNIA.NS,2025-09-17,6151.5,6097.5,0.886
BRITANNIA.NS,2025-09-18,6135.9,6100.5,0.58
BRITANNIA.NS,2025-09-19,6117.95,6069.5,0.798
BRITANNIA.NS,2025-09-22,6060.29,6056.5,0.063
BRITANNIA.NS,2025-09-23,6054.32,5934.0,2.028
BRITANNIA.NS,2025-09-24,6032.46,5970.5,1.038
BRITANNIA.NS,2025-09-25,6009.9,5953.5,0.947
BRITANNIA.NS,2025-09-26,5987.7,5920.5,1.135
BRITANNIA.NS,2025-09-29,5932.86,5929.0,0.065
BRITANNIA.NS,2025-09-30,5932.58,5991.0,0.975
BRITANNIA.NS,2025-10-01,5918.47,5966.5,0.805
BRITANNIA.NS,2025-10-03,5894.36,5992.5,1.638
BRITANNIA.NS,2025-10-06,5878.8,6011.0,2.199
BRITANNIA.NS,2025-10-07,5892.57,5887.0,0.095
BRITANNIA.NS,2025-10-08,5892.44,5836.0,0.967
BRITANNIA.NS,2025-10-09,5893.05,5876.0,0.29
BRITANNIA.NS,2025-10-10,5894.89,5871.5,0.398
BRITANNIA.NS,2025-10-13,5911.86,5862.0,0.851
BRITANNIA.NS,2025-10-14,5933.72,5800.5,2.297
BRITANNIA.NS,2025-10-15,5940.08,5857.5,1.41
BRITANNIA.NS,2025-10-16,5945.51,6025.5,1.328
BRITANNIA.NS,2025-10-17,5950.46,6083.0,2.179
BRITANNIA.NS,2025-10-20,5966.83,6070.0,1.7
BRITANNIA.NS,2025-10-21,5985.44,6075.0,1.474
BRITANNIA.NS,2025-10-23,5987.01,6068.0,1.335
BRITANNIA.NS,2025-10-24,5985.33,6053.0,1.118
BRITANNIA.NS,2025-10-27,5978.19,5912.0,1.12
BRITANNIA.NS,2025-10-28,5988.45,5861.0,2.175
BRITANNIA.NS,2025-10-29,5981.99,5852.5,2.213
BRITANNIA.NS,2025-10-30,5973.73,5859.5,1.949
BRITANNIA.NS,2025-10-31,5964.47,5836.5,2.193
BRITANNIA.NS,2025-11-03,5938.55,5820.5,2.028
BRITANNIA.NS,2025-11-04,5944.2,5892.5,0.877
BRITANNIA.NS,2025-11-06,5923.05,6013.5,1.504
BRITANNIA.NS,2025-11-07,5912.0,6157.5,3.987
BRITANNIA.NS,2025-11-10,5885.94,6133.5,4.036
BRITANNIA.NS,2025-11-11,5893.07,5950.5,0.965
BRITANNIA.NS,2025-11-12,5885.03,5880.0,0.086
BRITANNIA.NS,2025-11-13,5876.65,5851.5,0.43
BRITANNIA.NS,2025-11-14,5868.64,5803.5,1.122
BRITANNIA.NS,2025-11-17,5853.13,5830.5,0.388
BRITANNIA.NS,2025-11-18,5863.95,5840.0,0.41
BRITANNIA.NS,2025-11-19,5859.56,5874.5,0.254
BRITANNIA.NS,2025-11-20,5854.72,5819.0,0.614
BRITANNIA.NS,2025-11-21,5850.1,5813.0,0.638
BRITANNIA.NS,2025-11-24,5843.71,5815.5,0.485
BRITANNIA.NS,2025-11-25,5857.24,5867.0,0.166
BRITANNIA.NS,2025-11-26,5855.42,5880.5,0.426
BRITANNIA.NS,2025-11-27,5853.07,5826.5,0.456
BRITANNIA.NS,2025-11-28,5850.91,5846.0,0.084
BRITANNIA.NS,2025-12-01,5852.26,5813.5,0.667
BRITANNIA.NS,2025-12-02,5868.68,5875.5,0.116
BRITANNIA.NS,2025-12-03,5869.99,5824.5,0.781
BRITANNIA.NS,2025-12-04,5871.05,5876.5,0.093
BRITANNIA.NS,2025-12-05,5872.59,5961.0,1.483
BRITANNIA.NS,2025-12-08,5886.9,5847.5,0.674
BRITANNIA.NS,2025-12-09,5908.17,5884.0,0.411
BRITANNIA.NS,2025-12-10,5914.53,5828.5,1.476
BRITANNIA.NS,2025-12-11,5920.74,5847.0,1.261
BRITANNIA.NS,2025-12-12,5927.48,5915.5,0.203
BRITANNIA.NS,2025-12-15,5956.44,6038.0,1.351
BRITANNIA.NS,2025-12-16,5981.9,6066.0,1.386
BRITANNIA.NS,2025-12-17,5991.88,6096.0,1.708
BRITANNIA.NS,2025-12-18,6001.03,6040.5,0.653
BRITANNIA.NS,2025-12-19,6009.9,6103.0,1.525
BRITANNIA.NS,2025-12-22,6039.4,6083.0,0.717
BRITANNIA.NS,2025-12-23,6062.82,6061.0,0.03
BRITANNIA.NS,2025-12-24,6069.56,6030.0,0.656
BRITANNIA.NS,2025-12-26,6077.47,6032.5,0.745
BRITANNIA.NS,2025-12-29,6083.27,6041.5,0.691
BRITANNIA.NS,2025-12-30,6096.82,6013.0,1.394
BRITANNIA.NS,2025-12-31,6092.92,6031.0,1.027
BRITANNIA.NS,2026-01-01,6086.35,6009.5,1.279
BRITANNIA.NS,2026-01-02,6077.83,5984.5,1.56
BRITANNIA.NS,2026-01-05,6047.56,6026.5,0.349
BRITANNIA.NS,2026-01-06,6049.46,6129.5,1.306
BRITANNIA.NS,2026-01-07,6034.42,6185.0,2.435
BRITANNIA.NS,2026-01-08,6017.44,6033.5,0.266
BRITANNIA.NS,2026-01-09,5999.39,5977.5,0.366
BRITANNIA.NS,2026-01-12,5947.47,5943.5,0.067
BRITANNIA.NS,2026-01-13,5944.89,5918.0,0.454
BRITANNIA.NS,2026-01-14,5926.88,5906.5,0.345
BRITANNIA.NS,2026-01-15,5908.49,5906.5,0.034
BRITANNIA.NS,2026-01-16,5890.63,5898.5,0.133
BRITANNIA.NS,2026-01-19,5848.61,5943.5,1.597
BRITANNIA.NS,2026-01-20,5852.23,5884.0,0.54
BRITANNIA.NS,2026-01-21,5841.72,5802.5,0.676
BRITANNIA.NS,2026-01-22,5831.99,5932.0,1.686
BRITANNIA.NS,2026-01-23,5823.81,5835.0,0.192
BRITANNIA.NS,2026-01-27,5830.94,5886.0,0.935
BRITANNIA.NS,2026-01-28,5832.63,5748.5,1.464
BRITANNIA.NS,2026-01-29,5835.07,5723.0,1.958
BRITANNIA.NS,2026-01-30,5838.85,5860.5,0.369
BRITANNIA.NS,2026-02-02,5863.44,5888.5,0.426
BRITANNIA.NS,2026-02-03,5888.78,5882.0,0.115
BRITANNIA.NS,2026-02-04,5899.28,5879.0,0.345
BRITANNIA.NS,2026-02-05,5909.57,5870.5,0.666
BRITANNIA.NS,2026-02-06,5920.18,5911.0,0.155
BRITANNIA.NS,2026-02-09,5958.71,5843.0,1.98
BRITANNIA.NS,2026-02-10,5986.47,5873.5,1.923
BRITANNIA.NS,2026-02-11,5998.26,6019.0,0.345
BRITANNIA.NS,2026-02-12,6008.75,6102.0,1.528
BRITANNIA.NS,2026-02-13,6018.49,5980.5,0.635
BRITANNIA.NS,2026-02-16,6048.45,6106.0,0.943
BRITANNIA.NS,2026-02-17,6071.5,6145.5,1.204
BRITANNIA.NS,2026-02-18,6077.76,6176.0,1.591
BRITANNIA.NS,2026-02-19,6081.92,6108.5,0.435
BRITANNIA.NS,2026-02-20,6084.61,6098.5,0.228
BRITANNIA.NS,2026-02-23,6089.42,6122.5,0.54
BRITANNIA.NS,2026-02-24,6102.92,6162.5,0.967
BRITANNIA.NS,2026-02-25,6099.11,6158.0,0.956
BRITANNIA.NS,2026-02-26,6092.74,6137.0,0.721
BRITANNIA.NS,2026-02-27,6084.48,6002.5,1.366
BRITANNIA.NS,2026-03-02,6054.4,5959.0,1.601
BRITANNIA.NS,2026-03-04,6039.74,5889.5,2.551
BRITANNIA.NS,2026-03-05,6021.08,5963.0,0.974
BRITANNIA.NS,2026-03-06,6000.55,5983.0,0.293
BRITANNIA.NS,2026-03-09,5934.9,5890.0,0.762
BRITANNIA.NS,2026-03-10,5925.2,5968.0,0.717
BRITANNIA.NS,2026-03-11,5898.64,5921.5,0.386
BRITANNIA.NS,2026-03-12,5870.2,5787.0,1.438
BRITANNIA.NS,2026-03-13,5840.72,5808.5,0.555
BRITANNIA.NS,2026-03-16,5754.58,5842.0,1.496
BRITANNIA.NS,2026-03-17,5740.57,5857.5,1.996
BRITANNIA.NS,2026-03-18,5711.13,5885.0,2.954
BRITANNIA.NS,2026-03-19,5681.33,5673.5,0.138
BRITANNIA.NS,2026-03-20,5652.1,5618.5,0.598
BRITANNIA.NS,2026-03-23,5576.69,5490.0,1.579
BRITANNIA.NS,2026-03-24,5569.62,5513.5,1.018
BRITANNIA.NS,2026-03-25,5548.76,5647.0,1.74
BRITANNIA.NS,2026-03-27,5511.49,5500.0,0.209
BRITANNIA.NS,2026-03-30,5478.47,5423.0,1.023
BRITANNIA.NS,2026-04-01,5483.38,5474.0,0.171
BRITANNIA.NS,2026-04-02,5480.91,5442.0,0.715
BRITANNIA.NS,2026-04-06,5498.85,5535.0,0.653
BRITANNIA.NS,2026-04-07,5523.79,5542.0,0.329
BRITANNIA.NS,2026-04-08,5534.67,5594.5,1.069
BRITANNIA.NS,2026-04-09,5546.04,5475.0,1.298
BRITANNIA.NS,2026-04-10,5558.33,5557.5,0.015
BRITANNIA.NS,2026-04-13,5604.41,5589.0,0.276
BRITANNIA.NS,2026-04-15,5649.78,5654.5,0.083
BRITANNIA.NS,2026-04-16,5663.03,5586.0,1.379
BRITANNIA.NS,2026-04-17,5675.26,5735.5,1.05
BRITANNIA.NS,2026-04-20,5709.94,5700.0,0.174
BRITANNIA.NS,2026-04-21,5733.37,5837.5,1.784
BRITANNIA.NS,2026-04-22,5739.3,5729.5,0.171
BRITANNIA.NS,2026-04-23,5742.41,5671.5,1.25
BRITANNIA.NS,2026-04-24,5743.32,5730.5,0.224
BRITANNIA.NS,2026-04-27,5738.68,5717.5,0.37
BRITANNIA.NS,2026-04-28,5747.88,5662.0,1.517
BRITANNIA.NS,2026-04-29,5739.33,5709.0,0.531
BRITANNIA.NS,2026-04-30,5727.93,5726.0,0.034
BRITANNIA.NS,2026-05-01,5714.44,5726.0,0.202
BRITANNIA.NS,2026-05-04,5669.06,5792.5,2.131
BRITANNIA.NS,2026-05-05,5665.95,5834.5,2.889
BRITANNIA.NS,2026-05-06,5645.92,5783.0,2.37
BRITANNIA.NS,2026-05-07,5623.94,5814.0,3.269
BRITANNIA.NS,2026-05-08,5600.86,5520.0,1.465
BRITANNIA.NS,2026-05-11,5532.95,5410.5,2.263
BRITANNIA.NS,2026-05-12,5524.48,5334.0,3.571
BRITANNIA.NS,2026-05-13,5500.14,5336.0,3.076
BRITANNIA.NS,2026-05-14,5474.88,5372.5,1.906
BRITANNIA.NS,2026-05-15,5449.52,5406.0,0.805
BRITANNIA.NS,2026-05-18,5380.28,5380.5,0.004
BRITANNIA.NS,2026-05-19,5373.01,5416.5,0.803
BRITANNIA.NS,2026-05-20,5350.63,5344.5,0.115
BRITANNIA.NS,2026-05-21,5328.0,5333.0,0.094
BRITANNIA.NS,2026-05-22,5305.9,5331.5,0.48
BRITANNIA.NS,2026-05-25,5249.73,5327.0,1.451
BRITANNIA.NS,2026-05-26,5247.77,5338.0,1.69
BRITANNIA.NS,2026-05-27,5231.09,5335.5,1.957
BRITANNIA.NS,2026-05-28,5214.56,5335.5,2.267
BRITANNIA.NS,2026-05-29,5198.9,5204.5,0.108
BRITANNIA.NS,2026-06-01,5163.84,5157.5,0.123
BRITANNIA.NS,2026-06-02,5169.42,5117.0,1.024
BRITANNIA.NS,2026-06-03,5160.5,5064.0,1.906
BRITANNIA.NS,2026-06-04,5151.9,5090.0,1.216
BRITANNIA.NS,2026-06-05,5144.3,5120.5,0.465
BRITANNIA.NS,2026-06-08,5133.9,5078.5,1.091
BRITANNIA.NS,2026-06-09,5147.71,5107.5,0.787
BRITANNIA.NS,2026-06-10,5146.94,5171.0,0.465
BRITANNIA.NS,2026-06-11,5146.35,5113.0,0.652
BRITANNIA.NS,2026-06-12,5146.58,5165.5,0.366
BRITANNIA.NS,2026-06-15,5157.99,5199.5,0.798
BRITANNIA.NS,2026-06-16,5178.34,5217.5,0.751
BRITANNIA.NS,2026-06-17,5183.64,5232.0,0.924
BRITANNIA.NS,2026-06-18,5188.63,5245.0,1.075
BRITANNIA.NS,2026-06-19,5193.91,5195.0,0.021
BRITANNIA.NS,2026-06-22,5216.99,5217.5,0.01
BRITANNIA.NS,2026-06-23,5240.01,5241.0,0.019
BRITANNIA.NS,2026-06-24,5247.37,5262.5,0.288
BRITANNIA.NS,2026-06-25,5253.82,5237.0,0.321
BRITANNIA.NS,2026-06-26,5259.97,5237.0,0.439
BRITANNIA.NS,2026-06-29,5282.39,5102.0,3.536
BRITANNIA.NS,2026-06-30,5304.21,5146.5,3.064
BRITANNIA.NS,2026-07-01,5309.95,5262.0,0.911
BRITANNIA.NS,2026-07-02,5314.4,5374.0,1.109
BRITANNIA.NS,2026-07-03,5318.2,5379.0,1.13
BRITANNIA.NS,2026-07-06,5331.9,5454.5,2.248
BRITANNIA.NS,2026-07-07,5350.36,5447.0,1.774
BRITANNIA.NS,2026-07-08,5352.56,5315.5,0.697
BRITANNIA.NS,2026-07-09,5353.27,5361.5,0.154
BRITANNIA.NS,2026-07-10,5353.18,5353.0,0.003
BRITANNIA.NS,2026-07-13,5354.11,5348.5,0.105
BRITANNIA.NS,2026-07-14,5367.92,5283.5,1.598
BRITANNIA.NS,2026-07-15,5365.24,5315.5,0.936
BRITANNIA.NS,2026-07-16,5360.85,5310.5,0.948
BRITANNIA.NS,2026-07-17,5355.37,5412.5,1.056
BRITANNIA.NS,2026-07-20,5338.48,5470.0,2.404
BRITANNIA.NS,2026-07-21,5345.77,5482.0,2.485
BRITANNIA.NS,2026-07-22,5336.31,5485.5,2.72
BRITANNIA.NS,2026-07-23,5324.89,5388.0,1.171
CIPLA.NS,2025-07-24,1485.13,1474.07,0.75
CIPLA.NS,2025-07-25,1484.93,1518.26,2.195
CIPLA.NS,2025-07-28,1492.96,1557.39,4.137
CIPLA.NS,2025-07-29,1491.42,1559.37,4.358
CIPLA.NS,2025-07-30,1494.33,1544.91,3.274
CIPLA.NS,2025-07-31,1503.17,1540.15,2.401
CIPLA.NS,2025-08-01,1503.92,1488.83,1.013
CIPLA.NS,2025-08-04,1513.25,1501.02,0.815
CIPLA.NS,2025-08-05,1511.63,1485.86,1.734
CIPLA.NS,2025-08-06,1514.22,1472.88,2.807
CIPLA.NS,2025-08-07,1522.52,1477.14,3.072
CIPLA.NS,2025-08-08,1522.54,1471.99,3.434
CIPLA.NS,2025-08-11,1529.01,1490.81,2.562
CIPLA.NS,2025-08-12,1526.35,1507.46,1.253
CIPLA.NS,2025-08-13,1527.93,1546.49,1.2
CIPLA.NS,2025-08-14,1535.3,1549.46,0.914
CIPLA.NS,2025-08-18,1539.43,1550.65,0.724
CIPLA.NS,2025-08-19,1536.63,1534.5,0.139
CIPLA.NS,2025-08-20,1538.25,1531.73,0.426
CIPLA.NS,2025-08-21,1545.85,1578.0,2.037
CIPLA.NS,2025-08-22,1545.44,1578.0,2.063
CIPLA.NS,2025-08-25,1552.24,1586.32,2.148
CIPLA.NS,2025-08-26,1550.14,1565.12,0.957
CIPLA.NS,2025-08-28,1560.59,1565.61,0.321
CIPLA.NS,2025-08-29,1560.61,1574.63,0.89
CIPLA.NS,2025-09-01,1567.23,1572.45,0.332
CIPLA.NS,2025-09-02,1564.45,1554.62,0.633
CIPLA.NS,2025-09-03,1565.69,1563.73,0.125
CIPLA.NS,2025-09-04,1572.42,1563.14,0.594
CIPLA.NS,2025-09-05,1570.6,1538.96,2.056
CIPLA.NS,2025-09-08,1569.48,1526.88,2.79
CIPLA.NS,2025-09-09,1563.46,1537.18,1.71
CIPLA.NS,2025-09-10,1561.22,1549.27,0.772
CIPLA.NS,2025-09-11,1564.29,1546.29,1.164
CIPLA.NS,2025-09-12,1558.7,1559.97,0.081
CIPLA.NS,2025-09-15,1546.47,1533.91,0.819
CIPLA.NS,2025-09-16,1537.12,1544.51,0.478
CIPLA.NS,2025-09-17,1531.88,1545.1,0.856
CIPLA.NS,2025-09-18,1532.36,1563.53,1.994
CIPLA.NS,2025-09-19,1524.7,1561.15,2.335
CIPLA.NS,2025-09-22,1509.88,1527.87,1.177
CIPLA.NS,2025-09-23,1501.03,1512.91,0.785
CIPLA.NS,2025-09-24,1497.03,1523.71,1.751
CIPLA.NS,2025-09-25,1499.47,1495.67,0.254
CIPLA.NS,2025-09-26,1494.46,1485.46,0.606
CIPLA.NS,2025-09-29,1491.39,1474.17,1.168
CIPLA.NS,2025-09-30,1487.5,1489.33,0.123
CIPLA.NS,2025-10-01,1488.8,1498.94,0.676
CIPLA.NS,2025-10-03,1497.51,1503.59,0.405
CIPLA.NS,2025-10-06,1511.17,1499.04,0.809
CIPLA.NS,2025-10-07,1512.3,1499.23,0.871
CIPLA.NS,2025-10-08,1518.17,1480.71,2.53
CIPLA.NS,2025-10-09,1530.17,1499.04,2.077
CIPLA.NS,2025-10-10,1534.19,1547.28,0.846
CIPLA.NS,2025-10-13,1553.12,1549.07,0.262
CIPLA.NS,2025-10-14,1554.3,1537.87,1.068
CIPLA.NS,2025-10-15,1559.32,1544.21,0.978
CIPLA.NS,2025-10-16,1569.61,1554.81,0.952
CIPLA.NS,2025-10-17,1571.09,1562.94,0.522
CIPLA.NS,2025-10-20,1578.04,1623.87,2.822
CIPLA.NS,2025-10-21,1574.07,1648.14,4.494
CIPLA.NS,2025-10-23,1578.03,1629.81,3.177
CIPLA.NS,2025-10-24,1573.55,1569.67,0.247
CIPLA.NS,2025-10-27,1563.06,1569.28,0.396
CIPLA.NS,2025-10-28,1553.85,1553.53,0.021
CIPLA.NS,2025-10-29,1548.56,1566.4,1.139
CIPLA.NS,2025-10-30,1548.85,1525.79,1.512
CIPLA.NS,2025-10-31,1540.83,1487.35,3.596
CIPLA.NS,2025-11-03,1524.23,1497.45,1.788
CIPLA.NS,2025-11-04,1514.57,1489.33,1.695
CIPLA.NS,2025-11-06,1511.01,1487.54,1.577
CIPLA.NS,2025-11-07,1504.8,1491.71,0.878
CIPLA.NS,2025-11-10,1497.15,1497.45,0.02
CIPLA.NS,2025-11-11,1491.33,1500.82,0.632
CIPLA.NS,2025-11-12,1490.48,1505.18,0.977
CIPLA.NS,2025-11-13,1496.1,1511.62,1.027
CIPLA.NS,2025-11-14,1494.16,1517.86,1.561
CIPLA.NS,2025-11-17,1498.34,1521.33,1.511
CIPLA.NS,2025-11-18,1495.82,1500.42,0.307
CIPLA.NS,2025-11-19,1497.81,1512.61,0.978
CIPLA.NS,2025-11-20,1505.75,1514.99,0.61
CIPLA.NS,2025-11-21,1505.55,1497.75,0.521
CIPLA.NS,2025-11-24,1511.39,1490.02,1.434
CIPLA.NS,2025-11-25,1508.25,1493.49,0.988
CIPLA.NS,2025-11-26,1509.09,1509.64,0.036
CIPLA.NS,2025-11-27,1515.39,1511.02,0.289
CIPLA.NS,2025-11-28,1513.16,1517.07,0.258
CIPLA.NS,2025-12-01,1511.28,1508.94,0.155
CIPLA.NS,2025-12-02,1505.33,1502.5,0.188
CIPLA.NS,2025-12-03,1503.41,1493.98,0.631
CIPLA.NS,2025-12-04,1507.09,1506.86,0.015
CIPLA.NS,2025-12-05,1502.45,1506.67,0.28
CIPLA.NS,2025-12-08,1495.42,1483.68,0.791
CIPLA.NS,2025-12-09,1488.64,1476.75,0.805
CIPLA.NS,2025-12-10,1486.37,1477.04,0.631
CIPLA.NS,2025-12-11,1490.22,1498.24,0.536
CIPLA.NS,2025-12-12,1486.24,1503.3,1.135
CIPLA.NS,2025-12-15,1483.9,1493.98,0.675
CIPLA.NS,2025-12-16,1479.4,1485.66,0.422
CIPLA.NS,2025-12-17,1479.67,1482.99,0.224
CIPLA.NS,2025-12-18,1486.2,1484.97,0.083
CIPLA.NS,2025-12-19,1484.99,1503.0,1.198
CIPLA.NS,2025-12-22,1490.36,1498.84,0.566
CIPLA.NS,2025-12-23,1487.93,1486.75,0.079
CIPLA.NS,2025-12-24,1489.87,1482.39,0.504
CIPLA.NS,2025-12-26,1497.03,1492.0,0.337
CIPLA.NS,2025-12-29,1500.71,1480.11,1.391
CIPLA.NS,2025-12-30,1496.43,1478.63,1.204
CIPLA.NS,2025-12-31,1495.88,1497.25,0.092
CIPLA.NS,2026-01-01,1500.51,1486.95,0.912
CIPLA.NS,2026-01-02,1496.3,1497.55,0.084
CIPLA.NS,2026-01-05,1486.31,1505.67,1.286
CIPLA.NS,2026-01-06,1476.85,1516.57,2.619
CIPLA.NS,2026-01-07,1470.97,1454.26,1.149
CIPLA.NS,2026-01-08,1470.24,1447.02,1.604
CIPLA.NS,2026-01-09,1460.73,1452.08,0.596
CIPLA.NS,2026-01-12,1436.29,1451.58,1.053
CIPLA.NS,2026-01-13,1422.82,1434.84,0.838
CIPLA.NS,2026-01-14,1413.48,1421.17,0.541
CIPLA.NS,2026-01-15,1409.89,1421.17,0.794
CIPLA.NS,2026-01-16,1398.19,1384.51,0.988
CIPLA.NS,2026-01-19,1371.47,1379.36,0.572
CIPLA.NS,2026-01-20,1358.7,1365.59,0.504
CIPLA.NS,2026-01-21,1350.77,1356.87,0.45
CIPLA.NS,2026-01-22,1349.26,1357.66,0.619
CIPLA.NS,2026-01-23,1340.25,1302.78,2.876
CIPLA.NS,2026-01-27,1316.4,1300.8,1.2
CIPLA.NS,2026-01-28,1313.18,1316.05,0.218
CIPLA.NS,2026-01-29,1316.53,1308.62,0.604
CIPLA.NS,2026-01-30,1312.44,1311.69,0.057
CIPLA.NS,2026-02-02,1311.13,1299.41,0.902
CIPLA.NS,2026-02-03,1307.18,1310.51,0.254
CIPLA.NS,2026-02-04,1307.99,1314.37,0.485
CIPLA.NS,2026-02-05,1315.0,1320.91,0.447
CIPLA.NS,2026-02-06,1314.18,1317.64,0.262
CIPLA.NS,2026-02-09,1320.07,1330.02,0.748
CIPLA.NS,2026-02-10,1317.64,1329.63,0.901
CIPLA.NS,2026-02-11,1319.53,1337.35,1.333
CIPLA.NS,2026-02-12,1327.23,1317.64,0.728
CIPLA.NS,2026-02-13,1326.72,1319.12,0.576
CIPLA.NS,2026-02-16,1331.63,1343.79,0.905
CIPLA.NS,2026-02-17,1328.37,1331.41,0.228
CIPLA.NS,2026-02-18,1329.25,1337.25,0.599
CIPLA.NS,2026-02-19,1335.79,1316.55,1.461
CIPLA.NS,2026-02-20,1334.01,1328.64,0.405
CIPLA.NS,2026-02-23,1334.78,1314.17,1.568
CIPLA.NS,2026-02-24,1330.09,1314.37,1.196
CIPLA.NS,2026-02-25,1329.54,1333.59,0.304
CIPLA.NS,2026-02-26,1334.66,1345.48,0.804
CIPLA.NS,2026-02-27,1331.47,1335.67,0.314
CIPLA.NS,2026-03-02,1327.96,1339.04,0.827
CIPLA.NS,2026-03-04,1319.75,1300.99,1.442
CIPLA.NS,2026-03-05,1323.31,1314.07,0.703
CIPLA.NS,2026-03-06,1318.49,1308.92,0.731
CIPLA.NS,2026-03-09,1309.62,1312.69,0.233
CIPLA.NS,2026-03-10,1301.52,1321.11,1.483
CIPLA.NS,2026-03-11,1297.45,1317.14,1.495
CIPLA.NS,2026-03-12,1298.93,1311.99,0.996
CIPLA.NS,2026-03-13,1292.0,1302.48,0.805
CIPLA.NS,2026-03-16,1276.87,1287.92,0.858
CIPLA.NS,2026-03-17,1266.82,1269.99,0.249
CIPLA.NS,2026-03-18,1260.94,1256.71,0.337
CIPLA.NS,2026-03-19,1260.78,1227.68,2.696
CIPLA.NS,2026-03-20,1252.44,1244.72,0.62
CIPLA.NS,2026-03-23,1234.8,1210.44,2.012
CIPLA.NS,2026-03-24,1224.61,1208.07,1.369
CIPLA.NS,2026-03-25,1218.99,1232.83,1.123
CIPLA.NS,2026-03-27,1212.27,1230.75,1.502
CIPLA.NS,2026-03-30,1200.53,1212.82,1.013
CIPLA.NS,2026-04-01,1190.63,1184.78,0.493
CIPLA.NS,2026-04-02,1194.62,1181.32,1.126
CIPLA.NS,2026-04-06,1191.79,1189.74,0.172
CIPLA.NS,2026-04-07,1188.72,1191.22,0.21
CIPLA.NS,2026-04-08,1190.57,1204.6,1.165
CIPLA.NS,2026-04-09,1198.83,1213.02,1.17
CIPLA.NS,2026-04-10,1199.5,1218.07,1.525
CIPLA.NS,2026-04-13,1211.45,1199.84,0.967
CIPLA.NS,2026-04-15,1216.36,1215.6,0.063
CIPLA.NS,2026-04-16,1227.19,1219.06,0.667
CIPLA.NS,2026-04-17,1230.08,1229.27,0.066
CIPLA.NS,2026-04-20,1246.63,1218.07,2.344
CIPLA.NS,2026-04-21,1247.68,1221.04,2.181
CIPLA.NS,2026-04-22,1253.05,1224.81,2.306
CIPLA.NS,2026-04-23,1264.26,1293.76,2.28
CIPLA.NS,2026-04-24,1267.31,1282.96,1.22
CIPLA.NS,2026-04-27,1283.48,1304.96,1.646
CIPLA.NS,2026-04-28,1284.24,1294.36,0.782
CIPLA.NS,2026-04-29,1289.31,1305.35,1.229
CIPLA.NS,2026-04-30,1300.22,1297.43,0.215
CIPLA.NS,2026-05-01,1303.0,1297.43,0.429
CIPLA.NS,2026-05-04,1318.74,1322.59,0.291
CIPLA.NS,2026-05-05,1319.49,1321.3,0.137
CIPLA.NS,2026-05-06,1324.6,1351.72,2.006
CIPLA.NS,2026-05-07,1335.6,1349.64,1.04
CIPLA.NS,2026-05-08,1338.49,1334.48,0.3
CIPLA.NS,2026-05-11,1354.38,1292.77,4.766
CIPLA.NS,2026-05-12,1355.0,1280.29,5.835
CIPLA.NS,2026-05-13,1359.85,1315.26,3.39
CIPLA.NS,2026-05-14,1370.4,1423.35,3.72
CIPLA.NS,2026-05-15,1372.64,1418.79,3.253
CIPLA.NS,2026-05-18,1385.04,1412.94,1.975
CIPLA.NS,2026-05-19,1383.95,1396.7,0.913
CIPLA.NS,2026-05-20,1386.8,1386.49,0.022
CIPLA.NS,2026-05-21,1395.08,1388.87,0.447
CIPLA.NS,2026-05-22,1394.78,1386.2,0.619
CIPLA.NS,2026-05-25,1398.37,1400.76,0.171
CIPLA.NS,2026-05-26,1394.07,1404.33,0.73
CIPLA.NS,2026-05-27,1393.67,1405.02,0.808
CIPLA.NS,2026-05-28,1398.72,1405.02,0.448
CIPLA.NS,2026-05-29,1395.27,1387.98,0.525
CIPLA.NS,2026-06-01,1390.55,1377.38,0.956
CIPLA.NS,2026-06-02,1384.07,1366.48,1.287
CIPLA.NS,2026-06-03,1381.87,1362.42,1.428
CIPLA.NS,2026-06-04,1385.55,1385.7,0.011
CIPLA.NS,2026-06-05,1381.21,1401.3,1.434
CIPLA.NS,2026-06-08,1376.84,1387.9,0.797
CIPLA.NS,2026-06-09,1371.51,1376.5,0.363
CIPLA.NS,2026-06-10,1370.96,1377.0,0.439
CIPLA.NS,2026-06-11,1376.75,1383.3,0.474
CIPLA.NS,2026-06-12,1374.94,1389.4,1.041
CIPLA.NS,2026-06-15,1380.13,1381.3,0.085
CIPLA.NS,2026-06-16,1378.42,1373.2,0.38
CIPLA.NS,2026-06-17,1381.57,1350.8,2.278
CIPLA.NS,2026-06-18,1391.07,1355.5,2.624
CIPLA.NS,2026-06-19,1392.9,1351.8,3.04
CIPLA.NS,2026-06-22,1407.8,1415.7,0.558
CIPLA.NS,2026-06-23,1408.69,1433.1,1.703
CIPLA.NS,2026-06-24,1414.03,1437.9,1.66
CIPLA.NS,2026-06-25,1425.27,1440.1,1.03
CIPLA.NS,2026-06-26,1428.34,1440.1,0.817
CIPLA.NS,2026-06-29,1443.93,1454.1,0.699
CIPLA.NS,2026-06-30,1444.06,1465.4,1.456
CIPLA.NS,2026-07-01,1448.17,1456.7,0.586
CIPLA.NS,2026-07-02,1457.77,1456.0,0.122
CIPLA.NS,2026-07-03,1458.84,1458.2,0.044
CIPLA.NS,2026-07-06,1466.86,1472.3,0.369
CIPLA.NS,2026-07-07,1464.17,1451.8,0.852
CIPLA.NS,2026-07-08,1465.45,1431.8,2.35
CIPLA.NS,2026-07-09,1472.26,1441.3,2.148
CIPLA.NS,2026-07-10,1470.67,1439.4,2.172
CIPLA.NS,2026-07-13,1472.01,1426.7,3.176
CIPLA.NS,2026-07-14,1467.7,1438.1,2.058
CIPLA.NS,2026-07-15,1467.72,1438.0,2.067
CIPLA.NS,2026-07-16,1473.65,1429.5,3.088
CIPLA.NS,2026-07-17,1471.57,1418.7,3.727
CIPLA.NS,2026-07-20,1473.67,1441.6,2.225
CIPLA.NS,2026-07-21,1470.28,1432.5,2.637
CIPLA.NS,2026-07-22,1471.49,1415.1,3.985
CIPLA.NS,2026-07-23,1478.83,1393.0,6.162
COALINDIA.NS,2025-07-24,358.86,360.22,0.379
COALINDIA.NS,2025-07-25,357.24,355.79,0.409
COALINDIA.NS,2025-07-28,357.04,353.5,1.002
COALINDIA.NS,2025-07-29,356.79,358.45,0.463
COALINDIA.NS,2025-07-30,357.4,354.95,0.691
COALINDIA.NS,2025-07-31,357.9,351.63,1.783
COALINDIA.NS,2025-08-01,356.52,348.03,2.439
COALINDIA.NS,2025-08-04,357.17,350.09,2.023
COALINDIA.NS,2025-08-05,357.23,354.57,0.75
COALINDIA.NS,2025-08-06,358.15,357.27,0.245
COALINDIA.NS,2025-08-07,358.93,359.83,0.251
COALINDIA.NS,2025-08-08,357.83,359.98,0.596
COALINDIA.NS,2025-08-11,359.17,362.63,0.954
COALINDIA.NS,2025-08-12,359.39,365.33,1.627
COALINDIA.NS,2025-08-13,360.45,366.04,1.528
COALINDIA.NS,2025-08-14,361.34,364.48,0.861
COALINDIA.NS,2025-08-18,361.76,367.65,1.603
COALINDIA.NS,2025-08-19,362.0,365.33,0.912
COALINDIA.NS,2025-08-20,363.05,364.72,0.457
COALINDIA.NS,2025-08-21,363.95,363.37,0.159
COALINDIA.NS,2025-08-22,362.94,359.82,0.868
COALINDIA.NS,2025-08-25,364.51,365.15,0.175
COALINDIA.NS,2025-08-26,364.83,357.89,1.938
COALINDIA.NS,2025-08-28,367.04,359.67,2.049
COALINDIA.NS,2025-08-29,366.21,360.15,1.682
COALINDIA.NS,2025-09-01,368.41,363.13,1.454
COALINDIA.NS,2025-09-02,368.97,365.24,1.02
COALINDIA.NS,2025-09-03,370.39,374.57,1.115
COALINDIA.NS,2025-09-04,371.66,376.15,1.194
COALINDIA.NS,2025-09-05,371.05,377.3,1.658
COALINDIA.NS,2025-09-08,373.73,371.92,0.486
COALINDIA.NS,2025-09-09,374.37,372.79,0.424
COALINDIA.NS,2025-09-10,375.79,376.58,0.211
COALINDIA.NS,2025-09-11,377.02,377.98,0.253
COALINDIA.NS,2025-09-12,376.28,378.94,0.701
COALINDIA.NS,2025-09-15,378.17,379.32,0.304
COALINDIA.NS,2025-09-16,378.38,380.33,0.513
COALINDIA.NS,2025-09-17,379.33,384.13,1.249
COALINDIA.NS,2025-09-18,380.01,377.78,0.589
COALINDIA.NS,2025-09-19,378.67,379.08,0.109
COALINDIA.NS,2025-09-22,378.53,379.27,0.196
COALINDIA.NS,2025-09-23,378.04,378.65,0.161
COALINDIA.NS,2025-09-24,378.28,377.5,0.208
COALINDIA.NS,2025-09-25,378.27,377.16,0.294
COALINDIA.NS,2025-09-26,376.28,373.94,0.626
COALINDIA.NS,2025-09-29,374.52,373.12,0.374
COALINDIA.NS,2025-09-30,373.63,374.71,0.288
COALINDIA.NS,2025-10-01,373.56,373.32,0.065
COALINDIA.NS,2025-10-03,371.25,368.37,0.783
COALINDIA.NS,2025-10-06,369.75,366.97,0.756
COALINDIA.NS,2025-10-07,369.15,369.66,0.139
COALINDIA.NS,2025-10-08,369.46,367.17,0.625
COALINDIA.NS,2025-10-09,369.69,368.37,0.359
COALINDIA.NS,2025-10-10,368.11,369.47,0.369
COALINDIA.NS,2025-10-13,368.46,366.64,0.497
COALINDIA.NS,2025-10-14,368.52,366.06,0.672
COALINDIA.NS,2025-10-15,369.49,369.23,0.07
COALINDIA.NS,2025-10-16,370.37,372.45,0.559
COALINDIA.NS,2025-10-17,369.41,373.6,1.123
COALINDIA.NS,2025-10-20,371.31,375.33,1.072
COALINDIA.NS,2025-10-21,371.75,375.81,1.082
COALINDIA.NS,2025-10-23,374.13,377.3,0.841
COALINDIA.NS,2025-10-24,373.31,378.65,1.41
COALINDIA.NS,2025-10-27,375.13,381.2,1.591
COALINDIA.NS,2025-10-28,375.4,376.1,0.187
COALINDIA.NS,2025-10-29,376.43,367.07,2.55
COALINDIA.NS,2025-10-30,377.24,372.55,1.26
COALINDIA.NS,2025-10-31,376.07,373.46,0.699
COALINDIA.NS,2025-11-03,376.68,373.36,0.888
COALINDIA.NS,2025-11-04,376.52,372.62,1.046
COALINDIA.NS,2025-11-06,377.54,368.28,2.514
COALINDIA.NS,2025-11-07,375.99,371.09,1.319
COALINDIA.NS,2025-11-10,375.7,376.37,0.179
COALINDIA.NS,2025-11-11,375.32,377.81,0.658
COALINDIA.NS,2025-11-12,375.77,381.46,1.491
COALINDIA.NS,2025-11-13,376.05,378.2,0.569
COALINDIA.NS,2025-11-14,374.43,381.9,1.956
COALINDIA.NS,2025-11-17,374.15,382.79,2.257
COALINDIA.NS,2025-11-18,373.85,378.94,1.343
COALINDIA.NS,2025-11-19,374.38,374.1,0.074
COALINDIA.NS,2025-11-20,374.77,374.7,0.02
COALINDIA.NS,2025-11-21,373.27,373.27,0.001
COALINDIA.NS,2025-11-24,373.36,367.69,1.542
COALINDIA.NS,2025-11-25,373.17,365.22,2.176
COALINDIA.NS,2025-11-26,373.81,372.43,0.371
COALINDIA.NS,2025-11-27,374.29,373.12,0.314
COALINDIA.NS,2025-11-28,372.87,371.24,0.438
COALINDIA.NS,2025-12-01,373.17,374.7,0.407
COALINDIA.NS,2025-12-02,373.05,374.01,0.256
COALINDIA.NS,2025-12-03,373.77,370.35,0.922
COALINDIA.NS,2025-12-04,374.35,374.1,0.066
COALINDIA.NS,2025-12-05,373.04,374.99,0.521
COALINDIA.NS,2025-12-08,373.9,372.43,0.396
COALINDIA.NS,2025-12-09,374.06,374.4,0.091
COALINDIA.NS,2025-12-10,375.11,377.16,0.545
COALINDIA.NS,2025-12-11,376.08,378.99,0.768
COALINDIA.NS,2025-12-12,375.22,378.35,0.827
COALINDIA.NS,2025-12-15,377.78,379.43,0.436
COALINDIA.NS,2025-12-16,378.61,376.62,0.528
COALINDIA.NS,2025-12-17,380.37,379.73,0.169
COALINDIA.NS,2025-12-18,382.1,380.27,0.48
COALINDIA.NS,2025-12-19,382.02,380.57,0.381
COALINDIA.NS,2025-12-22,386.96,381.21,1.508
COALINDIA.NS,2025-12-23,388.56,395.18,1.674
COALINDIA.NS,2025-12-24,391.06,397.1,1.521
COALINDIA.NS,2025-12-26,394.02,396.9,0.726
COALINDIA.NS,2025-12-29,400.35,395.42,1.246
COALINDIA.NS,2025-12-30,402.22,392.81,2.396
COALINDIA.NS,2025-12-31,404.89,393.79,2.818
COALINDIA.NS,2026-01-01,407.35,395.23,3.068
COALINDIA.NS,2026-01-02,407.85,422.32,3.426
COALINDIA.NS,2026-01-05,413.37,421.87,2.016
COALINDIA.NS,2026-01-06,414.77,421.48,1.592
COALINDIA.NS,2026-01-07,416.88,426.02,2.145
COALINDIA.NS,2026-01-08,418.71,419.7,0.236
COALINDIA.NS,2026-01-09,418.51,412.89,1.361
COALINDIA.NS,2026-01-12,421.67,426.66,1.169
COALINDIA.NS,2026-01-13,422.24,423.3,0.251
COALINDIA.NS,2026-01-14,423.52,426.56,0.713
COALINDIA.NS,2026-01-15,424.53,426.56,0.476
COALINDIA.NS,2026-01-16,423.53,425.38,0.434
COALINDIA.NS,2026-01-19,424.55,424.54,0.003
COALINDIA.NS,2026-01-20,424.51,409.88,3.569
COALINDIA.NS,2026-01-21,425.24,408.65,4.06
COALINDIA.NS,2026-01-22,425.76,417.68,1.935
COALINDIA.NS,2026-01-23,424.34,412.94,2.76
COALINDIA.NS,2026-01-27,424.16,417.38,1.624
COALINDIA.NS,2026-01-28,424.71,438.26,3.091
COALINDIA.NS,2026-01-29,425.09,449.8,5.494
COALINDIA.NS,2026-01-30,423.55,435.0,2.632
COALINDIA.NS,2026-02-02,423.39,417.97,1.296
COALINDIA.NS,2026-02-03,423.07,423.8,0.172
COALINDIA.NS,2026-02-04,423.56,429.23,1.32
COALINDIA.NS,2026-02-05,423.88,426.22,0.548
COALINDIA.NS,2026-02-06,422.28,427.15,1.141
COALINDIA.NS,2026-02-09,421.94,426.07,0.969
COALINDIA.NS,2026-02-10,421.59,425.33,0.879
COALINDIA.NS,2026-02-11,422.07,417.73,1.039
COALINDIA.NS,2026-02-12,422.41,413.68,2.11
COALINDIA.NS,2026-02-13,420.87,403.61,4.275
COALINDIA.NS,2026-02-16,421.02,416.99,0.967
COALINDIA.NS,2026-02-17,420.96,416.05,1.18
COALINDIA.NS,2026-02-18,421.82,418.0,0.914
COALINDIA.NS,2026-02-19,422.61,416.15,1.552
COALINDIA.NS,2026-02-20,421.6,423.55,0.46
COALINDIA.NS,2026-02-23,423.86,426.0,0.502
COALINDIA.NS,2026-02-24,424.65,430.95,1.462
COALINDIA.NS,2026-02-25,426.41,438.6,2.779
COALINDIA.NS,2026-02-26,428.16,433.5,1.232
COALINDIA.NS,2026-02-27,428.15,430.65,0.581
COALINDIA.NS,2026-03-02,433.42,426.25,1.682
COALINDIA.NS,2026-03-04,437.82,435.15,0.614
COALINDIA.NS,2026-03-05,440.37,449.4,2.009
COALINDIA.NS,2026-03-06,441.05,440.45,0.136
COALINDIA.NS,2026-03-09,447.59,437.65,2.271
COALINDIA.NS,2026-03-10,449.42,443.55,1.323
COALINDIA.NS,2026-03-11,451.98,446.75,1.171
COALINDIA.NS,2026-03-12,454.26,470.1,3.369
COALINDIA.NS,2026-03-13,454.46,467.0,2.685
COALINDIA.NS,2026-03-16,458.46,460.3,0.4
COALINDIA.NS,2026-03-17,459.11,462.25,0.679
COALINDIA.NS,2026-03-18,460.33,455.2,1.127
COALINDIA.NS,2026-03-19,461.15,454.2,1.53
COALINDIA.NS,2026-03-20,459.8,468.15,1.784
COALINDIA.NS,2026-03-23,458.82,455.25,0.784
COALINDIA.NS,2026-03-24,457.81,442.1,3.553
COALINDIA.NS,2026-03-25,457.43,443.7,3.094
COALINDIA.NS,2026-03-27,453.97,445.05,2.004
COALINDIA.NS,2026-03-30,449.73,450.45,0.16
COALINDIA.NS,2026-04-01,447.18,449.4,0.494
COALINDIA.NS,2026-04-02,446.24,449.35,0.692
COALINDIA.NS,2026-04-06,440.69,459.55,4.104
COALINDIA.NS,2026-04-07,439.89,463.0,4.991
COALINDIA.NS,2026-04-08,440.15,449.25,2.026
COALINDIA.NS,2026-04-09,440.47,454.1,3.002
COALINDIA.NS,2026-04-10,439.12,434.1,1.156
COALINDIA.NS,2026-04-13,441.02,435.1,1.361
COALINDIA.NS,2026-04-15,443.7,435.8,1.813
COALINDIA.NS,2026-04-16,445.56,432.75,2.96
COALINDIA.NS,2026-04-17,445.66,438.75,1.575
COALINDIA.NS,2026-04-20,451.05,441.75,2.105
COALINDIA.NS,2026-04-21,452.7,443.15,2.155
COALINDIA.NS,2026-04-22,455.17,444.15,2.481
COALINDIA.NS,2026-04-23,457.44,450.65,1.507
COALINDIA.NS,2026-04-24,457.72,456.0,0.377
COALINDIA.NS,2026-04-27,462.44,452.5,2.197
COALINDIA.NS,2026-04-28,463.49,467.0,0.752
COALINDIA.NS,2026-04-29,465.19,479.9,3.065
COALINDIA.NS,2026-04-30,466.54,481.45,3.097
COALINDIA.NS,2026-05-01,465.81,481.45,3.249
COALINDIA.NS,2026-05-04,467.04,479.95,2.69
COALINDIA.NS,2026-05-05,466.88,472.6,1.21
COALINDIA.NS,2026-05-06,467.4,470.2,0.595
COALINDIA.NS,2026-05-07,467.63,466.65,0.21
COALINDIA.NS,2026-05-08,465.85,456.4,2.071
COALINDIA.NS,2026-05-11,464.61,464.45,0.034
COALINDIA.NS,2026-05-12,463.9,463.05,0.184
COALINDIA.NS,2026-05-13,464.02,462.25,0.383
COALINDIA.NS,2026-05-14,464.0,454.05,2.191
COALINDIA.NS,2026-05-15,462.11,462.2,0.019
COALINDIA.NS,2026-05-18,461.39,462.1,0.154
COALINDIA.NS,2026-05-19,461.07,456.95,0.902
COALINDIA.NS,2026-05-20,461.67,458.7,0.647
COALINDIA.NS,2026-05-21,462.19,460.2,0.432
COALINDIA.NS,2026-05-22,460.9,456.55,0.953
COALINDIA.NS,2026-05-25,461.93,458.0,0.858
COALINDIA.NS,2026-05-26,462.13,458.15,0.869
COALINDIA.NS,2026-05-27,463.17,463.05,0.026
COALINDIA.NS,2026-05-28,464.05,463.05,0.216
COALINDIA.NS,2026-05-29,463.01,457.9,1.116
COALINDIA.NS,2026-06-01,464.07,472.6,1.805
COALINDIA.NS,2026-06-02,464.03,472.15,1.72
COALINDIA.NS,2026-06-03,464.7,472.3,1.609
COALINDIA.NS,2026-06-04,465.08,481.65,3.44
COALINDIA.NS,2026-06-05,463.43,472.3,1.878
COALINDIA.NS,2026-06-08,462.15,464.9,0.592
COALINDIA.NS,2026-06-09,461.2,466.9,1.221
COALINDIA.NS,2026-06-10,460.93,451.0,2.202
COALINDIA.NS,2026-06-11,460.38,446.2,3.178
COALINDIA.NS,2026-06-12,457.81,443.5,3.227
COALINDIA.NS,2026-06-15,454.04,444.05,2.25
COALINDIA.NS,2026-06-16,452.42,450.95,0.326
COALINDIA.NS,2026-06-17,451.59,455.75,0.913
COALINDIA.NS,2026-06-18,450.58,452.0,0.314
COALINDIA.NS,2026-06-19,447.66,451.3,0.807
COALINDIA.NS,2026-06-22,443.65,449.0,1.192
COALINDIA.NS,2026-06-23,442.2,444.35,0.484
COALINDIA.NS,2026-06-24,441.65,441.75,0.023
COALINDIA.NS,2026-06-25,441.04,435.4,1.295
COALINDIA.NS,2026-06-26,438.61,435.4,0.737
COALINDIA.NS,2026-06-29,436.48,444.85,1.882
COALINDIA.NS,2026-06-30,435.74,439.05,0.754
COALINDIA.NS,2026-07-01,435.93,434.75,0.271
COALINDIA.NS,2026-07-02,436.04,438.9,0.652
COALINDIA.NS,2026-07-03,434.33,438.7,0.996
COALINDIA.NS,2026-07-06,434.12,432.35,0.409
COALINDIA.NS,2026-07-07,433.9,428.95,1.154
COALINDIA.NS,2026-07-08,434.53,429.05,1.277
COALINDIA.NS,2026-07-09,435.03,429.9,1.193
COALINDIA.NS,2026-07-10,433.61,429.3,1.004
COALINDIA.NS,2026-07-13,433.84,430.2,0.846
COALINDIA.NS,2026-07-14,433.64,430.6,0.706
COALINDIA.NS,2026-07-15,434.23,427.55,1.562
COALINDIA.NS,2026-07-16,434.63,427.35,1.704
COALINDIA.NS,2026-07-17,433.1,427.65,1.274
COALINDIA.NS,2026-07-20,432.83,429.4,0.799
COALINDIA.NS,2026-07-21,432.47,431.25,0.283
COALINDIA.NS,2026-07-22,432.91,428.4,1.053
COALINDIA.NS,2026-07-23,433.19,427.05,1.438
COALINDIA.NS,2026-07-24,431.56,427.4,0.973
DIVISLAB.NS,2025-07-24,6651.9,6561.44,1.379
DIVISLAB.NS,2025-07-25,6610.2,6589.33,0.317
DIVISLAB.NS,2025-07-28,6523.44,6556.96,0.511
DIVISLAB.NS,2025-07-29,6505.26,6649.08,2.163
DIVISLAB.NS,2025-07-30,6486.61,6622.69,2.055
DIVISLAB.NS,2025-07-31,6470.57,6568.41,1.49
DIVISLAB.NS,2025-08-01,6421.7,6335.38,1.363
DIVISLAB.NS,2025-08-04,6318.25,6462.85,2.237
DIVISLAB.NS,2025-08-05,6296.73,6382.68,1.347
DIVISLAB.NS,2025-08-06,6276.15,6108.31,2.748
DIVISLAB.NS,2025-08-07,6259.75,6106.32,2.513
DIVISLAB.NS,2025-08-08,6212.2,5890.21,5.467
DIVISLAB.NS,2025-08-11,6123.75,5967.39,2.62
DIVISLAB.NS,2025-08-12,6111.03,5936.52,2.94
DIVISLAB.NS,2025-08-13,6101.09,6075.45,0.422
DIVISLAB.NS,2025-08-14,6097.09,6107.32,0.167
DIVISLAB.NS,2025-08-18,6025.01,6139.18,1.86
DIVISLAB.NS,2025-08-19,6030.68,6054.53,0.394
DIVISLAB.NS,2025-08-20,6039.54,5980.34,0.99
DIVISLAB.NS,2025-08-21,6054.39,6003.24,0.852
DIVISLAB.NS,2025-08-22,6039.44,6126.24,1.417
DIVISLAB.NS,2025-08-25,6051.44,6222.84,2.754
DIVISLAB.NS,2025-08-26,6071.14,6165.08,1.524
DIVISLAB.NS,2025-08-28,6116.86,6106.82,0.164
DIVISLAB.NS,2025-08-29,6109.44,6106.32,0.051
DIVISLAB.NS,2025-09-01,6128.29,6067.98,0.994
DIVISLAB.NS,2025-09-02,6144.83,6095.36,0.812
DIVISLAB.NS,2025-09-03,6159.97,6138.69,0.347
DIVISLAB.NS,2025-09-04,6176.4,6108.31,1.115
DIVISLAB.NS,2025-09-05,6158.3,5984.32,2.907
DIVISLAB.NS,2025-09-08,6133.7,6002.75,2.182
DIVISLAB.NS,2025-09-09,6133.1,5977.85,2.597
DIVISLAB.NS,2025-09-10,6130.45,6006.73,2.06
DIVISLAB.NS,2025-09-11,6128.85,5990.8,2.304
DIVISLAB.NS,2025-09-12,6092.96,6001.75,1.52
DIVISLAB.NS,2025-09-15,6020.93,6032.13,0.186
DIVISLAB.NS,2025-09-16,6007.95,6074.45,1.095
DIVISLAB.NS,2025-09-17,5995.25,6026.65,0.521
DIVISLAB.NS,2025-09-18,5986.32,6086.9,1.652
DIVISLAB.NS,2025-09-19,5946.04,6174.54,3.701
DIVISLAB.NS,2025-09-22,5880.44,6067.48,3.083
DIVISLAB.NS,2025-09-23,5876.39,6026.15,2.485
DIVISLAB.NS,2025-09-24,5875.99,5959.43,1.4
DIVISLAB.NS,2025-09-25,5882.55,5872.78,0.166
DIVISLAB.NS,2025-09-26,5860.79,5666.13,3.435
DIVISLAB.NS,2025-09-29,5865.81,5674.1,3.379
DIVISLAB.NS,2025-09-30,5889.05,5666.13,3.934
DIVISLAB.NS,2025-10-01,5917.07,5686.55,4.054
DIVISLAB.NS,2025-10-03,5960.15,5841.91,2.024
DIVISLAB.NS,2025-10-06,6048.54,5802.57,4.239
DIVISLAB.NS,2025-10-07,6096.55,6079.43,0.282
DIVISLAB.NS,2025-10-08,6147.08,6095.36,0.848
DIVISLAB.NS,2025-10-09,6202.59,6106.82,1.568
DIVISLAB.NS,2025-10-10,6226.95,6447.91,3.427
DIVISLAB.NS,2025-10-13,6346.01,6529.08,2.804
DIVISLAB.NS,2025-10-14,6397.1,6534.06,2.096
DIVISLAB.NS,2025-10-15,6447.1,6546.01,1.511
DIVISLAB.NS,2025-10-16,6498.54,6573.39,1.139
DIVISLAB.NS,2025-10-17,6515.42,6594.31,1.196
DIVISLAB.NS,2025-10-20,6593.93,6576.88,0.259
DIVISLAB.NS,2025-10-21,6626.48,6559.95,1.014
DIVISLAB.NS,2025-10-23,6685.53,6538.54,2.248
DIVISLAB.NS,2025-10-24,6679.4,6565.92,1.728
DIVISLAB.NS,2025-10-27,6686.63,6463.35,3.455
DIVISLAB.NS,2025-10-28,6696.03,6412.06,4.429
DIVISLAB.NS,2025-10-29,6703.35,6485.26,3.363
DIVISLAB.NS,2025-10-30,6711.84,6627.67,1.27
DIVISLAB.NS,2025-10-31,6686.22,6710.33,0.359
DIVISLAB.NS,2025-11-03,6646.01,6776.06,1.919
DIVISLAB.NS,2025-11-04,6643.69,6776.56,1.961
DIVISLAB.NS,2025-11-06,6642.4,6855.23,3.105
DIVISLAB.NS,2025-11-07,6611.27,6629.16,0.27
DIVISLAB.NS,2025-11-10,6565.24,6664.02,1.482
DIVISLAB.NS,2025-11-11,6563.91,6512.64,0.787
DIVISLAB.NS,2025-11-12,6563.72,6493.22,1.086
DIVISLAB.NS,2025-11-13,6567.64,6566.42,0.019
DIVISLAB.NS,2025-11-14,6540.07,6484.76,0.853
DIVISLAB.NS,2025-11-17,6506.07,6491.73,0.221
DIVISLAB.NS,2025-11-18,6508.51,6446.92,0.955
DIVISLAB.NS,2025-11-19,6511.68,6427.5,1.31
DIVISLAB.NS,2025-11-20,6518.44,6435.96,1.282
DIVISLAB.NS,2025-11-21,6493.08,6346.83,2.304
DIVISLAB.NS,2025-11-24,6461.55,6332.89,2.032
DIVISLAB.NS,2025-11-25,6463.48,6385.67,1.219
DIVISLAB.NS,2025-11-26,6465.58,6483.27,0.273
DIVISLAB.NS,2025-11-27,6470.81,6463.85,0.108
DIVISLAB.NS,2025-11-28,6443.59,6450.4,0.106
DIVISLAB.NS,2025-12-01,6406.04,6396.12,0.155
DIVISLAB.NS,2025-12-02,6406.35,6391.15,0.238
DIVISLAB.NS,2025-12-03,6407.31,6428.49,0.329
DIVISLAB.NS,2025-12-04,6412.03,6442.43,0.472
DIVISLAB.NS,2025-12-05,6385.04,6446.92,0.96
DIVISLAB.NS,2025-12-08,6353.76,6302.51,0.813
DIVISLAB.NS,2025-12-09,6358.21,6268.15,1.437
DIVISLAB.NS,2025-12-10,6364.35,6268.65,1.527
DIVISLAB.NS,2025-12-11,6375.24,6403.59,0.443
DIVISLAB.NS,2025-12-12,6355.37,6400.11,0.699
DIVISLAB.NS,2025-12-15,6349.86,6321.43,0.45
DIVISLAB.NS,2025-12-16,6363.84,6309.48,0.862
DIVISLAB.NS,2025-12-17,6379.67,6267.16,1.795
DIVISLAB.NS,2025-12-18,6400.19,6353.8,0.73
DIVISLAB.NS,2025-12-19,6389.66,6451.89,0.965
DIVISLAB.NS,2025-12-22,6408.18,6484.76,1.181
DIVISLAB.NS,2025-12-23,6428.14,6449.9,0.337
DIVISLAB.NS,2025-12-24,6448.61,6469.82,0.328
DIVISLAB.NS,2025-12-26,6463.27,6401.1,0.971
DIVISLAB.NS,2025-12-29,6475.84,6364.26,1.753
DIVISLAB.NS,2025-12-30,6490.22,6334.38,2.46
DIVISLAB.NS,2025-12-31,6503.36,6366.25,2.154
DIVISLAB.NS,2026-01-01,6518.04,6317.95,3.167
DIVISLAB.NS,2026-01-02,6498.5,6366.25,2.077
DIVISLAB.NS,2026-01-05,6471.91,6337.37,2.123
DIVISLAB.NS,2026-01-06,6471.41,6615.22,2.174
DIVISLAB.NS,2026-01-07,6469.16,6615.22,2.208
DIVISLAB.NS,2026-01-08,6468.19,6573.39,1.6
DIVISLAB.NS,2026-01-09,6433.01,6589.33,2.372
DIVISLAB.NS,2026-01-12,6362.25,6458.87,1.496
DIVISLAB.NS,2026-01-13,6348.78,6410.07,0.956
DIVISLAB.NS,2026-01-14,6334.81,6329.4,0.085
DIVISLAB.NS,2026-01-15,6323.58,6329.4,0.092
DIVISLAB.NS,2026-01-16,6279.79,6210.39,1.117
DIVISLAB.NS,2026-01-19,6194.26,6114.78,1.3
DIVISLAB.NS,2026-01-20,6179.84,5988.31,3.198
DIVISLAB.NS,2026-01-21,6166.95,5985.32,3.035
DIVISLAB.NS,2026-01-22,6158.83,6046.07,1.865
DIVISLAB.NS,2026-01-23,6120.1,5986.81,2.226
DIVISLAB.NS,2026-01-27,6058.05,6031.13,0.446
DIVISLAB.NS,2026-01-28,6058.34,6162.59,1.692
DIVISLAB.NS,2026-01-29,6064.5,6016.19,0.803
DIVISLAB.NS,2026-01-30,6040.99,6026.15,0.246
DIVISLAB.NS,2026-02-02,6030.52,5928.05,1.728
DIVISLAB.NS,2026-02-03,6044.7,6183.5,2.245
DIVISLAB.NS,2026-02-04,6061.58,6029.64,0.53
DIVISLAB.NS,2026-02-05,6083.98,6116.28,0.528
DIVISLAB.NS,2026-02-06,6076.16,5999.76,1.273
DIVISLAB.NS,2026-02-09,6107.73,6088.39,0.318
DIVISLAB.NS,2026-02-10,6133.74,6150.14,0.267
DIVISLAB.NS,2026-02-11,6161.14,6360.27,3.131
DIVISLAB.NS,2026-02-12,6192.67,6159.6,0.537
DIVISLAB.NS,2026-02-13,6192.48,6143.17,0.803
DIVISLAB.NS,2026-02-16,6237.52,6124.25,1.85
DIVISLAB.NS,2026-02-17,6264.77,6162.09,1.666
DIVISLAB.NS,2026-02-18,6291.79,6257.7,0.545
DIVISLAB.NS,2026-02-19,6321.34,6271.64,0.792
DIVISLAB.NS,2026-02-20,6317.6,6265.16,0.837
DIVISLAB.NS,2026-02-23,6343.18,6267.65,1.205
DIVISLAB.NS,2026-02-24,6361.27,6229.81,2.11
DIVISLAB.NS,2026-02-25,6377.95,6369.24,0.137
DIVISLAB.NS,2026-02-26,6396.09,6447.41,0.796
DIVISLAB.NS,2026-02-27,6380.0,6382.18,0.034
DIVISLAB.NS,2026-03-02,6364.16,6377.2,0.205
DIVISLAB.NS,2026-03-04,6369.16,6290.06,1.258
DIVISLAB.NS,2026-03-05,6372.21,6338.36,0.534
DIVISLAB.NS,2026-03-06,6341.13,6303.01,0.605
DIVISLAB.NS,2026-03-09,6282.4,6304.0,0.343
DIVISLAB.NS,2026-03-10,6272.63,6345.83,1.154
DIVISLAB.NS,2026-03-11,6262.07,6326.41,1.017
DIVISLAB.NS,2026-03-12,6253.88,6256.2,0.037
DIVISLAB.NS,2026-03-13,6212.67,6046.07,2.756
DIVISLAB.NS,2026-03-16,6131.35,6046.07,1.411
DIVISLAB.NS,2026-03-17,6116.94,6061.5,0.915
DIVISLAB.NS,2026-03-18,6103.3,6114.78,0.188
DIVISLAB.NS,2026-03-19,6093.62,5947.97,2.449
DIVISLAB.NS,2026-03-20,6052.53,6074.95,0.369
DIVISLAB.NS,2026-03-23,5981.2,5988.8,0.127
DIVISLAB.NS,2026-03-24,5973.21,6001.25,0.467
DIVISLAB.NS,2026-03-25,5967.42,5989.8,0.374
DIVISLAB.NS,2026-03-27,5936.32,5972.87,0.612
DIVISLAB.NS,2026-03-30,5902.66,5922.58,0.336
DIVISLAB.NS,2026-04-01,5917.89,5882.24,0.606
DIVISLAB.NS,2026-04-02,5932.66,5832.45,1.718
DIVISLAB.NS,2026-04-06,5930.88,5797.09,2.308
DIVISLAB.NS,2026-04-07,5952.44,5825.98,2.171
DIVISLAB.NS,2026-04-08,5976.44,5857.84,2.025
DIVISLAB.NS,2026-04-09,6005.73,5928.05,1.31
DIVISLAB.NS,2026-04-10,6004.61,6091.38,1.424
DIVISLAB.NS,2026-04-13,6055.85,6045.07,0.178
DIVISLAB.NS,2026-04-15,6122.86,6152.13,0.476
DIVISLAB.NS,2026-04-16,6161.65,6267.65,1.691
DIVISLAB.NS,2026-04-17,6169.18,6203.42,0.552
DIVISLAB.NS,2026-04-20,6241.35,6254.21,0.206
DIVISLAB.NS,2026-04-21,6279.36,6260.19,0.306
DIVISLAB.NS,2026-04-22,6318.2,6259.69,0.935
DIVISLAB.NS,2026-04-23,6360.7,6352.31,0.132
DIVISLAB.NS,2026-04-24,6371.17,6335.38,0.565
DIVISLAB.NS,2026-04-27,6447.47,6450.4,0.045
DIVISLAB.NS,2026-04-28,6485.31,6406.08,1.237
DIVISLAB.NS,2026-04-29,6523.18,6507.17,0.246
DIVISLAB.NS,2026-04-30,6563.92,6475.8,1.361
DIVISLAB.NS,2026-05-04,6635.37,6592.32,0.653
DIVISLAB.NS,2026-05-05,6667.24,6623.69,0.658
DIVISLAB.NS,2026-05-06,6698.27,6674.48,0.356
DIVISLAB.NS,2026-05-07,6731.3,6674.97,0.844
DIVISLAB.NS,2026-05-08,6730.61,6682.94,0.713
DIVISLAB.NS,2026-05-11,6763.49,6686.43,1.153
DIVISLAB.NS,2026-05-12,6783.64,6616.71,2.523
DIVISLAB.NS,2026-05-13,6802.31,6768.09,0.506
DIVISLAB.NS,2026-05-14,6822.43,6893.08,1.025
DIVISLAB.NS,2026-05-15,6808.39,6732.74,1.124
DIVISLAB.NS,2026-05-18,6799.72,6806.93,0.106
DIVISLAB.NS,2026-05-19,6806.0,6883.61,1.128
DIVISLAB.NS,2026-05-20,6811.03,6864.69,0.782
DIVISLAB.NS,2026-05-21,6817.91,6829.84,0.175
DIVISLAB.NS,2026-05-22,6791.19,6858.72,0.985
DIVISLAB.NS,2026-05-25,6749.38,6728.75,0.307
DIVISLAB.NS,2026-05-26,6746.71,6725.27,0.319
DIVISLAB.NS,2026-05-27,6744.07,6769.58,0.377
DIVISLAB.NS,2026-05-28,6744.62,6769.58,0.369
DIVISLAB.NS,2026-05-29,6713.0,6639.62,1.105
DIVISLAB.NS,2026-06-01,6665.52,6526.59,2.129
DIVISLAB.NS,2026-06-02,6663.97,6506.17,2.425
DIVISLAB.NS,2026-06-03,6663.88,6549.49,1.747
DIVISLAB.NS,2026-06-04,6668.36,6569.41,1.506
DIVISLAB.NS,2026-06-05,6641.92,6595.8,0.699
DIVISLAB.NS,2026-06-08,6616.18,6494.22,1.878
DIVISLAB.NS,2026-06-09,6623.42,6725.27,1.514
DIVISLAB.NS,2026-06-10,6632.56,6611.24,0.323
DIVISLAB.NS,2026-06-11,6646.55,6628.17,0.277
DIVISLAB.NS,2026-06-12,6629.69,6610.74,0.287
DIVISLAB.NS,2026-06-15,6631.19,6581.36,0.757
DIVISLAB.NS,2026-06-16,6646.41,6684.93,0.576
DIVISLAB.NS,2026-06-17,6662.75,6636.13,0.401
DIVISLAB.NS,2026-06-18,6682.99,6739.21,0.834
DIVISLAB.NS,2026-06-19,6671.35,6715.31,0.655
DIVISLAB.NS,2026-06-22,6681.66,6759.63,1.153
DIVISLAB.NS,2026-06-23,6697.44,6719.29,0.325
DIVISLAB.NS,2026-06-24,6713.16,6725.77,0.187
DIVISLAB.NS,2026-06-25,6731.66,6685.93,0.684
DIVISLAB.NS,2026-06-26,6717.23,6685.93,0.468
DIVISLAB.NS,2026-06-29,6713.78,6530.57,2.805
DIVISLAB.NS,2026-06-30,6723.56,6551.98,2.619
DIVISLAB.NS,2026-07-01,6732.79,6518.62,3.286
DIVISLAB.NS,2026-07-02,6744.43,6655.06,1.343
DIVISLAB.NS,2026-07-03,6722.89,6729.25,0.095
DIVISLAB.NS,2026-07-06,6697.79,6829.34,1.926
DIVISLAB.NS,2026-07-07,6700.54,6743.69,0.64
DIVISLAB.NS,2026-07-08,6702.95,6727.26,0.361
DIVISLAB.NS,2026-07-09,6708.03,6785.02,1.135
DIVISLAB.NS,2026-07-10,6680.19,6807.93,1.876
DIVISLAB.NS,2026-07-13,6637.75,6910.01,3.94
DIVISLAB.NS,2026-07-14,6635.14,7158.98,7.317
DIVISLAB.NS,2026-07-15,6632.29,7243.13,8.433
DIVISLAB.NS,2026-07-16,6632.14,7285.96,8.974
DIVISLAB.NS,2026-07-17,6599.07,7217.74,8.571
DIVISLAB.NS,2026-07-20,6539.97,7287.95,10.263
DIVISLAB.NS,2026-07-21,6531.29,7299.9,10.529
DIVISLAB.NS,2026-07-22,6522.03,7356.17,11.339
DIVISLAB.NS,2026-07-23,6515.13,7275.0,10.445
DIVISLAB.NS,2026-07-24,6474.92,7248.5,10.672
DRREDDY.NS,2025-07-24,1253.41,1257.53,0.327
DRREDDY.NS,2025-07-25,1252.5,1269.85,1.366
DRREDDY.NS,2025-07-28,1246.39,1279.29,2.572
DRREDDY.NS,2025-07-29,1244.93,1291.61,3.614
DRREDDY.NS,2025-07-30,1243.28,1283.96,3.168
DRREDDY.NS,2025-07-31,1247.49,1262.3,1.173
DRREDDY.NS,2025-08-01,1247.59,1212.91,2.859
DRREDDY.NS,2025-08-04,1243.82,1217.28,2.18
DRREDDY.NS,2025-08-05,1242.87,1207.14,2.959
DRREDDY.NS,2025-08-06,1241.57,1189.16,4.407
DRREDDY.NS,2025-08-07,1245.99,1193.23,4.421
DRREDDY.NS,2025-08-08,1246.16,1203.77,3.522
DRREDDY.NS,2025-08-11,1242.07,1211.82,2.497
DRREDDY.NS,2025-08-12,1240.94,1212.61,2.336
DRREDDY.NS,2025-08-13,1239.49,1245.5,0.483
DRREDDY.NS,2025-08-14,1243.81,1252.46,0.69
DRREDDY.NS,2025-08-18,1240.83,1254.74,1.109
DRREDDY.NS,2025-08-19,1240.41,1236.36,0.328
DRREDDY.NS,2025-08-20,1239.89,1237.55,0.189
DRREDDY.NS,2025-08-21,1245.38,1268.56,1.827
DRREDDY.NS,2025-08-22,1246.95,1269.55,1.78
DRREDDY.NS,2025-08-25,1249.2,1275.81,2.086
DRREDDY.NS,2025-08-26,1250.87,1255.24,0.348
DRREDDY.NS,2025-08-28,1260.21,1251.86,0.667
DRREDDY.NS,2025-08-29,1263.94,1252.16,0.941
DRREDDY.NS,2025-09-01,1271.91,1271.83,0.006
DRREDDY.NS,2025-09-02,1275.04,1245.8,2.347
DRREDDY.NS,2025-09-03,1277.82,1254.25,1.88
DRREDDY.NS,2025-09-04,1286.28,1245.1,3.307
DRREDDY.NS,2025-09-05,1290.38,1260.11,2.402
DRREDDY.NS,2025-09-08,1296.74,1242.72,4.347
DRREDDY.NS,2025-09-09,1298.39,1283.16,1.187
DRREDDY.NS,2025-09-10,1299.26,1295.98,0.253
DRREDDY.NS,2025-09-11,1305.37,1294.89,0.809
DRREDDY.NS,2025-09-12,1306.73,1308.4,0.128
DRREDDY.NS,2025-09-15,1303.06,1292.6,0.809
DRREDDY.NS,2025-09-16,1300.99,1302.14,0.088
DRREDDY.NS,2025-09-17,1298.06,1303.14,0.39
DRREDDY.NS,2025-09-18,1300.38,1314.36,1.064
DRREDDY.NS,2025-09-19,1298.05,1313.37,1.167
DRREDDY.NS,2025-09-22,1284.63,1293.2,0.663
DRREDDY.NS,2025-09-23,1279.98,1300.15,1.552
DRREDDY.NS,2025-09-24,1274.91,1289.92,1.164
DRREDDY.NS,2025-09-25,1275.58,1267.16,0.664
DRREDDY.NS,2025-09-26,1272.1,1245.2,2.16
DRREDDY.NS,2025-09-29,1258.45,1226.82,2.578
DRREDDY.NS,2025-09-30,1254.76,1215.99,3.188
DRREDDY.NS,2025-10-01,1251.13,1236.86,1.154
DRREDDY.NS,2025-10-03,1252.42,1240.23,0.982
DRREDDY.NS,2025-10-06,1247.01,1240.73,0.506
DRREDDY.NS,2025-10-07,1246.32,1240.63,0.458
DRREDDY.NS,2025-10-08,1245.67,1226.72,1.545
DRREDDY.NS,2025-10-09,1251.08,1238.25,1.036
DRREDDY.NS,2025-10-10,1252.55,1256.43,0.309
DRREDDY.NS,2025-10-13,1253.51,1254.44,0.075
DRREDDY.NS,2025-10-14,1254.17,1229.5,2.006
DRREDDY.NS,2025-10-15,1254.42,1224.63,2.432
DRREDDY.NS,2025-10-16,1260.27,1232.38,2.263
DRREDDY.NS,2025-10-17,1261.68,1247.99,1.097
DRREDDY.NS,2025-10-20,1259.74,1273.92,1.113
DRREDDY.NS,2025-10-21,1258.62,1280.58,1.715
DRREDDY.NS,2025-10-23,1260.26,1271.34,0.871
DRREDDY.NS,2025-10-24,1259.13,1275.51,1.284
DRREDDY.NS,2025-10-27,1249.2,1276.21,2.116
DRREDDY.NS,2025-10-28,1245.57,1281.27,2.787
DRREDDY.NS,2025-10-29,1241.42,1243.02,0.128
DRREDDY.NS,2025-10-30,1242.87,1194.62,4.039
DRREDDY.NS,2025-10-31,1240.04,1190.05,4.2
DRREDDY.NS,2025-11-03,1227.51,1188.46,3.285
DRREDDY.NS,2025-11-04,1223.95,1192.44,2.643
DRREDDY.NS,2025-11-06,1222.83,1197.61,2.106
DRREDDY.NS,2025-11-07,1221.49,1197.8,1.977
DRREDDY.NS,2025-11-10,1215.79,1191.15,2.069
DRREDDY.NS,2025-11-11,1215.12,1203.87,0.935
DRREDDY.NS,2025-11-12,1214.62,1221.85,0.592
DRREDDY.NS,2025-11-13,1220.32,1227.12,0.554
DRREDDY.NS,2025-11-14,1222.26,1238.15,1.283
DRREDDY.NS,2025-11-17,1226.0,1236.56,0.854
DRREDDY.NS,2025-11-18,1228.11,1235.96,0.635
DRREDDY.NS,2025-11-19,1230.1,1242.32,0.984
DRREDDY.NS,2025-11-20,1237.98,1240.73,0.222
DRREDDY.NS,2025-11-21,1241.73,1236.06,0.459
DRREDDY.NS,2025-11-24,1248.47,1218.47,2.462
DRREDDY.NS,2025-11-25,1250.77,1228.31,1.828
DRREDDY.NS,2025-11-26,1252.56,1240.14,1.002
DRREDDY.NS,2025-11-27,1259.87,1241.43,1.486
DRREDDY.NS,2025-11-28,1262.73,1250.87,0.948
DRREDDY.NS,2025-12-01,1265.33,1252.16,1.052
DRREDDY.NS,2025-12-02,1265.93,1267.16,0.097
DRREDDY.NS,2025-12-03,1265.95,1272.63,0.525
DRREDDY.NS,2025-12-04,1271.5,1269.55,0.154
DRREDDY.NS,2025-12-05,1272.63,1267.16,0.431
DRREDDY.NS,2025-12-08,1270.76,1258.52,0.973
DRREDDY.NS,2025-12-09,1270.22,1238.35,2.574
DRREDDY.NS,2025-12-10,1269.31,1242.92,2.123
DRREDDY.NS,2025-12-11,1274.13,1265.47,0.684
DRREDDY.NS,2025-12-12,1274.75,1271.24,0.276
DRREDDY.NS,2025-12-15,1272.42,1272.53,0.009
DRREDDY.NS,2025-12-16,1271.99,1268.85,0.247
DRREDDY.NS,2025-12-17,1271.26,1263.98,0.576
DRREDDY.NS,2025-12-18,1276.27,1271.93,0.341
DRREDDY.NS,2025-12-19,1277.05,1270.15,0.544
DRREDDY.NS,2025-12-22,1274.53,1275.31,0.061
DRREDDY.NS,2025-12-23,1273.66,1275.41,0.137
DRREDDY.NS,2025-12-24,1272.24,1257.82,1.146
DRREDDY.NS,2025-12-26,1275.83,1261.3,1.152
DRREDDY.NS,2025-12-29,1267.84,1260.61,0.574
DRREDDY.NS,2025-12-30,1264.62,1257.82,0.54
DRREDDY.NS,2025-12-31,1260.64,1263.39,0.218
DRREDDY.NS,2026-01-01,1261.98,1245.5,1.323
DRREDDY.NS,2026-01-02,1258.68,1248.18,0.841
DRREDDY.NS,2026-01-05,1242.2,1242.12,0.006
DRREDDY.NS,2026-01-06,1236.38,1248.28,0.954
DRREDDY.NS,2026-01-07,1230.05,1234.97,0.398
DRREDDY.NS,2026-01-08,1229.34,1199.29,2.505
DRREDDY.NS,2026-01-09,1224.38,1202.47,1.822
DRREDDY.NS,2026-01-12,1205.73,1207.84,0.175
DRREDDY.NS,2026-01-13,1200.28,1183.79,1.393
DRREDDY.NS,2026-01-14,1194.89,1179.02,1.346
DRREDDY.NS,2026-01-15,1195.71,1179.02,1.415
DRREDDY.NS,2026-01-16,1192.85,1168.09,2.119
DRREDDY.NS,2026-01-19,1183.71,1159.84,2.058
DRREDDY.NS,2026-01-20,1182.32,1159.35,1.981
DRREDDY.NS,2026-01-21,1181.35,1149.91,2.734
DRREDDY.NS,2026-01-22,1186.84,1209.83,1.9
DRREDDY.NS,2026-01-23,1188.84,1227.81,3.174
DRREDDY.NS,2026-01-27,1197.72,1231.99,2.781
DRREDDY.NS,2026-01-28,1201.13,1214.8,1.125
DRREDDY.NS,2026-01-29,1210.67,1201.28,0.782
DRREDDY.NS,2026-01-30,1216.31,1210.42,0.486
DRREDDY.NS,2026-02-02,1229.76,1175.05,4.656
DRREDDY.NS,2026-02-03,1234.54,1227.61,0.564
DRREDDY.NS,2026-02-04,1238.86,1232.38,0.525
DRREDDY.NS,2026-02-05,1248.74,1237.06,0.945
DRREDDY.NS,2026-02-06,1254.15,1233.38,1.684
DRREDDY.NS,2026-02-09,1264.02,1267.46,0.272
DRREDDY.NS,2026-02-10,1266.81,1248.09,1.5
DRREDDY.NS,2026-02-11,1268.87,1262.3,0.521
DRREDDY.NS,2026-02-12,1276.28,1266.87,0.743
DRREDDY.NS,2026-02-13,1279.09,1260.11,1.506
DRREDDY.NS,2026-02-16,1281.19,1261.4,1.569
DRREDDY.NS,2026-02-17,1281.63,1276.7,0.386
DRREDDY.NS,2026-02-18,1281.57,1272.23,0.734
DRREDDY.NS,2026-02-19,1287.13,1274.22,1.013
DRREDDY.NS,2026-02-20,1288.4,1272.33,1.263
DRREDDY.NS,2026-02-23,1287.87,1299.16,0.869
DRREDDY.NS,2026-02-24,1288.11,1292.01,0.302
DRREDDY.NS,2026-02-25,1288.14,1298.27,0.78
DRREDDY.NS,2026-02-26,1294.04,1310.99,1.293
DRREDDY.NS,2026-02-27,1295.87,1278.19,1.383
DRREDDY.NS,2026-03-02,1297.69,1286.24,0.89
DRREDDY.NS,2026-03-04,1299.4,1283.06,1.273
DRREDDY.NS,2026-03-05,1305.8,1305.22,0.044
DRREDDY.NS,2026-03-06,1307.87,1295.58,0.948
DRREDDY.NS,2026-03-09,1308.46,1278.89,2.312
DRREDDY.NS,2026-03-10,1308.29,1306.32,0.151
DRREDDY.NS,2026-03-11,1307.38,1317.15,0.742
DRREDDY.NS,2026-03-12,1311.74,1310.69,0.08
DRREDDY.NS,2026-03-13,1311.37,1284.16,2.119
DRREDDY.NS,2026-03-16,1302.54,1268.85,2.655
DRREDDY.NS,2026-03-17,1298.71,1275.71,1.803
DRREDDY.NS,2026-03-18,1293.97,1286.64,0.57
DRREDDY.NS,2026-03-19,1294.45,1266.47,2.209
DRREDDY.NS,2026-03-20,1290.21,1290.71,0.039
DRREDDY.NS,2026-03-23,1270.73,1245.4,2.034
DRREDDY.NS,2026-03-24,1263.96,1251.66,0.983
DRREDDY.NS,2026-03-25,1256.74,1292.5,2.767
DRREDDY.NS,2026-03-27,1249.59,1273.62,1.887
DRREDDY.NS,2026-03-30,1229.71,1246.99,1.386
DRREDDY.NS,2026-04-01,1218.79,1201.98,1.399
DRREDDY.NS,2026-04-02,1219.79,1209.63,0.84
DRREDDY.NS,2026-04-06,1209.67,1210.13,0.038
DRREDDY.NS,2026-04-07,1208.96,1188.56,1.716
DRREDDY.NS,2026-04-08,1208.69,1183.89,2.095
DRREDDY.NS,2026-04-09,1214.9,1204.26,0.883
DRREDDY.NS,2026-04-10,1217.6,1224.43,0.558
DRREDDY.NS,2026-04-13,1225.04,1228.11,0.25
DRREDDY.NS,2026-04-15,1232.58,1210.13,1.856
DRREDDY.NS,2026-04-16,1242.39,1213.7,2.364
DRREDDY.NS,2026-04-17,1248.19,1227.91,1.651
DRREDDY.NS,2026-04-20,1261.52,1224.83,2.995
DRREDDY.NS,2026-04-21,1266.08,1212.91,4.384
DRREDDY.NS,2026-04-22,1270.11,1209.33,5.026
DRREDDY.NS,2026-04-23,1279.63,1322.61,3.25
DRREDDY.NS,2026-04-24,1284.64,1308.8,1.846
DRREDDY.NS,2026-04-27,1293.14,1326.09,2.485
DRREDDY.NS,2026-04-28,1295.48,1346.06,3.758
DRREDDY.NS,2026-04-29,1297.1,1321.42,1.84
DRREDDY.NS,2026-04-30,1304.09,1314.56,0.797
DRREDDY.NS,2026-05-01,1306.5,1314.56,0.613
DRREDDY.NS,2026-05-04,1307.52,1279.09,2.223
DRREDDY.NS,2026-05-05,1307.62,1263.19,3.517
DRREDDY.NS,2026-05-06,1307.2,1302.74,0.342
DRREDDY.NS,2026-05-07,1312.36,1299.36,1.001
DRREDDY.NS,2026-05-08,1313.19,1285.75,2.134
DRREDDY.NS,2026-05-11,1310.84,1271.83,3.067
DRREDDY.NS,2026-05-12,1310.23,1262.0,3.822
DRREDDY.NS,2026-05-13,1309.27,1257.33,4.131
DRREDDY.NS,2026-05-14,1314.03,1295.39,1.439
DRREDDY.NS,2026-05-15,1314.56,1328.28,1.033
DRREDDY.NS,2026-05-18,1311.45,1322.81,0.859
DRREDDY.NS,2026-05-19,1310.52,1326.79,1.226
DRREDDY.NS,2026-05-20,1309.14,1313.57,0.337
DRREDDY.NS,2026-05-21,1313.35,1310.19,0.241
DRREDDY.NS,2026-05-22,1313.19,1298.96,1.095
DRREDDY.NS,2026-05-25,1307.1,1323.01,1.203
DRREDDY.NS,2026-05-26,1304.89,1319.53,1.11
DRREDDY.NS,2026-05-27,1302.11,1310.69,0.654
DRREDDY.NS,2026-05-28,1304.84,1310.69,0.446
DRREDDY.NS,2026-05-29,1303.15,1295.29,0.607
DRREDDY.NS,2026-06-01,1292.65,1282.27,0.81
DRREDDY.NS,2026-06-02,1289.19,1265.97,1.834
DRREDDY.NS,2026-06-03,1285.38,1255.34,2.393
DRREDDY.NS,2026-06-04,1287.33,1259.51,2.209
DRREDDY.NS,2026-06-05,1285.15,1270.15,1.181
DRREDDY.NS,2026-06-08,1275.42,1267.56,0.62
DRREDDY.NS,2026-06-09,1273.05,1260.51,0.995
DRREDDY.NS,2026-06-10,1270.74,1263.69,0.558
DRREDDY.NS,2026-06-11,1274.64,1267.96,0.527
DRREDDY.NS,2026-06-12,1274.82,1267.36,0.588
DRREDDY.NS,2026-06-15,1274.33,1271.44,0.228
DRREDDY.NS,2026-06-16,1275.61,1268.85,0.532
DRREDDY.NS,2026-06-17,1277.15,1261.0,1.28
DRREDDY.NS,2026-06-18,1284.99,1259.51,2.023
DRREDDY.NS,2026-06-19,1289.17,1264.08,1.985
DRREDDY.NS,2026-06-22,1300.14,1282.57,1.37
DRREDDY.NS,2026-06-23,1304.81,1293.1,0.906
DRREDDY.NS,2026-06-24,1309.4,1320.03,0.805
DRREDDY.NS,2026-06-25,1319.9,1341.99,1.646
DRREDDY.NS,2026-06-26,1326.28,1341.99,1.171
DRREDDY.NS,2026-06-29,1340.75,1367.03,1.922
DRREDDY.NS,2026-06-30,1345.48,1348.55,0.228
DRREDDY.NS,2026-07-01,1349.57,1331.46,1.36
DRREDDY.NS,2026-07-02,1359.03,1337.22,1.631
DRREDDY.NS,2026-07-03,1363.86,1365.44,0.116
DRREDDY.NS,2026-07-06,1371.0,1359.28,0.862
DRREDDY.NS,2026-07-07,1372.58,1346.06,1.97
DRREDDY.NS,2026-07-08,1373.3,1340.5,2.447
DRREDDY.NS,2026-07-09,1379.22,1261.5,9.332
DRREDDY.NS,2026-07-10,1380.41,1244.3,10.939
DRREDDY.NS,2026-07-13,1376.86,1234.5,11.532
DRREDDY.NS,2026-07-14,1375.18,1246.2,10.35
DRREDDY.NS,2026-07-15,1372.87,1229.5,11.661
DRREDDY.NS,2026-07-16,1376.06,1224.4,12.386
DRREDDY.NS,2026-07-17,1374.86,1211.2,13.512
DRREDDY.NS,2026-07-20,1366.33,1223.1,11.71
DRREDDY.NS,2026-07-21,1363.75,1206.0,13.08
DRREDDY.NS,2026-07-22,1360.91,1182.8,15.058
DRREDDY.NS,2026-07-23,1363.91,1166.3,16.943
DRREDDY.NS,2026-07-24,1362.82,1151.7,18.331
EICHERMOT.NS,2025-07-24,5413.37,5398.99,0.266
EICHERMOT.NS,2025-07-25,5432.26,5363.45,1.283
EICHERMOT.NS,2025-07-28,5435.73,5317.06,2.232
EICHERMOT.NS,2025-07-29,5460.34,5400.47,1.109
EICHERMOT.NS,2025-07-30,5488.87,5410.84,1.442
EICHERMOT.NS,2025-07-31,5479.37,5398.5,1.498
EICHERMOT.NS,2025-08-01,5510.73,5528.0,0.312
EICHERMOT.NS,2025-08-04,5545.09,5621.0,1.35
EICHERMOT.NS,2025-08-05,5577.66,5681.0,1.819
EICHERMOT.NS,2025-08-06,5613.01,5668.0,0.97
EICHERMOT.NS,2025-08-07,5609.22,5681.5,1.272
EICHERMOT.NS,2025-08-08,5645.27,5663.0,0.313
EICHERMOT.NS,2025-08-11,5688.74,5671.5,0.304
EICHERMOT.NS,2025-08-12,5723.2,5658.0,1.152
EICHERMOT.NS,2025-08-13,5760.17,5714.5,0.799
EICHERMOT.NS,2025-08-14,5757.92,5764.0,0.105
EICHERMOT.NS,2025-08-18,5846.35,5912.0,1.11
EICHERMOT.NS,2025-08-19,5884.55,5938.5,0.908
EICHERMOT.NS,2025-08-20,5926.12,5937.5,0.192
EICHERMOT.NS,2025-08-21,5929.39,5975.0,0.763
EICHERMOT.NS,2025-08-22,5973.58,5924.5,0.828
EICHERMOT.NS,2025-08-25,6049.6,5990.5,0.987
EICHERMOT.NS,2025-08-26,6097.92,6151.0,0.863
EICHERMOT.NS,2025-08-28,6164.68,6133.0,0.517
EICHERMOT.NS,2025-08-29,6220.3,6103.0,1.922
EICHERMOT.NS,2025-09-01,6329.61,6280.0,0.79
EICHERMOT.NS,2025-09-02,6387.8,6349.0,0.611
EICHERMOT.NS,2025-09-03,6448.9,6371.5,1.215
EICHERMOT.NS,2025-09-04,6470.83,6425.0,0.713
EICHERMOT.NS,2025-09-05,6532.31,6580.5,0.732
EICHERMOT.NS,2025-09-08,6647.44,6815.0,2.459
EICHERMOT.NS,2025-09-09,6703.09,6874.5,2.493
EICHERMOT.NS,2025-09-10,6759.24,6836.5,1.13
EICHERMOT.NS,2025-09-11,6773.74,6758.0,0.233
EICHERMOT.NS,2025-09-12,6825.37,6875.0,0.722
EICHERMOT.NS,2025-09-15,6897.27,6801.0,1.416
EICHERMOT.NS,2025-09-16,6934.5,6927.5,0.101
EICHERMOT.NS,2025-09-17,6970.61,6890.5,1.163
EICHERMOT.NS,2025-09-18,6963.79,6924.5,0.567
EICHERMOT.NS,2025-09-19,6993.11,6973.5,0.281
EICHERMOT.NS,2025-09-22,6995.81,6946.0,0.717
EICHERMOT.NS,2025-09-23,7010.47,6990.5,0.286
EICHERMOT.NS,2025-09-24,7024.88,7011.5,0.191
EICHERMOT.NS,2025-09-25,6997.55,6986.0,0.165
EICHERMOT.NS,2025-09-26,7007.89,7047.0,0.555
EICHERMOT.NS,2025-09-29,6965.44,6985.0,0.28
EICHERMOT.NS,2025-09-30,6969.6,7005.5,0.512
EICHERMOT.NS,2025-10-01,6975.98,7021.5,0.648
EICHERMOT.NS,2025-10-03,6950.39,6941.0,0.135
EICHERMOT.NS,2025-10-06,6912.24,6880.0,0.469
EICHERMOT.NS,2025-10-07,6921.7,6957.0,0.507
EICHERMOT.NS,2025-10-08,6934.87,6902.5,0.469
EICHERMOT.NS,2025-10-09,6909.98,6896.5,0.195
EICHERMOT.NS,2025-10-10,6926.05,6965.0,0.559
EICHERMOT.NS,2025-10-13,6915.87,6912.0,0.056
EICHERMOT.NS,2025-10-14,6934.01,6887.0,0.683
EICHERMOT.NS,2025-10-15,6955.02,6895.0,0.87
EICHERMOT.NS,2025-10-16,6936.83,6988.0,0.732
EICHERMOT.NS,2025-10-17,6958.24,7042.5,1.196
EICHERMOT.NS,2025-10-20,6954.3,7013.5,0.844
EICHERMOT.NS,2025-10-21,6971.0,7018.5,0.677
EICHERMOT.NS,2025-10-23,6965.79,6884.5,1.181
EICHERMOT.NS,2025-10-24,6980.87,6840.0,2.06
EICHERMOT.NS,2025-10-27,6951.15,6906.5,0.646
EICHERMOT.NS,2025-10-28,6957.96,7002.5,0.636
EICHERMOT.NS,2025-10-29,6965.76,6952.0,0.198
EICHERMOT.NS,2025-10-30,6932.95,6889.0,0.638
EICHERMOT.NS,2025-10-31,6938.82,7007.0,0.973
EICHERMOT.NS,2025-11-03,6888.22,7023.5,1.926
EICHERMOT.NS,2025-11-04,6891.25,6930.0,0.559
EICHERMOT.NS,2025-11-06,6864.77,6806.5,0.856
EICHERMOT.NS,2025-11-07,6873.18,6886.0,0.186
EICHERMOT.NS,2025-11-10,6843.47,6866.5,0.335
EICHERMOT.NS,2025-11-11,6857.56,6873.0,0.225
EICHERMOT.NS,2025-11-12,6876.36,6879.0,0.038
EICHERMOT.NS,2025-11-13,6858.14,6855.0,0.046
EICHERMOT.NS,2025-11-14,6881.97,6695.0,2.793
EICHERMOT.NS,2025-11-17,6901.73,6799.0,1.511
EICHERMOT.NS,2025-11-18,6932.06,6814.5,1.725
EICHERMOT.NS,2025-11-19,6966.29,6896.5,1.012
EICHERMOT.NS,2025-11-20,6962.31,7125.5,2.29
EICHERMOT.NS,2025-11-21,6998.81,7134.5,1.902
EICHERMOT.NS,2025-11-24,7044.21,7258.5,2.952
EICHERMOT.NS,2025-11-25,7078.21,7218.5,1.943
EICHERMOT.NS,2025-11-26,7113.47,7198.5,1.181
EICHERMOT.NS,2025-11-27,7107.83,6999.0,1.555
EICHERMOT.NS,2025-11-28,7140.04,7053.5,1.227
EICHERMOT.NS,2025-12-01,7158.37,7125.5,0.461
EICHERMOT.NS,2025-12-02,7179.45,7112.5,0.941
EICHERMOT.NS,2025-12-03,7200.41,7081.5,1.679
EICHERMOT.NS,2025-12-04,7179.5,7100.0,1.12
EICHERMOT.NS,2025-12-05,7195.92,7208.0,0.168
EICHERMOT.NS,2025-12-08,7168.28,7142.0,0.368
EICHERMOT.NS,2025-12-09,7176.04,7123.0,0.745
EICHERMOT.NS,2025-12-10,7185.38,7228.5,0.597
EICHERMOT.NS,2025-12-11,7154.92,7256.0,1.393
EICHERMOT.NS,2025-12-12,7164.17,7229.0,0.897
EICHERMOT.NS,2025-12-15,7131.36,7121.5,0.138
EICHERMOT.NS,2025-12-16,7143.15,7061.5,1.156
EICHERMOT.NS,2025-12-17,7159.35,7134.5,0.348
EICHERMOT.NS,2025-12-18,7138.43,7106.5,0.449
EICHERMOT.NS,2025-12-19,7159.64,7217.0,0.795
EICHERMOT.NS,2025-12-22,7173.83,7291.5,1.614
EICHERMOT.NS,2025-12-23,7203.53,7303.0,1.362
EICHERMOT.NS,2025-12-24,7237.89,7312.5,1.02
EICHERMOT.NS,2025-12-26,7273.06,7324.0,0.696
EICHERMOT.NS,2025-12-29,7327.74,7272.0,0.767
EICHERMOT.NS,2025-12-30,7365.78,7192.5,2.409
EICHERMOT.NS,2025-12-31,7405.21,7312.5,1.268
EICHERMOT.NS,2026-01-01,7403.65,7348.0,0.757
EICHERMOT.NS,2026-01-02,7439.58,7334.5,1.433
EICHERMOT.NS,2026-01-05,7463.85,7482.5,0.249
EICHERMOT.NS,2026-01-06,7484.16,7522.5,0.51
EICHERMOT.NS,2026-01-07,7502.46,7582.5,1.056
EICHERMOT.NS,2026-01-08,7476.75,7551.0,0.983
EICHERMOT.NS,2026-01-09,7485.96,7507.0,0.28
EICHERMOT.NS,2026-01-12,7420.58,7436.0,0.207
EICHERMOT.NS,2026-01-13,7410.06,7404.0,0.082
EICHERMOT.NS,2026-01-14,7398.27,7358.0,0.547
EICHERMOT.NS,2026-01-15,7343.95,7358.0,0.191
EICHERMOT.NS,2026-01-16,7326.78,7315.0,0.161
EICHERMOT.NS,2026-01-19,7202.31,7323.5,1.655
EICHERMOT.NS,2026-01-20,7180.75,7173.5,0.101
EICHERMOT.NS,2026-01-21,7163.04,7140.0,0.323
EICHERMOT.NS,2026-01-22,7108.21,7049.0,0.84
EICHERMOT.NS,2026-01-23,7096.17,6973.0,1.766
EICHERMOT.NS,2026-01-27,7026.87,7164.5,1.921
EICHERMOT.NS,2026-01-28,7041.26,7071.0,0.421
EICHERMOT.NS,2026-01-29,7022.84,7056.5,0.477
EICHERMOT.NS,2026-01-30,7050.89,7122.5,1.005
EICHERMOT.NS,2026-02-02,7110.71,6985.5,1.792
EICHERMOT.NS,2026-02-03,7163.44,7215.0,0.715
EICHERMOT.NS,2026-02-04,7224.36,7277.5,0.73
EICHERMOT.NS,2026-02-05,7251.07,7209.5,0.577
EICHERMOT.NS,2026-02-06,7321.94,7177.5,2.012
EICHERMOT.NS,2026-02-09,7487.95,7195.5,4.064
EICHERMOT.NS,2026-02-10,7566.17,7296.0,3.703
EICHERMOT.NS,2026-02-11,7646.59,7771.0,1.601
EICHERMOT.NS,2026-02-12,7686.37,7943.0,3.231
EICHERMOT.NS,2026-02-13,7763.54,8065.0,3.738
EICHERMOT.NS,2026-02-16,7906.38,8010.5,1.3
EICHERMOT.NS,2026-02-17,7963.03,8035.0,0.896
EICHERMOT.NS,2026-02-18,8015.38,8009.5,0.073
EICHERMOT.NS,2026-02-19,8021.0,7897.0,1.57
EICHERMOT.NS,2026-02-20,8058.47,7936.5,1.537
EICHERMOT.NS,2026-02-23,8055.76,8038.5,0.215
EICHERMOT.NS,2026-02-24,8057.69,7929.0,1.623
EICHERMOT.NS,2026-02-25,8053.66,8008.0,0.57
EICHERMOT.NS,2026-02-26,8002.15,8190.0,2.294
EICHERMOT.NS,2026-02-27,7982.62,8010.5,0.348
EICHERMOT.NS,2026-03-02,7818.43,7826.0,0.097
EICHERMOT.NS,2026-03-04,7724.45,7626.5,1.284
EICHERMOT.NS,2026-03-05,7633.71,7755.0,1.564
EICHERMOT.NS,2026-03-06,7580.11,7620.5,0.53
EICHERMOT.NS,2026-03-09,7347.96,7266.0,1.128
EICHERMOT.NS,2026-03-10,7291.24,7536.5,3.254
EICHERMOT.NS,2026-03-11,7238.66,7253.5,0.205
EICHERMOT.NS,2026-03-12,7149.14,6975.5,2.489
EICHERMOT.NS,2026-03-13,7102.41,6741.0,5.361
EICHERMOT.NS,2026-03-16,6921.17,6827.5,1.372
EICHERMOT.NS,2026-03-17,6890.01,6910.0,0.289
EICHERMOT.NS,2026-03-18,6866.39,7027.5,2.293
EICHERMOT.NS,2026-03-19,6808.66,6793.0,0.231
EICHERMOT.NS,2026-03-20,6795.95,6909.0,1.636
EICHERMOT.NS,2026-03-23,6724.17,6681.5,0.639
EICHERMOT.NS,2026-03-24,6730.06,6871.0,2.051
EICHERMOT.NS,2026-03-25,6742.88,6992.5,3.57
EICHERMOT.NS,2026-03-27,6741.71,6811.5,1.025
EICHERMOT.NS,2026-03-30,6759.35,6586.0,2.632
EICHERMOT.NS,2026-04-01,6825.18,6825.5,0.005
EICHERMOT.NS,2026-04-02,6822.25,6649.5,2.598
EICHERMOT.NS,2026-04-06,6911.29,6596.0,4.78
EICHERMOT.NS,2026-04-07,6948.22,6605.5,5.188
EICHERMOT.NS,2026-04-08,6987.09,7131.0,2.018
EICHERMOT.NS,2026-04-09,6985.91,7147.5,2.261
EICHERMOT.NS,2026-04-10,7023.56,7424.0,5.394
EICHERMOT.NS,2026-04-13,7064.96,7050.0,0.212
EICHERMOT.NS,2026-04-15,7128.35,7128.0,0.005
EICHERMOT.NS,2026-04-16,7119.76,7131.0,0.158
EICHERMOT.NS,2026-04-17,7149.4,7189.5,0.558
EICHERMOT.NS,2026-04-20,7164.46,7243.0,1.084
EICHERMOT.NS,2026-04-21,7186.44,7240.5,0.747
EICHERMOT.NS,2026-04-22,7209.36,7230.0,0.285
EICHERMOT.NS,2026-04-23,7191.46,7092.5,1.395
EICHERMOT.NS,2026-04-24,7211.82,7111.5,1.411
EICHERMOT.NS,2026-04-27,7199.52,7174.0,0.356
EICHERMOT.NS,2026-04-28,7212.63,7071.5,1.996
EICHERMOT.NS,2026-04-29,7226.88,7189.5,0.52
EICHERMOT.NS,2026-04-30,7200.5,7109.0,1.287
EICHERMOT.NS,2026-05-01,7212.6,7109.0,1.457
EICHERMOT.NS,2026-05-04,7177.38,7329.0,2.069
EICHERMOT.NS,2026-05-05,7183.63,7301.5,1.614
EICHERMOT.NS,2026-05-06,7191.47,7310.5,1.628
EICHERMOT.NS,2026-05-07,7159.24,7327.5,2.296
EICHERMOT.NS,2026-05-08,7166.1,7302.5,1.868
EICHERMOT.NS,2026-05-11,7119.46,7202.5,1.153
EICHERMOT.NS,2026-05-12,7123.56,7126.0,0.034
EICHERMOT.NS,2026-05-13,7130.18,6971.5,2.276
EICHERMOT.NS,2026-05-14,7097.7,7034.0,0.906
EICHERMOT.NS,2026-05-15,7105.32,7014.5,1.295
EICHERMOT.NS,2026-05-18,7067.22,6913.0,2.231
EICHERMOT.NS,2026-05-19,7076.24,6882.5,2.815
EICHERMOT.NS,2026-05-20,7088.79,6849.5,3.494
EICHERMOT.NS,2026-05-21,7063.19,6892.0,2.484
EICHERMOT.NS,2026-05-22,7078.58,6981.5,1.391
EICHERMOT.NS,2026-05-25,7068.34,7414.0,4.662
EICHERMOT.NS,2026-05-26,7087.81,7376.0,3.907
EICHERMOT.NS,2026-05-27,7111.21,7419.0,4.149
EICHERMOT.NS,2026-05-28,7096.71,7419.0,4.344
EICHERMOT.NS,2026-05-29,7123.34,7177.0,0.748
EICHERMOT.NS,2026-06-01,7146.15,7100.5,0.643
EICHERMOT.NS,2026-06-02,7175.96,7141.5,0.483
EICHERMOT.NS,2026-06-03,7209.13,7130.0,1.11
EICHERMOT.NS,2026-06-04,7203.71,7110.0,1.318
EICHERMOT.NS,2026-06-05,7238.6,7070.0,2.385
EICHERMOT.NS,2026-06-08,7280.28,7050.0,3.266
EICHERMOT.NS,2026-06-09,7314.12,7203.0,1.543
EICHERMOT.NS,2026-06-10,7350.07,7219.5,1.809
EICHERMOT.NS,2026-06-11,7346.13,7179.5,2.321
EICHERMOT.NS,2026-06-12,7381.16,7312.0,0.946
EICHERMOT.NS,2026-06-15,7415.12,7624.5,2.746
EICHERMOT.NS,2026-06-16,7443.68,7560.5,1.545
EICHERMOT.NS,2026-06-17,7473.05,7509.0,0.479
EICHERMOT.NS,2026-06-18,7461.28,7601.0,1.838
EICHERMOT.NS,2026-06-19,7487.29,7611.0,1.625
EICHERMOT.NS,2026-06-22,7487.78,7639.5,1.986
EICHERMOT.NS,2026-06-23,7503.4,7578.0,0.984
EICHERMOT.NS,2026-06-24,7519.1,7572.0,0.699
EICHERMOT.NS,2026-06-25,7493.09,7598.0,1.381
EICHERMOT.NS,2026-06-26,7504.41,7598.0,1.232
EICHERMOT.NS,2026-06-29,7459.7,7426.0,0.454
EICHERMOT.NS,2026-06-30,7460.38,7073.5,5.469
EICHERMOT.NS,2026-07-01,7461.5,7139.0,4.517
EICHERMOT.NS,2026-07-02,7421.41,7250.0,2.364
EICHERMOT.NS,2026-07-03,7419.34,7339.5,1.088
EICHERMOT.NS,2026-07-06,7340.06,7471.5,1.759
EICHERMOT.NS,2026-07-07,7331.6,7536.0,2.712
EICHERMOT.NS,2026-07-08,7324.99,7418.5,1.26
EICHERMOT.NS,2026-07-09,7278.67,7361.0,1.118
EICHERMOT.NS,2026-07-10,7271.99,7365.5,1.27
EICHERMOT.NS,2026-07-13,7189.2,7296.5,1.471
EICHERMOT.NS,2026-07-14,7183.1,7279.5,1.324
EICHERMOT.NS,2026-07-15,7180.61,7404.5,3.024
EICHERMOT.NS,2026-07-16,7140.15,7418.5,3.752
EICHERMOT.NS,2026-07-17,7140.96,7563.5,5.587
EICHERMOT.NS,2026-07-20,7089.5,7563.5,6.267
EICHERMOT.NS,2026-07-21,7096.34,7689.5,7.714
EICHERMOT.NS,2026-07-22,7107.74,7632.0,6.869
EICHERMOT.NS,2026-07-23,7081.95,7721.5,8.283
GRASIM.NS,2025-07-24,2713.83,2725.98,0.446
GRASIM.NS,2025-07-25,2701.63,2698.78,0.106
GRASIM.NS,2025-07-28,2710.59,2717.31,0.247
GRASIM.NS,2025-07-29,2713.23,2733.06,0.725
GRASIM.NS,2025-07-30,2723.0,2748.6,0.931
GRASIM.NS,2025-07-31,2724.88,2736.45,0.423
GRASIM.NS,2025-08-01,2718.59,2712.33,0.231
GRASIM.NS,2025-08-04,2742.25,2777.7,1.276
GRASIM.NS,2025-08-05,2748.45,2787.06,1.385
GRASIM.NS,2025-08-06,2761.01,2755.78,0.19
GRASIM.NS,2025-08-07,2764.86,2733.76,1.138
GRASIM.NS,2025-08-08,2759.72,2681.84,2.904
GRASIM.NS,2025-08-11,2782.02,2748.9,1.205
GRASIM.NS,2025-08-12,2786.35,2740.4,1.677
GRASIM.NS,2025-08-13,2796.44,2745.9,1.841
GRASIM.NS,2025-08-14,2797.33,2764.9,1.173
GRASIM.NS,2025-08-18,2799.86,2845.9,1.618
GRASIM.NS,2025-08-19,2800.4,2828.3,0.986
GRASIM.NS,2025-08-20,2806.88,2864.9,2.025
GRASIM.NS,2025-08-21,2804.43,2881.2,2.665
GRASIM.NS,2025-08-22,2792.96,2813.8,0.741
GRASIM.NS,2025-08-25,2797.91,2811.4,0.48
GRASIM.NS,2025-08-26,2797.49,2796.2,0.046
GRASIM.NS,2025-08-28,2801.26,2784.3,0.609
GRASIM.NS,2025-08-29,2790.42,2775.6,0.534
GRASIM.NS,2025-09-01,2799.68,2803.9,0.151
GRASIM.NS,2025-09-02,2801.25,2779.8,0.772
GRASIM.NS,2025-09-03,2809.44,2781.4,1.008
GRASIM.NS,2025-09-04,2809.26,2809.8,0.019
GRASIM.NS,2025-09-05,2800.48,2804.0,0.126
GRASIM.NS,2025-09-08,2814.55,2804.1,0.373
GRASIM.NS,2025-09-09,2816.99,2795.9,0.754
GRASIM.NS,2025-09-10,2825.57,2785.8,1.428
GRASIM.NS,2025-09-11,2825.28,2799.0,0.939
GRASIM.NS,2025-09-12,2815.86,2802.0,0.495
GRASIM.NS,2025-09-15,2824.83,2802.4,0.8
GRASIM.NS,2025-09-16,2824.62,2843.0,0.647
GRASIM.NS,2025-09-17,2830.17,2865.4,1.229
GRASIM.NS,2025-09-18,2826.55,2878.8,1.815
GRASIM.NS,2025-09-19,2813.59,2877.9,2.235
GRASIM.NS,2025-09-22,2811.72,2854.1,1.485
GRASIM.NS,2025-09-23,2808.21,2813.5,0.188
GRASIM.NS,2025-09-24,2810.79,2807.4,0.121
GRASIM.NS,2025-09-25,2804.65,2778.6,0.938
GRASIM.NS,2025-09-26,2789.69,2746.8,1.561
GRASIM.NS,2025-09-29,2785.84,2746.9,1.418
GRASIM.NS,2025-09-30,2783.15,2756.9,0.952
GRASIM.NS,2025-10-01,2787.34,2789.7,0.085
GRASIM.NS,2025-10-03,2771.76,2791.4,0.704
GRASIM.NS,2025-10-06,2781.16,2807.4,0.935
GRASIM.NS,2025-10-07,2783.89,2808.0,0.859
GRASIM.NS,2025-10-08,2793.82,2778.2,0.562
GRASIM.NS,2025-10-09,2795.97,2810.6,0.521
GRASIM.NS,2025-10-10,2790.11,2811.0,0.743
GRASIM.NS,2025-10-13,2816.28,2798.0,0.653
GRASIM.NS,2025-10-14,2823.77,2775.8,1.728
GRASIM.NS,2025-10-15,2837.82,2816.8,0.746
GRASIM.NS,2025-10-16,2843.37,2859.8,0.575
GRASIM.NS,2025-10-17,2840.06,2836.2,0.136
GRASIM.NS,2025-10-20,2868.19,2854.0,0.497
GRASIM.NS,2025-10-21,2874.31,2870.7,0.126
GRASIM.NS,2025-10-23,2888.16,2864.6,0.822
GRASIM.NS,2025-10-24,2880.56,2841.3,1.382
GRASIM.NS,2025-10-27,2891.05,2923.9,1.123
GRASIM.NS,2025-10-28,2890.06,2932.9,1.461
GRASIM.NS,2025-10-29,2894.22,2958.7,2.179
GRASIM.NS,2025-10-30,2888.62,2950.4,2.094
GRASIM.NS,2025-10-31,2873.12,2891.7,0.643
GRASIM.NS,2025-11-03,2860.64,2899.9,1.354
GRASIM.NS,2025-11-04,2852.7,2882.0,1.017
GRASIM.NS,2025-11-06,2839.13,2700.1,5.149
GRASIM.NS,2025-11-07,2818.65,2724.6,3.452
GRASIM.NS,2025-11-10,2796.37,2762.9,1.211
GRASIM.NS,2025-11-11,2786.99,2775.8,0.403
GRASIM.NS,2025-11-12,2784.25,2767.4,0.609
GRASIM.NS,2025-11-13,2773.32,2777.8,0.161
GRASIM.NS,2025-11-14,2754.1,2783.4,1.053
GRASIM.NS,2025-11-17,2740.24,2790.3,1.794
GRASIM.NS,2025-11-18,2734.94,2762.0,0.98
GRASIM.NS,2025-11-19,2736.77,2744.7,0.289
GRASIM.NS,2025-11-20,2730.79,2748.6,0.648
GRASIM.NS,2025-11-21,2716.82,2734.8,0.657
GRASIM.NS,2025-11-24,2719.49,2688.7,1.145
GRASIM.NS,2025-11-25,2719.66,2686.8,1.223
GRASIM.NS,2025-11-26,2726.81,2744.0,0.626
GRASIM.NS,2025-11-27,2725.95,2740.0,0.513
GRASIM.NS,2025-11-28,2716.83,2739.4,0.824
GRASIM.NS,2025-12-01,2732.09,2731.5,0.022
GRASIM.NS,2025-12-02,2735.74,2735.0,0.027
GRASIM.NS,2025-12-03,2746.0,2720.3,0.945
GRASIM.NS,2025-12-04,2747.88,2730.4,0.64
GRASIM.NS,2025-12-05,2741.17,2747.0,0.212
GRASIM.NS,2025-12-08,2761.76,2744.2,0.64
GRASIM.NS,2025-12-09,2766.65,2746.0,0.752
GRASIM.NS,2025-12-10,2777.93,2746.8,1.133
GRASIM.NS,2025-12-11,2780.63,2797.8,0.614
GRASIM.NS,2025-12-12,2774.55,2836.7,2.191
GRASIM.NS,2025-12-15,2796.08,2821.0,0.883
GRASIM.NS,2025-12-16,2800.99,2799.1,0.068
GRASIM.NS,2025-12-17,2812.13,2806.6,0.197
GRASIM.NS,2025-12-18,2814.53,2807.6,0.247
GRASIM.NS,2025-12-19,2807.96,2812.5,0.161
GRASIM.NS,2025-12-22,2826.8,2809.7,0.609
GRASIM.NS,2025-12-23,2830.32,2829.8,0.018
GRASIM.NS,2025-12-24,2839.8,2826.9,0.456
GRASIM.NS,2025-12-26,2831.44,2817.7,0.488
GRASIM.NS,2025-12-29,2841.74,2842.4,0.023
GRASIM.NS,2025-12-30,2841.87,2841.7,0.006
GRASIM.NS,2025-12-31,2847.71,2829.0,0.661
GRASIM.NS,2026-01-01,2844.33,2851.7,0.258
GRASIM.NS,2026-01-02,2831.55,2856.4,0.87
GRASIM.NS,2026-01-05,2829.65,2848.9,0.676
GRASIM.NS,2026-01-06,2825.85,2865.3,1.377
GRASIM.NS,2026-01-07,2827.97,2837.1,0.322
GRASIM.NS,2026-01-08,2821.14,2792.0,1.044
GRASIM.NS,2026-01-09,2805.27,2776.9,1.022
GRASIM.NS,2026-01-12,2797.03,2806.7,0.345
GRASIM.NS,2026-01-13,2792.31,2774.2,0.653
GRASIM.NS,2026-01-14,2794.18,2795.8,0.058
GRASIM.NS,2026-01-15,2787.83,2795.8,0.285
GRASIM.NS,2026-01-16,2773.16,2809.6,1.297
GRASIM.NS,2026-01-19,2772.93,2780.0,0.254
GRASIM.NS,2026-01-20,2772.25,2713.6,2.161
GRASIM.NS,2026-01-21,2778.78,2735.6,1.578
GRASIM.NS,2026-01-22,2777.61,2787.6,0.358
GRASIM.NS,2026-01-23,2768.58,2759.0,0.347
GRASIM.NS,2026-01-27,2792.62,2856.2,2.226
GRASIM.NS,2026-01-28,2805.4,2839.1,1.187
GRASIM.NS,2026-01-29,2810.24,2831.7,0.758
GRASIM.NS,2026-01-30,2806.87,2819.0,0.43
GRASIM.NS,2026-02-02,2838.9,2774.6,2.317
GRASIM.NS,2026-02-03,2847.72,2808.9,1.382
GRASIM.NS,2026-02-04,2862.79,2844.9,0.629
GRASIM.NS,2026-02-05,2869.01,2863.9,0.178
GRASIM.NS,2026-02-06,2866.07,2836.9,1.028
GRASIM.NS,2026-02-09,2893.53,2926.3,1.12
GRASIM.NS,2026-02-10,2898.92,2953.9,1.861
GRASIM.NS,2026-02-11,2909.65,2932.6,0.783
GRASIM.NS,2026-02-12,2910.71,2925.5,0.506
GRASIM.NS,2026-02-13,2901.84,2888.0,0.479
GRASIM.NS,2026-02-16,2907.89,2912.7,0.165
GRASIM.NS,2026-02-17,2905.27,2900.4,0.168
GRASIM.NS,2026-02-18,2907.77,2933.8,0.887
GRASIM.NS,2026-02-19,2900.47,2864.3,1.263
GRASIM.NS,2026-02-20,2883.22,2832.8,1.78
GRASIM.NS,2026-02-23,2865.23,2873.4,0.284
GRASIM.NS,2026-02-24,2855.3,2879.3,0.834
GRASIM.NS,2026-02-25,2850.96,2878.4,0.953
GRASIM.NS,2026-02-26,2837.39,2863.5,0.912
GRASIM.NS,2026-02-27,2814.5,2799.8,0.525
GRASIM.NS,2026-03-02,2783.69,2777.3,0.23
GRASIM.NS,2026-03-04,2764.52,2683.2,3.031
GRASIM.NS,2026-03-05,2749.59,2724.1,0.936
GRASIM.NS,2026-03-06,2726.05,2718.4,0.281
GRASIM.NS,2026-03-09,2697.23,2681.2,0.598
GRASIM.NS,2026-03-10,2686.32,2743.9,2.098
GRASIM.NS,2026-03-11,2682.27,2735.6,1.949
GRASIM.NS,2026-03-12,2670.18,2673.1,0.109
GRASIM.NS,2026-03-13,2649.9,2568.6,3.165
GRASIM.NS,2026-03-16,2632.97,2654.4,0.807
GRASIM.NS,2026-03-17,2626.59,2683.3,2.113
GRASIM.NS,2026-03-18,2627.28,2723.1,3.519
GRASIM.NS,2026-03-19,2620.11,2607.9,0.468
GRASIM.NS,2026-03-20,2604.91,2616.3,0.435
GRASIM.NS,2026-03-23,2603.81,2531.1,2.873
GRASIM.NS,2026-03-24,2602.83,2549.4,2.096
GRASIM.NS,2026-03-25,2608.93,2647.8,1.468
GRASIM.NS,2026-03-27,2597.36,2628.2,1.173
GRASIM.NS,2026-03-30,2611.99,2557.7,2.123
GRASIM.NS,2026-04-01,2626.96,2592.8,1.317
GRASIM.NS,2026-04-02,2629.85,2564.1,2.564
GRASIM.NS,2026-04-06,2650.67,2614.4,1.387
GRASIM.NS,2026-04-07,2657.9,2621.0,1.408
GRASIM.NS,2026-04-08,2671.69,2756.2,3.066
GRASIM.NS,2026-04-09,2677.03,2740.5,2.316
GRASIM.NS,2026-04-10,2673.68,2742.6,2.513
GRASIM.NS,2026-04-13,2703.62,2713.0,0.346
GRASIM.NS,2026-04-15,2725.18,2741.4,0.592
GRASIM.NS,2026-04-16,2730.29,2717.3,0.478
GRASIM.NS,2026-04-17,2726.41,2720.5,0.217
GRASIM.NS,2026-04-20,2753.52,2760.1,0.238
GRASIM.NS,2026-04-21,2760.05,2777.7,0.635
GRASIM.NS,2026-04-22,2772.76,2776.6,0.138
GRASIM.NS,2026-04-23,2776.77,2735.0,1.527
GRASIM.NS,2026-04-24,2771.92,2739.3,1.191
GRASIM.NS,2026-04-27,2797.56,2778.2,0.697
GRASIM.NS,2026-04-28,2804.25,2783.0,0.764
GRASIM.NS,2026-04-29,2817.52,2803.2,0.511
GRASIM.NS,2026-04-30,2822.51,2794.5,1.002
GRASIM.NS,2026-05-01,2819.09,2794.5,0.88
GRASIM.NS,2026-05-04,2851.59,2856.0,0.154
GRASIM.NS,2026-05-05,2861.35,2871.5,0.353
GRASIM.NS,2026-05-06,2878.01,2914.8,1.262
GRASIM.NS,2026-05-07,2886.63,2960.6,2.498
GRASIM.NS,2026-05-08,2887.02,2968.6,2.748
GRASIM.NS,2026-05-11,2931.1,2984.2,1.779
GRASIM.NS,2026-05-12,2944.44,2903.0,1.427
GRASIM.NS,2026-05-13,2964.37,2945.6,0.637
GRASIM.NS,2026-05-14,2975.87,2938.7,1.265
GRASIM.NS,2026-05-15,2978.63,2933.8,1.528
GRASIM.NS,2026-05-18,3025.99,2943.8,2.792
GRASIM.NS,2026-05-19,3038.94,2935.2,3.534
GRASIM.NS,2026-05-20,3057.67,2971.1,2.914
GRASIM.NS,2026-05-21,3067.12,3154.5,2.77
GRASIM.NS,2026-05-22,3067.01,3155.3,2.798
GRASIM.NS,2026-05-25,3101.06,3171.6,2.224
GRASIM.NS,2026-05-26,3108.19,3165.0,1.795
GRASIM.NS,2026-05-27,3120.56,3170.0,1.56
GRASIM.NS,2026-05-28,3123.22,3170.0,1.476
GRASIM.NS,2026-05-29,3115.99,3122.4,0.205
GRASIM.NS,2026-06-01,3128.04,3102.6,0.82
GRASIM.NS,2026-06-02,3128.08,3097.6,0.984
GRASIM.NS,2026-06-03,3133.7,3101.6,1.035
GRASIM.NS,2026-06-04,3130.06,3103.5,0.856
GRASIM.NS,2026-06-05,3117.12,3087.7,0.953
GRASIM.NS,2026-06-08,3116.48,3050.1,2.176
GRASIM.NS,2026-06-09,3113.98,3095.5,0.597
GRASIM.NS,2026-06-10,3117.98,3071.2,1.523
GRASIM.NS,2026-06-11,3113.65,3089.5,0.782
GRASIM.NS,2026-06-12,3100.9,3105.5,0.148
GRASIM.NS,2026-06-15,3105.75,3164.5,1.857
GRASIM.NS,2026-06-16,3106.46,3140.3,1.078
GRASIM.NS,2026-06-17,3114.16,3150.4,1.15
GRASIM.NS,2026-06-18,3113.91,3145.1,0.992
GRASIM.NS,2026-06-19,3105.5,3149.5,1.397
GRASIM.NS,2026-06-22,3123.38,3175.2,1.632
GRASIM.NS,2026-06-23,3127.98,3144.3,0.519
GRASIM.NS,2026-06-24,3139.12,3127.9,0.359
GRASIM.NS,2026-06-25,3141.74,3126.6,0.484
GRASIM.NS,2026-06-26,3135.54,3126.6,0.286
GRASIM.NS,2026-06-29,3155.34,3080.2,2.439
GRASIM.NS,2026-06-30,3158.86,3100.0,1.899
GRASIM.NS,2026-07-01,3168.07,3140.4,0.881
GRASIM.NS,2026-07-02,3167.94,3169.2,0.04
GRASIM.NS,2026-07-03,3158.19,3180.9,0.714
GRASIM.NS,2026-07-06,3163.52,3213.0,1.54
GRASIM.NS,2026-07-07,3161.31,3190.9,0.927
GRASIM.NS,2026-07-08,3164.54,3134.8,0.949
GRASIM.NS,2026-07-09,3158.34,3191.9,1.051
GRASIM.NS,2026-07-10,3142.57,3213.6,2.21
GRASIM.NS,2026-07-13,3131.6,3144.3,0.404
GRASIM.NS,2026-07-14,3124.99,3113.3,0.375
GRASIM.NS,2026-07-15,3124.55,3086.1,1.246
GRASIM.NS,2026-07-16,3115.47,3072.9,1.385
GRASIM.NS,2026-07-17,3097.72,3109.7,0.385
GRASIM.NS,2026-07-20,3086.51,3143.8,1.822
GRASIM.NS,2026-07-21,3081.75,3179.8,3.084
GRASIM.NS,2026-07-22,3084.07,3166.3,2.597
GRASIM.NS,2026-07-23,3078.6,3113.0,1.105
GRASIM.NS,2026-07-24,3065.23,3089.4,0.782
HCLTECH.NS,2025-07-24,1451.64,1441.9,0.675
HCLTECH.NS,2025-07-25,1442.66,1425.54,1.201
HCLTECH.NS,2025-07-28,1435.77,1402.58,2.366
HCLTECH.NS,2025-07-29,1433.34,1408.61,1.756
HCLTECH.NS,2025-07-30,1431.68,1412.53,1.356
HCLTECH.NS,2025-07-31,1426.53,1404.3,1.583
HCLTECH.NS,2025-08-01,1422.08,1389.19,2.368
HCLTECH.NS,2025-08-04,1427.03,1410.52,1.17
HCLTECH.NS,2025-08-05,1427.8,1418.46,0.658
HCLTECH.NS,2025-08-06,1428.91,1399.81,2.079
HCLTECH.NS,2025-08-07,1426.1,1411.57,1.029
HCLTECH.NS,2025-08-08,1423.53,1411.76,0.833
HCLTECH.NS,2025-08-11,1431.6,1423.53,0.567
HCLTECH.NS,2025-08-12,1432.64,1434.15,0.105
HCLTECH.NS,2025-08-13,1433.7,1436.06,0.165
HCLTECH.NS,2025-08-14,1430.56,1425.25,0.372
HCLTECH.NS,2025-08-18,1432.9,1420.66,0.861
HCLTECH.NS,2025-08-19,1432.93,1412.15,1.472
HCLTECH.NS,2025-08-20,1432.96,1431.19,0.124
HCLTECH.NS,2025-08-21,1428.83,1428.79,0.003
HCLTECH.NS,2025-08-22,1424.76,1402.77,1.567
HCLTECH.NS,2025-08-25,1427.95,1439.03,0.77
HCLTECH.NS,2025-08-26,1427.43,1428.12,0.049
HCLTECH.NS,2025-08-28,1422.54,1386.99,2.563
HCLTECH.NS,2025-08-29,1418.21,1391.77,1.9
HCLTECH.NS,2025-09-01,1420.94,1404.78,1.15
HCLTECH.NS,2025-09-02,1420.3,1402.2,1.291
HCLTECH.NS,2025-09-03,1419.76,1402.58,1.225
HCLTECH.NS,2025-09-04,1415.12,1380.77,2.488
HCLTECH.NS,2025-09-05,1410.57,1357.52,3.908
HCLTECH.NS,2025-09-08,1412.22,1342.21,5.216
HCLTECH.NS,2025-09-09,1411.07,1365.27,3.355
HCLTECH.NS,2025-09-10,1409.95,1400.48,0.676
HCLTECH.NS,2025-09-11,1404.66,1404.11,0.039
HCLTECH.NS,2025-09-12,1399.42,1403.63,0.3
HCLTECH.NS,2025-09-15,1398.95,1402.96,0.286
HCLTECH.NS,2025-09-16,1397.16,1418.84,1.528
HCLTECH.NS,2025-09-17,1395.5,1417.31,1.539
HCLTECH.NS,2025-09-18,1389.78,1429.08,2.75
HCLTECH.NS,2025-09-19,1384.27,1403.82,1.393
HCLTECH.NS,2025-09-22,1384.18,1377.52,0.484
HCLTECH.NS,2025-09-23,1383.0,1367.85,1.107
HCLTECH.NS,2025-09-24,1382.21,1379.81,0.174
HCLTECH.NS,2025-09-25,1377.64,1362.11,1.14
HCLTECH.NS,2025-09-26,1373.55,1334.85,2.899
HCLTECH.NS,2025-09-29,1379.33,1327.29,3.921
HCLTECH.NS,2025-09-30,1380.57,1325.09,4.187
HCLTECH.NS,2025-10-01,1382.4,1329.3,3.995
HCLTECH.NS,2025-10-03,1379.43,1333.13,3.473
HCLTECH.NS,2025-10-06,1394.22,1356.28,2.798
HCLTECH.NS,2025-10-07,1398.44,1371.3,1.979
HCLTECH.NS,2025-10-08,1403.13,1390.24,0.927
HCLTECH.NS,2025-10-09,1404.07,1422.1,1.268
HCLTECH.NS,2025-10-10,1405.44,1430.71,1.766
HCLTECH.NS,2025-10-13,1426.5,1429.94,0.241
HCLTECH.NS,2025-10-14,1432.25,1430.61,0.115
HCLTECH.NS,2025-10-15,1438.17,1430.9,0.508
HCLTECH.NS,2025-10-16,1440.03,1449.36,0.644
HCLTECH.NS,2025-10-17,1442.01,1433.16,0.617
HCLTECH.NS,2025-10-20,1463.09,1442.03,1.46
HCLTECH.NS,2025-10-21,1468.3,1432.97,2.466
HCLTECH.NS,2025-10-23,1474.35,1469.52,0.329
HCLTECH.NS,2025-10-24,1475.18,1469.42,0.392
HCLTECH.NS,2025-10-27,1492.18,1478.77,0.907
HCLTECH.NS,2025-10-28,1495.93,1467.78,1.918
HCLTECH.NS,2025-10-29,1499.63,1501.72,0.139
HCLTECH.NS,2025-10-30,1499.11,1494.49,0.309
HCLTECH.NS,2025-10-31,1498.61,1486.49,0.815
HCLTECH.NS,2025-11-03,1512.25,1488.42,1.601
HCLTECH.NS,2025-11-04,1515.17,1474.53,2.756
HCLTECH.NS,2025-11-06,1517.19,1471.93,3.075
HCLTECH.NS,2025-11-07,1516.37,1458.43,3.973
HCLTECH.NS,2025-11-10,1530.06,1485.52,2.998
HCLTECH.NS,2025-11-11,1533.31,1513.97,1.277
HCLTECH.NS,2025-11-12,1536.81,1537.11,0.02
HCLTECH.NS,2025-11-13,1536.37,1541.45,0.33
HCLTECH.NS,2025-11-14,1536.22,1537.69,0.096
HCLTECH.NS,2025-11-17,1552.34,1549.07,0.211
HCLTECH.NS,2025-11-18,1556.46,1538.27,1.182
HCLTECH.NS,2025-11-19,1560.83,1603.27,2.647
HCLTECH.NS,2025-11-20,1561.25,1586.68,1.603
HCLTECH.NS,2025-11-21,1561.91,1550.62,0.728
HCLTECH.NS,2025-11-24,1580.05,1552.93,1.746
HCLTECH.NS,2025-11-25,1584.65,1543.96,2.635
HCLTECH.NS,2025-11-26,1589.37,1560.16,1.872
HCLTECH.NS,2025-11-27,1589.99,1570.87,1.217
HCLTECH.NS,2025-11-28,1590.72,1566.24,1.563
HCLTECH.NS,2025-12-01,1608.0,1584.27,1.498
HCLTECH.NS,2025-12-02,1611.94,1577.13,2.207
HCLTECH.NS,2025-12-03,1615.81,1581.96,2.14
HCLTECH.NS,2025-12-04,1615.37,1595.55,1.242
HCLTECH.NS,2025-12-05,1614.83,1622.94,0.5
HCLTECH.NS,2025-12-08,1627.09,1628.34,0.077
HCLTECH.NS,2025-12-09,1628.96,1598.44,1.909
HCLTECH.NS,2025-12-10,1630.59,1606.55,1.497
HCLTECH.NS,2025-12-11,1627.75,1612.72,0.932
HCLTECH.NS,2025-12-12,1624.67,1613.49,0.693
HCLTECH.NS,2025-12-15,1628.75,1623.9,0.298
HCLTECH.NS,2025-12-16,1627.81,1592.76,2.201
HCLTECH.NS,2025-12-17,1626.65,1595.94,1.924
HCLTECH.NS,2025-12-18,1621.09,1602.11,1.185
HCLTECH.NS,2025-12-19,1615.39,1583.79,1.995
HCLTECH.NS,2025-12-22,1612.76,1610.69,0.128
HCLTECH.NS,2025-12-23,1610.13,1619.95,0.606
HCLTECH.NS,2025-12-24,1607.61,1614.93,0.454
HCLTECH.NS,2025-12-26,1594.84,1601.63,0.424
HCLTECH.NS,2025-12-29,1593.39,1572.6,1.322
HCLTECH.NS,2025-12-30,1592.13,1557.56,2.22
HCLTECH.NS,2025-12-31,1591.49,1565.37,1.669
HCLTECH.NS,2026-01-01,1587.33,1576.17,0.708
HCLTECH.NS,2026-01-02,1583.92,1581.67,0.143
HCLTECH.NS,2026-01-05,1593.31,1550.23,2.779
HCLTECH.NS,2026-01-06,1596.28,1558.62,2.416
HCLTECH.NS,2026-01-07,1600.05,1588.9,0.702
HCLTECH.NS,2026-01-08,1600.4,1587.93,0.785
HCLTECH.NS,2026-01-09,1601.51,1602.11,0.037
HCLTECH.NS,2026-01-12,1623.58,1608.09,0.963
HCLTECH.NS,2026-01-13,1630.15,1605.58,1.53
HCLTECH.NS,2026-01-14,1637.04,1608.96,1.745
HCLTECH.NS,2026-01-15,1639.94,1608.96,1.926
HCLTECH.NS,2026-01-16,1642.95,1649.26,0.383
HCLTECH.NS,2026-01-19,1666.11,1667.53,0.085
HCLTECH.NS,2026-01-20,1671.34,1638.87,1.981
HCLTECH.NS,2026-01-21,1675.99,1634.21,2.557
HCLTECH.NS,2026-01-22,1675.75,1654.22,1.302
HCLTECH.NS,2026-01-23,1674.72,1658.01,1.008
HCLTECH.NS,2026-01-27,1678.94,1670.83,0.486
HCLTECH.NS,2026-01-28,1675.9,1679.96,0.242
HCLTECH.NS,2026-01-29,1667.49,1672.19,0.281
HCLTECH.NS,2026-01-30,1657.96,1646.93,0.67
HCLTECH.NS,2026-02-02,1637.73,1628.67,0.556
HCLTECH.NS,2026-02-03,1627.24,1646.64,1.178
HCLTECH.NS,2026-02-04,1615.9,1575.25,2.58
HCLTECH.NS,2026-02-05,1599.65,1563.79,2.293
HCLTECH.NS,2026-02-06,1582.83,1547.96,2.253
HCLTECH.NS,2026-02-09,1545.12,1556.02,0.701
HCLTECH.NS,2026-02-10,1530.52,1527.95,0.168
HCLTECH.NS,2026-02-11,1516.05,1507.07,0.596
HCLTECH.NS,2026-02-12,1497.64,1433.73,4.457
HCLTECH.NS,2026-02-13,1479.66,1413.43,4.686
HCLTECH.NS,2026-02-16,1444.24,1419.84,1.718
HCLTECH.NS,2026-02-17,1432.18,1440.05,0.546
HCLTECH.NS,2026-02-18,1421.0,1425.09,0.287
HCLTECH.NS,2026-02-19,1406.57,1408.77,0.156
HCLTECH.NS,2026-02-20,1393.13,1395.27,0.153
HCLTECH.NS,2026-02-23,1373.68,1385.27,0.836
HCLTECH.NS,2026-02-24,1367.34,1300.76,5.118
HCLTECH.NS,2026-02-25,1361.9,1338.64,1.737
HCLTECH.NS,2026-02-26,1353.1,1334.08,1.426
HCLTECH.NS,2026-02-27,1345.11,1349.23,0.305
HCLTECH.NS,2026-03-02,1340.1,1331.65,0.635
HCLTECH.NS,2026-03-04,1335.84,1324.85,0.829
HCLTECH.NS,2026-03-05,1330.11,1315.24,1.131
HCLTECH.NS,2026-03-06,1324.72,1317.76,0.528
HCLTECH.NS,2026-03-09,1325.1,1319.61,0.416
HCLTECH.NS,2026-03-10,1323.9,1322.42,0.112
HCLTECH.NS,2026-03-11,1322.93,1311.54,0.868
HCLTECH.NS,2026-03-12,1318.0,1319.12,0.085
HCLTECH.NS,2026-03-13,1313.37,1287.36,2.02
HCLTECH.NS,2026-03-16,1316.44,1290.47,2.013
HCLTECH.NS,2026-03-17,1316.52,1283.18,2.598
HCLTECH.NS,2026-03-18,1317.12,1318.25,0.085
HCLTECH.NS,2026-03-19,1314.08,1274.15,3.134
HCLTECH.NS,2026-03-20,1311.69,1295.42,1.256
HCLTECH.NS,2026-03-23,1323.59,1319.61,0.302
HCLTECH.NS,2026-03-24,1327.24,1333.88,0.498
HCLTECH.NS,2026-03-25,1331.63,1341.65,0.747
HCLTECH.NS,2026-03-27,1334.18,1325.24,0.675
HCLTECH.NS,2026-03-30,1357.58,1303.09,4.181
HCLTECH.NS,2026-04-01,1371.68,1315.53,4.269
HCLTECH.NS,2026-04-02,1374.82,1361.95,0.945
HCLTECH.NS,2026-04-06,1401.0,1363.02,2.786
HCLTECH.NS,2026-04-07,1405.92,1400.22,0.407
HCLTECH.NS,2026-04-08,1410.12,1419.07,0.63
HCLTECH.NS,2026-04-09,1409.27,1422.86,0.955
HCLTECH.NS,2026-04-10,1407.47,1409.55,0.147
HCLTECH.NS,2026-04-13,1410.25,1388.37,1.576
HCLTECH.NS,2026-04-15,1402.33,1409.65,0.519
HCLTECH.NS,2026-04-16,1392.27,1408.58,1.158
HCLTECH.NS,2026-04-17,1381.01,1400.9,1.42
HCLTECH.NS,2026-04-20,1355.53,1387.31,2.29
HCLTECH.NS,2026-04-21,1343.42,1399.84,4.03
HCLTECH.NS,2026-04-22,1330.62,1248.41,6.585
HCLTECH.NS,2026-04-23,1313.11,1240.93,5.817
HCLTECH.NS,2026-04-24,1295.28,1191.04,8.752
HCLTECH.NS,2026-04-27,1256.69,1215.79,3.364
HCLTECH.NS,2026-04-28,1242.67,1183.91,4.963
HCLTECH.NS,2026-04-29,1229.29,1188.07,3.469
HCLTECH.NS,2026-04-30,1212.52,1186.98,2.152
HCLTECH.NS,2026-05-01,1196.74,1186.98,0.822
HCLTECH.NS,2026-05-04,1171.55,1188.37,1.415
HCLTECH.NS,2026-05-05,1164.1,1188.07,2.018
HCLTECH.NS,2026-05-06,1158.12,1177.08,1.611
HCLTECH.NS,2026-05-07,1149.43,1171.44,1.879
HCLTECH.NS,2026-05-08,1142.26,1186.29,3.711
HCLTECH.NS,2026-05-11,1144.17,1182.82,3.268
HCLTECH.NS,2026-05-12,1145.59,1134.22,1.002
HCLTECH.NS,2026-05-13,1148.1,1131.65,1.454
HCLTECH.NS,2026-05-14,1147.37,1112.64,3.121
HCLTECH.NS,2026-05-15,1147.47,1121.15,2.347
HCLTECH.NS,2026-05-18,1165.94,1135.01,2.725
HCLTECH.NS,2026-05-19,1170.84,1167.48,0.288
HCLTECH.NS,2026-05-20,1175.75,1157.98,1.535
HCLTECH.NS,2026-05-21,1176.32,1156.39,1.723
HCLTECH.NS,2026-05-22,1176.64,1152.24,2.118
HCLTECH.NS,2026-05-25,1189.84,1153.92,3.113
HCLTECH.NS,2026-05-26,1191.31,1150.16,3.578
HCLTECH.NS,2026-05-27,1192.13,1153.42,3.356
HCLTECH.NS,2026-05-28,1188.08,1153.42,3.005
HCLTECH.NS,2026-05-29,1183.42,1171.84,0.988
HCLTECH.NS,2026-06-01,1180.92,1183.02,0.178
HCLTECH.NS,2026-06-02,1177.38,1230.93,4.351
HCLTECH.NS,2026-06-03,1173.54,1167.08,0.553
HCLTECH.NS,2026-06-04,1165.3,1156.49,0.762
HCLTECH.NS,2026-06-05,1157.0,1143.03,1.222
HCLTECH.NS,2026-06-08,1147.69,1139.66,0.704
HCLTECH.NS,2026-06-09,1143.39,1134.72,0.764
HCLTECH.NS,2026-06-10,1139.56,1120.66,1.687
HCLTECH.NS,2026-06-11,1132.06,1098.98,3.01
HCLTECH.NS,2026-06-12,1125.2,1098.39,2.441
HCLTECH.NS,2026-06-15,1123.66,1107.99,1.414
HCLTECH.NS,2026-06-16,1122.78,1147.29,2.136
HCLTECH.NS,2026-06-17,1122.59,1155.01,2.807
HCLTECH.NS,2026-06-18,1118.84,1150.06,2.715
HCLTECH.NS,2026-06-19,1115.72,1120.26,0.406
HCLTECH.NS,2026-06-22,1124.04,1119.08,0.444
HCLTECH.NS,2026-06-23,1125.63,1098.29,2.49
HCLTECH.NS,2026-06-24,1127.35,1102.64,2.241
HCLTECH.NS,2026-06-25,1124.88,1089.58,3.24
HCLTECH.NS,2026-06-26,1122.32,1089.58,3.005
HCLTECH.NS,2026-06-29,1127.94,1091.26,3.361
HCLTECH.NS,2026-06-30,1127.16,1060.97,6.239
HCLTECH.NS,2026-07-01,1125.82,1023.75,9.97
HCLTECH.NS,2026-07-02,1119.66,1067.2,4.915
HCLTECH.NS,2026-07-03,1112.87,1127.49,1.297
HCLTECH.NS,2026-07-06,1103.37,1122.74,1.725
HCLTECH.NS,2026-07-07,1097.11,1156.39,5.127
HCLTECH.NS,2026-07-08,1090.26,1134.02,3.859
HCLTECH.NS,2026-07-09,1078.68,1138.77,5.277
HCLTECH.NS,2026-07-10,1066.67,1152.34,7.434
HCLTECH.NS,2026-07-13,1043.82,1208.86,13.652
HCLTECH.NS,2026-07-14,1034.17,1154.91,10.454
HCLTECH.NS,2026-07-15,1024.58,1156.2,11.384
HCLTECH.NS,2026-07-16,1010.97,1175.4,13.989
HCLTECH.NS,2026-07-17,997.66,1203.9,17.131
HCLTECH.NS,2026-07-20,975.41,1221.3,20.133
HCLTECH.NS,2026-07-21,967.41,1239.5,21.952
HCLTECH.NS,2026-07-22,960.13,1237.3,22.401
HCLTECH.NS,2026-07-23,949.43,1244.7,23.722
HDFCBANK.NS,2025-07-24,980.1,988.25,0.825
HDFCBANK.NS,2025-07-25,978.47,985.99,0.763
HDFCBANK.NS,2025-07-28,984.72,987.91,0.323
HDFCBANK.NS,2025-07-29,986.27,994.35,0.813
HDFCBANK.NS,2025-07-30,988.61,996.42,0.784
HDFCBANK.NS,2025-07-31,988.92,992.68,0.379
HDFCBANK.NS,2025-08-01,987.06,989.73,0.27
HDFCBANK.NS,2025-08-04,990.79,979.79,1.122
HDFCBANK.NS,2025-08-05,990.95,972.71,1.875
HDFCBANK.NS,2025-08-06,991.68,976.5,1.555
HDFCBANK.NS,2025-08-07,990.18,981.47,0.888
HDFCBANK.NS,2025-08-08,986.38,970.89,1.595
HDFCBANK.NS,2025-08-11,983.91,981.57,0.239
HDFCBANK.NS,2025-08-12,982.06,968.92,1.356
HDFCBANK.NS,2025-08-13,980.89,974.04,0.703
HDFCBANK.NS,2025-08-14,977.65,979.35,0.174
HDFCBANK.NS,2025-08-18,966.75,985.5,1.903
HDFCBANK.NS,2025-08-19,964.46,979.35,1.521
HDFCBANK.NS,2025-08-20,963.16,977.93,1.51
HDFCBANK.NS,2025-08-21,960.09,979.4,1.972
HDFCBANK.NS,2025-08-22,955.21,966.32,1.149
HDFCBANK.NS,2025-08-25,952.61,966.07,1.393
HDFCBANK.NS,2025-08-26,951.69,957.56,0.613
HDFCBANK.NS,2025-08-28,950.44,942.22,0.873
HDFCBANK.NS,2025-08-29,947.19,936.12,1.183
HDFCBANK.NS,2025-09-01,949.26,935.13,1.511
HDFCBANK.NS,2025-09-02,949.69,929.13,2.213
HDFCBANK.NS,2025-09-03,951.06,938.92,1.293
HDFCBANK.NS,2025-09-04,950.56,945.61,0.523
HDFCBANK.NS,2025-09-05,948.07,947.73,0.036
HDFCBANK.NS,2025-09-08,950.97,950.28,0.072
HDFCBANK.NS,2025-09-09,951.21,949.45,0.186
HDFCBANK.NS,2025-09-10,952.19,950.18,0.211
HDFCBANK.NS,2025-09-11,951.11,952.05,0.099
HDFCBANK.NS,2025-09-12,947.89,951.56,0.386
HDFCBANK.NS,2025-09-15,948.07,951.32,0.341
HDFCBANK.NS,2025-09-16,947.37,951.12,0.394
HDFCBANK.NS,2025-09-17,947.47,950.77,0.348
HDFCBANK.NS,2025-09-18,945.61,961.01,1.602
HDFCBANK.NS,2025-09-19,941.74,951.17,0.991
HDFCBANK.NS,2025-09-22,941.15,948.51,0.776
HDFCBANK.NS,2025-09-23,940.67,941.63,0.102
HDFCBANK.NS,2025-09-24,941.24,935.58,0.605
HDFCBANK.NS,2025-09-25,940.11,934.4,0.612
HDFCBANK.NS,2025-09-26,937.23,929.67,0.813
HDFCBANK.NS,2025-09-29,940.95,934.84,0.654
HDFCBANK.NS,2025-09-30,942.25,935.53,0.719
HDFCBANK.NS,2025-10-01,944.73,949.55,0.507
HDFCBANK.NS,2025-10-03,944.7,949.45,0.5
HDFCBANK.NS,2025-10-06,954.08,957.61,0.369
HDFCBANK.NS,2025-10-07,957.0,966.51,0.984
HDFCBANK.NS,2025-10-08,960.88,962.78,0.197
HDFCBANK.NS,2025-10-09,962.9,961.2,0.177
HDFCBANK.NS,2025-10-10,962.9,964.94,0.211
HDFCBANK.NS,2025-10-13,973.11,961.1,1.249
HDFCBANK.NS,2025-10-14,975.67,961.25,1.5
HDFCBANK.NS,2025-10-15,978.87,962.33,1.718
HDFCBANK.NS,2025-10-16,979.92,978.17,0.179
HDFCBANK.NS,2025-10-17,978.68,986.24,0.766
HDFCBANK.NS,2025-10-20,983.89,986.63,0.278
HDFCBANK.NS,2025-10-21,984.5,991.3,0.686
HDFCBANK.NS,2025-10-23,984.7,992.39,0.775
HDFCBANK.NS,2025-10-24,981.47,978.57,0.297
HDFCBANK.NS,2025-10-27,981.34,986.63,0.536
HDFCBANK.NS,2025-10-28,980.52,987.22,0.679
HDFCBANK.NS,2025-10-29,980.52,991.45,1.103
HDFCBANK.NS,2025-10-30,978.59,981.91,0.338
HDFCBANK.NS,2025-10-31,974.68,971.24,0.355
HDFCBANK.NS,2025-11-03,974.17,976.5,0.239
HDFCBANK.NS,2025-11-04,973.74,969.22,0.466
HDFCBANK.NS,2025-11-06,973.25,968.63,0.477
HDFCBANK.NS,2025-11-07,970.33,966.32,0.415
HDFCBANK.NS,2025-11-10,973.41,968.48,0.509
HDFCBANK.NS,2025-11-11,974.25,975.56,0.135
HDFCBANK.NS,2025-11-12,976.1,973.4,0.277
HDFCBANK.NS,2025-11-13,976.15,970.6,0.572
HDFCBANK.NS,2025-11-14,974.28,973.5,0.08
HDFCBANK.NS,2025-11-17,979.6,980.34,0.075
HDFCBANK.NS,2025-11-18,980.81,976.3,0.462
HDFCBANK.NS,2025-11-19,982.83,978.42,0.451
HDFCBANK.NS,2025-11-20,982.84,992.44,0.967
HDFCBANK.NS,2025-11-21,980.75,981.81,0.108
HDFCBANK.NS,2025-11-24,984.34,982.89,0.147
HDFCBANK.NS,2025-11-25,984.71,973.7,1.131
HDFCBANK.NS,2025-11-26,985.81,987.57,0.178
HDFCBANK.NS,2025-11-27,984.85,993.08,0.828
HDFCBANK.NS,2025-11-28,981.76,991.21,0.953
HDFCBANK.NS,2025-12-01,982.64,985.8,0.32
HDFCBANK.NS,2025-12-02,982.28,973.7,0.882
HDFCBANK.NS,2025-12-03,982.78,984.22,0.146
HDFCBANK.NS,2025-12-04,981.38,980.98,0.041
HDFCBANK.NS,2025-12-05,978.01,986.98,0.908
HDFCBANK.NS,2025-12-08,979.02,986.78,0.786
HDFCBANK.NS,2025-12-09,979.01,980.88,0.19
HDFCBANK.NS,2025-12-10,979.98,973.7,0.645
HDFCBANK.NS,2025-12-11,979.15,984.02,0.495
HDFCBANK.NS,2025-12-12,976.43,985.21,0.891
HDFCBANK.NS,2025-12-15,979.44,979.89,0.046
HDFCBANK.NS,2025-12-16,980.02,978.12,0.194
HDFCBANK.NS,2025-12-17,981.46,967.99,1.392
HDFCBANK.NS,2025-12-18,980.96,963.76,1.785
HDFCBANK.NS,2025-12-19,978.4,969.47,0.922
HDFCBANK.NS,2025-12-22,980.64,971.63,0.927
HDFCBANK.NS,2025-12-23,980.49,980.38,0.011
HDFCBANK.NS,2025-12-24,980.97,980.98,0.001
HDFCBANK.NS,2025-12-26,975.3,975.96,0.067
HDFCBANK.NS,2025-12-29,972.23,975.56,0.342
HDFCBANK.NS,2025-12-30,970.07,974.78,0.483
HDFCBANK.NS,2025-12-31,968.48,975.07,0.676
HDFCBANK.NS,2026-01-01,964.71,975.02,1.058
HDFCBANK.NS,2026-01-02,958.69,985.3,2.701
HDFCBANK.NS,2026-01-05,950.21,961.6,1.184
HDFCBANK.NS,2026-01-06,946.63,946.54,0.009
HDFCBANK.NS,2026-01-07,943.88,933.61,1.1
HDFCBANK.NS,2026-01-08,939.24,931.3,0.853
HDFCBANK.NS,2026-01-09,932.67,923.72,0.969
HDFCBANK.NS,2026-01-12,924.57,921.71,0.311
HDFCBANK.NS,2026-01-13,921.8,922.1,0.032
HDFCBANK.NS,2026-01-14,920.19,910.39,1.076
HDFCBANK.NS,2026-01-15,916.98,910.39,0.724
HDFCBANK.NS,2026-01-16,912.12,915.95,0.418
HDFCBANK.NS,2026-01-19,910.38,912.8,0.265
HDFCBANK.NS,2026-01-20,909.99,916.05,0.661
HDFCBANK.NS,2026-01-21,910.82,905.38,0.601
HDFCBANK.NS,2026-01-22,910.04,903.75,0.696
HDFCBANK.NS,2026-01-23,907.55,901.19,0.705
HDFCBANK.NS,2026-01-27,913.44,911.33,0.232
HDFCBANK.NS,2026-01-28,915.7,917.52,0.199
HDFCBANK.NS,2026-01-29,916.08,920.28,0.456
HDFCBANK.NS,2026-01-30,914.45,914.13,0.035
HDFCBANK.NS,2026-02-02,919.76,913.0,0.74
HDFCBANK.NS,2026-02-03,920.71,933.26,1.345
HDFCBANK.NS,2026-02-04,922.35,937.59,1.626
HDFCBANK.NS,2026-02-05,921.86,934.25,1.326
HDFCBANK.NS,2026-02-06,919.14,925.79,0.718
HDFCBANK.NS,2026-02-09,920.22,922.0,0.193
HDFCBANK.NS,2026-02-10,919.57,917.23,0.255
HDFCBANK.NS,2026-02-11,919.56,912.02,0.827
HDFCBANK.NS,2026-02-12,917.43,905.62,1.304
HDFCBANK.NS,2026-02-13,913.09,889.19,2.687
HDFCBANK.NS,2026-02-16,909.73,910.74,0.111
HDFCBANK.NS,2026-02-17,907.79,910.64,0.313
HDFCBANK.NS,2026-02-18,906.61,909.65,0.335
HDFCBANK.NS,2026-02-19,903.4,900.7,0.299
HDFCBANK.NS,2026-02-20,898.11,897.01,0.122
HDFCBANK.NS,2026-02-23,892.4,908.57,1.78
HDFCBANK.NS,2026-02-24,889.8,895.69,0.657
HDFCBANK.NS,2026-02-25,887.97,892.83,0.545
HDFCBANK.NS,2026-02-26,884.12,883.98,0.016
HDFCBANK.NS,2026-02-27,878.15,873.31,0.555
HDFCBANK.NS,2026-03-02,870.08,865.09,0.577
HDFCBANK.NS,2026-03-04,863.63,854.52,1.066
HDFCBANK.NS,2026-03-05,858.63,863.47,0.56
HDFCBANK.NS,2026-03-06,851.42,843.11,0.986
HDFCBANK.NS,2026-03-09,839.19,827.02,1.471
HDFCBANK.NS,2026-03-10,834.18,835.63,0.173
HDFCBANK.NS,2026-03-11,829.87,820.38,1.157
HDFCBANK.NS,2026-03-12,823.51,819.2,0.526
HDFCBANK.NS,2026-03-13,815.02,803.71,1.408
HDFCBANK.NS,2026-03-16,800.0,826.92,3.256
HDFCBANK.NS,2026-03-17,794.54,831.6,4.456
HDFCBANK.NS,2026-03-18,790.07,829.33,4.734
HDFCBANK.NS,2026-03-19,783.87,785.21,0.171
HDFCBANK.NS,2026-03-20,775.91,767.75,1.063
HDFCBANK.NS,2026-03-23,764.72,732.04,4.464
HDFCBANK.NS,2026-03-24,761.29,752.45,1.174
HDFCBANK.NS,2026-03-25,759.22,769.57,1.345
HDFCBANK.NS,2026-03-27,750.84,743.9,0.933
HDFCBANK.NS,2026-03-30,750.15,719.65,4.239
HDFCBANK.NS,2026-04-01,752.25,730.17,3.023
HDFCBANK.NS,2026-04-02,752.57,738.68,1.88
HDFCBANK.NS,2026-04-06,760.51,758.46,0.271
HDFCBANK.NS,2026-04-07,763.53,759.44,0.539
HDFCBANK.NS,2026-04-08,767.57,802.82,4.391
HDFCBANK.NS,2026-04-09,769.76,784.72,1.907
HDFCBANK.NS,2026-04-10,769.95,797.12,3.408
HDFCBANK.NS,2026-04-13,780.49,781.77,0.164
HDFCBANK.NS,2026-04-15,786.13,796.72,1.33
HDFCBANK.NS,2026-04-16,786.97,782.51,0.57
HDFCBANK.NS,2026-04-17,785.42,786.89,0.186
HDFCBANK.NS,2026-04-20,789.05,782.51,0.836
HDFCBANK.NS,2026-04-21,788.91,798.54,1.206
HDFCBANK.NS,2026-04-22,789.26,786.89,0.302
HDFCBANK.NS,2026-04-23,787.32,771.59,2.039
HDFCBANK.NS,2026-04-24,783.06,772.08,1.422
HDFCBANK.NS,2026-04-27,779.43,776.95,0.319
HDFCBANK.NS,2026-04-28,777.33,769.82,0.976
HDFCBANK.NS,2026-04-29,776.02,766.33,1.265
HDFCBANK.NS,2026-04-30,772.76,759.14,1.794
HDFCBANK.NS,2026-05-01,767.52,759.14,1.103
HDFCBANK.NS,2026-05-04,763.02,766.72,0.482
HDFCBANK.NS,2026-05-05,761.29,759.73,0.205
HDFCBANK.NS,2026-05-06,760.64,783.59,2.929
HDFCBANK.NS,2026-05-07,758.28,783.1,3.169
HDFCBANK.NS,2026-05-08,754.15,768.15,1.822
HDFCBANK.NS,2026-05-11,753.76,751.23,0.337
HDFCBANK.NS,2026-05-12,753.49,738.24,2.066
HDFCBANK.NS,2026-05-13,754.25,737.4,2.285
HDFCBANK.NS,2026-05-14,753.23,757.03,0.502
HDFCBANK.NS,2026-05-15,750.31,755.01,0.623
HDFCBANK.NS,2026-05-18,752.47,756.14,0.486
HDFCBANK.NS,2026-05-19,752.63,750.04,0.345
HDFCBANK.NS,2026-05-20,753.59,747.14,0.863
HDFCBANK.NS,2026-05-21,752.54,746.8,0.769
HDFCBANK.NS,2026-05-22,749.39,754.32,0.654
HDFCBANK.NS,2026-05-25,749.86,774.05,3.125
HDFCBANK.NS,2026-05-26,749.23,766.23,2.218
HDFCBANK.NS,2026-05-27,749.37,746.31,0.41
HDFCBANK.NS,2026-05-28,747.51,746.31,0.161
HDFCBANK.NS,2026-05-29,743.59,732.44,1.523
HDFCBANK.NS,2026-06-01,742.55,730.62,1.633
HDFCBANK.NS,2026-06-02,741.82,736.08,0.78
HDFCBANK.NS,2026-06-03,742.11,741.39,0.097
HDFCBANK.NS,2026-06-04,740.68,741.93,0.168
HDFCBANK.NS,2026-06-05,737.49,734.9,0.353
HDFCBANK.NS,2026-06-08,740.4,726.63,1.895
HDFCBANK.NS,2026-06-09,741.54,726.34,2.093
HDFCBANK.NS,2026-06-10,743.93,734.7,1.257
HDFCBANK.NS,2026-06-11,744.79,732.49,1.68
HDFCBANK.NS,2026-06-12,744.05,759.88,2.083
HDFCBANK.NS,2026-06-15,754.71,764.7,1.307
HDFCBANK.NS,2026-06-16,758.38,772.13,1.781
HDFCBANK.NS,2026-06-17,763.17,774.29,1.437
HDFCBANK.NS,2026-06-18,766.26,786.0,2.511
HDFCBANK.NS,2026-06-19,767.51,779.8,1.576
HDFCBANK.NS,2026-06-22,782.28,786.4,0.524
HDFCBANK.NS,2026-06-23,786.58,774.65,1.54
HDFCBANK.NS,2026-06-24,791.61,793.2,0.2
HDFCBANK.NS,2026-06-25,794.53,796.3,0.222
HDFCBANK.NS,2026-06-26,795.2,796.3,0.138
HDFCBANK.NS,2026-06-29,805.99,798.9,0.887
HDFCBANK.NS,2026-06-30,808.32,797.95,1.3
HDFCBANK.NS,2026-07-01,811.14,796.15,1.883
HDFCBANK.NS,2026-07-02,811.64,795.9,1.978
HDFCBANK.NS,2026-07-03,809.76,801.05,1.087
HDFCBANK.NS,2026-07-06,812.68,829.85,2.069
HDFCBANK.NS,2026-07-07,812.51,829.3,2.025
HDFCBANK.NS,2026-07-08,812.99,810.3,0.332
HDFCBANK.NS,2026-07-09,811.38,817.55,0.755
HDFCBANK.NS,2026-07-10,807.63,824.95,2.1
HDFCBANK.NS,2026-07-13,806.8,817.95,1.363
HDFCBANK.NS,2026-07-14,806.08,809.4,0.41
HDFCBANK.NS,2026-07-15,806.34,815.45,1.117
HDFCBANK.NS,2026-07-16,804.84,808.3,0.428
HDFCBANK.NS,2026-07-17,801.53,819.6,2.205
HDFCBANK.NS,2026-07-20,803.6,777.6,3.344
HDFCBANK.NS,2026-07-21,804.22,761.45,5.617
HDFCBANK.NS,2026-07-22,805.93,753.15,7.008
HDFCBANK.NS,2026-07-23,805.94,747.25,7.854
HDFCBANK.NS,2026-07-24,804.13,742.8,8.257
HDFCLIFE.NS,2025-07-24,743.01,754.61,1.537
HDFCLIFE.NS,2025-07-25,740.39,759.64,2.534
HDFCLIFE.NS,2025-07-28,743.96,758.5,1.917
HDFCLIFE.NS,2025-07-29,745.24,753.66,1.118
HDFCLIFE.NS,2025-07-30,748.82,754.76,0.787
HDFCLIFE.NS,2025-07-31,749.26,752.82,0.472
HDFCLIFE.NS,2025-08-01,748.59,739.07,1.289
HDFCLIFE.NS,2025-08-04,756.63,737.17,2.639
HDFCLIFE.NS,2025-08-05,758.9,735.88,3.129
HDFCLIFE.NS,2025-08-06,763.2,749.88,1.777
HDFCLIFE.NS,2025-08-07,764.11,753.02,1.473
HDFCLIFE.NS,2025-08-08,763.65,758.85,0.633
HDFCLIFE.NS,2025-08-11,770.96,762.03,1.171
HDFCLIFE.NS,2025-08-12,772.58,763.48,1.192
HDFCLIFE.NS,2025-08-13,776.07,773.84,0.288
HDFCLIFE.NS,2025-08-14,776.03,785.95,1.262
HDFCLIFE.NS,2025-08-18,778.18,788.19,1.27
HDFCLIFE.NS,2025-08-19,778.54,790.93,1.567
HDFCLIFE.NS,2025-08-20,780.79,793.72,1.629
HDFCLIFE.NS,2025-08-21,779.52,792.62,1.653
HDFCLIFE.NS,2025-08-22,776.83,785.95,1.16
HDFCLIFE.NS,2025-08-25,777.49,784.2,0.856
HDFCLIFE.NS,2025-08-26,777.04,773.84,0.413
HDFCLIFE.NS,2025-08-28,776.72,772.6,0.534
HDFCLIFE.NS,2025-08-29,773.55,769.31,0.551
HDFCLIFE.NS,2025-09-01,773.42,779.02,0.719
HDFCLIFE.NS,2025-09-02,772.9,779.97,0.906
HDFCLIFE.NS,2025-09-03,774.46,773.69,0.099
HDFCLIFE.NS,2025-09-04,772.7,751.57,2.811
HDFCLIFE.NS,2025-09-05,769.69,756.85,1.696
HDFCLIFE.NS,2025-09-08,770.3,751.07,2.56
HDFCLIFE.NS,2025-09-09,770.08,758.4,1.54
HDFCLIFE.NS,2025-09-10,771.95,774.84,0.373
HDFCLIFE.NS,2025-09-11,770.49,771.5,0.131
HDFCLIFE.NS,2025-09-12,767.76,776.88,1.174
HDFCLIFE.NS,2025-09-15,769.06,774.44,0.695
HDFCLIFE.NS,2025-09-16,768.99,771.6,0.338
HDFCLIFE.NS,2025-09-17,770.94,765.32,0.734
HDFCLIFE.NS,2025-09-18,769.52,781.81,1.572
HDFCLIFE.NS,2025-09-19,766.78,779.42,1.622
HDFCLIFE.NS,2025-09-22,767.65,785.0,2.21
HDFCLIFE.NS,2025-09-23,767.31,772.3,0.646
HDFCLIFE.NS,2025-09-24,768.95,767.51,0.187
HDFCLIFE.NS,2025-09-25,767.15,762.33,0.632
HDFCLIFE.NS,2025-09-26,763.99,761.69,0.303
HDFCLIFE.NS,2025-09-29,763.36,753.91,1.253
HDFCLIFE.NS,2025-09-30,762.46,753.76,1.154
HDFCLIFE.NS,2025-10-01,763.53,761.29,0.295
HDFCLIFE.NS,2025-10-03,757.42,756.5,0.121
HDFCLIFE.NS,2025-10-06,755.2,760.34,0.676
HDFCLIFE.NS,2025-10-07,753.85,752.92,0.124
HDFCLIFE.NS,2025-10-08,754.52,744.65,1.326
HDFCLIFE.NS,2025-10-09,751.81,751.67,0.019
HDFCLIFE.NS,2025-10-10,747.81,744.65,0.425
HDFCLIFE.NS,2025-10-13,745.3,743.9,0.188
HDFCLIFE.NS,2025-10-14,744.05,740.91,0.424
HDFCLIFE.NS,2025-10-15,744.91,758.45,1.785
HDFCLIFE.NS,2025-10-16,742.5,740.21,0.309
HDFCLIFE.NS,2025-10-17,738.91,743.3,0.591
HDFCLIFE.NS,2025-10-20,738.24,739.61,0.186
HDFCLIFE.NS,2025-10-21,737.79,741.06,0.441
HDFCLIFE.NS,2025-10-23,738.1,741.01,0.393
HDFCLIFE.NS,2025-10-24,735.52,732.34,0.434
HDFCLIFE.NS,2025-10-27,738.18,734.63,0.483
HDFCLIFE.NS,2025-10-28,738.87,744.35,0.736
HDFCLIFE.NS,2025-10-29,741.76,758.6,2.219
HDFCLIFE.NS,2025-10-30,741.43,743.95,0.339
HDFCLIFE.NS,2025-10-31,739.93,729.25,1.464
HDFCLIFE.NS,2025-11-03,745.45,733.39,1.645
HDFCLIFE.NS,2025-11-04,746.93,739.81,0.962
HDFCLIFE.NS,2025-11-06,750.75,733.44,2.361
HDFCLIFE.NS,2025-11-07,749.71,746.59,0.418
HDFCLIFE.NS,2025-11-10,755.87,748.03,1.048
HDFCLIFE.NS,2025-11-11,757.32,761.19,0.508
HDFCLIFE.NS,2025-11-12,760.74,780.32,2.509
HDFCLIFE.NS,2025-11-13,760.72,779.42,2.399
HDFCLIFE.NS,2025-11-14,759.32,770.95,1.509
HDFCLIFE.NS,2025-11-17,763.85,767.51,0.477
HDFCLIFE.NS,2025-11-18,764.61,759.09,0.727
HDFCLIFE.NS,2025-11-19,767.31,758.4,1.175
HDFCLIFE.NS,2025-11-20,766.53,759.49,0.927
HDFCLIFE.NS,2025-11-21,764.34,761.29,0.401
HDFCLIFE.NS,2025-11-24,766.53,758.95,0.999
HDFCLIFE.NS,2025-11-25,766.56,763.83,0.358
HDFCLIFE.NS,2025-11-26,768.55,784.75,2.065
HDFCLIFE.NS,2025-11-27,767.12,775.04,1.022
HDFCLIFE.NS,2025-11-28,764.33,761.59,0.36
HDFCLIFE.NS,2025-12-01,765.07,764.03,0.137
HDFCLIFE.NS,2025-12-02,764.74,756.3,1.115
HDFCLIFE.NS,2025-12-03,766.44,749.28,2.29
HDFCLIFE.NS,2025-12-04,764.76,758.1,0.879
HDFCLIFE.NS,2025-12-05,761.79,765.57,0.494
HDFCLIFE.NS,2025-12-08,762.27,761.34,0.123
HDFCLIFE.NS,2025-12-09,761.92,760.19,0.227
HDFCLIFE.NS,2025-12-10,763.63,768.31,0.609
HDFCLIFE.NS,2025-12-11,761.99,772.45,1.354
HDFCLIFE.NS,2025-12-12,759.07,774.74,2.022
HDFCLIFE.NS,2025-12-15,759.72,769.96,1.329
HDFCLIFE.NS,2025-12-16,759.43,761.64,0.29
HDFCLIFE.NS,2025-12-17,761.19,750.82,1.381
HDFCLIFE.NS,2025-12-18,759.59,754.31,0.7
HDFCLIFE.NS,2025-12-19,756.7,763.73,0.92
HDFCLIFE.NS,2025-12-22,757.37,759.09,0.227
HDFCLIFE.NS,2025-12-23,757.07,761.24,0.547
HDFCLIFE.NS,2025-12-24,758.81,752.67,0.816
HDFCLIFE.NS,2025-12-26,754.25,745.79,1.134
HDFCLIFE.NS,2025-12-29,754.76,743.8,1.474
HDFCLIFE.NS,2025-12-30,754.38,740.36,1.893
HDFCLIFE.NS,2025-12-31,756.03,747.19,1.184
HDFCLIFE.NS,2026-01-01,754.3,747.44,0.918
HDFCLIFE.NS,2026-01-02,751.25,752.17,0.122
HDFCLIFE.NS,2026-01-05,751.25,756.6,0.708
HDFCLIFE.NS,2026-01-06,750.65,775.09,3.153
HDFCLIFE.NS,2026-01-07,752.03,769.61,2.284
HDFCLIFE.NS,2026-01-08,749.99,755.46,0.724
HDFCLIFE.NS,2026-01-09,746.58,747.24,0.088
HDFCLIFE.NS,2026-01-12,745.24,751.97,0.895
HDFCLIFE.NS,2026-01-13,744.1,745.84,0.234
HDFCLIFE.NS,2026-01-14,744.9,740.56,0.586
HDFCLIFE.NS,2026-01-15,742.24,740.56,0.227
HDFCLIFE.NS,2026-01-16,738.18,729.95,1.128
HDFCLIFE.NS,2026-01-19,734.83,734.18,0.088
HDFCLIFE.NS,2026-01-20,733.03,729.5,0.484
HDFCLIFE.NS,2026-01-21,733.22,721.78,1.585
HDFCLIFE.NS,2026-01-22,729.99,722.52,1.033
HDFCLIFE.NS,2026-01-23,725.44,709.57,2.236
HDFCLIFE.NS,2026-01-27,719.28,717.49,0.249
HDFCLIFE.NS,2026-01-28,719.53,726.01,0.893
HDFCLIFE.NS,2026-01-29,716.52,724.52,1.104
HDFCLIFE.NS,2026-01-30,712.35,728.4,2.204
HDFCLIFE.NS,2026-02-02,710.17,714.95,0.669
HDFCLIFE.NS,2026-02-03,709.32,717.59,1.153
HDFCLIFE.NS,2026-02-04,710.72,719.93,1.28
HDFCLIFE.NS,2026-02-05,708.99,718.14,1.274
HDFCLIFE.NS,2026-02-06,706.2,701.0,0.742
HDFCLIFE.NS,2026-02-09,708.52,705.39,0.444
HDFCLIFE.NS,2026-02-10,709.18,701.45,1.102
HDFCLIFE.NS,2026-02-11,712.05,698.61,1.924
HDFCLIFE.NS,2026-02-12,711.71,700.2,1.643
HDFCLIFE.NS,2026-02-13,710.17,694.33,2.282
HDFCLIFE.NS,2026-02-16,715.2,701.4,1.967
HDFCLIFE.NS,2026-02-17,716.29,703.29,1.848
HDFCLIFE.NS,2026-02-18,719.31,727.01,1.059
HDFCLIFE.NS,2026-02-19,718.82,730.55,1.605
HDFCLIFE.NS,2026-02-20,716.81,726.06,1.274
HDFCLIFE.NS,2026-02-23,718.44,739.81,2.889
HDFCLIFE.NS,2026-02-24,717.74,732.14,1.967
HDFCLIFE.NS,2026-02-25,718.68,732.64,1.905
HDFCLIFE.NS,2026-02-26,715.81,731.39,2.131
HDFCLIFE.NS,2026-02-27,711.19,712.76,0.22
HDFCLIFE.NS,2026-03-02,703.86,704.79,0.132
HDFCLIFE.NS,2026-03-04,697.68,682.17,2.274
HDFCLIFE.NS,2026-03-05,691.62,681.87,1.43
HDFCLIFE.NS,2026-03-06,683.9,666.18,2.661
HDFCLIFE.NS,2026-03-09,668.37,651.43,2.601
HDFCLIFE.NS,2026-03-10,662.28,653.77,1.302
HDFCLIFE.NS,2026-03-11,658.14,645.6,1.943
HDFCLIFE.NS,2026-03-12,650.62,643.41,1.121
HDFCLIFE.NS,2026-03-13,641.84,623.53,2.937
HDFCLIFE.NS,2026-03-16,625.77,623.78,0.32
HDFCLIFE.NS,2026-03-17,620.4,640.02,3.065
HDFCLIFE.NS,2026-03-18,617.42,641.07,3.688
HDFCLIFE.NS,2026-03-19,611.47,631.25,3.133
HDFCLIFE.NS,2026-03-20,604.66,621.44,2.699
HDFCLIFE.NS,2026-03-23,596.43,590.0,1.09
HDFCLIFE.NS,2026-03-24,594.17,600.86,1.113
HDFCLIFE.NS,2026-03-25,594.44,610.72,2.666
HDFCLIFE.NS,2026-03-27,588.42,608.03,3.226
HDFCLIFE.NS,2026-03-30,589.97,588.5,0.249
HDFCLIFE.NS,2026-04-01,593.64,570.92,3.98
HDFCLIFE.NS,2026-04-02,593.47,564.09,5.208
HDFCLIFE.NS,2026-04-06,598.0,578.34,3.4
HDFCLIFE.NS,2026-04-07,599.38,579.63,3.407
HDFCLIFE.NS,2026-04-08,602.72,596.18,1.098
HDFCLIFE.NS,2026-04-09,602.56,589.1,2.285
HDFCLIFE.NS,2026-04-10,600.96,602.0,0.173
HDFCLIFE.NS,2026-04-13,604.32,616.9,2.039
HDFCLIFE.NS,2026-04-15,606.53,638.18,4.959
HDFCLIFE.NS,2026-04-16,605.0,629.26,3.855
HDFCLIFE.NS,2026-04-17,602.0,614.26,1.996
HDFCLIFE.NS,2026-04-20,601.57,607.58,0.99
HDFCLIFE.NS,2026-04-21,600.75,612.02,1.841
HDFCLIFE.NS,2026-04-22,601.97,601.9,0.011
HDFCLIFE.NS,2026-04-23,599.84,596.52,0.556
HDFCLIFE.NS,2026-04-24,596.47,586.11,1.767
HDFCLIFE.NS,2026-04-27,596.41,595.18,0.207
HDFCLIFE.NS,2026-04-28,596.19,588.05,1.384
HDFCLIFE.NS,2026-04-29,598.21,592.29,1.0
HDFCLIFE.NS,2026-04-30,597.07,584.82,2.095
HDFCLIFE.NS,2026-05-01,594.84,584.82,1.714
HDFCLIFE.NS,2026-05-04,598.73,586.26,2.127
HDFCLIFE.NS,2026-05-05,599.86,591.99,1.329
HDFCLIFE.NS,2026-05-06,603.17,604.2,0.17
HDFCLIFE.NS,2026-05-07,603.22,623.18,3.203
HDFCLIFE.NS,2026-05-08,602.04,619.49,2.817
HDFCLIFE.NS,2026-05-11,607.87,620.49,2.034
HDFCLIFE.NS,2026-05-12,609.14,599.66,1.58
HDFCLIFE.NS,2026-05-13,612.32,600.66,1.941
HDFCLIFE.NS,2026-05-14,611.95,610.37,0.258
HDFCLIFE.NS,2026-05-15,610.07,606.54,0.582
HDFCLIFE.NS,2026-05-18,612.16,602.8,1.552
HDFCLIFE.NS,2026-05-19,611.73,608.23,0.575
HDFCLIFE.NS,2026-05-20,613.02,602.95,1.67
HDFCLIFE.NS,2026-05-21,610.63,612.17,0.251
HDFCLIFE.NS,2026-05-22,606.63,614.41,1.266
HDFCLIFE.NS,2026-05-25,602.3,617.8,2.509
HDFCLIFE.NS,2026-05-26,599.88,616.65,2.72
HDFCLIFE.NS,2026-05-27,599.32,607.43,1.336
HDFCLIFE.NS,2026-05-28,595.28,607.43,2.001
HDFCLIFE.NS,2026-05-29,589.86,592.69,0.477
HDFCLIFE.NS,2026-06-01,583.02,584.47,0.248
HDFCLIFE.NS,2026-06-02,580.4,577.84,0.443
HDFCLIFE.NS,2026-06-03,580.0,572.36,1.335
HDFCLIFE.NS,2026-06-04,576.44,571.71,0.827
HDFCLIFE.NS,2026-06-05,571.85,573.26,0.245
HDFCLIFE.NS,2026-06-08,569.22,562.54,1.187
HDFCLIFE.NS,2026-06-09,568.48,558.61,1.767
HDFCLIFE.NS,2026-06-10,570.13,547.6,4.115
HDFCLIFE.NS,2026-06-11,568.75,543.31,4.682
HDFCLIFE.NS,2026-06-12,566.4,553.38,2.353
HDFCLIFE.NS,2026-06-15,570.4,579.14,1.508
HDFCLIFE.NS,2026-06-16,571.65,572.36,0.124
HDFCLIFE.NS,2026-06-17,575.11,579.73,0.798
HDFCLIFE.NS,2026-06-18,575.3,589.2,2.359
HDFCLIFE.NS,2026-06-19,574.25,591.85,2.974
HDFCLIFE.NS,2026-06-22,580.2,597.15,2.838
HDFCLIFE.NS,2026-06-23,581.41,597.45,2.685
HDFCLIFE.NS,2026-06-24,584.45,591.75,1.234
HDFCLIFE.NS,2026-06-25,583.88,585.45,0.268
HDFCLIFE.NS,2026-06-26,581.72,585.45,0.637
HDFCLIFE.NS,2026-06-29,582.54,583.25,0.122
HDFCLIFE.NS,2026-06-30,581.56,575.85,0.992
HDFCLIFE.NS,2026-07-01,582.24,569.95,2.156
HDFCLIFE.NS,2026-07-02,579.18,571.35,1.37
HDFCLIFE.NS,2026-07-03,574.46,567.7,1.191
HDFCLIFE.NS,2026-07-06,567.75,564.2,0.629
HDFCLIFE.NS,2026-07-07,564.47,572.45,1.394
HDFCLIFE.NS,2026-07-08,563.03,555.7,1.319
HDFCLIFE.NS,2026-07-09,558.09,551.85,1.131
HDFCLIFE.NS,2026-07-10,551.76,567.7,2.808
HDFCLIFE.NS,2026-07-13,542.09,573.4,5.46
HDFCLIFE.NS,2026-07-14,538.52,555.2,3.004
HDFCLIFE.NS,2026-07-15,537.15,568.75,5.556
HDFCLIFE.NS,2026-07-16,532.64,567.6,6.159
HDFCLIFE.NS,2026-07-17,527.09,563.65,6.486
HDFCLIFE.NS,2026-07-20,521.66,564.65,7.614
HDFCLIFE.NS,2026-07-21,520.04,561.0,7.301
HDFCLIFE.NS,2026-07-22,520.84,553.1,5.833
HDFCLIFE.NS,2026-07-23,518.66,550.95,5.861
HDFCLIFE.NS,2026-07-24,515.58,555.05,7.111
HEROMOTOCO.NS,2025-07-24,4183.57,4158.48,0.603
HEROMOTOCO.NS,2025-07-25,4181.31,4089.66,2.241
HEROMOTOCO.NS,2025-07-28,4232.83,4148.04,2.044
HEROMOTOCO.NS,2025-07-29,4267.51,4181.01,2.069
HEROMOTOCO.NS,2025-07-30,4291.39,4109.57,4.424
HEROMOTOCO.NS,2025-07-31,4301.16,4118.66,4.431
HEROMOTOCO.NS,2025-08-01,4310.83,4167.86,3.43
HEROMOTOCO.NS,2025-08-04,4392.9,4384.68,0.187
HEROMOTOCO.NS,2025-08-05,4435.84,4395.22,0.924
HEROMOTOCO.NS,2025-08-06,4467.02,4325.72,3.267
HEROMOTOCO.NS,2025-08-07,4483.12,4505.32,0.493
HEROMOTOCO.NS,2025-08-08,4498.2,4446.45,1.164
HEROMOTOCO.NS,2025-08-11,4591.61,4410.11,4.116
HEROMOTOCO.NS,2025-08-12,4636.97,4490.34,3.265
HEROMOTOCO.NS,2025-08-13,4670.01,4609.72,1.308
HEROMOTOCO.NS,2025-08-14,4687.51,4551.14,2.996
HEROMOTOCO.NS,2025-08-18,4798.38,4817.84,0.404
HEROMOTOCO.NS,2025-08-19,4843.74,4947.57,2.099
HEROMOTOCO.NS,2025-08-20,4876.6,4964.78,1.776
HEROMOTOCO.NS,2025-08-21,4893.69,4927.17,0.68
HEROMOTOCO.NS,2025-08-22,4909.13,4831.28,1.611
HEROMOTOCO.NS,2025-08-25,4999.83,4894.98,2.142
HEROMOTOCO.NS,2025-08-26,5042.88,4904.26,2.826
HEROMOTOCO.NS,2025-08-28,5086.21,4921.95,3.337
HEROMOTOCO.NS,2025-08-29,5097.18,4918.09,3.642
HEROMOTOCO.NS,2025-09-01,5168.88,5069.18,1.967
HEROMOTOCO.NS,2025-09-02,5203.58,5134.91,1.337
HEROMOTOCO.NS,2025-09-03,5224.12,5170.68,1.034
HEROMOTOCO.NS,2025-09-04,5227.19,5172.61,1.055
HEROMOTOCO.NS,2025-09-05,5226.85,5184.21,0.823
HEROMOTOCO.NS,2025-09-08,5260.1,5261.54,0.027
HEROMOTOCO.NS,2025-09-09,5280.97,5242.69,0.73
HEROMOTOCO.NS,2025-09-10,5287.5,5172.13,2.231
HEROMOTOCO.NS,2025-09-11,5276.6,5125.24,2.953
HEROMOTOCO.NS,2025-09-12,5262.58,5124.76,2.689
HEROMOTOCO.NS,2025-09-15,5259.09,5112.19,2.873
HEROMOTOCO.NS,2025-09-16,5270.0,5138.78,2.554
HEROMOTOCO.NS,2025-09-17,5268.1,5171.64,1.865
HEROMOTOCO.NS,2025-09-18,5250.51,5190.98,1.147
HEROMOTOCO.NS,2025-09-19,5231.71,5227.71,0.077
HEROMOTOCO.NS,2025-09-22,5226.51,5248.49,0.419
HEROMOTOCO.NS,2025-09-23,5241.2,5191.46,0.958
HEROMOTOCO.NS,2025-09-24,5245.2,5101.08,2.825
HEROMOTOCO.NS,2025-09-25,5235.53,5175.99,1.15
HEROMOTOCO.NS,2025-09-26,5226.49,5150.38,1.478
HEROMOTOCO.NS,2025-09-29,5259.2,5123.79,2.643
HEROMOTOCO.NS,2025-09-30,5288.4,5290.06,0.031
HEROMOTOCO.NS,2025-10-01,5307.23,5251.39,1.063
HEROMOTOCO.NS,2025-10-03,5317.57,5365.46,0.893
HEROMOTOCO.NS,2025-10-06,5386.33,5395.43,0.169
HEROMOTOCO.NS,2025-10-07,5424.02,5427.81,0.07
HEROMOTOCO.NS,2025-10-08,5449.03,5328.73,2.258
HEROMOTOCO.NS,2025-10-09,5457.74,5328.24,2.43
HEROMOTOCO.NS,2025-10-10,5463.86,5316.64,2.769
HEROMOTOCO.NS,2025-10-13,5517.61,5373.68,2.679
HEROMOTOCO.NS,2025-10-14,5544.46,5385.76,2.947
HEROMOTOCO.NS,2025-10-15,5555.93,5352.89,3.793
HEROMOTOCO.NS,2025-10-16,5548.62,5393.49,2.876
HEROMOTOCO.NS,2025-10-17,5536.55,5406.06,2.414
HEROMOTOCO.NS,2025-10-20,5526.67,5452.94,1.352
HEROMOTOCO.NS,2025-10-21,5530.87,5458.26,1.33
HEROMOTOCO.NS,2025-10-23,5490.77,5402.19,1.64
HEROMOTOCO.NS,2025-10-24,5458.2,5355.79,1.912
HEROMOTOCO.NS,2025-10-27,5399.73,5458.26,1.072
HEROMOTOCO.NS,2025-10-28,5393.63,5422.49,0.532
HEROMOTOCO.NS,2025-10-29,5375.9,5366.43,0.177
HEROMOTOCO.NS,2025-10-30,5343.98,5331.14,0.241
HEROMOTOCO.NS,2025-10-31,5312.67,5359.18,0.868
HEROMOTOCO.NS,2025-11-03,5283.25,5354.34,1.328
HEROMOTOCO.NS,2025-11-04,5295.01,5132.01,3.176
HEROMOTOCO.NS,2025-11-06,5291.93,5148.44,2.787
HEROMOTOCO.NS,2025-11-07,5288.53,5119.44,3.303
HEROMOTOCO.NS,2025-11-10,5355.12,5180.83,3.364
HEROMOTOCO.NS,2025-11-11,5400.89,5236.89,3.132
HEROMOTOCO.NS,2025-11-12,5438.66,5349.51,1.667
HEROMOTOCO.NS,2025-11-13,5464.8,5324.86,2.628
HEROMOTOCO.NS,2025-11-14,5492.99,5353.86,2.599
HEROMOTOCO.NS,2025-11-17,5638.88,5605.19,0.601
HEROMOTOCO.NS,2025-11-18,5704.03,5606.16,1.746
HEROMOTOCO.NS,2025-11-19,5756.86,5680.59,1.343
HEROMOTOCO.NS,2025-11-20,5793.42,5799.49,0.105
HEROMOTOCO.NS,2025-11-21,5827.12,5802.39,0.426
HEROMOTOCO.NS,2025-11-24,5959.18,5782.57,3.054
HEROMOTOCO.NS,2025-11-25,6009.82,5878.76,2.229
HEROMOTOCO.NS,2025-11-26,6043.55,5931.92,1.882
HEROMOTOCO.NS,2025-11-27,6056.78,5945.94,1.864
HEROMOTOCO.NS,2025-11-28,6063.38,5968.66,1.587
HEROMOTOCO.NS,2025-12-01,6097.1,6085.62,0.189
HEROMOTOCO.NS,2025-12-02,6111.38,6061.46,0.824
HEROMOTOCO.NS,2025-12-03,6108.11,6004.42,1.727
HEROMOTOCO.NS,2025-12-04,6084.41,6128.64,0.722
HEROMOTOCO.NS,2025-12-05,6054.82,6138.79,1.368
HEROMOTOCO.NS,2025-12-08,5990.85,5961.41,0.494
HEROMOTOCO.NS,2025-12-09,5978.07,5800.94,3.053
HEROMOTOCO.NS,2025-12-10,5951.27,5747.29,3.549
HEROMOTOCO.NS,2025-12-11,5907.89,5780.16,2.21
HEROMOTOCO.NS,2025-12-12,5862.73,5761.31,1.76
HEROMOTOCO.NS,2025-12-15,5777.67,5760.82,0.292
HEROMOTOCO.NS,2025-12-16,5766.27,5748.26,0.313
HEROMOTOCO.NS,2025-12-17,5744.73,5623.07,2.164
HEROMOTOCO.NS,2025-12-18,5710.2,5556.86,2.76
HEROMOTOCO.NS,2025-12-19,5677.1,5588.27,1.589
HEROMOTOCO.NS,2025-12-22,5642.78,5509.49,2.419
HEROMOTOCO.NS,2025-12-23,5651.39,5552.51,1.781
HEROMOTOCO.NS,2025-12-24,5650.5,5508.52,2.577
HEROMOTOCO.NS,2025-12-26,5623.83,5449.08,3.207
HEROMOTOCO.NS,2025-12-29,5642.57,5380.44,4.872
HEROMOTOCO.NS,2025-12-30,5664.96,5520.61,2.615
HEROMOTOCO.NS,2025-12-31,5675.35,5578.61,1.734
HEROMOTOCO.NS,2026-01-01,5670.13,5646.76,0.414
HEROMOTOCO.NS,2026-01-02,5663.06,5735.21,1.258
HEROMOTOCO.NS,2026-01-05,5682.16,5785.96,1.794
HEROMOTOCO.NS,2026-01-06,5699.35,5799.97,1.735
HEROMOTOCO.NS,2026-01-07,5702.24,5781.61,1.373
HEROMOTOCO.NS,2026-01-08,5687.51,5654.97,0.575
HEROMOTOCO.NS,2026-01-09,5669.25,5580.54,1.59
HEROMOTOCO.NS,2026-01-12,5648.77,5535.59,2.045
HEROMOTOCO.NS,2026-01-13,5652.16,5543.32,1.963
HEROMOTOCO.NS,2026-01-14,5641.66,5487.26,2.814
HEROMOTOCO.NS,2026-01-15,5614.33,5487.26,2.316
HEROMOTOCO.NS,2026-01-16,5584.67,5463.09,2.225
HEROMOTOCO.NS,2026-01-19,5540.2,5570.39,0.542
HEROMOTOCO.NS,2026-01-20,5539.79,5394.46,2.694
HEROMOTOCO.NS,2026-01-21,5527.83,5353.86,3.249
HEROMOTOCO.NS,2026-01-22,5501.46,5305.53,3.693
HEROMOTOCO.NS,2026-01-23,5475.15,5204.51,5.2
HEROMOTOCO.NS,2026-01-27,5465.41,5200.64,5.091
HEROMOTOCO.NS,2026-01-28,5466.65,5328.73,2.588
HEROMOTOCO.NS,2026-01-29,5454.69,5393.98,1.126
HEROMOTOCO.NS,2026-01-30,5443.66,5349.51,1.76
HEROMOTOCO.NS,2026-02-02,5470.24,5435.54,0.638
HEROMOTOCO.NS,2026-02-03,5496.78,5570.87,1.33
HEROMOTOCO.NS,2026-02-04,5512.42,5656.42,2.546
HEROMOTOCO.NS,2026-02-05,5513.7,5573.77,1.078
HEROMOTOCO.NS,2026-02-06,5514.48,5561.69,0.849
HEROMOTOCO.NS,2026-02-09,5565.77,5564.59,0.021
HEROMOTOCO.NS,2026-02-10,5596.5,5561.69,0.626
HEROMOTOCO.NS,2026-02-11,5614.2,5600.13,0.251
HEROMOTOCO.NS,2026-02-12,5615.38,5649.89,0.611
HEROMOTOCO.NS,2026-02-13,5613.97,5503.05,2.016
HEROMOTOCO.NS,2026-02-16,5647.19,5412.39,4.338
HEROMOTOCO.NS,2026-02-17,5668.61,5496.16,3.138
HEROMOTOCO.NS,2026-02-18,5675.68,5510.94,2.989
HEROMOTOCO.NS,2026-02-19,5665.17,5336.01,6.169
HEROMOTOCO.NS,2026-02-20,5651.23,5385.78,4.929
HEROMOTOCO.NS,2026-02-23,5644.35,5408.94,4.352
HEROMOTOCO.NS,2026-02-24,5652.36,5431.11,4.074
HEROMOTOCO.NS,2026-02-25,5646.36,5654.33,0.141
HEROMOTOCO.NS,2026-02-26,5623.3,5703.11,1.399
HEROMOTOCO.NS,2026-02-27,5597.5,5627.23,0.528
HEROMOTOCO.NS,2026-03-02,5560.4,5510.45,0.907
HEROMOTOCO.NS,2026-03-04,5547.45,5420.27,2.346
HEROMOTOCO.NS,2026-03-05,5518.55,5507.49,0.201
HEROMOTOCO.NS,2026-03-06,5487.98,5432.59,1.02
HEROMOTOCO.NS,2026-03-09,5442.45,5400.56,0.776
HEROMOTOCO.NS,2026-03-10,5441.34,5628.71,3.329
HEROMOTOCO.NS,2026-03-11,5428.05,5494.18,1.204
HEROMOTOCO.NS,2026-03-12,5399.43,5316.3,1.564
HEROMOTOCO.NS,2026-03-13,5369.68,5130.53,4.661
HEROMOTOCO.NS,2026-03-16,5329.15,5201.98,2.445
HEROMOTOCO.NS,2026-03-17,5330.33,5277.37,1.003
HEROMOTOCO.NS,2026-03-18,5319.55,5347.34,0.52
HEROMOTOCO.NS,2026-03-19,5293.63,5097.52,3.847
HEROMOTOCO.NS,2026-03-20,5266.76,5199.03,1.303
HEROMOTOCO.NS,2026-03-23,5235.85,4991.58,4.894
HEROMOTOCO.NS,2026-03-24,5240.59,5176.85,1.231
HEROMOTOCO.NS,2026-03-25,5233.57,5212.82,0.398
HEROMOTOCO.NS,2026-03-27,5189.01,5068.45,2.379
HEROMOTOCO.NS,2026-03-30,5172.37,4989.61,3.663
HEROMOTOCO.NS,2026-04-01,5180.93,5047.75,2.638
HEROMOTOCO.NS,2026-04-02,5164.76,4938.85,4.574
HEROMOTOCO.NS,2026-04-06,5149.81,5029.52,2.392
HEROMOTOCO.NS,2026-04-07,5165.92,4977.78,3.78
HEROMOTOCO.NS,2026-04-08,5170.36,5210.85,0.777
HEROMOTOCO.NS,2026-04-09,5159.86,5207.4,0.913
HEROMOTOCO.NS,2026-04-10,5148.5,5387.26,4.432
HEROMOTOCO.NS,2026-04-13,5163.35,5170.94,0.147
HEROMOTOCO.NS,2026-04-15,5189.47,5210.85,0.41
HEROMOTOCO.NS,2026-04-16,5180.64,5084.71,1.887
HEROMOTOCO.NS,2026-04-17,5170.15,5154.68,0.3
HEROMOTOCO.NS,2026-04-20,5182.8,5205.92,0.444
HEROMOTOCO.NS,2026-04-21,5199.77,5182.77,0.328
HEROMOTOCO.NS,2026-04-22,5203.67,5113.78,1.758
HEROMOTOCO.NS,2026-04-23,5191.22,4959.06,4.682
HEROMOTOCO.NS,2026-04-24,5176.56,4889.58,5.869
HEROMOTOCO.NS,2026-04-27,5174.34,4969.9,4.114
HEROMOTOCO.NS,2026-04-28,5185.91,4994.53,3.832
HEROMOTOCO.NS,2026-04-29,5184.37,5040.36,2.857
HEROMOTOCO.NS,2026-04-30,5166.55,5025.08,2.815
HEROMOTOCO.NS,2026-05-01,5146.68,5025.08,2.42
HEROMOTOCO.NS,2026-05-04,5130.71,4993.06,2.757
HEROMOTOCO.NS,2026-05-05,5138.56,5034.94,2.058
HEROMOTOCO.NS,2026-05-06,5133.79,5095.06,0.76
HEROMOTOCO.NS,2026-05-07,5113.28,5265.55,2.892
HEROMOTOCO.NS,2026-05-08,5091.27,5244.85,2.928
HEROMOTOCO.NS,2026-05-11,5071.95,5152.71,1.567
HEROMOTOCO.NS,2026-05-12,5079.6,5008.82,1.413
HEROMOTOCO.NS,2026-05-13,5075.02,4922.59,3.097
HEROMOTOCO.NS,2026-05-14,5055.0,5003.4,1.031
HEROMOTOCO.NS,2026-05-15,5033.74,4991.08,0.855
HEROMOTOCO.NS,2026-05-18,5017.44,4885.14,2.708
HEROMOTOCO.NS,2026-05-19,5026.16,4934.91,1.849
HEROMOTOCO.NS,2026-05-20,5022.57,4895.98,2.586
HEROMOTOCO.NS,2026-05-21,5003.46,4897.46,2.164
HEROMOTOCO.NS,2026-05-22,4982.96,4894.01,1.817
HEROMOTOCO.NS,2026-05-25,4968.11,4906.82,1.249
HEROMOTOCO.NS,2026-05-26,4977.06,4910.77,1.35
HEROMOTOCO.NS,2026-05-27,4973.63,5001.43,0.556
HEROMOTOCO.NS,2026-05-28,4954.65,5001.43,0.935
HEROMOTOCO.NS,2026-05-29,4934.31,4831.93,2.119
HEROMOTOCO.NS,2026-06-01,4920.72,4750.03,3.593
HEROMOTOCO.NS,2026-06-02,4930.56,4804.33,2.627
HEROMOTOCO.NS,2026-06-03,4928.36,4770.73,3.304
HEROMOTOCO.NS,2026-06-04,4911.0,4811.53,2.067
HEROMOTOCO.NS,2026-06-05,4892.7,4764.91,2.682
HEROMOTOCO.NS,2026-06-08,4887.98,4706.27,3.861
HEROMOTOCO.NS,2026-06-09,4901.69,4785.02,2.438
HEROMOTOCO.NS,2026-06-10,4903.75,4786.3,2.454
HEROMOTOCO.NS,2026-06-11,4890.99,4766.09,2.621
HEROMOTOCO.NS,2026-06-12,4877.57,4890.66,0.268
HEROMOTOCO.NS,2026-06-15,4888.17,4951.17,1.272
HEROMOTOCO.NS,2026-06-16,4906.84,4958.07,1.033
HEROMOTOCO.NS,2026-06-17,4913.59,4943.68,0.609
HEROMOTOCO.NS,2026-06-18,4905.12,4948.81,0.883
HEROMOTOCO.NS,2026-06-19,4895.47,4902.78,0.149
HEROMOTOCO.NS,2026-06-22,4913.16,4911.46,0.035
HEROMOTOCO.NS,2026-06-23,4932.49,4902.49,0.612
HEROMOTOCO.NS,2026-06-24,4938.94,4826.21,2.336
HEROMOTOCO.NS,2026-06-25,4929.19,4825.13,2.157
HEROMOTOCO.NS,2026-06-26,4917.26,4825.13,1.909
HEROMOTOCO.NS,2026-06-29,4922.5,4743.82,3.767
HEROMOTOCO.NS,2026-06-30,4936.05,4724.8,4.471
HEROMOTOCO.NS,2026-07-01,4936.09,4764.81,3.595
HEROMOTOCO.NS,2026-07-02,4919.44,4796.55,2.562
HEROMOTOCO.NS,2026-07-03,4900.29,4782.26,2.468
HEROMOTOCO.NS,2026-07-06,4883.72,4872.73,0.226
HEROMOTOCO.NS,2026-07-07,4890.59,4922.99,0.658
HEROMOTOCO.NS,2026-07-08,4884.58,4821.87,1.3
HEROMOTOCO.NS,2026-07-09,4862.66,4827.49,0.729
HEROMOTOCO.NS,2026-07-10,4839.21,4877.36,0.782
HEROMOTOCO.NS,2026-07-13,4816.96,4880.31,1.298
HEROMOTOCO.NS,2026-07-14,4824.71,4807.58,0.356
HEROMOTOCO.NS,2026-07-15,4821.05,4805.51,0.323
HEROMOTOCO.NS,2026-07-16,4803.01,4827.0,0.497
HEROMOTOCO.NS,2026-07-17,4784.93,4838.73,1.112
HEROMOTOCO.NS,2026-07-20,4787.27,4905.54,2.411
HEROMOTOCO.NS,2026-07-21,4805.7,4961.13,3.133
HEROMOTOCO.NS,2026-07-22,4813.75,4914.81,2.056
HEROMOTOCO.NS,2026-07-23,4808.27,5098.8,5.698
HINDALCO.NS,2025-07-24,680.23,686.95,0.979
HINDALCO.NS,2025-07-25,674.69,684.83,1.481
HINDALCO.NS,2025-07-28,674.33,680.78,0.947
HINDALCO.NS,2025-07-29,676.31,684.09,1.137
HINDALCO.NS,2025-07-30,681.52,680.24,0.189
HINDALCO.NS,2025-07-31,682.63,674.56,1.197
HINDALCO.NS,2025-08-01,677.67,664.09,2.045
HINDALCO.NS,2025-08-04,679.04,679.15,0.016
HINDALCO.NS,2025-08-05,681.54,678.56,0.439
HINDALCO.NS,2025-08-06,687.2,676.34,1.606
HINDALCO.NS,2025-08-07,688.72,678.26,1.542
HINDALCO.NS,2025-08-08,684.09,669.26,2.216
HINDALCO.NS,2025-08-11,686.04,669.36,2.492
HINDALCO.NS,2025-08-12,688.62,663.59,3.772
HINDALCO.NS,2025-08-13,694.34,696.86,0.362
HINDALCO.NS,2025-08-14,695.88,691.64,0.613
HINDALCO.NS,2025-08-18,693.44,710.44,2.393
HINDALCO.NS,2025-08-19,696.2,703.03,0.972
HINDALCO.NS,2025-08-20,702.17,697.21,0.711
HINDALCO.NS,2025-08-21,704.05,703.63,0.06
HINDALCO.NS,2025-08-22,699.87,700.55,0.096
HINDALCO.NS,2025-08-25,703.88,712.13,1.159
HINDALCO.NS,2025-08-26,707.41,702.04,0.765
HINDALCO.NS,2025-08-28,716.97,697.76,2.753
HINDALCO.NS,2025-08-29,713.69,700.3,1.913
HINDALCO.NS,2025-09-01,720.27,715.87,0.615
HINDALCO.NS,2025-09-02,724.52,717.21,1.019
HINDALCO.NS,2025-09-03,731.95,739.09,0.967
HINDALCO.NS,2025-09-04,735.19,735.21,0.003
HINDALCO.NS,2025-09-05,732.23,739.94,1.042
HINDALCO.NS,2025-09-08,738.68,734.92,0.512
HINDALCO.NS,2025-09-09,742.49,739.04,0.466
HINDALCO.NS,2025-09-10,749.25,739.29,1.347
HINDALCO.NS,2025-09-11,751.64,738.8,1.739
HINDALCO.NS,2025-09-12,747.63,754.12,0.86
HINDALCO.NS,2025-09-15,749.97,749.74,0.031
HINDALCO.NS,2025-09-16,752.18,752.03,0.02
HINDALCO.NS,2025-09-17,757.29,746.21,1.485
HINDALCO.NS,2025-09-18,758.0,746.26,1.574
HINDALCO.NS,2025-09-19,752.33,739.44,1.743
HINDALCO.NS,2025-09-22,750.21,741.83,1.13
HINDALCO.NS,2025-09-23,751.23,742.03,1.24
HINDALCO.NS,2025-09-24,755.35,737.2,2.461
HINDALCO.NS,2025-09-25,755.3,741.78,1.823
HINDALCO.NS,2025-09-26,749.14,739.99,1.237
HINDALCO.NS,2025-09-29,747.25,749.89,0.352
HINDALCO.NS,2025-09-30,748.94,758.0,1.195
HINDALCO.NS,2025-10-01,754.01,761.97,1.045
HINDALCO.NS,2025-10-03,750.49,776.3,3.325
HINDALCO.NS,2025-10-06,754.2,772.67,2.39
HINDALCO.NS,2025-10-07,758.02,763.82,0.759
HINDALCO.NS,2025-10-08,765.29,764.21,0.141
HINDALCO.NS,2025-10-09,768.69,770.08,0.181
HINDALCO.NS,2025-10-10,766.19,769.93,0.486
HINDALCO.NS,2025-10-13,775.84,766.2,1.258
HINDALCO.NS,2025-10-14,781.29,756.16,3.324
HINDALCO.NS,2025-10-15,789.96,760.28,3.903
HINDALCO.NS,2025-10-16,794.47,776.05,2.373
HINDALCO.NS,2025-10-17,792.8,768.79,3.123
HINDALCO.NS,2025-10-20,802.98,782.27,2.648
HINDALCO.NS,2025-10-21,807.95,780.88,3.467
HINDALCO.NS,2025-10-23,819.18,788.29,3.919
HINDALCO.NS,2025-10-24,816.09,820.17,0.498
HINDALCO.NS,2025-10-27,820.51,836.49,1.91
HINDALCO.NS,2025-10-28,823.17,844.54,2.531
HINDALCO.NS,2025-10-29,828.58,851.81,2.727
HINDALCO.NS,2025-10-30,829.44,856.88,3.202
HINDALCO.NS,2025-10-31,823.76,843.45,2.334
HINDALCO.NS,2025-11-03,820.56,842.8,2.639
HINDALCO.NS,2025-11-04,820.84,827.09,0.755
HINDALCO.NS,2025-11-06,822.81,784.31,4.909
HINDALCO.NS,2025-11-07,815.26,786.3,3.683
HINDALCO.NS,2025-11-10,807.82,781.13,3.417
HINDALCO.NS,2025-11-11,807.19,789.63,2.224
HINDALCO.NS,2025-11-12,809.71,790.28,2.459
HINDALCO.NS,2025-11-13,808.12,807.74,0.048
HINDALCO.NS,2025-11-14,800.45,799.48,0.121
HINDALCO.NS,2025-11-17,794.12,802.96,1.101
HINDALCO.NS,2025-11-18,794.31,793.01,0.164
HINDALCO.NS,2025-11-19,797.86,786.85,1.4
HINDALCO.NS,2025-11-20,797.47,795.65,0.229
HINDALCO.NS,2025-11-21,791.17,773.66,2.263
HINDALCO.NS,2025-11-24,789.69,770.63,2.473
HINDALCO.NS,2025-11-25,791.68,785.25,0.818
HINDALCO.NS,2025-11-26,797.09,796.64,0.056
HINDALCO.NS,2025-11-27,798.59,803.36,0.594
HINDALCO.NS,2025-11-28,794.19,804.2,1.245
HINDALCO.NS,2025-12-01,798.37,806.59,1.019
HINDALCO.NS,2025-12-02,802.16,802.66,0.063
HINDALCO.NS,2025-12-03,809.3,812.06,0.34
HINDALCO.NS,2025-12-04,812.46,806.59,0.727
HINDALCO.NS,2025-12-05,809.62,818.98,1.143
HINDALCO.NS,2025-12-08,817.82,815.2,0.322
HINDALCO.NS,2025-12-09,822.7,808.68,1.734
HINDALCO.NS,2025-12-10,830.8,817.49,1.629
HINDALCO.NS,2025-12-11,834.77,820.07,1.792
HINDALCO.NS,2025-12-12,832.61,847.68,1.778
HINDALCO.NS,2025-12-15,841.97,843.45,0.175
HINDALCO.NS,2025-12-16,846.97,832.81,1.701
HINDALCO.NS,2025-12-17,855.06,844.4,1.263
HINDALCO.NS,2025-12-18,858.9,852.25,0.78
HINDALCO.NS,2025-12-19,856.5,847.58,1.053
HINDALCO.NS,2025-12-22,864.66,860.06,0.534
HINDALCO.NS,2025-12-23,869.15,859.37,1.138
HINDALCO.NS,2025-12-24,876.69,859.96,1.945
HINDALCO.NS,2025-12-26,877.06,868.37,1.001
HINDALCO.NS,2025-12-29,883.89,860.51,2.717
HINDALCO.NS,2025-12-30,888.08,879.56,0.968
HINDALCO.NS,2025-12-31,895.42,882.1,1.51
HINDALCO.NS,2026-01-01,898.63,890.31,0.935
HINDALCO.NS,2026-01-02,895.72,920.9,2.734
HINDALCO.NS,2026-01-05,903.29,926.86,2.544
HINDALCO.NS,2026-01-06,907.94,937.36,3.139
HINDALCO.NS,2026-01-07,915.83,933.58,1.901
HINDALCO.NS,2026-01-08,919.65,899.26,2.268
HINDALCO.NS,2026-01-09,917.4,896.27,2.357
HINDALCO.NS,2026-01-12,927.0,915.37,1.27
HINDALCO.NS,2026-01-13,932.23,931.44,0.085
HINDALCO.NS,2026-01-14,940.6,950.39,1.03
HINDALCO.NS,2026-01-15,944.77,950.39,0.592
HINDALCO.NS,2026-01-16,942.71,929.8,1.389
HINDALCO.NS,2026-01-19,951.58,935.07,1.765
HINDALCO.NS,2026-01-20,956.06,923.28,3.55
HINDALCO.NS,2026-01-21,963.41,934.33,3.113
HINDALCO.NS,2026-01-22,966.27,939.55,2.844
HINDALCO.NS,2026-01-23,962.61,945.37,1.824
HINDALCO.NS,2026-01-27,966.95,956.86,1.055
HINDALCO.NS,2026-01-28,971.51,993.02,2.166
HINDALCO.NS,2026-01-29,971.44,1018.74,4.643
HINDALCO.NS,2026-01-30,964.76,957.6,0.747
HINDALCO.NS,2026-02-02,958.1,925.67,3.503
HINDALCO.NS,2026-02-03,957.12,950.34,0.713
HINDALCO.NS,2026-02-04,959.0,959.94,0.098
HINDALCO.NS,2026-02-05,956.49,930.6,2.783
HINDALCO.NS,2026-02-06,947.66,937.66,1.067
HINDALCO.NS,2026-02-09,936.77,959.25,2.343
HINDALCO.NS,2026-02-10,935.22,963.87,2.973
HINDALCO.NS,2026-02-11,936.99,960.94,2.492
HINDALCO.NS,2026-02-12,934.82,959.4,2.562
HINDALCO.NS,2026-02-13,926.79,904.28,2.489
HINDALCO.NS,2026-02-16,920.79,902.74,1.999
HINDALCO.NS,2026-02-17,921.56,885.48,4.075
HINDALCO.NS,2026-02-18,925.93,894.58,3.504
HINDALCO.NS,2026-02-19,926.56,900.95,2.843
HINDALCO.NS,2026-02-20,921.46,930.84,1.008
HINDALCO.NS,2026-02-23,924.22,911.45,1.402
HINDALCO.NS,2026-02-24,927.65,918.06,1.045
HINDALCO.NS,2026-02-25,934.41,932.54,0.201
HINDALCO.NS,2026-02-26,937.1,936.41,0.073
HINDALCO.NS,2026-02-27,933.65,919.9,1.495
HINDALCO.NS,2026-03-02,938.51,935.12,0.362
HINDALCO.NS,2026-03-04,947.41,917.02,3.314
HINDALCO.NS,2026-03-05,948.63,949.99,0.144
HINDALCO.NS,2026-03-06,943.19,953.92,1.125
HINDALCO.NS,2026-03-09,939.41,940.44,0.11
HINDALCO.NS,2026-03-10,938.93,951.64,1.335
HINDALCO.NS,2026-03-11,941.01,954.12,1.374
HINDALCO.NS,2026-03-12,938.37,964.72,2.731
HINDALCO.NS,2026-03-13,929.08,905.33,2.624
HINDALCO.NS,2026-03-16,914.75,916.37,0.177
HINDALCO.NS,2026-03-17,911.44,931.79,2.184
HINDALCO.NS,2026-03-18,911.2,928.21,1.832
HINDALCO.NS,2026-03-19,906.84,892.39,1.619
HINDALCO.NS,2026-03-20,896.48,869.71,3.078
HINDALCO.NS,2026-03-23,883.49,835.89,5.695
HINDALCO.NS,2026-03-24,882.21,850.21,3.763
HINDALCO.NS,2026-03-25,884.81,864.14,2.392
HINDALCO.NS,2026-03-27,878.03,862.2,1.836
HINDALCO.NS,2026-03-30,881.68,879.86,0.207
HINDALCO.NS,2026-04-01,896.18,899.91,0.414
HINDALCO.NS,2026-04-02,902.29,911.49,1.01
HINDALCO.NS,2026-04-06,926.15,922.64,0.381
HINDALCO.NS,2026-04-07,936.94,949.55,1.328
HINDALCO.NS,2026-04-08,951.26,946.86,0.465
HINDALCO.NS,2026-04-09,961.64,980.53,1.927
HINDALCO.NS,2026-04-10,965.97,986.95,2.126
HINDALCO.NS,2026-04-13,994.06,973.17,2.146
HINDALCO.NS,2026-04-15,1017.84,1006.2,1.157
HINDALCO.NS,2026-04-16,1026.19,1034.5,0.804
HINDALCO.NS,2026-04-17,1027.63,1033.61,0.578
HINDALCO.NS,2026-04-20,1042.76,1009.98,3.245
HINDALCO.NS,2026-04-21,1047.95,1016.35,3.109
HINDALCO.NS,2026-04-22,1055.38,1034.5,2.018
HINDALCO.NS,2026-04-23,1057.78,1035.95,2.108
HINDALCO.NS,2026-04-24,1053.2,1042.91,0.987
HINDALCO.NS,2026-04-27,1051.2,1056.29,0.482
HINDALCO.NS,2026-04-28,1051.43,1068.72,1.618
HINDALCO.NS,2026-04-29,1054.45,1061.66,0.679
HINDALCO.NS,2026-04-30,1053.1,1032.61,1.984
HINDALCO.NS,2026-05-01,1045.49,1032.61,1.247
HINDALCO.NS,2026-05-04,1039.26,1037.29,0.19
HINDALCO.NS,2026-05-05,1039.75,1049.23,0.903
HINDALCO.NS,2026-05-06,1043.86,1040.37,0.335
HINDALCO.NS,2026-05-07,1044.35,1050.22,0.559
HINDALCO.NS,2026-05-08,1039.29,1038.98,0.03
HINDALCO.NS,2026-05-11,1044.05,1018.19,2.54
HINDALCO.NS,2026-05-12,1048.95,1036.0,1.25
HINDALCO.NS,2026-05-13,1057.62,1067.53,0.928
HINDALCO.NS,2026-05-14,1062.72,1097.57,3.176
HINDALCO.NS,2026-05-15,1062.17,1061.96,0.02
HINDALCO.NS,2026-05-18,1078.54,1047.63,2.95
HINDALCO.NS,2026-05-19,1086.29,1042.86,4.165
HINDALCO.NS,2026-05-20,1097.14,1079.87,1.6
HINDALCO.NS,2026-05-21,1103.66,1093.6,0.92
HINDALCO.NS,2026-05-22,1103.72,1103.44,0.025
HINDALCO.NS,2026-05-25,1116.73,1093.89,2.088
HINDALCO.NS,2026-05-26,1121.63,1098.07,2.145
HINDALCO.NS,2026-05-27,1128.82,1143.73,1.304
HINDALCO.NS,2026-05-28,1130.91,1143.73,1.121
HINDALCO.NS,2026-05-29,1125.86,1120.85,0.447
HINDALCO.NS,2026-06-01,1120.4,1135.38,1.319
HINDALCO.NS,2026-06-02,1118.46,1140.35,1.92
HINDALCO.NS,2026-06-03,1118.69,1132.99,1.262
HINDALCO.NS,2026-06-04,1113.82,1119.76,0.53
HINDALCO.NS,2026-06-05,1101.93,1086.93,1.38
HINDALCO.NS,2026-06-08,1077.93,1056.89,1.991
HINDALCO.NS,2026-06-09,1070.83,1071.11,0.026
HINDALCO.NS,2026-06-10,1066.55,1033.91,3.157
HINDALCO.NS,2026-06-11,1057.9,1018.98,3.819
HINDALCO.NS,2026-06-12,1043.02,1016.3,2.629
HINDALCO.NS,2026-06-15,1015.0,1008.64,0.631
HINDALCO.NS,2026-06-16,1008.22,977.3,3.164
HINDALCO.NS,2026-06-17,1005.06,1002.67,0.238
HINDALCO.NS,2026-06-18,998.27,1003.27,0.498
HINDALCO.NS,2026-06-19,985.93,1004.76,1.874
HINDALCO.NS,2026-06-22,968.89,1008.94,3.969
HINDALCO.NS,2026-06-23,966.6,981.68,1.536
HINDALCO.NS,2026-06-24,968.16,971.53,0.347
HINDALCO.NS,2026-06-25,966.26,948.25,1.899
HINDALCO.NS,2026-06-26,958.86,948.25,1.119
HINDALCO.NS,2026-06-29,956.07,958.8,0.285
HINDALCO.NS,2026-06-30,958.08,951.64,0.677
HINDALCO.NS,2026-07-01,963.6,934.82,3.078
HINDALCO.NS,2026-07-02,965.28,944.27,2.225
HINDALCO.NS,2026-07-03,961.03,948.25,1.347
HINDALCO.NS,2026-07-06,964.99,975.31,1.058
HINDALCO.NS,2026-07-07,968.32,964.47,0.399
HINDALCO.NS,2026-07-08,974.74,966.61,0.841
HINDALCO.NS,2026-07-09,976.91,958.45,1.926
HINDALCO.NS,2026-07-10,972.78,967.45,0.551
HINDALCO.NS,2026-07-13,975.34,966.85,0.878
HINDALCO.NS,2026-07-14,977.78,974.3,0.357
HINDALCO.NS,2026-07-15,983.19,955.8,2.866
HINDALCO.NS,2026-07-16,984.27,959.3,2.603
HINDALCO.NS,2026-07-17,979.03,944.15,3.694
HINDALCO.NS,2026-07-20,978.53,947.8,3.242
HINDALCO.NS,2026-07-21,980.15,951.4,3.022
HINDALCO.NS,2026-07-22,984.89,950.0,3.673
HINDALCO.NS,2026-07-23,985.44,955.65,3.117
HINDALCO.NS,2026-07-24,979.85,942.8,3.93
HINDUNILVR.NS,2025-07-24,2423.52,2394.43,1.215
HINDUNILVR.NS,2025-07-25,2427.05,2372.43,2.302
HINDUNILVR.NS,2025-07-28,2432.05,2398.16,1.413
HINDUNILVR.NS,2025-07-29,2437.47,2409.95,1.142
HINDUNILVR.NS,2025-07-30,2440.29,2394.04,1.932
HINDUNILVR.NS,2025-07-31,2437.23,2476.35,1.58
HINDUNILVR.NS,2025-08-01,2442.47,2508.27,2.623
HINDUNILVR.NS,2025-08-04,2452.91,2498.45,1.823
HINDUNILVR.NS,2025-08-05,2460.25,2489.61,1.179
HINDUNILVR.NS,2025-08-06,2465.04,2490.49,1.022
HINDUNILVR.NS,2025-08-07,2464.0,2472.71,0.352
HINDUNILVR.NS,2025-08-08,2471.29,2454.15,0.698
HINDUNILVR.NS,2025-08-11,2488.1,2473.6,0.586
HINDUNILVR.NS,2025-08-12,2497.59,2439.61,2.377
HINDUNILVR.NS,2025-08-13,2504.49,2450.71,2.194
HINDUNILVR.NS,2025-08-14,2505.53,2436.47,2.834
HINDUNILVR.NS,2025-08-18,2536.83,2522.41,0.572
HINDUNILVR.NS,2025-08-19,2547.65,2558.46,0.423
HINDUNILVR.NS,2025-08-20,2555.63,2622.3,2.543
HINDUNILVR.NS,2025-08-21,2557.41,2600.89,1.672
HINDUNILVR.NS,2025-08-22,2567.1,2583.11,0.62
HINDUNILVR.NS,2025-08-25,2587.71,2584.78,0.113
HINDUNILVR.NS,2025-08-26,2597.08,2644.7,1.801
HINDUNILVR.NS,2025-08-28,2602.31,2607.18,0.187
HINDUNILVR.NS,2025-08-29,2608.9,2612.48,0.137
HINDUNILVR.NS,2025-09-01,2616.94,2602.36,0.56
HINDUNILVR.NS,2025-09-02,2621.1,2629.38,0.315
HINDUNILVR.NS,2025-09-03,2621.44,2617.29,0.158
HINDUNILVR.NS,2025-09-04,2614.66,2619.16,0.172
HINDUNILVR.NS,2025-09-05,2614.91,2586.55,1.096
HINDUNILVR.NS,2025-09-08,2602.88,2577.22,0.996
HINDUNILVR.NS,2025-09-09,2600.32,2595.0,0.205
HINDUNILVR.NS,2025-09-10,2594.09,2596.47,0.092
HINDUNILVR.NS,2025-09-11,2581.0,2575.35,0.219
HINDUNILVR.NS,2025-09-12,2575.31,2534.59,1.606
HINDUNILVR.NS,2025-09-15,2548.63,2535.08,0.534
HINDUNILVR.NS,2025-09-16,2542.56,2534.99,0.299
HINDUNILVR.NS,2025-09-17,2533.63,2523.98,0.382
HINDUNILVR.NS,2025-09-18,2518.7,2540.78,0.869
HINDUNILVR.NS,2025-09-19,2512.06,2514.06,0.08
HINDUNILVR.NS,2025-09-22,2488.15,2526.44,1.516
HINDUNILVR.NS,2025-09-23,2484.81,2477.33,0.302
HINDUNILVR.NS,2025-09-24,2479.46,2504.14,0.986
HINDUNILVR.NS,2025-09-25,2468.88,2493.14,0.973
HINDUNILVR.NS,2025-09-26,2467.29,2467.11,0.007
HINDUNILVR.NS,2025-09-29,2461.62,2453.46,0.333
HINDUNILVR.NS,2025-09-30,2464.98,2469.67,0.19
HINDUNILVR.NS,2025-10-01,2466.41,2491.08,0.99
HINDUNILVR.NS,2025-10-03,2467.5,2499.63,1.285
HINDUNILVR.NS,2025-10-06,2478.86,2496.58,0.71
HINDUNILVR.NS,2025-10-07,2486.64,2472.42,0.575
HINDUNILVR.NS,2025-10-08,2491.69,2455.62,1.469
HINDUNILVR.NS,2025-10-09,2490.58,2472.81,0.719
HINDUNILVR.NS,2025-10-10,2497.32,2483.91,0.54
HINDUNILVR.NS,2025-10-13,2508.16,2448.45,2.439
HINDUNILVR.NS,2025-10-14,2513.82,2457.78,2.28
HINDUNILVR.NS,2025-10-15,2515.83,2474.19,1.683
HINDUNILVR.NS,2025-10-16,2510.83,2515.93,0.203
HINDUNILVR.NS,2025-10-17,2512.93,2557.38,1.738
HINDUNILVR.NS,2025-10-20,2506.48,2548.24,1.639
HINDUNILVR.NS,2025-10-21,2505.69,2545.59,1.568
HINDUNILVR.NS,2025-10-23,2489.69,2555.32,2.568
HINDUNILVR.NS,2025-10-24,2485.52,2471.63,0.562
HINDUNILVR.NS,2025-10-27,2462.94,2467.11,0.169
HINDUNILVR.NS,2025-10-28,2458.09,2452.68,0.221
HINDUNILVR.NS,2025-10-29,2450.33,2443.84,0.266
HINDUNILVR.NS,2025-10-30,2436.52,2425.67,0.447
HINDUNILVR.NS,2025-10-31,2430.97,2421.64,0.385
HINDUNILVR.NS,2025-11-03,2410.14,2416.24,0.252
HINDUNILVR.NS,2025-11-04,2407.77,2402.19,0.232
HINDUNILVR.NS,2025-11-06,2393.67,2392.66,0.042
HINDUNILVR.NS,2025-11-07,2392.92,2389.69,0.135
HINDUNILVR.NS,2025-11-10,2389.22,2384.55,0.196
HINDUNILVR.NS,2025-11-11,2392.99,2403.06,0.419
HINDUNILVR.NS,2025-11-12,2394.67,2400.09,0.226
HINDUNILVR.NS,2025-11-13,2390.88,2383.36,0.316
HINDUNILVR.NS,2025-11-14,2395.67,2403.26,0.316
HINDUNILVR.NS,2025-11-17,2405.09,2400.58,0.188
HINDUNILVR.NS,2025-11-18,2411.68,2379.79,1.34
HINDUNILVR.NS,2025-11-19,2415.25,2417.02,0.073
HINDUNILVR.NS,2025-11-20,2412.36,2403.95,0.35
HINDUNILVR.NS,2025-11-21,2417.03,2409.19,0.325
HINDUNILVR.NS,2025-11-24,2420.0,2399.79,0.842
HINDUNILVR.NS,2025-11-25,2422.55,2389.79,1.371
HINDUNILVR.NS,2025-11-26,2421.24,2400.78,0.852
HINDUNILVR.NS,2025-11-27,2412.76,2427.01,0.587
HINDUNILVR.NS,2025-11-28,2411.25,2441.76,1.25
HINDUNILVR.NS,2025-12-01,2393.54,2439.68,1.891
HINDUNILVR.NS,2025-12-02,2389.01,2452.85,2.603
HINDUNILVR.NS,2025-12-03,2380.8,2423.35,1.756
HINDUNILVR.NS,2025-12-04,2365.77,2437.41,2.939
HINDUNILVR.NS,2025-12-05,2358.2,2315.05,1.864
HINDUNILVR.NS,2025-12-08,2326.67,2290.7,1.57
HINDUNILVR.NS,2025-12-09,2319.35,2283.28,1.58
HINDUNILVR.NS,2025-12-10,2309.41,2278.52,1.356
HINDUNILVR.NS,2025-12-11,2293.73,2282.38,0.497
HINDUNILVR.NS,2025-12-12,2286.65,2237.84,2.181
HINDUNILVR.NS,2025-12-15,2263.2,2270.41,0.317
HINDUNILVR.NS,2025-12-16,2260.64,2258.13,0.111
HINDUNILVR.NS,2025-12-17,2256.35,2252.69,0.163
HINDUNILVR.NS,2025-12-18,2247.12,2242.69,0.198
HINDUNILVR.NS,2025-12-19,2247.14,2257.04,0.439
HINDUNILVR.NS,2025-12-22,2247.63,2266.45,0.83
HINDUNILVR.NS,2025-12-23,2253.41,2279.41,1.141
HINDUNILVR.NS,2025-12-24,2257.39,2259.22,0.081
HINDUNILVR.NS,2025-12-26,2263.91,2262.39,0.067
HINDUNILVR.NS,2025-12-29,2283.97,2270.21,0.606
HINDUNILVR.NS,2025-12-30,2294.79,2267.14,1.22
HINDUNILVR.NS,2025-12-31,2302.93,2292.58,0.451
HINDUNILVR.NS,2026-01-01,2304.99,2299.61,0.234
HINDUNILVR.NS,2026-01-02,2315.0,2324.36,0.403
HINDUNILVR.NS,2026-01-05,2336.36,2360.09,1.006
HINDUNILVR.NS,2026-01-06,2345.84,2400.29,2.268
HINDUNILVR.NS,2026-01-07,2351.88,2375.24,0.983
HINDUNILVR.NS,2026-01-08,2351.14,2362.67,0.488
HINDUNILVR.NS,2026-01-09,2357.75,2348.71,0.385
HINDUNILVR.NS,2026-01-12,2366.36,2381.97,0.655
HINDUNILVR.NS,2026-01-13,2371.13,2365.44,0.241
HINDUNILVR.NS,2026-01-14,2372.41,2329.8,1.829
HINDUNILVR.NS,2026-01-15,2366.97,2329.8,1.595
HINDUNILVR.NS,2026-01-16,2369.03,2336.63,1.386
HINDUNILVR.NS,2026-01-19,2365.86,2389.59,0.993
HINDUNILVR.NS,2026-01-20,2367.54,2355.14,0.526
HINDUNILVR.NS,2026-01-21,2366.22,2344.16,0.941
HINDUNILVR.NS,2026-01-22,2358.71,2366.53,0.33
HINDUNILVR.NS,2026-01-23,2359.23,2385.24,1.09
HINDUNILVR.NS,2026-01-27,2356.62,2376.72,0.846
HINDUNILVR.NS,2026-01-28,2356.09,2354.45,0.07
HINDUNILVR.NS,2026-01-29,2349.69,2328.91,0.892
HINDUNILVR.NS,2026-01-30,2351.57,2349.11,0.105
HINDUNILVR.NS,2026-02-02,2351.71,2333.56,0.778
HINDUNILVR.NS,2026-02-03,2355.42,2344.75,0.455
HINDUNILVR.NS,2026-02-04,2356.39,2347.13,0.395
HINDUNILVR.NS,2026-02-05,2351.3,2330.69,0.884
HINDUNILVR.NS,2026-02-06,2354.25,2399.79,1.898
HINDUNILVR.NS,2026-02-09,2355.65,2410.48,2.275
HINDUNILVR.NS,2026-02-10,2359.02,2428.89,2.877
HINDUNILVR.NS,2026-02-11,2359.23,2438.1,3.235
HINDUNILVR.NS,2026-02-12,2352.96,2385.44,1.361
HINDUNILVR.NS,2026-02-13,2354.32,2281.99,3.17
HINDUNILVR.NS,2026-02-16,2348.64,2295.65,2.308
HINDUNILVR.NS,2026-02-17,2348.96,2289.02,2.619
HINDUNILVR.NS,2026-02-18,2345.86,2300.1,1.989
HINDUNILVR.NS,2026-02-19,2336.05,2256.35,3.532
HINDUNILVR.NS,2026-02-20,2333.68,2291.2,1.854
HINDUNILVR.NS,2026-02-23,2316.19,2321.78,0.241
HINDUNILVR.NS,2026-02-24,2312.53,2334.85,0.956
HINDUNILVR.NS,2026-02-25,2305.5,2350.99,1.935
HINDUNILVR.NS,2026-02-26,2291.85,2359.3,2.859
HINDUNILVR.NS,2026-02-27,2285.77,2314.56,1.244
HINDUNILVR.NS,2026-03-02,2258.24,2297.23,1.697
HINDUNILVR.NS,2026-03-04,2242.02,2238.53,0.156
HINDUNILVR.NS,2026-03-05,2226.01,2232.29,0.282
HINDUNILVR.NS,2026-03-06,2217.85,2203.29,0.661
HINDUNILVR.NS,2026-03-09,2185.87,2172.5,0.615
HINDUNILVR.NS,2026-03-10,2178.45,2168.15,0.475
HINDUNILVR.NS,2026-03-11,2168.23,2139.64,1.336
HINDUNILVR.NS,2026-03-12,2151.99,2115.38,1.731
HINDUNILVR.NS,2026-03-13,2143.93,2138.25,0.266
HINDUNILVR.NS,2026-03-16,2114.3,2153.79,1.834
HINDUNILVR.NS,2026-03-17,2108.37,2136.47,1.315
HINDUNILVR.NS,2026-03-18,2100.01,2113.8,0.652
HINDUNILVR.NS,2026-03-19,2086.0,2056.38,1.44
HINDUNILVR.NS,2026-03-20,2080.56,2061.73,0.913
HINDUNILVR.NS,2026-03-23,2061.15,2031.54,1.458
HINDUNILVR.NS,2026-03-24,2059.43,2064.01,0.222
HINDUNILVR.NS,2026-03-25,2055.67,2113.3,2.727
HINDUNILVR.NS,2026-03-27,2046.56,2053.51,0.339
HINDUNILVR.NS,2026-03-30,2045.22,2034.51,0.527
HINDUNILVR.NS,2026-04-01,2053.1,2043.91,0.45
HINDUNILVR.NS,2026-04-02,2051.02,2044.5,0.319
HINDUNILVR.NS,2026-04-06,2077.75,2063.81,0.676
HINDUNILVR.NS,2026-04-07,2089.4,2089.35,0.002
HINDUNILVR.NS,2026-04-08,2098.98,2124.0,1.178
HINDUNILVR.NS,2026-04-09,2103.13,2111.72,0.407
HINDUNILVR.NS,2026-04-10,2115.94,2133.6,0.828
HINDUNILVR.NS,2026-04-13,2150.21,2105.78,2.11
HINDUNILVR.NS,2026-04-15,2177.98,2135.88,1.971
HINDUNILVR.NS,2026-04-16,2184.32,2117.56,3.153
HINDUNILVR.NS,2026-04-17,2198.56,2218.24,0.887
HINDUNILVR.NS,2026-04-20,2232.32,2209.03,1.054
HINDUNILVR.NS,2026-04-21,2245.83,2287.43,1.819
HINDUNILVR.NS,2026-04-22,2255.81,2344.95,3.801
HINDUNILVR.NS,2026-04-23,2258.89,2342.57,3.572
HINDUNILVR.NS,2026-04-24,2269.16,2303.87,1.506
HINDUNILVR.NS,2026-04-27,2287.4,2304.86,0.757
HINDUNILVR.NS,2026-04-28,2294.73,2266.45,1.248
HINDUNILVR.NS,2026-04-29,2298.16,2291.1,0.308
HINDUNILVR.NS,2026-04-30,2294.39,2228.24,2.969
HINDUNILVR.NS,2026-05-01,2297.61,2228.24,3.113
HINDUNILVR.NS,2026-05-04,2294.22,2286.05,0.358
HINDUNILVR.NS,2026-05-05,2294.47,2303.97,0.412
HINDUNILVR.NS,2026-05-06,2291.0,2293.77,0.121
HINDUNILVR.NS,2026-05-07,2280.6,2249.32,1.391
HINDUNILVR.NS,2026-05-08,2277.49,2264.66,0.566
HINDUNILVR.NS,2026-05-11,2257.63,2283.97,1.153
HINDUNILVR.NS,2026-05-12,2253.35,2239.22,0.631
HINDUNILVR.NS,2026-05-13,2245.89,2244.47,0.063
HINDUNILVR.NS,2026-05-14,2232.05,2226.06,0.269
HINDUNILVR.NS,2026-05-15,2226.07,2249.32,1.034
HINDUNILVR.NS,2026-05-18,2200.98,2231.5,1.368
HINDUNILVR.NS,2026-05-19,2196.07,2210.42,0.649
HINDUNILVR.NS,2026-05-20,2188.49,2187.05,0.066
HINDUNILVR.NS,2026-05-21,2175.03,2157.06,0.833
HINDUNILVR.NS,2026-05-22,2169.9,2181.41,0.528
HINDUNILVR.NS,2026-05-25,2149.87,2174.38,1.127
HINDUNILVR.NS,2026-05-26,2147.36,2187.15,1.819
HINDUNILVR.NS,2026-05-27,2142.48,2176.26,1.552
HINDUNILVR.NS,2026-05-28,2131.98,2176.26,2.035
HINDUNILVR.NS,2026-05-29,2130.03,2131.82,0.084
HINDUNILVR.NS,2026-06-01,2120.5,2063.31,2.772
HINDUNILVR.NS,2026-06-02,2121.69,2072.62,2.368
HINDUNILVR.NS,2026-06-03,2120.56,2069.55,2.465
HINDUNILVR.NS,2026-06-04,2113.82,2058.46,2.689
HINDUNILVR.NS,2026-06-05,2115.62,2100.14,0.737
HINDUNILVR.NS,2026-06-08,2116.98,2088.85,1.347
HINDUNILVR.NS,2026-06-09,2121.59,2111.32,0.486
HINDUNILVR.NS,2026-06-10,2123.73,2147.66,1.114
HINDUNILVR.NS,2026-06-11,2120.1,2118.25,0.087
HINDUNILVR.NS,2026-06-12,2124.82,2146.96,1.031
HINDUNILVR.NS,2026-06-15,2133.61,2134.39,0.037
HINDUNILVR.NS,2026-06-16,2140.21,2177.75,1.724
HINDUNILVR.NS,2026-06-17,2144.07,2175.47,1.443
HINDUNILVR.NS,2026-06-18,2141.9,2196.16,2.471
HINDUNILVR.NS,2026-06-19,2147.79,2172.5,1.138
HINDUNILVR.NS,2026-06-22,2158.42,2162.9,0.207
HINDUNILVR.NS,2026-06-23,2165.07,2160.1,0.23
HINDUNILVR.NS,2026-06-24,2168.73,2157.8,0.507
HINDUNILVR.NS,2026-06-25,2166.1,2174.2,0.373
HINDUNILVR.NS,2026-06-26,2171.3,2174.2,0.133
HINDUNILVR.NS,2026-06-29,2178.64,2151.3,1.271
HINDUNILVR.NS,2026-06-30,2183.87,2118.2,3.1
HINDUNILVR.NS,2026-07-01,2186.0,2182.0,0.183
HINDUNILVR.NS,2026-07-02,2181.73,2210.6,1.306
HINDUNILVR.NS,2026-07-03,2185.25,2201.2,0.725
HINDUNILVR.NS,2026-07-06,2187.49,2202.0,0.659
HINDUNILVR.NS,2026-07-07,2191.11,2208.8,0.801
HINDUNILVR.NS,2026-07-08,2191.7,2135.8,2.617
HINDUNILVR.NS,2026-07-09,2186.02,2144.5,1.936
HINDUNILVR.NS,2026-07-10,2188.25,2150.6,1.751
HINDUNILVR.NS,2026-07-13,2187.58,2130.6,2.674
HINDUNILVR.NS,2026-07-14,2190.59,2120.2,3.32
HINDUNILVR.NS,2026-07-15,2190.76,2102.6,4.193
HINDUNILVR.NS,2026-07-16,2184.86,2098.4,4.12
HINDUNILVR.NS,2026-07-17,2187.05,2143.8,2.017
HINDUNILVR.NS,2026-07-20,2187.37,2139.7,2.228
HINDUNILVR.NS,2026-07-21,2191.04,2142.5,2.266
HINDUNILVR.NS,2026-07-22,2192.02,2154.6,1.737
HINDUNILVR.NS,2026-07-23,2187.06,2161.8,1.168
ICICIBANK.NS,2025-07-24,1448.99,1472.04,1.566
ICICIBANK.NS,2025-07-25,1449.86,1465.79,1.087
ICICIBANK.NS,2025-07-28,1455.11,1477.0,1.482
ICICIBANK.NS,2025-07-29,1456.41,1474.82,1.248
ICICIBANK.NS,2025-07-30,1460.12,1471.05,0.743
ICICIBANK.NS,2025-07-31,1459.9,1470.06,0.691
ICICIBANK.NS,2025-08-01,1459.03,1460.33,0.089
ICICIBANK.NS,2025-08-04,1457.68,1452.0,0.391
ICICIBANK.NS,2025-08-05,1456.43,1433.34,1.611
ICICIBANK.NS,2025-08-06,1457.47,1432.55,1.74
ICICIBANK.NS,2025-08-07,1454.55,1429.27,1.769
ICICIBANK.NS,2025-08-08,1450.97,1424.91,1.829
ICICIBANK.NS,2025-08-11,1442.13,1425.6,1.16
ICICIBANK.NS,2025-08-12,1438.77,1422.0,1.179
ICICIBANK.NS,2025-08-13,1437.99,1420.8,1.21
ICICIBANK.NS,2025-08-14,1433.57,1427.3,0.439
ICICIBANK.NS,2025-08-18,1419.0,1434.6,1.087
ICICIBANK.NS,2025-08-19,1416.13,1436.3,1.404
ICICIBANK.NS,2025-08-20,1416.23,1430.6,1.004
ICICIBANK.NS,2025-08-21,1413.07,1446.0,2.277
ICICIBANK.NS,2025-08-22,1409.95,1436.4,1.841
ICICIBANK.NS,2025-08-25,1406.47,1433.2,1.865
ICICIBANK.NS,2025-08-26,1406.06,1416.6,0.744
ICICIBANK.NS,2025-08-28,1408.04,1399.1,0.639
ICICIBANK.NS,2025-08-29,1407.37,1397.8,0.685
ICICIBANK.NS,2025-09-01,1410.08,1411.0,0.065
ICICIBANK.NS,2025-09-02,1411.18,1394.2,1.218
ICICIBANK.NS,2025-09-03,1414.95,1397.0,1.285
ICICIBANK.NS,2025-09-04,1415.05,1405.5,0.679
ICICIBANK.NS,2025-09-05,1414.72,1402.8,0.85
ICICIBANK.NS,2025-09-08,1415.91,1402.7,0.942
ICICIBANK.NS,2025-09-09,1415.7,1403.7,0.855
ICICIBANK.NS,2025-09-10,1417.82,1403.9,0.992
ICICIBANK.NS,2025-09-11,1415.96,1401.6,1.025
ICICIBANK.NS,2025-09-12,1413.41,1417.7,0.303
ICICIBANK.NS,2025-09-15,1407.12,1419.4,0.865
ICICIBANK.NS,2025-09-16,1404.36,1421.6,1.213
ICICIBANK.NS,2025-09-17,1404.03,1419.2,1.069
ICICIBANK.NS,2025-09-18,1399.9,1421.7,1.533
ICICIBANK.NS,2025-09-19,1395.31,1402.2,0.491
ICICIBANK.NS,2025-09-22,1384.92,1401.5,1.183
ICICIBANK.NS,2025-09-23,1381.61,1394.3,0.91
ICICIBANK.NS,2025-09-24,1381.19,1382.7,0.109
ICICIBANK.NS,2025-09-25,1377.43,1375.8,0.118
ICICIBANK.NS,2025-09-26,1373.67,1359.6,1.035
ICICIBANK.NS,2025-09-29,1368.33,1348.1,1.501
ICICIBANK.NS,2025-09-30,1367.43,1348.0,1.441
ICICIBANK.NS,2025-10-01,1369.68,1372.0,0.169
ICICIBANK.NS,2025-10-03,1368.04,1365.2,0.208
ICICIBANK.NS,2025-10-06,1371.66,1363.4,0.606
ICICIBANK.NS,2025-10-07,1373.47,1375.9,0.177
ICICIBANK.NS,2025-10-08,1378.16,1370.3,0.574
ICICIBANK.NS,2025-10-09,1379.39,1376.2,0.232
ICICIBANK.NS,2025-10-10,1380.37,1380.3,0.005
ICICIBANK.NS,2025-10-13,1386.41,1379.4,0.508
ICICIBANK.NS,2025-10-14,1388.02,1384.1,0.283
ICICIBANK.NS,2025-10-15,1392.01,1398.4,0.457
ICICIBANK.NS,2025-10-16,1392.04,1417.3,1.782
ICICIBANK.NS,2025-10-17,1391.35,1436.6,3.15
ICICIBANK.NS,2025-10-20,1390.1,1390.3,0.014
ICICIBANK.NS,2025-10-21,1388.72,1382.0,0.486
ICICIBANK.NS,2025-10-23,1386.4,1363.7,1.665
ICICIBANK.NS,2025-10-24,1382.52,1377.7,0.35
ICICIBANK.NS,2025-10-27,1372.69,1377.6,0.356
ICICIBANK.NS,2025-10-28,1369.05,1363.1,0.437
ICICIBANK.NS,2025-10-29,1368.04,1370.4,0.172
ICICIBANK.NS,2025-10-30,1363.48,1362.4,0.079
ICICIBANK.NS,2025-10-31,1358.72,1345.3,0.998
ICICIBANK.NS,2025-11-03,1349.57,1346.4,0.235
ICICIBANK.NS,2025-11-04,1347.26,1336.9,0.775
ICICIBANK.NS,2025-11-06,1345.9,1320.4,1.931
ICICIBANK.NS,2025-11-07,1343.92,1343.0,0.069
ICICIBANK.NS,2025-11-10,1345.01,1348.0,0.222
ICICIBANK.NS,2025-11-11,1346.49,1358.3,0.869
ICICIBANK.NS,2025-11-12,1351.16,1358.9,0.57
ICICIBANK.NS,2025-11-13,1352.71,1385.9,2.395
ICICIBANK.NS,2025-11-14,1354.35,1373.0,1.358
ICICIBANK.NS,2025-11-17,1364.57,1379.0,1.046
ICICIBANK.NS,2025-11-18,1368.27,1373.4,0.374
ICICIBANK.NS,2025-11-19,1374.65,1383.1,0.611
ICICIBANK.NS,2025-11-20,1377.36,1383.0,0.408
ICICIBANK.NS,2025-11-21,1379.6,1369.5,0.737
ICICIBANK.NS,2025-11-24,1388.06,1368.4,1.437
ICICIBANK.NS,2025-11-25,1390.05,1357.8,2.375
ICICIBANK.NS,2025-11-26,1394.23,1375.0,1.399
ICICIBANK.NS,2025-11-27,1394.29,1392.2,0.15
ICICIBANK.NS,2025-11-28,1393.48,1388.8,0.337
ICICIBANK.NS,2025-12-01,1391.33,1390.1,0.088
ICICIBANK.NS,2025-12-02,1389.57,1373.0,1.207
ICICIBANK.NS,2025-12-03,1390.04,1391.5,0.105
ICICIBANK.NS,2025-12-04,1386.51,1386.7,0.014
ICICIBANK.NS,2025-12-05,1382.33,1392.5,0.73
ICICIBANK.NS,2025-12-08,1372.1,1389.6,1.259
ICICIBANK.NS,2025-12-09,1368.53,1375.2,0.485
ICICIBANK.NS,2025-12-10,1367.7,1363.6,0.301
ICICIBANK.NS,2025-12-11,1363.42,1360.0,0.251
ICICIBANK.NS,2025-12-12,1359.04,1366.0,0.51
ICICIBANK.NS,2025-12-15,1351.48,1365.2,1.005
ICICIBANK.NS,2025-12-16,1349.79,1366.0,1.187
ICICIBANK.NS,2025-12-17,1351.27,1352.4,0.084
ICICIBANK.NS,2025-12-18,1349.67,1356.8,0.526
ICICIBANK.NS,2025-12-19,1348.28,1354.1,0.43
ICICIBANK.NS,2025-12-22,1350.72,1368.5,1.299
ICICIBANK.NS,2025-12-23,1352.47,1363.0,0.773
ICICIBANK.NS,2025-12-24,1357.3,1359.8,0.184
ICICIBANK.NS,2025-12-26,1360.45,1350.4,0.744
ICICIBANK.NS,2025-12-29,1369.82,1343.3,1.974
ICICIBANK.NS,2025-12-30,1373.07,1342.5,2.277
ICICIBANK.NS,2025-12-31,1378.95,1342.9,2.684
ICICIBANK.NS,2026-01-01,1381.13,1338.0,3.223
ICICIBANK.NS,2026-01-02,1382.82,1355.4,2.023
ICICIBANK.NS,2026-01-05,1389.92,1371.5,1.343
ICICIBANK.NS,2026-01-06,1391.62,1411.2,1.387
ICICIBANK.NS,2026-01-07,1395.65,1427.7,2.245
ICICIBANK.NS,2026-01-08,1395.69,1435.0,2.739
ICICIBANK.NS,2026-01-09,1395.03,1404.3,0.66
ICICIBANK.NS,2026-01-12,1394.42,1413.1,1.322
ICICIBANK.NS,2026-01-13,1393.55,1437.0,3.024
ICICIBANK.NS,2026-01-14,1395.09,1418.4,1.643
ICICIBANK.NS,2026-01-15,1392.8,1418.4,1.805
ICICIBANK.NS,2026-01-16,1390.02,1410.8,1.473
ICICIBANK.NS,2026-01-19,1384.66,1380.6,0.294
ICICIBANK.NS,2026-01-20,1382.85,1375.8,0.512
ICICIBANK.NS,2026-01-21,1383.81,1349.0,2.58
ICICIBANK.NS,2026-01-22,1381.29,1345.5,2.66
ICICIBANK.NS,2026-01-23,1378.63,1343.4,2.622
ICICIBANK.NS,2026-01-27,1375.19,1361.4,1.013
ICICIBANK.NS,2026-01-28,1377.74,1367.7,0.734
ICICIBANK.NS,2026-01-29,1377.0,1383.6,0.477
ICICIBANK.NS,2026-01-30,1376.28,1355.0,1.57
ICICIBANK.NS,2026-02-02,1379.5,1352.8,1.974
ICICIBANK.NS,2026-02-03,1381.11,1389.7,0.618
ICICIBANK.NS,2026-02-04,1385.62,1408.4,1.617
ICICIBANK.NS,2026-02-05,1386.72,1396.5,0.7
ICICIBANK.NS,2026-02-06,1387.66,1406.1,1.311
ICICIBANK.NS,2026-02-09,1394.46,1396.3,0.132
ICICIBANK.NS,2026-02-10,1396.7,1406.5,0.697
ICICIBANK.NS,2026-02-11,1401.53,1406.1,0.325
ICICIBANK.NS,2026-02-12,1402.61,1430.0,1.915
ICICIBANK.NS,2026-02-13,1403.2,1414.6,0.806
ICICIBANK.NS,2026-02-16,1406.85,1411.6,0.336
ICICIBANK.NS,2026-02-17,1407.35,1407.5,0.011
ICICIBANK.NS,2026-02-18,1410.12,1408.2,0.136
ICICIBANK.NS,2026-02-19,1408.84,1388.8,1.443
ICICIBANK.NS,2026-02-20,1406.77,1394.5,0.88
ICICIBANK.NS,2026-02-23,1400.96,1399.4,0.111
ICICIBANK.NS,2026-02-24,1397.91,1384.8,0.947
ICICIBANK.NS,2026-02-25,1396.98,1400.5,0.251
ICICIBANK.NS,2026-02-26,1391.89,1404.9,0.926
ICICIBANK.NS,2026-02-27,1385.93,1378.9,0.51
ICICIBANK.NS,2026-03-02,1368.47,1374.0,0.402
ICICIBANK.NS,2026-03-04,1357.15,1365.4,0.604
ICICIBANK.NS,2026-03-05,1348.65,1357.6,0.659
ICICIBANK.NS,2026-03-06,1339.53,1313.4,1.989
ICICIBANK.NS,2026-03-09,1314.42,1278.4,2.818
ICICIBANK.NS,2026-03-10,1305.84,1311.9,0.462
ICICIBANK.NS,2026-03-11,1299.97,1294.6,0.415
ICICIBANK.NS,2026-03-12,1290.61,1266.5,1.904
ICICIBANK.NS,2026-03-13,1281.13,1254.8,2.098
ICICIBANK.NS,2026-03-16,1258.22,1272.9,1.153
ICICIBANK.NS,2026-03-17,1251.5,1288.7,2.887
ICICIBANK.NS,2026-03-18,1248.05,1289.3,3.199
ICICIBANK.NS,2026-03-19,1241.66,1250.1,0.675
ICICIBANK.NS,2026-03-20,1235.68,1245.4,0.78
ICICIBANK.NS,2026-03-23,1226.15,1222.7,0.282
ICICIBANK.NS,2026-03-24,1224.69,1251.2,2.119
ICICIBANK.NS,2026-03-25,1226.82,1259.7,2.61
ICICIBANK.NS,2026-03-27,1226.26,1233.8,0.611
ICICIBANK.NS,2026-03-30,1234.91,1205.9,2.406
ICICIBANK.NS,2026-04-01,1247.05,1212.7,2.833
ICICIBANK.NS,2026-04-02,1251.77,1215.8,2.959
ICICIBANK.NS,2026-04-06,1276.81,1231.4,3.688
ICICIBANK.NS,2026-04-07,1283.79,1245.5,3.074
ICICIBANK.NS,2026-04-08,1293.42,1309.2,1.205
ICICIBANK.NS,2026-04-09,1299.3,1281.3,1.405
ICICIBANK.NS,2026-04-10,1304.61,1321.9,1.308
ICICIBANK.NS,2026-04-13,1321.58,1351.1,2.185
ICICIBANK.NS,2026-04-15,1332.61,1348.1,1.149
ICICIBANK.NS,2026-04-16,1334.8,1345.5,0.795
ICICIBANK.NS,2026-04-17,1335.9,1346.8,0.809
ICICIBANK.NS,2026-04-20,1337.92,1356.2,1.348
ICICIBANK.NS,2026-04-21,1336.98,1388.4,3.704
ICICIBANK.NS,2026-04-22,1337.95,1367.6,2.168
ICICIBANK.NS,2026-04-23,1334.6,1348.0,0.994
ICICIBANK.NS,2026-04-24,1330.27,1326.2,0.307
ICICIBANK.NS,2026-04-27,1317.46,1314.1,0.256
ICICIBANK.NS,2026-04-28,1312.31,1292.0,1.572
ICICIBANK.NS,2026-04-29,1309.56,1281.0,2.23
ICICIBANK.NS,2026-04-30,1303.01,1263.4,3.135
ICICIBANK.NS,2026-05-01,1296.04,1263.4,2.584
ICICIBANK.NS,2026-05-04,1278.89,1270.8,0.637
ICICIBANK.NS,2026-05-05,1273.49,1251.3,1.773
ICICIBANK.NS,2026-05-06,1271.05,1279.5,0.66
ICICIBANK.NS,2026-05-07,1265.35,1279.0,1.067
ICICIBANK.NS,2026-05-08,1259.73,1264.8,0.401
ICICIBANK.NS,2026-05-11,1249.08,1266.4,1.368
ICICIBANK.NS,2026-05-12,1246.47,1240.3,0.497
ICICIBANK.NS,2026-05-13,1247.03,1235.6,0.925
ICICIBANK.NS,2026-05-14,1244.46,1246.0,0.124
ICICIBANK.NS,2026-05-15,1242.05,1244.5,0.197
ICICIBANK.NS,2026-05-18,1240.89,1251.1,0.816
ICICIBANK.NS,2026-05-19,1241.24,1240.8,0.035
ICICIBANK.NS,2026-05-20,1244.58,1237.3,0.588
ICICIBANK.NS,2026-05-21,1244.6,1242.8,0.145
ICICIBANK.NS,2026-05-22,1244.56,1264.3,1.561
ICICIBANK.NS,2026-05-25,1249.14,1291.8,3.302
ICICIBANK.NS,2026-05-26,1250.96,1279.1,2.2
ICICIBANK.NS,2026-05-27,1255.57,1272.7,1.346
ICICIBANK.NS,2026-05-28,1256.69,1272.7,1.258
ICICIBANK.NS,2026-05-29,1257.6,1256.4,0.096
ICICIBANK.NS,2026-06-01,1264.47,1239.7,1.998
ICICIBANK.NS,2026-06-02,1266.97,1226.6,3.291
ICICIBANK.NS,2026-06-03,1272.28,1242.0,2.438
ICICIBANK.NS,2026-06-04,1274.14,1251.7,1.793
ICICIBANK.NS,2026-06-05,1275.84,1262.1,1.089
ICICIBANK.NS,2026-06-08,1285.63,1250.2,2.834
ICICIBANK.NS,2026-06-09,1289.29,1275.0,1.121
ICICIBANK.NS,2026-06-10,1295.85,1293.3,0.197
ICICIBANK.NS,2026-06-11,1299.04,1317.0,1.364
ICICIBANK.NS,2026-06-12,1302.14,1340.8,2.883
ICICIBANK.NS,2026-06-15,1316.24,1327.6,0.856
ICICIBANK.NS,2026-06-16,1321.27,1334.3,0.977
ICICIBANK.NS,2026-06-17,1329.13,1336.8,0.574
ICICIBANK.NS,2026-06-18,1333.5,1342.3,0.656
ICICIBANK.NS,2026-06-19,1337.63,1346.5,0.659
ICICIBANK.NS,2026-06-22,1353.64,1352.4,0.092
ICICIBANK.NS,2026-06-23,1358.86,1338.3,1.536
ICICIBANK.NS,2026-06-24,1366.65,1373.6,0.506
ICICIBANK.NS,2026-06-25,1370.69,1387.5,1.212
ICICIBANK.NS,2026-06-26,1374.23,1387.5,0.956
ICICIBANK.NS,2026-06-29,1387.08,1387.6,0.037
ICICIBANK.NS,2026-06-30,1390.85,1375.2,1.138
ICICIBANK.NS,2026-07-01,1397.03,1379.8,1.249
ICICIBANK.NS,2026-07-02,1399.36,1400.0,0.046
ICICIBANK.NS,2026-07-03,1401.12,1411.4,0.728
ICICIBANK.NS,2026-07-06,1408.57,1426.9,1.285
ICICIBANK.NS,2026-07-07,1410.66,1414.7,0.286
ICICIBANK.NS,2026-07-08,1415.29,1380.6,2.513
ICICIBANK.NS,2026-07-09,1416.22,1380.7,2.573
ICICIBANK.NS,2026-07-10,1416.75,1401.2,1.11
ICICIBANK.NS,2026-07-13,1421.77,1409.5,0.871
ICICIBANK.NS,2026-07-14,1423.47,1407.7,1.12
ICICIBANK.NS,2026-07-15,1427.92,1416.2,0.828
ICICIBANK.NS,2026-07-16,1428.85,1418.2,0.751
ICICIBANK.NS,2026-07-17,1429.55,1444.3,1.021
ICICIBANK.NS,2026-07-20,1435.73,1460.2,1.676
ICICIBANK.NS,2026-07-21,1437.91,1463.1,1.722
ICICIBANK.NS,2026-07-22,1442.81,1440.7,0.146
ICICIBANK.NS,2026-07-23,1444.11,1434.6,0.663
INDUSINDBK.NS,2025-07-24,843.01,846.53,0.416
INDUSINDBK.NS,2025-07-25,838.15,822.37,1.919
INDUSINDBK.NS,2025-07-28,822.26,800.75,2.686
INDUSINDBK.NS,2025-07-29,819.48,806.89,1.56
INDUSINDBK.NS,2025-07-30,818.21,800.6,2.199
INDUSINDBK.NS,2025-07-31,809.71,797.61,1.517
INDUSINDBK.NS,2025-08-01,804.77,782.43,2.855
INDUSINDBK.NS,2025-08-04,791.24,802.75,1.434
INDUSINDBK.NS,2025-08-05,789.98,817.83,3.405
INDUSINDBK.NS,2025-08-06,790.53,802.05,1.436
INDUSINDBK.NS,2025-08-07,784.06,806.04,2.727
INDUSINDBK.NS,2025-08-08,781.34,781.18,0.02
INDUSINDBK.NS,2025-08-11,774.88,781.98,0.908
INDUSINDBK.NS,2025-08-12,775.92,781.78,0.75
INDUSINDBK.NS,2025-08-13,778.66,772.2,0.837
INDUSINDBK.NS,2025-08-14,774.22,768.51,0.744
INDUSINDBK.NS,2025-08-18,770.76,787.37,2.11
INDUSINDBK.NS,2025-08-19,772.54,784.23,1.491
INDUSINDBK.NS,2025-08-20,775.72,776.94,0.157
INDUSINDBK.NS,2025-08-21,771.44,766.21,0.683
INDUSINDBK.NS,2025-08-22,770.42,758.87,1.522
INDUSINDBK.NS,2025-08-25,766.2,769.6,0.442
INDUSINDBK.NS,2025-08-26,767.08,755.18,1.576
INDUSINDBK.NS,2025-08-28,763.91,745.39,2.484
INDUSINDBK.NS,2025-08-29,761.81,738.3,3.184
INDUSINDBK.NS,2025-09-01,754.61,751.63,0.396
INDUSINDBK.NS,2025-09-02,754.71,749.99,0.63
INDUSINDBK.NS,2025-09-03,756.27,766.86,1.381
INDUSINDBK.NS,2025-09-04,750.48,753.63,0.418
INDUSINDBK.NS,2025-09-05,748.12,755.83,1.02
INDUSINDBK.NS,2025-09-08,741.4,749.54,1.085
INDUSINDBK.NS,2025-09-09,742.06,744.94,0.387
INDUSINDBK.NS,2025-09-10,744.36,750.04,0.757
INDUSINDBK.NS,2025-09-11,739.46,747.39,1.061
INDUSINDBK.NS,2025-09-12,738.13,739.3,0.159
INDUSINDBK.NS,2025-09-15,735.02,738.7,0.499
INDUSINDBK.NS,2025-09-16,736.95,741.05,0.553
INDUSINDBK.NS,2025-09-17,740.49,737.85,0.357
INDUSINDBK.NS,2025-09-18,736.79,734.26,0.344
INDUSINDBK.NS,2025-09-19,736.59,743.2,0.889
INDUSINDBK.NS,2025-09-22,736.18,733.11,0.418
INDUSINDBK.NS,2025-09-23,738.73,754.03,2.029
INDUSINDBK.NS,2025-09-24,742.75,739.55,0.432
INDUSINDBK.NS,2025-09-25,739.38,739.55,0.023
INDUSINDBK.NS,2025-09-26,739.35,711.6,3.9
INDUSINDBK.NS,2025-09-29,738.72,722.23,2.283
INDUSINDBK.NS,2025-09-30,741.01,734.36,0.905
INDUSINDBK.NS,2025-10-01,744.71,741.95,0.372
INDUSINDBK.NS,2025-10-03,740.62,746.19,0.747
INDUSINDBK.NS,2025-10-06,739.22,738.1,0.151
INDUSINDBK.NS,2025-10-07,741.44,747.79,0.849
INDUSINDBK.NS,2025-10-08,745.18,739.75,0.734
INDUSINDBK.NS,2025-10-09,741.65,747.94,0.841
INDUSINDBK.NS,2025-10-10,741.62,762.12,2.689
INDUSINDBK.NS,2025-10-13,742.21,758.67,2.17
INDUSINDBK.NS,2025-10-14,745.4,749.19,0.505
INDUSINDBK.NS,2025-10-15,750.27,738.9,1.538
INDUSINDBK.NS,2025-10-16,747.98,738.3,1.311
INDUSINDBK.NS,2025-10-17,749.31,749.79,0.063
INDUSINDBK.NS,2025-10-20,754.36,758.52,0.549
INDUSINDBK.NS,2025-10-21,759.09,757.22,0.246
INDUSINDBK.NS,2025-10-23,764.66,758.37,0.829
INDUSINDBK.NS,2025-10-24,767.38,753.83,1.798
INDUSINDBK.NS,2025-10-27,775.95,768.8,0.929
INDUSINDBK.NS,2025-10-28,781.58,798.46,2.114
INDUSINDBK.NS,2025-10-29,788.69,806.14,2.165
INDUSINDBK.NS,2025-10-30,788.44,799.65,1.402
INDUSINDBK.NS,2025-10-31,791.55,793.51,0.248
INDUSINDBK.NS,2025-11-03,800.33,795.61,0.593
INDUSINDBK.NS,2025-11-04,805.72,788.92,2.129
INDUSINDBK.NS,2025-11-06,811.76,784.93,3.418
INDUSINDBK.NS,2025-11-07,814.31,795.96,2.305
INDUSINDBK.NS,2025-11-10,821.02,798.06,2.877
INDUSINDBK.NS,2025-11-11,825.65,824.76,0.107
INDUSINDBK.NS,2025-11-12,831.63,863.0,3.635
INDUSINDBK.NS,2025-11-13,830.13,862.05,3.703
INDUSINDBK.NS,2025-11-14,831.92,846.88,1.766
INDUSINDBK.NS,2025-11-17,836.42,852.67,1.906
INDUSINDBK.NS,2025-11-18,840.35,846.58,0.736
INDUSINDBK.NS,2025-11-19,845.64,838.24,0.883
INDUSINDBK.NS,2025-11-20,843.45,828.06,1.859
INDUSINDBK.NS,2025-11-21,844.54,845.18,0.076
INDUSINDBK.NS,2025-11-24,846.81,834.7,1.451
INDUSINDBK.NS,2025-11-25,849.91,838.54,1.356
INDUSINDBK.NS,2025-11-26,854.32,849.32,0.588
INDUSINDBK.NS,2025-11-27,851.19,856.06,0.569
INDUSINDBK.NS,2025-11-28,851.27,857.16,0.687
INDUSINDBK.NS,2025-12-01,850.13,845.78,0.514
INDUSINDBK.NS,2025-12-02,851.98,848.92,0.36
INDUSINDBK.NS,2025-12-03,855.11,845.53,1.133
INDUSINDBK.NS,2025-12-04,850.68,861.6,1.268
INDUSINDBK.NS,2025-12-05,849.47,868.69,2.213
INDUSINDBK.NS,2025-12-08,844.74,840.04,0.56
INDUSINDBK.NS,2025-12-09,845.6,842.98,0.31
INDUSINDBK.NS,2025-12-10,847.88,832.5,1.847
INDUSINDBK.NS,2025-12-11,842.77,834.2,1.027
INDUSINDBK.NS,2025-12-12,841.09,844.78,0.437
INDUSINDBK.NS,2025-12-15,836.45,849.87,1.579
INDUSINDBK.NS,2025-12-16,837.88,843.68,0.688
INDUSINDBK.NS,2025-12-17,841.03,832.5,1.024
INDUSINDBK.NS,2025-12-18,837.1,833.55,0.426
INDUSINDBK.NS,2025-12-19,836.87,843.33,0.766
INDUSINDBK.NS,2025-12-22,838.16,855.02,1.971
INDUSINDBK.NS,2025-12-23,842.01,848.53,0.768
INDUSINDBK.NS,2025-12-24,847.73,846.68,0.124
INDUSINDBK.NS,2025-12-26,849.0,848.48,0.062
INDUSINDBK.NS,2025-12-29,858.39,838.24,2.404
INDUSINDBK.NS,2025-12-30,864.71,840.14,2.925
INDUSINDBK.NS,2025-12-31,872.69,862.8,1.146
INDUSINDBK.NS,2026-01-01,873.45,888.76,1.723
INDUSINDBK.NS,2026-01-02,877.67,900.99,2.588
INDUSINDBK.NS,2026-01-05,889.97,898.49,0.949
INDUSINDBK.NS,2026-01-06,896.44,912.77,1.789
INDUSINDBK.NS,2026-01-07,904.14,896.4,0.864
INDUSINDBK.NS,2026-01-08,904.18,882.02,2.512
INDUSINDBK.NS,2026-01-09,907.27,880.82,3.002
INDUSINDBK.NS,2026-01-12,913.85,903.99,1.091
INDUSINDBK.NS,2026-01-13,917.76,909.08,0.955
INDUSINDBK.NS,2026-01-14,922.66,942.97,2.154
INDUSINDBK.NS,2026-01-15,919.72,942.97,2.466
INDUSINDBK.NS,2026-01-16,919.7,952.31,3.424
INDUSINDBK.NS,2026-01-19,916.9,948.26,3.308
INDUSINDBK.NS,2026-01-20,917.89,903.69,1.572
INDUSINDBK.NS,2026-01-21,920.08,905.68,1.59
INDUSINDBK.NS,2026-01-22,914.68,900.99,1.519
INDUSINDBK.NS,2026-01-23,912.53,891.01,2.416
INDUSINDBK.NS,2026-01-27,906.13,893.3,1.436
INDUSINDBK.NS,2026-01-28,908.27,900.24,0.892
INDUSINDBK.NS,2026-01-29,903.27,896.95,0.705
INDUSINDBK.NS,2026-01-30,901.96,894.65,0.817
INDUSINDBK.NS,2026-02-02,899.9,908.78,0.977
INDUSINDBK.NS,2026-02-03,902.62,920.91,1.986
INDUSINDBK.NS,2026-02-04,907.23,919.81,1.368
INDUSINDBK.NS,2026-02-05,904.86,912.92,0.883
INDUSINDBK.NS,2026-02-06,906.26,902.14,0.457
INDUSINDBK.NS,2026-02-09,912.2,926.4,1.533
INDUSINDBK.NS,2026-02-10,917.31,926.1,0.949
INDUSINDBK.NS,2026-02-11,924.04,923.5,0.058
INDUSINDBK.NS,2026-02-12,923.5,921.21,0.249
INDUSINDBK.NS,2026-02-13,926.36,924.55,0.196
INDUSINDBK.NS,2026-02-16,934.08,930.39,0.396
INDUSINDBK.NS,2026-02-17,938.83,942.27,0.365
INDUSINDBK.NS,2026-02-18,944.71,943.12,0.168
INDUSINDBK.NS,2026-02-19,942.82,925.85,1.833
INDUSINDBK.NS,2026-02-20,943.84,924.55,2.086
INDUSINDBK.NS,2026-02-23,943.44,918.26,2.742
INDUSINDBK.NS,2026-02-24,944.73,929.89,1.595
INDUSINDBK.NS,2026-02-25,946.87,935.83,1.179
INDUSINDBK.NS,2026-02-26,940.99,963.04,2.29
INDUSINDBK.NS,2026-02-27,937.86,955.2,1.816
INDUSINDBK.NS,2026-03-02,924.61,940.98,1.739
INDUSINDBK.NS,2026-03-04,919.78,926.05,0.677
INDUSINDBK.NS,2026-03-05,910.04,935.68,2.741
INDUSINDBK.NS,2026-03-06,903.3,916.37,1.426
INDUSINDBK.NS,2026-03-09,881.16,879.78,0.157
INDUSINDBK.NS,2026-03-10,876.05,897.25,2.362
INDUSINDBK.NS,2026-03-11,872.34,875.73,0.387
INDUSINDBK.NS,2026-03-12,861.24,830.01,3.763
INDUSINDBK.NS,2026-03-13,853.59,813.08,4.982
INDUSINDBK.NS,2026-03-16,831.28,823.72,0.918
INDUSINDBK.NS,2026-03-17,826.93,819.52,0.904
INDUSINDBK.NS,2026-03-18,824.37,840.79,1.953
INDUSINDBK.NS,2026-03-19,814.79,814.98,0.023
INDUSINDBK.NS,2026-03-20,808.98,817.28,1.015
INDUSINDBK.NS,2026-03-23,793.92,777.09,2.166
INDUSINDBK.NS,2026-03-24,792.46,795.96,0.44
INDUSINDBK.NS,2026-03-25,792.97,817.08,2.95
INDUSINDBK.NS,2026-03-27,784.16,791.27,0.898
INDUSINDBK.NS,2026-03-30,779.67,751.23,3.785
INDUSINDBK.NS,2026-04-01,785.97,784.38,0.203
INDUSINDBK.NS,2026-04-02,783.23,777.44,0.745
INDUSINDBK.NS,2026-04-06,790.26,784.93,0.679
INDUSINDBK.NS,2026-04-07,795.7,783.53,1.553
INDUSINDBK.NS,2026-04-08,803.0,834.6,3.786
INDUSINDBK.NS,2026-04-09,803.28,813.23,1.224
INDUSINDBK.NS,2026-04-10,807.28,829.56,2.685
INDUSINDBK.NS,2026-04-13,820.68,817.58,0.38
INDUSINDBK.NS,2026-04-15,837.3,838.74,0.172
INDUSINDBK.NS,2026-04-16,839.14,846.53,0.873
INDUSINDBK.NS,2026-04-17,844.42,852.52,0.95
INDUSINDBK.NS,2026-04-20,859.88,850.57,1.094
INDUSINDBK.NS,2026-04-21,867.45,855.02,1.454
INDUSINDBK.NS,2026-04-22,876.32,868.69,0.878
INDUSINDBK.NS,2026-04-23,877.61,858.96,2.171
INDUSINDBK.NS,2026-04-24,882.03,846.58,4.188
INDUSINDBK.NS,2026-04-27,893.21,898.69,0.61
INDUSINDBK.NS,2026-04-28,898.86,884.12,1.667
INDUSINDBK.NS,2026-04-29,905.6,912.27,0.731
INDUSINDBK.NS,2026-04-30,904.59,914.57,1.091
INDUSINDBK.NS,2026-05-01,906.57,914.57,0.875
INDUSINDBK.NS,2026-05-04,909.97,912.42,0.269
INDUSINDBK.NS,2026-05-05,913.01,909.23,0.416
INDUSINDBK.NS,2026-05-06,917.2,945.22,2.964
INDUSINDBK.NS,2026-05-07,913.72,945.42,3.353
INDUSINDBK.NS,2026-05-08,913.37,949.21,3.776
INDUSINDBK.NS,2026-05-11,910.86,920.81,1.08
INDUSINDBK.NS,2026-05-12,912.37,891.41,2.352
INDUSINDBK.NS,2026-05-13,915.27,891.06,2.717
INDUSINDBK.NS,2026-05-14,910.76,906.43,0.477
INDUSINDBK.NS,2026-05-15,909.63,884.97,2.787
INDUSINDBK.NS,2026-05-18,906.24,890.71,1.744
INDUSINDBK.NS,2026-05-19,907.9,893.8,1.577
INDUSINDBK.NS,2026-05-20,911.13,895.7,1.723
INDUSINDBK.NS,2026-05-21,907.09,898.49,0.957
INDUSINDBK.NS,2026-05-22,906.56,908.68,0.233
INDUSINDBK.NS,2026-05-25,905.36,924.6,2.081
INDUSINDBK.NS,2026-05-26,907.75,930.79,2.476
INDUSINDBK.NS,2026-05-27,911.68,930.79,2.053
INDUSINDBK.NS,2026-05-28,908.28,930.79,2.419
INDUSINDBK.NS,2026-05-29,908.28,912.87,0.503
INDUSINDBK.NS,2026-06-01,907.96,899.69,0.919
INDUSINDBK.NS,2026-06-02,910.39,911.02,0.07
INDUSINDBK.NS,2026-06-03,914.22,898.49,1.75
INDUSINDBK.NS,2026-06-04,910.6,901.74,0.983
INDUSINDBK.NS,2026-06-05,910.28,903.34,0.769
INDUSINDBK.NS,2026-06-08,908.63,893.6,1.682
INDUSINDBK.NS,2026-06-09,910.6,921.31,1.162
INDUSINDBK.NS,2026-06-10,914.0,882.52,3.567
INDUSINDBK.NS,2026-06-11,910.04,887.51,2.538
INDUSINDBK.NS,2026-06-12,909.5,915.87,0.695
INDUSINDBK.NS,2026-06-15,908.23,931.69,2.518
INDUSINDBK.NS,2026-06-16,910.75,924.5,1.488
INDUSINDBK.NS,2026-06-17,914.98,934.69,2.108
INDUSINDBK.NS,2026-06-18,912.09,937.23,2.683
INDUSINDBK.NS,2026-06-19,912.9,945.92,3.491
INDUSINDBK.NS,2026-06-22,917.18,919.56,0.259
INDUSINDBK.NS,2026-06-23,922.0,903.99,1.993
INDUSINDBK.NS,2026-06-24,928.68,926.1,0.279
INDUSINDBK.NS,2026-06-25,928.38,918.95,1.026
INDUSINDBK.NS,2026-06-26,931.85,918.95,1.404
INDUSINDBK.NS,2026-06-29,944.03,915.4,3.128
INDUSINDBK.NS,2026-06-30,951.25,924.2,2.927
INDUSINDBK.NS,2026-07-01,960.13,941.6,1.968
INDUSINDBK.NS,2026-07-02,961.76,943.5,1.935
INDUSINDBK.NS,2026-07-03,966.84,974.35,0.771
INDUSINDBK.NS,2026-07-06,981.46,1009.8,2.806
INDUSINDBK.NS,2026-07-07,988.58,1022.25,3.294
INDUSINDBK.NS,2026-07-08,996.87,994.65,0.223
INDUSINDBK.NS,2026-07-09,997.41,1015.15,1.748
INDUSINDBK.NS,2026-07-10,1000.89,1015.8,1.468
INDUSINDBK.NS,2026-07-13,1007.91,1012.9,0.493
INDUSINDBK.NS,2026-07-14,1011.67,997.35,1.436
INDUSINDBK.NS,2026-07-15,1016.25,1009.7,0.649
INDUSINDBK.NS,2026-07-16,1012.8,1013.5,0.069
INDUSINDBK.NS,2026-07-17,1012.07,1027.2,1.473
INDUSINDBK.NS,2026-07-20,1005.87,1032.85,2.612
INDUSINDBK.NS,2026-07-21,1005.26,1063.45,5.472
INDUSINDBK.NS,2026-07-22,1005.62,1069.3,5.955
INDUSINDBK.NS,2026-07-23,998.15,1005.5,0.731
INDUSINDBK.NS,2026-07-24,993.69,996.05,0.237
INFY.NS,2025-07-24,1493.92,1496.7,0.186
INFY.NS,2025-07-25,1481.71,1461.23,1.402
INFY.NS,2025-07-28,1463.74,1461.52,0.152
INFY.NS,2025-07-29,1458.88,1459.3,0.029
INFY.NS,2025-07-30,1452.97,1464.41,0.781
INFY.NS,2025-07-31,1440.5,1454.77,0.981
INFY.NS,2025-08-01,1428.17,1416.78,0.804
INFY.NS,2025-08-04,1413.16,1427.29,0.99
INFY.NS,2025-08-05,1410.38,1407.82,0.182
INFY.NS,2025-08-06,1407.09,1385.07,1.59
INFY.NS,2025-08-07,1397.74,1385.26,0.901
INFY.NS,2025-08-08,1388.99,1371.95,1.242
INFY.NS,2025-08-11,1387.0,1376.87,0.736
INFY.NS,2025-08-12,1389.11,1372.92,1.179
INFY.NS,2025-08-13,1390.87,1375.33,1.13
INFY.NS,2025-08-14,1386.65,1395.67,0.646
INFY.NS,2025-08-18,1395.68,1384.2,0.83
INFY.NS,2025-08-19,1402.17,1388.25,1.003
INFY.NS,2025-08-20,1407.94,1442.43,2.391
INFY.NS,2025-08-21,1407.32,1442.62,2.447
INFY.NS,2025-08-22,1406.83,1434.04,1.897
INFY.NS,2025-08-25,1425.66,1477.04,3.478
INFY.NS,2025-08-26,1433.08,1474.63,2.817
INFY.NS,2025-08-28,1438.41,1446.19,0.538
INFY.NS,2025-08-29,1437.2,1416.78,1.441
INFY.NS,2025-09-01,1451.02,1445.51,0.381
INFY.NS,2025-09-02,1455.99,1444.84,0.772
INFY.NS,2025-09-03,1459.39,1425.94,2.346
INFY.NS,2025-09-04,1455.61,1410.42,3.204
INFY.NS,2025-09-05,1451.27,1392.68,4.207
INFY.NS,2025-09-08,1455.44,1381.4,5.36
INFY.NS,2025-09-09,1457.33,1450.24,0.489
INFY.NS,2025-09-10,1457.8,1477.52,1.335
INFY.NS,2025-09-11,1451.31,1455.44,0.284
INFY.NS,2025-09-12,1444.52,1470.77,1.785
INFY.NS,2025-09-15,1443.2,1454.19,0.756
INFY.NS,2025-09-16,1443.94,1456.98,0.895
INFY.NS,2025-09-17,1443.62,1467.69,1.64
INFY.NS,2025-09-18,1436.68,1485.23,3.269
INFY.NS,2025-09-19,1429.76,1484.85,3.71
INFY.NS,2025-09-22,1429.76,1445.61,1.096
INFY.NS,2025-09-23,1431.39,1443.68,0.851
INFY.NS,2025-09-24,1432.13,1440.88,0.608
INFY.NS,2025-09-25,1426.35,1431.44,0.355
INFY.NS,2025-09-26,1420.68,1396.83,1.708
INFY.NS,2025-09-29,1424.51,1389.98,2.484
INFY.NS,2025-09-30,1427.32,1389.98,2.686
INFY.NS,2025-10-01,1429.15,1393.84,2.533
INFY.NS,2025-10-03,1419.53,1394.61,1.787
INFY.NS,2025-10-06,1425.12,1422.95,0.152
INFY.NS,2025-10-07,1428.28,1406.08,1.579
INFY.NS,2025-10-08,1430.34,1441.27,0.758
INFY.NS,2025-10-09,1425.71,1455.06,2.017
INFY.NS,2025-10-10,1421.0,1460.45,2.702
INFY.NS,2025-10-13,1426.86,1439.53,0.88
INFY.NS,2025-10-14,1430.18,1436.35,0.43
INFY.NS,2025-10-15,1432.48,1421.41,0.779
INFY.NS,2025-10-16,1428.19,1418.61,0.675
INFY.NS,2025-10-17,1423.93,1389.31,2.492
INFY.NS,2025-10-20,1431.95,1408.4,1.672
INFY.NS,2025-10-21,1436.27,1419.48,1.183
INFY.NS,2025-10-23,1436.61,1473.57,2.508
INFY.NS,2025-10-24,1433.67,1470.58,2.51
INFY.NS,2025-10-27,1445.86,1472.63,1.818
INFY.NS,2025-10-28,1451.54,1468.42,1.15
INFY.NS,2025-10-29,1456.26,1478.41,1.498
INFY.NS,2025-10-30,1454.37,1462.16,0.533
INFY.NS,2025-10-31,1452.48,1450.9,0.109
INFY.NS,2025-11-03,1466.71,1454.04,0.872
INFY.NS,2025-11-04,1472.63,1436.81,2.493
INFY.NS,2025-11-06,1475.23,1435.63,2.758
INFY.NS,2025-11-07,1472.87,1445.52,1.892
INFY.NS,2025-11-10,1484.5,1481.44,0.206
INFY.NS,2025-11-11,1489.24,1497.89,0.577
INFY.NS,2025-11-12,1492.7,1518.83,1.721
INFY.NS,2025-11-13,1489.27,1509.14,1.317
INFY.NS,2025-11-14,1485.6,1470.97,0.995
INFY.NS,2025-11-17,1493.81,1475.67,1.229
INFY.NS,2025-11-18,1497.75,1454.92,2.944
INFY.NS,2025-11-19,1500.64,1508.46,0.518
INFY.NS,2025-11-20,1496.92,1503.96,0.468
INFY.NS,2025-11-21,1493.26,1512.28,1.257
INFY.NS,2025-11-24,1503.51,1515.21,0.772
INFY.NS,2025-11-25,1508.79,1498.18,0.708
INFY.NS,2025-11-26,1513.34,1524.9,0.758
INFY.NS,2025-11-27,1511.55,1533.22,1.413
INFY.NS,2025-11-28,1510.08,1527.06,1.112
INFY.NS,2025-12-01,1527.79,1530.87,0.201
INFY.NS,2025-12-02,1535.67,1527.94,0.506
INFY.NS,2025-12-03,1542.74,1545.26,0.163
INFY.NS,2025-12-04,1543.35,1563.76,1.305
INFY.NS,2025-12-05,1544.05,1581.97,2.397
INFY.NS,2025-12-08,1566.39,1576.68,0.653
INFY.NS,2025-12-09,1574.97,1565.13,0.629
INFY.NS,2025-12-10,1582.26,1551.23,2.0
INFY.NS,2025-12-11,1582.56,1564.15,1.177
INFY.NS,2025-12-12,1582.42,1564.35,1.155
INFY.NS,2025-12-15,1599.05,1572.77,1.671
INFY.NS,2025-12-16,1604.75,1559.16,2.924
INFY.NS,2025-12-17,1608.73,1568.07,2.593
INFY.NS,2025-12-18,1605.39,1592.34,0.819
INFY.NS,2025-12-19,1601.33,1603.99,0.166
INFY.NS,2025-12-22,1605.38,1653.81,2.929
INFY.NS,2025-12-23,1606.94,1632.96,1.594
INFY.NS,2025-12-24,1606.97,1628.17,1.302
INFY.NS,2025-12-26,1592.59,1621.02,1.754
INFY.NS,2025-12-29,1589.72,1609.86,1.251
INFY.NS,2025-12-30,1590.17,1587.25,0.184
INFY.NS,2025-12-31,1589.74,1581.18,0.541
INFY.NS,2026-01-01,1582.94,1595.28,0.773
INFY.NS,2026-01-02,1576.46,1605.65,1.818
INFY.NS,2026-01-05,1579.93,1572.37,0.48
INFY.NS,2026-01-06,1583.54,1578.05,0.348
INFY.NS,2026-01-07,1586.66,1604.28,1.099
INFY.NS,2026-01-08,1583.69,1579.13,0.289
INFY.NS,2026-01-09,1581.23,1579.91,0.083
INFY.NS,2026-01-12,1596.62,1562.1,2.21
INFY.NS,2026-01-13,1603.74,1565.13,2.467
INFY.NS,2026-01-14,1609.94,1565.91,2.811
INFY.NS,2026-01-15,1609.49,1565.91,2.783
INFY.NS,2026-01-16,1608.9,1654.01,2.727
INFY.NS,2026-01-19,1625.11,1645.59,1.245
INFY.NS,2026-01-20,1630.71,1623.76,0.428
INFY.NS,2026-01-21,1634.44,1619.36,0.931
INFY.NS,2026-01-22,1630.57,1628.27,0.142
INFY.NS,2026-01-23,1625.62,1635.41,0.599
INFY.NS,2026-01-27,1621.81,1647.06,1.533
INFY.NS,2026-01-28,1617.53,1631.2,0.838
INFY.NS,2026-01-29,1605.24,1624.35,1.176
INFY.NS,2026-01-30,1591.59,1606.24,0.912
INFY.NS,2026-02-02,1563.36,1594.89,1.977
INFY.NS,2026-02-03,1553.14,1620.92,4.182
INFY.NS,2026-02-04,1540.97,1503.27,2.508
INFY.NS,2026-02-05,1521.37,1488.0,2.243
INFY.NS,2026-02-06,1501.12,1475.18,1.759
INFY.NS,2026-02-09,1458.26,1465.49,0.493
INFY.NS,2026-02-10,1445.12,1466.08,1.429
INFY.NS,2026-02-11,1431.08,1440.72,0.669
INFY.NS,2026-02-12,1410.67,1356.64,3.982
INFY.NS,2026-02-13,1390.65,1340.1,3.772
INFY.NS,2026-02-16,1354.36,1336.68,1.323
INFY.NS,2026-02-17,1345.14,1361.73,1.219
INFY.NS,2026-02-18,1335.72,1344.6,0.661
INFY.NS,2026-02-19,1320.53,1341.47,1.561
INFY.NS,2026-02-20,1306.22,1324.54,1.383
INFY.NS,2026-02-23,1288.69,1299.38,0.823
INFY.NS,2026-02-24,1285.85,1248.48,2.993
INFY.NS,2026-02-25,1282.7,1262.77,1.578
INFY.NS,2026-02-26,1273.55,1261.8,0.932
INFY.NS,2026-02-27,1264.95,1272.56,0.598
INFY.NS,2026-03-02,1261.88,1261.6,0.022
INFY.NS,2026-03-04,1262.88,1279.71,1.315
INFY.NS,2026-03-05,1256.37,1278.14,1.703
INFY.NS,2026-03-06,1249.86,1280.69,2.407
INFY.NS,2026-03-09,1250.2,1287.15,2.87
INFY.NS,2026-03-10,1251.51,1268.16,1.313
INFY.NS,2026-03-11,1251.66,1249.27,0.192
INFY.NS,2026-03-12,1245.07,1238.99,0.491
INFY.NS,2026-03-13,1238.37,1221.86,1.351
INFY.NS,2026-03-16,1238.33,1223.33,1.226
INFY.NS,2026-03-17,1239.81,1206.79,2.737
INFY.NS,2026-03-18,1240.39,1240.26,0.01
INFY.NS,2026-03-19,1234.51,1194.94,3.311
INFY.NS,2026-03-20,1228.85,1229.3,0.037
INFY.NS,2026-03-23,1233.98,1230.18,0.309
INFY.NS,2026-03-24,1237.82,1251.22,1.071
INFY.NS,2026-03-25,1241.02,1252.01,0.878
INFY.NS,2026-03-27,1235.33,1242.81,0.602
INFY.NS,2026-03-30,1249.57,1224.11,2.08
INFY.NS,2026-04-01,1261.97,1248.68,1.064
INFY.NS,2026-04-02,1261.13,1273.25,0.952
INFY.NS,2026-04-06,1276.46,1278.53,0.162
INFY.NS,2026-04-07,1282.5,1311.03,2.176
INFY.NS,2026-04-08,1286.95,1317.69,2.333
INFY.NS,2026-04-09,1284.11,1303.4,1.48
INFY.NS,2026-04-10,1280.51,1265.12,1.216
INFY.NS,2026-04-13,1284.76,1249.76,2.801
INFY.NS,2026-04-15,1284.58,1277.65,0.542
INFY.NS,2026-04-16,1275.84,1291.26,1.194
INFY.NS,2026-04-17,1266.09,1290.77,1.912
INFY.NS,2026-04-20,1251.57,1284.8,2.586
INFY.NS,2026-04-21,1246.5,1285.39,3.025
INFY.NS,2026-04-22,1239.73,1241.73,0.161
INFY.NS,2026-04-23,1225.76,1214.32,0.942
INFY.NS,2026-04-24,1211.32,1130.14,7.183
INFY.NS,2026-04-27,1186.79,1145.51,3.603
INFY.NS,2026-04-28,1179.97,1127.7,4.635
INFY.NS,2026-04-29,1172.31,1142.77,2.585
INFY.NS,2026-04-30,1158.34,1156.77,0.136
INFY.NS,2026-05-01,1144.78,1156.77,1.036
INFY.NS,2026-05-04,1127.99,1143.65,1.369
INFY.NS,2026-05-05,1125.29,1153.15,2.416
INFY.NS,2026-05-06,1122.41,1142.48,1.756
INFY.NS,2026-05-07,1113.78,1138.07,2.135
INFY.NS,2026-05-08,1106.05,1154.22,4.174
INFY.NS,2026-05-11,1108.51,1152.07,3.781
INFY.NS,2026-05-12,1112.44,1116.15,0.332
INFY.NS,2026-05-13,1116.12,1099.31,1.529
INFY.NS,2026-05-14,1113.85,1071.81,3.923
INFY.NS,2026-05-15,1112.19,1095.3,1.542
INFY.NS,2026-05-18,1130.12,1118.3,1.057
INFY.NS,2026-05-19,1138.05,1171.55,2.859
INFY.NS,2026-05-20,1145.03,1168.42,2.002
INFY.NS,2026-05-21,1145.34,1156.18,0.938
INFY.NS,2026-05-22,1145.5,1149.62,0.359
INFY.NS,2026-05-25,1164.32,1143.75,1.798
INFY.NS,2026-05-26,1171.05,1142.97,2.457
INFY.NS,2026-05-27,1176.15,1135.33,3.595
INFY.NS,2026-05-28,1173.93,1135.33,3.4
INFY.NS,2026-05-29,1170.98,1136.31,3.051
INFY.NS,2026-06-01,1177.67,1177.03,0.054
INFY.NS,2026-06-02,1179.68,1243.88,5.162
INFY.NS,2026-06-03,1179.85,1196.7,1.408
INFY.NS,2026-06-04,1172.59,1175.86,0.278
INFY.NS,2026-06-05,1164.56,1172.14,0.646
INFY.NS,2026-06-08,1156.59,1162.45,0.504
INFY.NS,2026-06-09,1154.15,1155.3,0.1
INFY.NS,2026-06-10,1150.19,1145.3,0.427
INFY.NS,2026-06-11,1139.18,1114.6,2.205
INFY.NS,2026-06-12,1127.81,1116.4,1.022
INFY.NS,2026-06-15,1112.66,1134.9,1.96
INFY.NS,2026-06-16,1108.83,1143.6,3.04
INFY.NS,2026-06-17,1103.99,1157.7,4.639
INFY.NS,2026-06-18,1092.61,1127.5,3.094
INFY.NS,2026-06-19,1081.36,1051.4,2.85
INFY.NS,2026-06-22,1069.21,1065.4,0.358
INFY.NS,2026-06-23,1067.15,1029.3,3.677
INFY.NS,2026-06-24,1064.39,1056.6,0.737
INFY.NS,2026-06-25,1055.35,1041.2,1.359
INFY.NS,2026-06-26,1046.65,1041.2,0.523
INFY.NS,2026-06-29,1042.85,1036.7,0.593
INFY.NS,2026-06-30,1043.6,1000.4,4.318
INFY.NS,2026-07-01,1043.59,985.3,5.916
INFY.NS,2026-07-02,1037.15,1040.9,0.36
INFY.NS,2026-07-03,1030.88,1047.2,1.558
INFY.NS,2026-07-06,1032.81,1042.2,0.901
INFY.NS,2026-07-07,1034.83,1071.8,3.449
INFY.NS,2026-07-08,1035.7,1069.3,3.142
INFY.NS,2026-07-09,1029.77,1050.8,2.001
INFY.NS,2026-07-10,1023.59,1068.0,4.158
INFY.NS,2026-07-13,1023.31,1102.6,7.191
INFY.NS,2026-07-14,1023.8,1092.9,6.323
INFY.NS,2026-07-15,1022.78,1076.3,4.973
INFY.NS,2026-07-16,1014.61,1082.4,6.263
INFY.NS,2026-07-17,1005.9,1096.5,8.263
INFY.NS,2026-07-20,996.73,1087.1,8.313
INFY.NS,2026-07-21,993.99,1073.5,7.407
INFY.NS,2026-07-22,989.72,1052.1,5.929
INFY.NS,2026-07-23,978.34,1047.4,6.593
INFY.NS,2026-07-24,966.51,1040.9,7.147
ITC.NS,2025-07-24,394.46,390.89,0.914
ITC.NS,2025-07-25,395.06,390.36,1.204
ITC.NS,2025-07-28,395.57,390.84,1.211
ITC.NS,2025-07-29,395.64,389.46,1.588
ITC.NS,2025-07-30,396.49,388.65,2.019
ITC.NS,2025-07-31,395.49,392.79,0.687
ITC.NS,2025-08-01,396.02,397.08,0.268
ITC.NS,2025-08-04,395.76,397.46,0.429
ITC.NS,2025-08-05,395.41,394.89,0.132
ITC.NS,2025-08-06,395.78,392.84,0.748
ITC.NS,2025-08-07,394.27,394.37,0.024
ITC.NS,2025-08-08,394.27,395.22,0.241
ITC.NS,2025-08-11,392.42,397.46,1.269
ITC.NS,2025-08-12,391.61,396.99,1.355
ITC.NS,2025-08-13,391.59,394.84,0.824
ITC.NS,2025-08-14,389.76,392.32,0.652
ITC.NS,2025-08-18,387.54,387.41,0.035
ITC.NS,2025-08-19,386.9,390.08,0.814
ITC.NS,2025-08-20,387.14,387.17,0.007
ITC.NS,2025-08-21,385.68,386.69,0.261
ITC.NS,2025-08-22,385.89,379.78,1.609
ITC.NS,2025-08-25,385.73,380.78,1.3
ITC.NS,2025-08-26,385.79,384.59,0.311
ITC.NS,2025-08-28,386.01,382.26,0.982
ITC.NS,2025-08-29,386.92,390.7,0.966
ITC.NS,2025-09-01,388.6,386.98,0.42
ITC.NS,2025-09-02,389.13,387.83,0.334
ITC.NS,2025-09-03,390.48,392.6,0.541
ITC.NS,2025-09-04,390.01,396.56,1.651
ITC.NS,2025-09-05,391.09,388.41,0.691
ITC.NS,2025-09-08,392.57,388.6,1.022
ITC.NS,2025-09-09,392.8,390.98,0.465
ITC.NS,2025-09-10,393.75,393.84,0.023
ITC.NS,2025-09-11,392.79,395.75,0.748
ITC.NS,2025-09-12,393.29,394.51,0.309
ITC.NS,2025-09-15,392.68,393.46,0.198
ITC.NS,2025-09-16,392.16,393.89,0.439
ITC.NS,2025-09-17,392.34,390.27,0.531
ITC.NS,2025-09-18,390.63,392.41,0.454
ITC.NS,2025-09-19,390.42,391.55,0.289
ITC.NS,2025-09-22,388.04,388.03,0.004
ITC.NS,2025-09-23,387.09,384.45,0.687
ITC.NS,2025-09-24,386.96,382.35,1.205
ITC.NS,2025-09-25,385.03,381.49,0.927
ITC.NS,2025-09-26,384.72,386.26,0.399
ITC.NS,2025-09-29,382.74,388.31,1.435
ITC.NS,2025-09-30,382.14,382.88,0.192
ITC.NS,2025-10-01,382.46,386.74,1.106
ITC.NS,2025-10-03,381.4,385.5,1.063
ITC.NS,2025-10-06,381.63,382.11,0.127
ITC.NS,2025-10-07,381.84,381.21,0.166
ITC.NS,2025-10-08,382.96,381.16,0.472
ITC.NS,2025-10-09,382.39,381.3,0.285
ITC.NS,2025-10-10,383.48,384.07,0.153
ITC.NS,2025-10-13,385.76,380.68,1.334
ITC.NS,2025-10-14,386.51,378.35,2.157
ITC.NS,2025-10-15,388.11,381.3,1.785
ITC.NS,2025-10-16,387.92,386.31,0.417
ITC.NS,2025-10-17,389.3,392.98,0.937
ITC.NS,2025-10-20,391.88,393.84,0.498
ITC.NS,2025-10-21,392.56,393.65,0.277
ITC.NS,2025-10-23,393.53,396.61,0.776
ITC.NS,2025-10-24,394.58,397.42,0.714
ITC.NS,2025-10-27,395.8,401.09,1.318
ITC.NS,2025-10-28,395.92,398.47,0.639
ITC.NS,2025-10-29,396.76,401.99,1.302
ITC.NS,2025-10-30,395.69,399.28,0.898
ITC.NS,2025-10-31,396.12,400.8,1.168
ITC.NS,2025-11-03,395.45,394.7,0.19
ITC.NS,2025-11-04,394.96,389.88,1.302
ITC.NS,2025-11-06,393.6,388.55,1.3
ITC.NS,2025-11-07,393.51,385.26,2.141
ITC.NS,2025-11-10,391.53,386.69,1.252
ITC.NS,2025-11-11,390.7,387.93,0.714
ITC.NS,2025-11-12,390.66,388.07,0.667
ITC.NS,2025-11-13,388.8,386.83,0.508
ITC.NS,2025-11-14,388.53,389.17,0.164
ITC.NS,2025-11-17,386.33,388.17,0.474
ITC.NS,2025-11-18,385.54,386.98,0.371
ITC.NS,2025-11-19,385.6,384.78,0.212
ITC.NS,2025-11-20,383.91,386.6,0.695
ITC.NS,2025-11-21,383.84,388.88,1.297
ITC.NS,2025-11-24,382.6,384.78,0.567
ITC.NS,2025-11-25,382.23,382.16,0.018
ITC.NS,2025-11-26,382.75,383.59,0.219
ITC.NS,2025-11-27,381.55,385.5,1.024
ITC.NS,2025-11-28,382.0,385.45,0.895
ITC.NS,2025-12-01,382.43,385.45,0.784
ITC.NS,2025-12-02,382.61,382.3,0.08
ITC.NS,2025-12-03,383.67,381.88,0.47
ITC.NS,2025-12-04,382.98,384.31,0.345
ITC.NS,2025-12-05,383.92,386.12,0.569
ITC.NS,2025-12-08,385.42,383.59,0.477
ITC.NS,2025-12-09,385.81,382.4,0.892
ITC.NS,2025-12-10,386.98,384.4,0.671
ITC.NS,2025-12-11,386.29,384.16,0.554
ITC.NS,2025-12-12,387.12,381.49,1.475
ITC.NS,2025-12-15,387.52,383.59,1.024
ITC.NS,2025-12-16,387.28,383.02,1.112
ITC.NS,2025-12-17,387.69,381.21,1.7
ITC.NS,2025-12-18,386.11,381.78,1.134
ITC.NS,2025-12-19,385.91,382.4,0.918
ITC.NS,2025-12-22,382.59,383.97,0.36
ITC.NS,2025-12-23,380.93,388.41,1.925
ITC.NS,2025-12-24,379.85,387.69,2.023
ITC.NS,2025-12-26,374.99,385.36,2.69
ITC.NS,2025-12-29,367.07,383.88,4.378
ITC.NS,2025-12-30,363.97,381.97,4.713
ITC.NS,2025-12-31,361.54,384.26,5.912
ITC.NS,2026-01-01,357.18,346.93,2.955
ITC.NS,2026-01-02,354.3,333.77,6.151
ITC.NS,2026-01-05,343.92,333.44,3.144
ITC.NS,2026-01-06,340.34,326.52,4.231
ITC.NS,2026-01-07,337.62,325.38,3.762
ITC.NS,2026-01-08,333.17,325.05,2.499
ITC.NS,2026-01-09,330.39,321.47,2.774
ITC.NS,2026-01-12,321.46,322.66,0.373
ITC.NS,2026-01-13,318.73,319.14,0.127
ITC.NS,2026-01-14,317.01,319.18,0.681
ITC.NS,2026-01-15,313.69,319.18,1.721
ITC.NS,2026-01-16,312.18,313.89,0.545
ITC.NS,2026-01-19,307.59,317.7,3.184
ITC.NS,2026-01-20,306.41,311.13,1.516
ITC.NS,2026-01-21,306.27,309.65,1.091
ITC.NS,2026-01-22,304.53,309.74,1.683
ITC.NS,2026-01-23,304.57,308.36,1.229
ITC.NS,2026-01-27,304.4,303.83,0.187
ITC.NS,2026-01-28,305.43,306.22,0.256
ITC.NS,2026-01-29,304.75,303.78,0.318
ITC.NS,2026-01-30,305.73,307.17,0.468
ITC.NS,2026-02-02,307.53,300.07,2.488
ITC.NS,2026-02-03,308.07,301.92,2.035
ITC.NS,2026-02-04,309.42,305.53,1.274
ITC.NS,2026-02-05,308.96,301.97,2.314
ITC.NS,2026-02-06,310.04,317.16,2.245
ITC.NS,2026-02-09,311.61,314.24,0.837
ITC.NS,2026-02-10,311.93,312.88,0.302
ITC.NS,2026-02-11,313.01,309.81,1.033
ITC.NS,2026-02-12,312.22,309.03,1.032
ITC.NS,2026-02-13,312.94,305.43,2.459
ITC.NS,2026-02-16,313.32,309.52,1.228
ITC.NS,2026-02-17,313.22,316.82,1.136
ITC.NS,2026-02-18,313.88,323.63,3.014
ITC.NS,2026-02-19,312.67,317.35,1.476
ITC.NS,2026-02-20,312.98,318.33,1.68
ITC.NS,2026-02-23,312.16,316.77,1.455
ITC.NS,2026-02-24,311.66,314.92,1.035
ITC.NS,2026-02-25,311.93,311.27,0.212
ITC.NS,2026-02-26,310.33,309.86,0.152
ITC.NS,2026-02-27,310.25,305.28,1.627
ITC.NS,2026-03-02,308.24,306.55,0.552
ITC.NS,2026-03-04,307.2,303.68,1.16
ITC.NS,2026-03-05,305.2,303.24,0.647
ITC.NS,2026-03-06,304.72,301.49,1.073
ITC.NS,2026-03-09,301.57,297.88,1.237
ITC.NS,2026-03-10,300.33,300.85,0.174
ITC.NS,2026-03-11,299.88,300.81,0.308
ITC.NS,2026-03-12,297.61,296.04,0.532
ITC.NS,2026-03-13,296.9,293.46,1.174
ITC.NS,2026-03-16,293.4,300.07,2.224
ITC.NS,2026-03-17,292.18,296.77,1.545
ITC.NS,2026-03-18,291.82,295.99,1.408
ITC.NS,2026-03-19,289.72,290.1,0.13
ITC.NS,2026-03-20,289.26,292.0,0.937
ITC.NS,2026-03-23,286.96,282.75,1.49
ITC.NS,2026-03-24,286.29,283.53,0.975
ITC.NS,2026-03-25,286.55,287.86,0.454
ITC.NS,2026-03-27,285.37,286.88,0.528
ITC.NS,2026-03-30,285.41,280.07,1.907
ITC.NS,2026-04-01,286.58,283.96,0.921
ITC.NS,2026-04-02,285.92,285.08,0.293
ITC.NS,2026-04-06,288.86,287.03,0.637
ITC.NS,2026-04-07,289.5,290.53,0.356
ITC.NS,2026-04-08,290.97,294.43,1.175
ITC.NS,2026-04-09,290.66,294.96,1.459
ITC.NS,2026-04-10,291.92,296.18,1.439
ITC.NS,2026-04-13,294.2,290.73,1.194
ITC.NS,2026-04-15,296.17,294.04,0.725
ITC.NS,2026-04-16,295.7,295.35,0.117
ITC.NS,2026-04-17,296.75,298.66,0.641
ITC.NS,2026-04-20,298.19,296.91,0.431
ITC.NS,2026-04-21,298.47,301.44,0.985
ITC.NS,2026-04-22,299.52,297.4,0.714
ITC.NS,2026-04-23,298.72,297.2,0.51
ITC.NS,2026-04-24,299.47,293.6,1.999
ITC.NS,2026-04-27,300.13,295.79,1.467
ITC.NS,2026-04-28,300.2,296.38,1.29
ITC.NS,2026-04-29,301.08,307.86,2.203
ITC.NS,2026-04-30,300.13,306.55,2.094
ITC.NS,2026-05-01,300.76,306.55,1.888
ITC.NS,2026-05-04,301.14,302.85,0.564
ITC.NS,2026-05-05,301.14,303.19,0.676
ITC.NS,2026-05-06,301.93,302.46,0.175
ITC.NS,2026-05-07,300.88,299.25,0.546
ITC.NS,2026-05-08,301.39,299.3,0.7
ITC.NS,2026-05-11,301.22,297.74,1.169
ITC.NS,2026-05-12,300.95,292.73,2.81
ITC.NS,2026-05-13,301.43,296.38,1.705
ITC.NS,2026-05-14,300.03,299.05,0.327
ITC.NS,2026-05-15,300.13,301.24,0.37
ITC.NS,2026-05-18,298.51,301.92,1.131
ITC.NS,2026-05-19,297.71,302.07,1.444
ITC.NS,2026-05-20,297.63,299.39,0.589
ITC.NS,2026-05-21,295.68,299.88,1.401
ITC.NS,2026-05-22,295.24,293.7,0.525
ITC.NS,2026-05-25,292.19,295.89,1.25
ITC.NS,2026-05-26,291.0,293.65,0.902
ITC.NS,2026-05-27,290.63,291.95,0.452
ITC.NS,2026-05-28,288.47,291.95,1.192
ITC.NS,2026-05-29,287.9,286.9,0.349
ITC.NS,2026-06-01,285.12,279.65,1.956
ITC.NS,2026-06-02,284.25,283.25,0.353
ITC.NS,2026-06-03,284.29,277.0,2.632
ITC.NS,2026-06-04,282.64,280.3,0.835
ITC.NS,2026-06-05,282.7,280.7,0.713
ITC.NS,2026-06-08,282.22,279.45,0.991
ITC.NS,2026-06-09,282.23,280.0,0.796
ITC.NS,2026-06-10,283.17,283.65,0.169
ITC.NS,2026-06-11,282.43,282.4,0.011
ITC.NS,2026-06-12,283.38,285.1,0.603
ITC.NS,2026-06-15,285.32,287.9,0.896
ITC.NS,2026-06-16,285.98,291.65,1.944
ITC.NS,2026-06-17,287.48,290.75,1.125
ITC.NS,2026-06-18,287.19,291.15,1.36
ITC.NS,2026-06-19,288.45,292.5,1.385
ITC.NS,2026-06-22,290.53,291.25,0.247
ITC.NS,2026-06-23,290.96,290.0,0.331
ITC.NS,2026-06-24,292.1,290.35,0.603
ITC.NS,2026-06-25,291.31,290.0,0.452
ITC.NS,2026-06-26,291.97,290.0,0.679
ITC.NS,2026-06-29,291.7,290.7,0.344
ITC.NS,2026-06-30,291.22,286.95,1.488
ITC.NS,2026-07-01,291.43,290.3,0.389
ITC.NS,2026-07-02,289.7,289.9,0.069
ITC.NS,2026-07-03,289.43,289.95,0.179
ITC.NS,2026-07-06,286.66,288.25,0.552
ITC.NS,2026-07-07,285.51,288.75,1.122
ITC.NS,2026-07-08,285.14,280.65,1.6
ITC.NS,2026-07-09,282.95,282.05,0.319
ITC.NS,2026-07-10,282.35,281.75,0.213
ITC.NS,2026-07-13,279.33,279.65,0.114
ITC.NS,2026-07-14,278.34,275.55,1.013
ITC.NS,2026-07-15,278.26,276.65,0.582
ITC.NS,2026-07-16,276.46,279.35,1.035
ITC.NS,2026-07-17,276.34,280.7,1.553
ITC.NS,2026-07-20,275.17,282.7,2.664
ITC.NS,2026-07-21,274.88,281.0,2.178
ITC.NS,2026-07-22,275.49,280.8,1.891
ITC.NS,2026-07-23,274.37,281.3,2.464
ITC.NS,2026-07-24,274.9,283.45,3.016
JSWSTEEL.NS,2025-07-24,1028.09,1027.9,0.019
JSWSTEEL.NS,2025-07-25,1024.3,1021.04,0.32
JSWSTEEL.NS,2025-07-28,1027.24,1022.92,0.422
JSWSTEEL.NS,2025-07-29,1029.59,1028.99,0.058
JSWSTEEL.NS,2025-07-30,1035.72,1031.97,0.363
JSWSTEEL.NS,2025-07-31,1037.79,1042.31,0.434
JSWSTEEL.NS,2025-08-01,1035.21,1021.93,1.299
JSWSTEEL.NS,2025-08-04,1040.57,1049.87,0.886
JSWSTEEL.NS,2025-08-05,1043.26,1047.38,0.394
JSWSTEEL.NS,2025-08-06,1049.47,1046.59,0.275
JSWSTEEL.NS,2025-08-07,1051.36,1058.72,0.695
JSWSTEEL.NS,2025-08-08,1048.34,1043.21,0.492
JSWSTEEL.NS,2025-08-11,1050.99,1046.69,0.411
JSWSTEEL.NS,2025-08-12,1052.38,1042.21,0.975
JSWSTEEL.NS,2025-08-13,1057.16,1047.68,0.905
JSWSTEEL.NS,2025-08-14,1057.52,1039.53,1.731
JSWSTEEL.NS,2025-08-18,1050.87,1073.63,2.12
JSWSTEEL.NS,2025-08-19,1050.89,1067.27,1.535
JSWSTEEL.NS,2025-08-20,1054.46,1076.42,2.04
JSWSTEEL.NS,2025-08-21,1053.82,1065.68,1.113
JSWSTEEL.NS,2025-08-22,1048.45,1048.58,0.012
JSWSTEEL.NS,2025-08-25,1045.88,1051.76,0.559
JSWSTEEL.NS,2025-08-26,1046.35,1041.12,0.502
JSWSTEEL.NS,2025-08-28,1051.14,1029.88,2.064
JSWSTEEL.NS,2025-08-29,1047.16,1020.74,2.589
JSWSTEEL.NS,2025-09-01,1050.29,1029.59,2.011
JSWSTEEL.NS,2025-09-02,1053.06,1038.04,1.447
JSWSTEEL.NS,2025-09-03,1059.82,1066.08,0.587
JSWSTEEL.NS,2025-09-04,1062.77,1066.28,0.329
JSWSTEEL.NS,2025-09-05,1061.31,1066.97,0.531
JSWSTEEL.NS,2025-09-08,1071.65,1095.11,2.142
JSWSTEEL.NS,2025-09-09,1076.53,1098.19,1.973
JSWSTEEL.NS,2025-09-10,1085.2,1094.91,0.887
JSWSTEEL.NS,2025-09-11,1089.78,1092.72,0.269
JSWSTEEL.NS,2025-09-12,1089.68,1092.72,0.279
JSWSTEEL.NS,2025-09-15,1102.14,1094.61,0.688
JSWSTEEL.NS,2025-09-16,1107.05,1108.83,0.161
JSWSTEEL.NS,2025-09-17,1115.4,1104.66,0.973
JSWSTEEL.NS,2025-09-18,1119.36,1114.7,0.418
JSWSTEEL.NS,2025-09-19,1118.32,1116.39,0.173
JSWSTEEL.NS,2025-09-22,1126.48,1110.62,1.428
JSWSTEEL.NS,2025-09-23,1129.58,1131.9,0.205
JSWSTEEL.NS,2025-09-24,1136.01,1142.54,0.571
JSWSTEEL.NS,2025-09-25,1137.97,1141.94,0.348
JSWSTEEL.NS,2025-09-26,1134.91,1124.34,0.94
JSWSTEEL.NS,2025-09-29,1137.31,1115.79,1.929
JSWSTEEL.NS,2025-09-30,1138.72,1136.17,0.224
JSWSTEEL.NS,2025-10-01,1143.64,1139.55,0.359
JSWSTEEL.NS,2025-10-03,1140.13,1155.07,1.293
JSWSTEEL.NS,2025-10-06,1140.66,1153.28,1.094
JSWSTEEL.NS,2025-10-07,1141.92,1150.19,0.719
JSWSTEEL.NS,2025-10-08,1146.9,1138.66,0.724
JSWSTEEL.NS,2025-10-09,1147.82,1168.49,1.769
JSWSTEEL.NS,2025-10-10,1144.11,1161.13,1.466
JSWSTEEL.NS,2025-10-13,1146.76,1154.77,0.693
JSWSTEEL.NS,2025-10-14,1148.87,1141.24,0.668
JSWSTEEL.NS,2025-10-15,1154.72,1154.17,0.048
JSWSTEEL.NS,2025-10-16,1156.49,1165.41,0.765
JSWSTEEL.NS,2025-10-17,1153.59,1156.66,0.265
JSWSTEEL.NS,2025-10-20,1158.06,1138.66,1.704
JSWSTEEL.NS,2025-10-21,1160.52,1145.92,1.274
JSWSTEEL.NS,2025-10-23,1168.34,1131.7,3.238
JSWSTEEL.NS,2025-10-24,1165.28,1134.88,2.679
JSWSTEEL.NS,2025-10-27,1168.3,1144.03,2.122
JSWSTEEL.NS,2025-10-28,1169.99,1177.44,0.632
JSWSTEEL.NS,2025-10-29,1175.13,1201.0,2.154
JSWSTEEL.NS,2025-10-30,1175.93,1203.09,2.257
JSWSTEEL.NS,2025-10-31,1171.81,1199.11,2.277
JSWSTEEL.NS,2025-11-03,1171.43,1188.18,1.409
JSWSTEEL.NS,2025-11-04,1171.99,1174.65,0.227
JSWSTEEL.NS,2025-11-06,1175.81,1162.12,1.178
JSWSTEEL.NS,2025-11-07,1170.72,1165.01,0.49
JSWSTEEL.NS,2025-11-10,1167.92,1172.56,0.396
JSWSTEEL.NS,2025-11-11,1167.84,1184.7,1.423
JSWSTEEL.NS,2025-11-12,1171.33,1175.05,0.317
JSWSTEEL.NS,2025-11-13,1170.59,1177.14,0.556
JSWSTEEL.NS,2025-11-14,1165.06,1161.13,0.338
JSWSTEEL.NS,2025-11-17,1161.1,1168.79,0.658
JSWSTEEL.NS,2025-11-18,1160.62,1156.36,0.369
JSWSTEEL.NS,2025-11-19,1163.68,1158.25,0.469
JSWSTEEL.NS,2025-11-20,1162.47,1163.32,0.073
JSWSTEEL.NS,2025-11-21,1156.4,1133.79,1.994
JSWSTEEL.NS,2025-11-24,1150.33,1099.68,4.606
JSWSTEEL.NS,2025-11-25,1148.98,1105.65,3.919
JSWSTEEL.NS,2025-11-26,1151.08,1147.81,0.285
JSWSTEEL.NS,2025-11-27,1148.82,1153.97,0.446
JSWSTEEL.NS,2025-11-28,1141.64,1153.67,1.043
JSWSTEEL.NS,2025-12-01,1132.07,1161.73,2.553
JSWSTEEL.NS,2025-12-02,1129.57,1155.36,2.233
JSWSTEEL.NS,2025-12-03,1130.59,1137.07,0.57
JSWSTEEL.NS,2025-12-04,1127.35,1144.03,1.458
JSWSTEEL.NS,2025-12-05,1119.32,1155.56,3.136
JSWSTEEL.NS,2025-12-08,1108.3,1112.71,0.396
JSWSTEEL.NS,2025-12-09,1105.79,1101.47,0.392
JSWSTEEL.NS,2025-12-10,1107.07,1090.54,1.516
JSWSTEEL.NS,2025-12-11,1104.39,1099.09,0.482
JSWSTEEL.NS,2025-12-12,1097.23,1119.07,1.952
JSWSTEEL.NS,2025-12-15,1090.72,1108.43,1.598
JSWSTEEL.NS,2025-12-16,1090.33,1076.42,1.293
JSWSTEEL.NS,2025-12-17,1094.0,1073.14,1.944
JSWSTEEL.NS,2025-12-18,1093.97,1076.02,1.668
JSWSTEEL.NS,2025-12-19,1089.67,1073.43,1.512
JSWSTEEL.NS,2025-12-22,1092.67,1088.65,0.37
JSWSTEEL.NS,2025-12-23,1095.6,1090.54,0.464
JSWSTEEL.NS,2025-12-24,1102.59,1085.07,1.615
JSWSTEEL.NS,2025-12-26,1104.67,1088.15,1.518
JSWSTEEL.NS,2025-12-29,1115.99,1086.36,2.727
JSWSTEEL.NS,2025-12-30,1121.18,1105.25,1.441
JSWSTEEL.NS,2025-12-31,1130.11,1158.15,2.421
JSWSTEEL.NS,2026-01-01,1134.94,1164.81,2.564
JSWSTEEL.NS,2026-01-02,1135.03,1173.96,3.316
JSWSTEEL.NS,2026-01-05,1147.84,1179.13,2.653
JSWSTEEL.NS,2026-01-06,1152.79,1169.58,1.436
JSWSTEEL.NS,2026-01-07,1161.15,1183.01,1.847
JSWSTEEL.NS,2026-01-08,1165.1,1149.3,1.375
JSWSTEEL.NS,2026-01-09,1164.03,1152.18,1.028
JSWSTEEL.NS,2026-01-12,1172.06,1175.95,0.33
JSWSTEEL.NS,2026-01-13,1175.15,1171.37,0.323
JSWSTEEL.NS,2026-01-14,1181.58,1175.05,0.556
JSWSTEEL.NS,2026-01-15,1183.59,1175.05,0.727
JSWSTEEL.NS,2026-01-16,1180.62,1180.52,0.009
JSWSTEEL.NS,2026-01-19,1183.62,1177.34,0.534
JSWSTEEL.NS,2026-01-20,1185.37,1153.38,2.774
JSWSTEEL.NS,2026-01-21,1190.69,1167.89,1.952
JSWSTEEL.NS,2026-01-22,1191.83,1177.64,1.205
JSWSTEEL.NS,2026-01-23,1188.26,1163.32,2.144
JSWSTEEL.NS,2026-01-27,1193.23,1215.02,1.793
JSWSTEEL.NS,2026-01-28,1199.22,1211.74,1.033
JSWSTEEL.NS,2026-01-29,1201.24,1230.43,2.373
JSWSTEEL.NS,2026-01-30,1198.71,1207.46,0.725
JSWSTEEL.NS,2026-02-02,1205.31,1192.35,1.087
JSWSTEEL.NS,2026-02-03,1208.87,1222.38,1.105
JSWSTEEL.NS,2026-02-04,1216.22,1221.19,0.407
JSWSTEEL.NS,2026-02-05,1219.52,1232.72,1.071
JSWSTEEL.NS,2026-02-06,1218.17,1229.14,0.892
JSWSTEEL.NS,2026-02-09,1227.35,1237.89,0.851
JSWSTEEL.NS,2026-02-10,1231.33,1236.99,0.458
JSWSTEEL.NS,2026-02-11,1238.84,1242.07,0.26
JSWSTEEL.NS,2026-02-12,1242.03,1240.77,0.101
JSWSTEEL.NS,2026-02-13,1240.28,1224.96,1.25
JSWSTEEL.NS,2026-02-16,1246.43,1241.07,0.432
JSWSTEEL.NS,2026-02-17,1248.81,1237.49,0.915
JSWSTEEL.NS,2026-02-18,1254.44,1244.05,0.835
JSWSTEEL.NS,2026-02-19,1255.49,1221.38,2.792
JSWSTEEL.NS,2026-02-20,1251.35,1228.74,1.84
JSWSTEEL.NS,2026-02-23,1249.15,1233.42,1.276
JSWSTEEL.NS,2026-02-24,1248.45,1247.34,0.089
JSWSTEEL.NS,2026-02-25,1250.9,1267.72,1.327
JSWSTEEL.NS,2026-02-26,1248.7,1273.29,1.931
JSWSTEEL.NS,2026-02-27,1241.29,1257.48,1.287
JSWSTEEL.NS,2026-03-02,1229.45,1260.06,2.429
JSWSTEEL.NS,2026-03-04,1225.24,1206.07,1.589
JSWSTEEL.NS,2026-03-05,1220.3,1240.97,1.666
JSWSTEEL.NS,2026-03-06,1210.34,1226.65,1.33
JSWSTEEL.NS,2026-03-09,1192.29,1185.79,0.548
JSWSTEEL.NS,2026-03-10,1187.02,1207.37,1.685
JSWSTEEL.NS,2026-03-11,1185.35,1172.07,1.133
JSWSTEEL.NS,2026-03-12,1179.52,1165.9,1.168
JSWSTEEL.NS,2026-03-13,1169.02,1112.91,5.042
JSWSTEEL.NS,2026-03-16,1151.45,1139.06,1.088
JSWSTEEL.NS,2026-03-17,1147.07,1160.53,1.16
JSWSTEEL.NS,2026-03-18,1146.66,1173.56,2.292
JSWSTEEL.NS,2026-03-19,1142.45,1124.44,1.602
JSWSTEEL.NS,2026-03-20,1133.93,1162.92,2.493
JSWSTEEL.NS,2026-03-23,1124.36,1103.26,1.912
JSWSTEEL.NS,2026-03-24,1123.28,1127.23,0.35
JSWSTEEL.NS,2026-03-25,1126.44,1149.4,1.997
JSWSTEEL.NS,2026-03-27,1121.57,1123.84,0.202
JSWSTEEL.NS,2026-03-30,1125.04,1116.09,0.802
JSWSTEEL.NS,2026-04-01,1136.15,1133.89,0.2
JSWSTEEL.NS,2026-04-02,1140.25,1134.78,0.482
JSWSTEEL.NS,2026-04-06,1155.74,1127.13,2.539
JSWSTEEL.NS,2026-04-07,1162.7,1145.32,1.517
JSWSTEEL.NS,2026-04-08,1173.58,1187.48,1.17
JSWSTEEL.NS,2026-04-09,1180.51,1202.79,1.852
JSWSTEEL.NS,2026-04-10,1182.84,1207.86,2.072
JSWSTEEL.NS,2026-04-13,1203.0,1197.32,0.474
JSWSTEEL.NS,2026-04-15,1221.48,1211.64,0.812
JSWSTEEL.NS,2026-04-16,1228.0,1207.96,1.659
JSWSTEEL.NS,2026-04-17,1229.46,1233.22,0.305
JSWSTEEL.NS,2026-04-20,1244.41,1267.22,1.8
JSWSTEEL.NS,2026-04-21,1249.46,1272.29,1.795
JSWSTEEL.NS,2026-04-22,1257.63,1256.18,0.115
JSWSTEEL.NS,2026-04-23,1261.13,1249.82,0.905
JSWSTEEL.NS,2026-04-24,1259.37,1248.53,0.868
JSWSTEEL.NS,2026-04-27,1264.16,1275.37,0.879
JSWSTEEL.NS,2026-04-28,1265.85,1274.28,0.662
JSWSTEEL.NS,2026-04-29,1270.79,1272.39,0.126
JSWSTEEL.NS,2026-04-30,1271.21,1257.28,1.108
JSWSTEEL.NS,2026-05-01,1266.6,1257.28,0.741
JSWSTEEL.NS,2026-05-04,1264.57,1259.37,0.413
JSWSTEEL.NS,2026-05-05,1264.68,1245.25,1.561
JSWSTEEL.NS,2026-05-06,1268.41,1266.03,0.188
JSWSTEEL.NS,2026-05-07,1268.01,1276.07,0.632
JSWSTEEL.NS,2026-05-08,1262.96,1270.5,0.594
JSWSTEEL.NS,2026-05-11,1261.76,1255.39,0.507
JSWSTEEL.NS,2026-05-12,1262.77,1245.15,1.415
JSWSTEEL.NS,2026-05-13,1267.66,1267.62,0.003
JSWSTEEL.NS,2026-05-14,1268.62,1289.49,1.619
JSWSTEEL.NS,2026-05-15,1265.09,1271.5,0.504
JSWSTEEL.NS,2026-05-18,1268.85,1285.42,1.289
JSWSTEEL.NS,2026-05-19,1271.47,1277.86,0.5
JSWSTEEL.NS,2026-05-20,1277.85,1275.87,0.155
JSWSTEEL.NS,2026-05-21,1280.15,1273.98,0.484
JSWSTEEL.NS,2026-05-22,1277.75,1278.16,0.032
JSWSTEEL.NS,2026-05-25,1283.34,1282.04,0.102
JSWSTEEL.NS,2026-05-26,1285.97,1286.21,0.019
JSWSTEEL.NS,2026-05-27,1292.04,1301.82,0.751
JSWSTEEL.NS,2026-05-28,1293.71,1301.82,0.623
JSWSTEEL.NS,2026-05-29,1290.36,1270.7,1.547
JSWSTEEL.NS,2026-06-01,1291.43,1291.98,0.042
JSWSTEEL.NS,2026-06-02,1292.08,1303.31,0.862
JSWSTEEL.NS,2026-06-03,1296.0,1305.4,0.72
JSWSTEEL.NS,2026-06-04,1295.39,1293.67,0.133
JSWSTEEL.NS,2026-06-05,1289.68,1276.67,1.019
JSWSTEEL.NS,2026-06-08,1283.61,1253.5,2.402
JSWSTEEL.NS,2026-06-09,1282.02,1254.49,2.194
JSWSTEEL.NS,2026-06-10,1283.83,1262.55,1.686
JSWSTEEL.NS,2026-06-11,1281.28,1274.98,0.494
JSWSTEEL.NS,2026-06-12,1273.85,1290.19,1.266
JSWSTEEL.NS,2026-06-15,1264.02,1289.1,1.945
JSWSTEEL.NS,2026-06-16,1261.69,1267.02,0.421
JSWSTEEL.NS,2026-06-17,1263.03,1279.85,1.314
JSWSTEEL.NS,2026-06-18,1260.27,1286.51,2.04
JSWSTEEL.NS,2026-06-19,1252.84,1280.35,2.148
JSWSTEEL.NS,2026-06-22,1244.3,1275.08,2.414
JSWSTEEL.NS,2026-06-23,1242.71,1235.11,0.616
JSWSTEEL.NS,2026-06-24,1244.9,1224.17,1.694
JSWSTEEL.NS,2026-06-25,1243.05,1223.97,1.559
JSWSTEEL.NS,2026-06-26,1236.59,1223.97,1.031
JSWSTEEL.NS,2026-06-29,1230.86,1225.36,0.449
JSWSTEEL.NS,2026-06-30,1230.11,1219.4,0.879
JSWSTEEL.NS,2026-07-01,1233.03,1209.25,1.966
JSWSTEEL.NS,2026-07-02,1231.82,1216.81,1.233
JSWSTEEL.NS,2026-07-03,1225.89,1223.17,0.222
JSWSTEEL.NS,2026-07-06,1221.08,1236.1,1.215
JSWSTEEL.NS,2026-07-07,1220.44,1246.4,2.083
JSWSTEEL.NS,2026-07-08,1223.4,1219.5,0.32
JSWSTEEL.NS,2026-07-09,1222.18,1225.8,0.295
JSWSTEEL.NS,2026-07-10,1216.21,1245.4,2.344
JSWSTEEL.NS,2026-07-13,1211.35,1237.4,2.105
JSWSTEEL.NS,2026-07-14,1210.81,1247.7,2.957
JSWSTEEL.NS,2026-07-15,1213.96,1226.9,1.055
JSWSTEEL.NS,2026-07-16,1213.05,1221.0,0.651
JSWSTEEL.NS,2026-07-17,1207.52,1237.3,2.407
JSWSTEEL.NS,2026-07-20,1204.89,1257.0,4.146
JSWSTEEL.NS,2026-07-21,1205.4,1267.4,4.892
JSWSTEEL.NS,2026-07-22,1209.75,1266.9,4.511
JSWSTEEL.NS,2026-07-23,1210.17,1246.8,2.938
KOTAKBANK.NS,2025-07-24,415.26,427.68,2.904
KOTAKBANK.NS,2025-07-25,413.0,424.19,2.637
KOTAKBANK.NS,2025-07-28,407.8,392.64,3.86
KOTAKBANK.NS,2025-07-29,406.48,393.86,3.204
KOTAKBANK.NS,2025-07-30,406.56,391.26,3.909
KOTAKBANK.NS,2025-07-31,405.2,395.04,2.572
KOTAKBANK.NS,2025-08-01,403.64,397.79,1.47
KOTAKBANK.NS,2025-08-04,400.36,398.71,0.413
KOTAKBANK.NS,2025-08-05,399.62,399.91,0.072
KOTAKBANK.NS,2025-08-06,400.22,399.79,0.108
KOTAKBANK.NS,2025-08-07,399.35,397.73,0.406
KOTAKBANK.NS,2025-08-08,398.25,389.87,2.15
KOTAKBANK.NS,2025-08-11,396.17,394.5,0.424
KOTAKBANK.NS,2025-08-12,395.77,391.12,1.188
KOTAKBANK.NS,2025-08-13,396.71,396.85,0.037
KOTAKBANK.NS,2025-08-14,396.15,394.96,0.302
KOTAKBANK.NS,2025-08-18,394.11,399.59,1.371
KOTAKBANK.NS,2025-08-19,393.97,405.28,2.791
KOTAKBANK.NS,2025-08-20,395.16,402.8,1.898
KOTAKBANK.NS,2025-08-21,394.85,402.86,1.989
KOTAKBANK.NS,2025-08-22,394.29,396.64,0.591
KOTAKBANK.NS,2025-08-25,393.69,395.98,0.577
KOTAKBANK.NS,2025-08-26,393.74,392.46,0.326
KOTAKBANK.NS,2025-08-28,394.94,388.27,1.718
KOTAKBANK.NS,2025-08-29,394.51,391.38,0.799
KOTAKBANK.NS,2025-09-01,394.2,393.04,0.295
KOTAKBANK.NS,2025-09-02,394.3,387.83,1.668
KOTAKBANK.NS,2025-09-03,395.71,391.36,1.11
KOTAKBANK.NS,2025-09-04,395.58,389.27,1.622
KOTAKBANK.NS,2025-09-05,395.18,388.43,1.738
KOTAKBANK.NS,2025-09-08,394.92,389.35,1.431
KOTAKBANK.NS,2025-09-09,395.06,391.4,0.934
KOTAKBANK.NS,2025-09-10,396.51,393.98,0.642
KOTAKBANK.NS,2025-09-11,396.47,393.78,0.683
KOTAKBANK.NS,2025-09-12,396.16,393.78,0.604
KOTAKBANK.NS,2025-09-15,396.44,393.48,0.752
KOTAKBANK.NS,2025-09-16,396.85,403.64,1.683
KOTAKBANK.NS,2025-09-17,398.62,409.35,2.622
KOTAKBANK.NS,2025-09-18,398.95,410.21,2.745
KOTAKBANK.NS,2025-09-19,399.07,405.5,1.586
KOTAKBANK.NS,2025-09-22,400.91,403.64,0.677
KOTAKBANK.NS,2025-09-23,401.94,408.83,1.686
KOTAKBANK.NS,2025-09-24,404.35,405.56,0.298
KOTAKBANK.NS,2025-09-25,405.35,402.01,0.832
KOTAKBANK.NS,2025-09-26,406.15,398.27,1.978
KOTAKBANK.NS,2025-09-29,410.06,397.63,3.125
KOTAKBANK.NS,2025-09-30,411.72,397.85,3.485
KOTAKBANK.NS,2025-10-01,414.74,411.95,0.678
KOTAKBANK.NS,2025-10-03,417.57,419.38,0.431
KOTAKBANK.NS,2025-10-06,422.4,428.46,1.414
KOTAKBANK.NS,2025-10-07,424.17,424.65,0.112
KOTAKBANK.NS,2025-10-08,427.18,422.83,1.029
KOTAKBANK.NS,2025-10-09,428.6,428.18,0.098
KOTAKBANK.NS,2025-10-10,429.64,429.28,0.084
KOTAKBANK.NS,2025-10-13,433.0,429.68,0.773
KOTAKBANK.NS,2025-10-14,434.05,429.62,1.032
KOTAKBANK.NS,2025-10-15,436.23,429.18,1.643
KOTAKBANK.NS,2025-10-16,436.72,440.32,0.818
KOTAKBANK.NS,2025-10-17,436.74,440.4,0.831
KOTAKBANK.NS,2025-10-20,436.67,442.0,1.205
KOTAKBANK.NS,2025-10-21,436.49,438.64,0.491
KOTAKBANK.NS,2025-10-23,436.69,444.35,1.724
KOTAKBANK.NS,2025-10-24,435.51,436.65,0.26
KOTAKBANK.NS,2025-10-27,432.11,428.98,0.73
KOTAKBANK.NS,2025-10-28,430.98,431.42,0.101
KOTAKBANK.NS,2025-10-29,431.07,429.36,0.399
KOTAKBANK.NS,2025-10-30,429.57,426.7,0.672
KOTAKBANK.NS,2025-10-31,427.77,419.72,1.919
KOTAKBANK.NS,2025-11-03,423.27,421.97,0.308
KOTAKBANK.NS,2025-11-04,422.04,418.6,0.822
KOTAKBANK.NS,2025-11-06,420.85,415.92,1.185
KOTAKBANK.NS,2025-11-07,419.33,416.94,0.573
KOTAKBANK.NS,2025-11-10,416.39,417.82,0.342
KOTAKBANK.NS,2025-11-11,415.86,416.66,0.192
KOTAKBANK.NS,2025-11-12,416.76,416.18,0.139
KOTAKBANK.NS,2025-11-13,416.27,414.32,0.47
KOTAKBANK.NS,2025-11-14,415.63,415.22,0.098
KOTAKBANK.NS,2025-11-17,415.41,419.86,1.059
KOTAKBANK.NS,2025-11-18,415.77,417.9,0.509
KOTAKBANK.NS,2025-11-19,417.54,420.45,0.693
KOTAKBANK.NS,2025-11-20,417.87,419.02,0.274
KOTAKBANK.NS,2025-11-21,418.0,416.84,0.278
KOTAKBANK.NS,2025-11-24,419.67,416.74,0.703
KOTAKBANK.NS,2025-11-25,420.52,413.27,1.755
KOTAKBANK.NS,2025-11-26,422.68,420.03,0.63
KOTAKBANK.NS,2025-11-27,423.32,421.31,0.476
KOTAKBANK.NS,2025-11-28,423.68,424.15,0.11
KOTAKBANK.NS,2025-12-01,425.56,428.78,0.751
KOTAKBANK.NS,2025-12-02,426.33,427.74,0.33
KOTAKBANK.NS,2025-12-03,428.35,428.48,0.03
KOTAKBANK.NS,2025-12-04,428.8,426.34,0.576
KOTAKBANK.NS,2025-12-05,428.92,430.24,0.306
KOTAKBANK.NS,2025-12-08,429.92,425.59,1.019
KOTAKBANK.NS,2025-12-09,430.37,424.81,1.31
KOTAKBANK.NS,2025-12-10,432.07,425.17,1.624
KOTAKBANK.NS,2025-12-11,432.2,435.29,0.71
KOTAKBANK.NS,2025-12-12,432.01,434.57,0.589
KOTAKBANK.NS,2025-12-15,432.2,435.51,0.76
KOTAKBANK.NS,2025-12-16,432.43,435.73,0.757
KOTAKBANK.NS,2025-12-17,433.93,433.89,0.009
KOTAKBANK.NS,2025-12-18,433.89,432.17,0.397
KOTAKBANK.NS,2025-12-19,433.55,431.16,0.555
KOTAKBANK.NS,2025-12-22,433.41,429.2,0.981
KOTAKBANK.NS,2025-12-23,433.55,431.79,0.407
KOTAKBANK.NS,2025-12-24,434.96,431.99,0.687
KOTAKBANK.NS,2025-12-26,434.4,432.09,0.534
KOTAKBANK.NS,2025-12-29,433.85,430.98,0.667
KOTAKBANK.NS,2025-12-30,433.79,429.8,0.929
KOTAKBANK.NS,2025-12-31,434.98,439.46,1.02
KOTAKBANK.NS,2026-01-01,434.59,442.8,1.853
KOTAKBANK.NS,2026-01-02,433.86,438.26,1.005
KOTAKBANK.NS,2026-01-05,432.17,437.42,1.201
KOTAKBANK.NS,2026-01-06,431.67,428.54,0.73
KOTAKBANK.NS,2026-01-07,432.39,428.06,1.011
KOTAKBANK.NS,2026-01-08,431.5,425.86,1.323
KOTAKBANK.NS,2026-01-09,430.26,424.63,1.327
KOTAKBANK.NS,2026-01-12,427.05,425.92,0.264
KOTAKBANK.NS,2026-01-13,426.07,425.78,0.067
KOTAKBANK.NS,2026-01-14,426.34,420.27,1.443
KOTAKBANK.NS,2026-01-15,425.05,420.27,1.136
KOTAKBANK.NS,2026-01-16,423.46,417.48,1.433
KOTAKBANK.NS,2026-01-19,419.61,426.16,1.538
KOTAKBANK.NS,2026-01-20,418.59,423.07,1.059
KOTAKBANK.NS,2026-01-21,418.91,420.87,0.467
KOTAKBANK.NS,2026-01-22,417.77,425.27,1.763
KOTAKBANK.NS,2026-01-23,416.43,422.07,1.337
KOTAKBANK.NS,2026-01-27,413.54,408.0,1.359
KOTAKBANK.NS,2026-01-28,414.58,411.69,0.702
KOTAKBANK.NS,2026-01-29,414.23,411.69,0.617
KOTAKBANK.NS,2026-01-30,413.74,407.3,1.582
KOTAKBANK.NS,2026-02-02,414.05,407.5,1.608
KOTAKBANK.NS,2026-02-03,414.62,415.08,0.112
KOTAKBANK.NS,2026-02-04,416.6,411.64,1.205
KOTAKBANK.NS,2026-02-05,417.16,408.05,2.234
KOTAKBANK.NS,2026-02-06,417.53,421.62,0.971
KOTAKBANK.NS,2026-02-09,419.9,428.06,1.906
KOTAKBANK.NS,2026-02-10,420.95,428.56,1.776
KOTAKBANK.NS,2026-02-11,423.26,428.81,1.294
KOTAKBANK.NS,2026-02-12,424.01,425.52,0.354
KOTAKBANK.NS,2026-02-13,424.41,419.93,1.068
KOTAKBANK.NS,2026-02-16,425.88,424.87,0.239
KOTAKBANK.NS,2026-02-17,426.29,423.72,0.607
KOTAKBANK.NS,2026-02-18,427.8,425.62,0.513
KOTAKBANK.NS,2026-02-19,427.58,415.68,2.862
KOTAKBANK.NS,2026-02-20,426.86,420.62,1.483
KOTAKBANK.NS,2026-02-23,424.21,429.96,1.337
KOTAKBANK.NS,2026-02-24,423.04,426.96,0.919
KOTAKBANK.NS,2026-02-25,422.92,424.22,0.306
KOTAKBANK.NS,2026-02-26,421.02,423.82,0.66
KOTAKBANK.NS,2026-02-27,418.61,414.48,0.995
KOTAKBANK.NS,2026-03-02,411.02,412.39,0.332
KOTAKBANK.NS,2026-03-04,406.79,402.65,1.027
KOTAKBANK.NS,2026-03-05,403.61,406.6,0.735
KOTAKBANK.NS,2026-03-06,400.06,399.11,0.238
KOTAKBANK.NS,2026-03-09,390.08,385.68,1.14
KOTAKBANK.NS,2026-03-10,386.99,391.17,1.07
KOTAKBANK.NS,2026-03-11,385.26,382.54,0.711
KOTAKBANK.NS,2026-03-12,382.09,374.65,1.985
KOTAKBANK.NS,2026-03-13,378.75,366.22,3.422
KOTAKBANK.NS,2026-03-16,370.64,369.21,0.387
KOTAKBANK.NS,2026-03-17,368.54,373.56,1.343
KOTAKBANK.NS,2026-03-18,367.95,374.75,1.815
KOTAKBANK.NS,2026-03-19,366.06,367.52,0.396
KOTAKBANK.NS,2026-03-20,364.13,366.12,0.543
KOTAKBANK.NS,2026-03-23,360.73,355.94,1.347
KOTAKBANK.NS,2026-03-24,360.28,366.22,1.621
KOTAKBANK.NS,2026-03-25,361.34,370.46,2.462
KOTAKBANK.NS,2026-03-27,360.75,365.52,1.305
KOTAKBANK.NS,2026-03-30,361.65,352.79,2.511
KOTAKBANK.NS,2026-04-01,364.58,355.44,2.573
KOTAKBANK.NS,2026-04-02,365.28,357.38,2.21
KOTAKBANK.NS,2026-04-06,368.21,359.93,2.301
KOTAKBANK.NS,2026-04-07,369.21,362.32,1.9
KOTAKBANK.NS,2026-04-08,371.46,379.49,2.117
KOTAKBANK.NS,2026-04-09,372.14,371.26,0.237
KOTAKBANK.NS,2026-04-10,372.47,373.9,0.384
KOTAKBANK.NS,2026-04-13,373.96,371.26,0.728
KOTAKBANK.NS,2026-04-15,376.27,381.74,1.433
KOTAKBANK.NS,2026-04-16,376.44,378.5,0.543
KOTAKBANK.NS,2026-04-17,376.26,382.94,1.744
KOTAKBANK.NS,2026-04-20,376.31,378.55,0.591
KOTAKBANK.NS,2026-04-21,376.46,381.49,1.319
KOTAKBANK.NS,2026-04-22,377.87,376.2,0.444
KOTAKBANK.NS,2026-04-23,377.74,369.76,2.158
KOTAKBANK.NS,2026-04-24,377.32,370.21,1.92
KOTAKBANK.NS,2026-04-27,377.03,376.15,0.234
KOTAKBANK.NS,2026-04-28,377.17,377.3,0.034
KOTAKBANK.NS,2026-04-29,378.64,381.34,0.708
KOTAKBANK.NS,2026-04-30,378.61,382.64,1.053
KOTAKBANK.NS,2026-05-01,378.32,382.64,1.129
KOTAKBANK.NS,2026-05-04,378.55,371.01,2.032
KOTAKBANK.NS,2026-05-05,378.88,370.71,2.204
KOTAKBANK.NS,2026-05-06,380.51,375.95,1.213
KOTAKBANK.NS,2026-05-07,380.63,378.75,0.497
KOTAKBANK.NS,2026-05-08,380.47,380.14,0.086
KOTAKBANK.NS,2026-05-11,380.85,380.39,0.12
KOTAKBANK.NS,2026-05-12,381.15,375.35,1.545
KOTAKBANK.NS,2026-05-13,382.71,377.0,1.515
KOTAKBANK.NS,2026-05-14,382.72,382.54,0.047
KOTAKBANK.NS,2026-05-15,382.41,386.38,1.028
KOTAKBANK.NS,2026-05-18,382.19,391.12,2.284
KOTAKBANK.NS,2026-05-19,382.26,381.29,0.254
KOTAKBANK.NS,2026-05-20,383.59,382.54,0.275
KOTAKBANK.NS,2026-05-21,383.37,380.19,0.835
KOTAKBANK.NS,2026-05-22,382.86,383.49,0.164
KOTAKBANK.NS,2026-05-25,382.27,392.17,2.525
KOTAKBANK.NS,2026-05-26,382.31,387.98,1.461
KOTAKBANK.NS,2026-05-27,383.68,388.03,1.121
KOTAKBANK.NS,2026-05-28,383.58,388.03,1.147
KOTAKBANK.NS,2026-05-29,383.24,383.54,0.078
KOTAKBANK.NS,2026-06-01,383.59,376.75,1.816
KOTAKBANK.NS,2026-06-02,384.08,378.4,1.502
KOTAKBANK.NS,2026-06-03,385.96,380.34,1.477
KOTAKBANK.NS,2026-06-04,386.39,380.84,1.457
KOTAKBANK.NS,2026-06-05,386.64,376.8,2.612
KOTAKBANK.NS,2026-06-08,388.81,376.45,3.283
KOTAKBANK.NS,2026-06-09,389.89,381.04,2.322
KOTAKBANK.NS,2026-06-10,392.31,387.43,1.259
KOTAKBANK.NS,2026-06-11,393.24,392.67,0.145
KOTAKBANK.NS,2026-06-12,393.92,402.6,2.157
KOTAKBANK.NS,2026-06-15,396.83,405.05,2.03
KOTAKBANK.NS,2026-06-16,397.93,407.15,2.264
KOTAKBANK.NS,2026-06-17,400.24,403.8,0.882
KOTAKBANK.NS,2026-06-18,400.94,402.26,0.327
KOTAKBANK.NS,2026-06-19,401.24,398.56,0.672
KOTAKBANK.NS,2026-06-22,402.19,401.46,0.183
KOTAKBANK.NS,2026-06-23,402.38,400.96,0.355
KOTAKBANK.NS,2026-06-24,403.66,405.25,0.392
KOTAKBANK.NS,2026-06-25,403.21,408.3,1.245
KOTAKBANK.NS,2026-06-26,402.26,408.3,1.478
KOTAKBANK.NS,2026-06-29,399.06,394.82,1.074
KOTAKBANK.NS,2026-06-30,397.77,391.57,1.582
KOTAKBANK.NS,2026-07-01,397.57,399.76,0.548
KOTAKBANK.NS,2026-07-02,395.64,398.61,0.746
KOTAKBANK.NS,2026-07-03,393.25,396.07,0.711
KOTAKBANK.NS,2026-07-06,386.03,380.64,1.415
KOTAKBANK.NS,2026-07-07,383.57,381.04,0.663
KOTAKBANK.NS,2026-07-08,382.29,369.46,3.472
KOTAKBANK.NS,2026-07-09,379.41,376.5,0.773
KOTAKBANK.NS,2026-07-10,376.19,376.95,0.201
KOTAKBANK.NS,2026-07-13,367.29,383.99,4.348
KOTAKBANK.NS,2026-07-14,364.54,378.0,3.56
KOTAKBANK.NS,2026-07-15,363.12,377.75,3.872
KOTAKBANK.NS,2026-07-16,360.23,376.5,4.321
KOTAKBANK.NS,2026-07-17,357.11,389.95,8.422
KOTAKBANK.NS,2026-07-20,349.2,382.05,8.598
KOTAKBANK.NS,2026-07-21,346.98,385.95,10.097
KOTAKBANK.NS,2026-07-22,346.15,381.15,9.183
KOTAKBANK.NS,2026-07-23,343.91,383.35,10.288
KOTAKBANK.NS,2026-07-24,341.5,384.75,11.241
LT.NS,2025-07-24,3430.42,3443.86,0.39
LT.NS,2025-07-25,3442.15,3409.6,0.955
LT.NS,2025-07-28,3478.77,3389.1,2.646
LT.NS,2025-07-29,3494.7,3461.79,0.951
LT.NS,2025-07-30,3525.11,3629.65,2.88
LT.NS,2025-07-31,3536.11,3601.32,1.811
LT.NS,2025-08-01,3554.06,3552.6,0.041
LT.NS,2025-08-04,3593.99,3595.98,0.055
LT.NS,2025-08-05,3606.07,3617.27,0.31
LT.NS,2025-08-06,3630.35,3593.3,1.031
LT.NS,2025-08-07,3633.16,3606.38,0.743
LT.NS,2025-08-08,3641.11,3572.7,1.915
LT.NS,2025-08-11,3643.06,3632.92,0.279
LT.NS,2025-08-12,3640.92,3650.44,0.261
LT.NS,2025-08-13,3650.77,3657.97,0.197
LT.NS,2025-08-14,3639.29,3641.43,0.059
LT.NS,2025-08-18,3599.58,3599.94,0.01
LT.NS,2025-08-19,3588.25,3578.05,0.285
LT.NS,2025-08-20,3590.59,3557.55,0.929
LT.NS,2025-08-21,3573.41,3577.66,0.119
LT.NS,2025-08-22,3563.69,3561.02,0.075
LT.NS,2025-08-25,3529.61,3568.25,1.083
LT.NS,2025-08-26,3521.7,3507.05,0.418
LT.NS,2025-08-28,3518.15,3525.66,0.213
LT.NS,2025-08-29,3515.9,3566.17,1.41
LT.NS,2025-09-01,3508.7,3563.59,1.54
LT.NS,2025-09-02,3510.41,3540.32,0.845
LT.NS,2025-09-03,3527.24,3565.97,1.086
LT.NS,2025-09-04,3525.57,3557.85,0.907
LT.NS,2025-09-05,3531.96,3519.23,0.362
LT.NS,2025-09-08,3545.69,3495.46,1.437
LT.NS,2025-09-09,3552.27,3490.9,1.758
LT.NS,2025-09-10,3572.81,3515.66,1.626
LT.NS,2025-09-11,3573.65,3505.46,1.945
LT.NS,2025-09-12,3581.39,3545.17,1.022
LT.NS,2025-09-15,3592.81,3551.51,1.163
LT.NS,2025-09-16,3596.89,3632.32,0.975
LT.NS,2025-09-17,3614.31,3649.85,0.974
LT.NS,2025-09-18,3611.59,3650.35,1.062
LT.NS,2025-09-19,3615.51,3639.85,0.669
LT.NS,2025-09-22,3615.77,3609.25,0.181
LT.NS,2025-09-23,3616.8,3622.22,0.15
LT.NS,2025-09-24,3631.77,3638.26,0.178
LT.NS,2025-09-25,3627.3,3609.15,0.503
LT.NS,2025-09-26,3630.29,3693.43,1.709
LT.NS,2025-09-29,3633.09,3652.72,0.537
LT.NS,2025-09-30,3636.77,3623.61,0.363
LT.NS,2025-10-01,3655.22,3634.8,0.562
LT.NS,2025-10-03,3662.87,3696.99,0.923
LT.NS,2025-10-06,3682.84,3700.85,0.487
LT.NS,2025-10-07,3692.57,3693.62,0.029
LT.NS,2025-10-08,3716.95,3693.72,0.629
LT.NS,2025-10-09,3722.37,3732.74,0.278
LT.NS,2025-10-10,3735.45,3747.4,0.319
LT.NS,2025-10-13,3767.05,3733.04,0.911
LT.NS,2025-10-14,3778.97,3708.08,1.912
LT.NS,2025-10-15,3804.57,3791.67,0.34
LT.NS,2025-10-16,3810.22,3824.45,0.372
LT.NS,2025-10-17,3822.52,3802.26,0.533
LT.NS,2025-10-20,3846.15,3835.24,0.284
LT.NS,2025-10-21,3853.79,3850.59,0.083
LT.NS,2025-10-23,3874.71,3880.79,0.157
LT.NS,2025-10-24,3881.25,3867.13,0.365
LT.NS,2025-10-27,3887.06,3885.85,0.031
LT.NS,2025-10-28,3889.07,3934.37,1.151
LT.NS,2025-10-29,3904.54,3919.81,0.39
LT.NS,2025-10-30,3900.09,3948.93,1.237
LT.NS,2025-10-31,3902.56,3991.91,2.238
LT.NS,2025-11-03,3900.62,3942.0,1.05
LT.NS,2025-11-04,3901.66,3886.44,0.392
LT.NS,2025-11-06,3913.05,3844.05,1.795
LT.NS,2025-11-07,3916.77,3844.95,1.868
LT.NS,2025-11-10,3921.7,3880.6,1.059
LT.NS,2025-11-11,3925.68,3916.74,0.228
LT.NS,2025-11-12,3944.0,3916.35,0.706
LT.NS,2025-11-13,3943.1,3963.78,0.522
LT.NS,2025-11-14,3949.64,3965.67,0.404
LT.NS,2025-11-17,3960.73,3988.74,0.702
LT.NS,2025-11-18,3965.65,3960.91,0.12
LT.NS,2025-11-19,3984.22,3980.72,0.088
LT.NS,2025-11-20,3982.86,3998.35,0.387
LT.NS,2025-11-21,3988.19,3985.97,0.056
LT.NS,2025-11-24,3991.4,3974.48,0.426
LT.NS,2025-11-25,3992.47,3958.04,0.87
LT.NS,2025-11-26,4006.75,4022.71,0.397
LT.NS,2025-11-27,4000.75,4041.82,1.016
LT.NS,2025-11-28,4001.23,4030.24,0.72
LT.NS,2025-12-01,3990.17,4033.8,1.082
LT.NS,2025-12-02,3987.06,3991.51,0.112
LT.NS,2025-12-03,3997.67,3949.42,1.222
LT.NS,2025-12-04,3988.66,3945.07,1.105
LT.NS,2025-12-05,3986.9,3999.14,0.306
LT.NS,2025-12-08,3974.41,3958.04,0.414
LT.NS,2025-12-09,3972.72,3958.83,0.351
LT.NS,2025-12-10,3985.7,3952.69,0.835
LT.NS,2025-12-11,3979.94,3965.17,0.372
LT.NS,2025-12-12,3982.24,4034.69,1.3
LT.NS,2025-12-15,3985.64,4052.72,1.655
LT.NS,2025-12-16,3989.97,4024.49,0.858
LT.NS,2025-12-17,4009.04,4023.1,0.35
LT.NS,2025-12-18,4009.24,3992.11,0.429
LT.NS,2025-12-19,4017.19,4034.1,0.419
LT.NS,2025-12-22,4033.6,4033.01,0.015
LT.NS,2025-12-23,4040.38,4019.54,0.518
LT.NS,2025-12-24,4060.69,4014.39,1.153
LT.NS,2025-12-26,4067.28,4008.15,1.475
LT.NS,2025-12-29,4070.43,3999.63,1.77
LT.NS,2025-12-30,4069.9,4012.81,1.423
LT.NS,2025-12-31,4081.57,4044.0,0.929
LT.NS,2026-01-01,4071.86,4100.35,0.695
LT.NS,2026-01-02,4067.43,4123.13,1.351
LT.NS,2026-01-05,4033.61,4110.25,1.865
LT.NS,2026-01-06,4020.1,4100.55,1.962
LT.NS,2026-01-07,4018.91,4116.79,2.378
LT.NS,2026-01-08,3996.7,3989.43,0.182
LT.NS,2026-01-09,3980.44,3986.26,0.146
LT.NS,2026-01-12,3917.65,3980.12,1.57
LT.NS,2026-01-13,3897.46,3849.8,1.238
LT.NS,2026-01-14,3891.41,3828.41,1.646
LT.NS,2026-01-15,3866.35,3828.41,0.991
LT.NS,2026-01-16,3849.35,3819.1,0.792
LT.NS,2026-01-19,3797.75,3832.37,0.903
LT.NS,2026-01-20,3785.8,3773.64,0.322
LT.NS,2026-01-21,3790.15,3730.07,1.611
LT.NS,2026-01-22,3777.53,3757.1,0.544
LT.NS,2026-01-23,3774.85,3707.59,1.814
LT.NS,2026-01-27,3783.32,3751.16,0.857
LT.NS,2026-01-28,3808.03,3757.3,1.35
LT.NS,2026-01-29,3816.13,3894.86,2.021
LT.NS,2026-01-30,3834.19,3894.26,1.543
LT.NS,2026-02-02,3894.07,3883.37,0.276
LT.NS,2026-02-03,3919.47,3999.73,2.007
LT.NS,2026-02-04,3960.3,4047.57,2.156
LT.NS,2026-02-05,3982.71,4024.0,1.026
LT.NS,2026-02-06,4013.05,4028.75,0.39
LT.NS,2026-02-09,4095.47,4073.81,0.532
LT.NS,2026-02-10,4123.13,4128.67,0.134
LT.NS,2026-02-11,4163.42,4130.06,0.808
LT.NS,2026-02-12,4182.47,4145.41,0.894
LT.NS,2026-02-13,4206.63,4133.53,1.769
LT.NS,2026-02-16,4254.09,4160.86,2.241
LT.NS,2026-02-17,4265.0,4238.4,0.628
LT.NS,2026-02-18,4286.28,4284.06,0.052
LT.NS,2026-02-19,4284.25,4239.1,1.065
LT.NS,2026-02-20,4285.5,4338.23,1.215
LT.NS,2026-02-23,4256.04,4375.36,2.727
LT.NS,2026-02-24,4239.57,4218.0,0.511
LT.NS,2026-02-25,4233.15,4256.92,0.558
LT.NS,2026-02-26,4203.42,4245.04,0.98
LT.NS,2026-02-27,4177.31,4236.92,1.407
LT.NS,2026-03-02,4071.1,4027.36,1.086
LT.NS,2026-03-04,4004.66,3845.04,4.151
LT.NS,2026-03-05,3956.3,3999.63,1.083
LT.NS,2026-03-06,3913.99,3911.59,0.061
LT.NS,2026-03-09,3775.78,3804.94,0.766
LT.NS,2026-03-10,3731.96,3838.51,2.776
LT.NS,2026-03-11,3703.28,3801.67,2.588
LT.NS,2026-03-12,3656.7,3683.52,0.728
LT.NS,2026-03-13,3619.41,3405.73,6.274
LT.NS,2026-03-16,3515.02,3435.84,2.305
LT.NS,2026-03-17,3488.32,3508.53,0.576
LT.NS,2026-03-18,3479.38,3573.0,2.62
LT.NS,2026-03-19,3454.94,3401.28,1.578
LT.NS,2026-03-20,3441.9,3401.58,1.185
LT.NS,2026-03-23,3419.86,3310.07,3.317
LT.NS,2026-03-24,3422.65,3482.78,1.727
LT.NS,2026-03-25,3443.61,3614.0,4.715
LT.NS,2026-03-27,3465.6,3529.62,1.814
LT.NS,2026-03-30,3526.33,3470.21,1.617
LT.NS,2026-04-01,3596.9,3572.6,0.68
LT.NS,2026-04-02,3622.39,3578.15,1.236
LT.NS,2026-04-06,3752.07,3691.64,1.637
LT.NS,2026-04-07,3784.94,3687.28,2.648
LT.NS,2026-04-08,3830.81,3967.15,3.437
LT.NS,2026-04-09,3855.82,3858.51,0.07
LT.NS,2026-04-10,3886.34,3921.6,0.899
LT.NS,2026-04-13,3955.99,3916.05,1.02
LT.NS,2026-04-15,4006.39,4036.87,0.755
LT.NS,2026-04-16,4014.81,4079.95,1.597
LT.NS,2026-04-17,4027.57,4056.48,0.713
LT.NS,2026-04-20,4040.3,4011.82,0.71
LT.NS,2026-04-21,4040.87,4035.98,0.121
LT.NS,2026-04-22,4053.12,3982.2,1.781
LT.NS,2026-04-23,4043.81,4014.89,0.72
LT.NS,2026-04-24,4039.91,3975.47,1.621
LT.NS,2026-04-27,4011.25,4014.39,0.078
LT.NS,2026-04-28,4001.42,3998.64,0.069
LT.NS,2026-04-29,4005.14,4056.48,1.266
LT.NS,2026-04-30,3989.18,3975.17,0.352
LT.NS,2026-05-01,3980.52,3975.17,0.135
LT.NS,2026-05-04,3948.2,4061.13,2.781
LT.NS,2026-05-05,3940.27,4015.28,1.868
LT.NS,2026-05-06,3947.19,3969.73,0.568
LT.NS,2026-05-07,3935.53,3984.09,1.219
LT.NS,2026-05-08,3932.05,3936.06,0.102
LT.NS,2026-05-11,3918.38,3902.09,0.418
LT.NS,2026-05-12,3917.01,3819.2,2.561
LT.NS,2026-05-13,3930.31,3877.92,1.351
LT.NS,2026-05-14,3924.71,3902.28,0.575
LT.NS,2026-05-15,3926.82,3871.19,1.437
LT.NS,2026-05-18,3926.1,3879.9,1.191
LT.NS,2026-05-19,3927.6,3883.07,1.147
LT.NS,2026-05-20,3943.05,3872.87,1.812
LT.NS,2026-05-21,3938.9,3890.5,1.244
LT.NS,2026-05-22,3941.85,3926.6,0.388
LT.NS,2026-05-25,3941.0,4033.4,2.291
LT.NS,2026-05-26,3942.0,4037.8,2.373
LT.NS,2026-05-27,3956.97,4047.5,2.237
LT.NS,2026-05-28,3952.5,4047.5,2.347
LT.NS,2026-05-29,3955.43,4076.5,2.97
LT.NS,2026-06-01,3957.57,4010.8,1.327
LT.NS,2026-06-02,3960.87,4000.9,1.001
LT.NS,2026-06-03,3978.89,3953.2,0.65
LT.NS,2026-06-04,3978.21,3942.1,0.916
LT.NS,2026-06-05,3985.65,3953.2,0.821
LT.NS,2026-06-08,4004.87,3875.5,3.338
LT.NS,2026-06-09,4014.64,3900.6,2.924
LT.NS,2026-06-10,4039.24,3917.5,3.108
LT.NS,2026-06-11,4045.07,3862.0,4.74
LT.NS,2026-06-12,4058.72,4049.3,0.233
LT.NS,2026-06-15,4092.57,4169.8,1.852
LT.NS,2026-06-16,4105.16,4186.4,1.941
LT.NS,2026-06-17,4131.22,4207.7,1.818
LT.NS,2026-06-18,4136.97,4190.0,1.266
LT.NS,2026-06-19,4148.87,4209.4,1.438
LT.NS,2026-06-22,4166.57,4201.3,0.827
LT.NS,2026-06-23,4170.06,4179.4,0.223
LT.NS,2026-06-24,4185.23,4181.7,0.084
LT.NS,2026-06-25,4178.42,4216.4,0.901
LT.NS,2026-06-26,4176.23,4216.4,0.953
LT.NS,2026-06-29,4144.78,4165.2,0.49
LT.NS,2026-06-30,4130.49,4143.4,0.312
LT.NS,2026-07-01,4127.71,4092.6,0.858
LT.NS,2026-07-02,4103.11,4059.4,1.077
LT.NS,2026-07-03,4083.66,4026.6,1.417
LT.NS,2026-07-06,4006.96,4041.0,0.842
LT.NS,2026-07-07,3980.84,3991.9,0.277
LT.NS,2026-07-08,3968.32,3892.1,1.958
LT.NS,2026-07-09,3936.32,3886.0,1.295
LT.NS,2026-07-10,3911.96,3945.8,0.858
LT.NS,2026-07-13,3836.61,3928.5,2.339
LT.NS,2026-07-14,3816.38,3848.7,0.84
LT.NS,2026-07-15,3812.34,3783.9,0.752
LT.NS,2026-07-16,3791.28,3775.6,0.415
LT.NS,2026-07-17,3780.12,3814.5,0.901
LT.NS,2026-07-20,3755.18,3838.8,2.178
LT.NS,2026-07-21,3754.25,3846.6,2.401
LT.NS,2026-07-22,3770.16,3817.4,1.237
LT.NS,2026-07-23,3769.29,3792.4,0.609
LT.NS,2026-07-24,3778.16,3785.6,0.197
LTF.NS,2025-07-24,202.2,207.96,2.769
LTF.NS,2025-07-25,202.71,202.82,0.055
LTF.NS,2025-07-28,200.39,199.93,0.229
LTF.NS,2025-07-29,200.72,203.92,1.569
LTF.NS,2025-07-30,200.72,201.33,0.302
LTF.NS,2025-07-31,198.73,200.53,0.895
LTF.NS,2025-08-01,199.6,199.09,0.256
LTF.NS,2025-08-04,198.73,201.94,1.59
LTF.NS,2025-08-05,199.64,202.19,1.26
LTF.NS,2025-08-06,200.26,199.61,0.323
LTF.NS,2025-08-07,198.9,198.24,0.333
LTF.NS,2025-08-08,200.41,193.76,3.435
LTF.NS,2025-08-11,201.44,195.93,2.811
LTF.NS,2025-08-12,202.94,195.76,3.665
LTF.NS,2025-08-13,204.12,199.29,2.425
LTF.NS,2025-08-14,203.29,200.02,1.635
LTF.NS,2025-08-18,207.55,208.31,0.363
LTF.NS,2025-08-19,209.37,214.82,2.536
LTF.NS,2025-08-20,210.83,214.32,1.63
LTF.NS,2025-08-21,210.24,219.53,4.232
LTF.NS,2025-08-22,212.44,220.43,3.625
LTF.NS,2025-08-25,215.06,215.47,0.191
LTF.NS,2025-08-26,216.94,217.76,0.376
LTF.NS,2025-08-28,217.84,214.23,1.683
LTF.NS,2025-08-29,220.03,214.95,2.365
LTF.NS,2025-09-01,222.51,220.32,0.993
LTF.NS,2025-09-02,224.32,219.67,2.118
LTF.NS,2025-09-03,225.73,224.84,0.398
LTF.NS,2025-09-04,225.06,225.53,0.208
LTF.NS,2025-09-05,227.16,228.16,0.439
LTF.NS,2025-09-08,229.38,231.19,0.783
LTF.NS,2025-09-09,231.11,231.59,0.205
LTF.NS,2025-09-10,232.44,230.35,0.908
LTF.NS,2025-09-11,231.69,231.13,0.242
LTF.NS,2025-09-12,233.72,232.57,0.496
LTF.NS,2025-09-15,235.76,234.68,0.459
LTF.NS,2025-09-16,237.45,238.57,0.471
LTF.NS,2025-09-17,238.74,240.41,0.697
LTF.NS,2025-09-18,237.97,244.85,2.81
LTF.NS,2025-09-19,239.97,244.19,1.727
LTF.NS,2025-09-22,242.0,245.56,1.45
LTF.NS,2025-09-23,243.69,243.9,0.086
LTF.NS,2025-09-24,245.0,244.3,0.285
LTF.NS,2025-09-25,244.24,241.57,1.104
LTF.NS,2025-09-26,246.26,233.88,5.292
LTF.NS,2025-09-29,248.33,242.34,2.47
LTF.NS,2025-09-30,250.03,246.74,1.334
LTF.NS,2025-10-01,251.34,255.94,1.799
LTF.NS,2025-10-03,252.57,259.66,2.729
LTF.NS,2025-10-06,254.48,257.22,1.066
LTF.NS,2025-10-07,256.1,256.64,0.21
LTF.NS,2025-10-08,257.3,252.95,1.721
LTF.NS,2025-10-09,256.42,257.59,0.453
LTF.NS,2025-10-10,258.28,253.43,1.913
LTF.NS,2025-10-13,259.74,263.86,1.563
LTF.NS,2025-10-14,261.18,260.25,0.357
LTF.NS,2025-10-15,262.22,268.78,2.442
LTF.NS,2025-10-16,261.17,266.45,1.98
LTF.NS,2025-10-17,262.88,263.55,0.253
LTF.NS,2025-10-20,263.96,264.81,0.322
LTF.NS,2025-10-21,265.33,265.12,0.079
LTF.NS,2025-10-23,265.26,264.24,0.386
LTF.NS,2025-10-24,267.0,264.28,1.03
LTF.NS,2025-10-27,268.43,264.43,1.514
LTF.NS,2025-10-28,270.01,265.62,1.655
LTF.NS,2025-10-29,271.26,265.44,2.194
LTF.NS,2025-10-30,270.49,265.16,2.01
LTF.NS,2025-10-31,272.57,267.73,1.806
LTF.NS,2025-11-03,275.17,276.85,0.607
LTF.NS,2025-11-04,277.17,277.15,0.008
LTF.NS,2025-11-06,278.51,272.4,2.245
LTF.NS,2025-11-07,280.99,300.51,6.494
LTF.NS,2025-11-10,284.63,297.83,4.433
LTF.NS,2025-11-11,286.89,292.04,1.765
LTF.NS,2025-11-12,288.75,291.89,1.077
LTF.NS,2025-11-13,288.52,289.22,0.243
LTF.NS,2025-11-14,291.05,291.15,0.035
LTF.NS,2025-11-17,294.3,296.35,0.691
LTF.NS,2025-11-18,296.25,293.48,0.944
LTF.NS,2025-11-19,297.72,294.62,1.053
LTF.NS,2025-11-20,297.03,289.32,2.664
LTF.NS,2025-11-21,299.01,285.76,4.638
LTF.NS,2025-11-24,300.24,289.57,3.685
LTF.NS,2025-11-25,301.43,293.87,2.571
LTF.NS,2025-11-26,302.11,304.47,0.774
LTF.NS,2025-11-27,300.62,305.11,1.471
LTF.NS,2025-11-28,301.8,309.17,2.383
LTF.NS,2025-12-01,300.8,306.0,1.699
LTF.NS,2025-12-02,301.34,302.93,0.525
LTF.NS,2025-12-03,301.45,299.71,0.579
LTF.NS,2025-12-04,299.46,297.39,0.697
LTF.NS,2025-12-05,300.24,306.44,2.025
LTF.NS,2025-12-08,298.63,296.25,0.803
LTF.NS,2025-12-09,299.17,304.17,1.643
LTF.NS,2025-12-10,299.39,300.85,0.486
LTF.NS,2025-12-11,297.6,298.63,0.343
LTF.NS,2025-12-12,298.67,304.71,1.983
LTF.NS,2025-12-15,298.4,301.99,1.189
LTF.NS,2025-12-16,299.49,297.73,0.59
LTF.NS,2025-12-17,300.29,298.82,0.491
LTF.NS,2025-12-18,299.09,296.79,0.774
LTF.NS,2025-12-19,300.75,297.24,1.181
LTF.NS,2025-12-22,302.03,300.26,0.59
LTF.NS,2025-12-23,303.53,300.41,1.04
LTF.NS,2025-12-24,304.64,300.16,1.493
LTF.NS,2025-12-26,305.44,298.23,2.418
LTF.NS,2025-12-29,306.37,296.94,3.175
LTF.NS,2025-12-30,307.51,302.34,1.711
LTF.NS,2025-12-31,308.14,312.73,1.468
LTF.NS,2026-01-01,306.58,314.02,2.368
LTF.NS,2026-01-02,307.66,316.49,2.79
LTF.NS,2026-01-05,306.0,317.04,3.481
LTF.NS,2026-01-06,306.16,316.1,3.143
LTF.NS,2026-01-07,305.78,310.75,1.6
LTF.NS,2026-01-08,303.19,304.17,0.322
LTF.NS,2026-01-09,303.25,296.65,2.226
LTF.NS,2026-01-12,298.77,293.13,1.923
LTF.NS,2026-01-13,298.13,285.71,4.348
LTF.NS,2026-01-14,297.04,292.79,1.453
LTF.NS,2026-01-15,293.86,292.79,0.367
LTF.NS,2026-01-16,293.45,293.38,0.024
LTF.NS,2026-01-19,288.37,296.99,2.903
LTF.NS,2026-01-20,287.81,290.81,1.03
LTF.NS,2026-01-21,286.96,278.48,3.044
LTF.NS,2026-01-22,284.15,284.37,0.078
LTF.NS,2026-01-23,284.25,285.07,0.286
LTF.NS,2026-01-27,281.76,282.34,0.207
LTF.NS,2026-01-28,281.9,286.45,1.589
LTF.NS,2026-01-29,280.14,286.2,2.119
LTF.NS,2026-01-30,281.31,283.43,0.749
LTF.NS,2026-02-02,281.66,274.72,2.526
LTF.NS,2026-02-03,283.04,281.8,0.441
LTF.NS,2026-02-04,284.13,284.17,0.016
LTF.NS,2026-02-05,283.23,280.51,0.969
LTF.NS,2026-02-06,285.17,282.39,0.984
LTF.NS,2026-02-09,287.18,293.82,2.262
LTF.NS,2026-02-10,288.85,291.0,0.74
LTF.NS,2026-02-11,290.1,285.36,1.66
LTF.NS,2026-02-12,289.23,289.07,0.054
LTF.NS,2026-02-13,291.07,282.19,3.145
LTF.NS,2026-02-16,291.97,291.0,0.332
LTF.NS,2026-02-17,293.04,294.62,0.535
LTF.NS,2026-02-18,293.57,297.19,1.218
LTF.NS,2026-02-19,291.9,291.89,0.002
LTF.NS,2026-02-20,292.84,294.72,0.636
LTF.NS,2026-02-23,290.71,296.6,1.985
LTF.NS,2026-02-24,290.69,294.42,1.266
LTF.NS,2026-02-25,290.12,300.26,3.377
LTF.NS,2026-02-26,287.34,296.84,3.202
LTF.NS,2026-02-27,287.2,281.06,2.186
LTF.NS,2026-03-02,282.01,272.99,3.304
LTF.NS,2026-03-04,279.67,268.29,4.243
LTF.NS,2026-03-05,276.12,272.69,1.257
LTF.NS,2026-03-06,275.3,269.13,2.293
LTF.NS,2026-03-09,268.65,263.49,1.959
LTF.NS,2026-03-10,267.44,271.26,1.407
LTF.NS,2026-03-11,265.86,263.93,0.73
LTF.NS,2026-03-12,262.26,262.79,0.203
LTF.NS,2026-03-13,261.5,255.37,2.4
LTF.NS,2026-03-16,255.69,257.99,0.893
LTF.NS,2026-03-17,254.98,260.47,2.107
LTF.NS,2026-03-18,254.0,266.06,4.533
LTF.NS,2026-03-19,251.1,254.03,1.155
LTF.NS,2026-03-20,251.13,258.54,2.865
LTF.NS,2026-03-23,248.21,245.13,1.258
LTF.NS,2026-03-24,248.6,252.2,1.429
LTF.NS,2026-03-25,248.79,258.64,3.807
LTF.NS,2026-03-27,248.38,249.09,0.283
LTF.NS,2026-03-30,249.3,237.75,4.857
LTF.NS,2026-04-01,252.42,242.15,4.243
LTF.NS,2026-04-02,251.96,237.9,5.91
LTF.NS,2026-04-06,258.51,252.85,2.24
LTF.NS,2026-04-07,261.07,251.97,3.613
LTF.NS,2026-04-08,263.31,272.65,3.427
LTF.NS,2026-04-09,263.54,269.41,2.177
LTF.NS,2026-04-10,266.57,275.59,3.274
LTF.NS,2026-04-13,271.66,271.25,0.152
LTF.NS,2026-04-15,276.52,278.15,0.585
LTF.NS,2026-04-16,276.58,277.55,0.35
LTF.NS,2026-04-17,279.34,284.21,1.715
LTF.NS,2026-04-20,282.95,287.19,1.477
LTF.NS,2026-04-21,284.93,288.93,1.383
LTF.NS,2026-04-22,286.38,291.04,1.602
LTF.NS,2026-04-23,285.62,289.14,1.218
LTF.NS,2026-04-24,287.5,287.09,0.141
LTF.NS,2026-04-27,288.31,284.86,1.212
LTF.NS,2026-04-28,289.33,282.87,2.285
LTF.NS,2026-04-29,289.84,282.51,2.594
LTF.NS,2026-04-30,288.16,276.88,4.074
LTF.NS,2026-05-01,289.15,276.88,4.432
LTF.NS,2026-05-04,287.56,282.74,1.705
LTF.NS,2026-05-05,287.89,287.49,0.139
LTF.NS,2026-05-06,287.78,297.24,3.183
LTF.NS,2026-05-07,285.54,300.56,4.996
LTF.NS,2026-05-08,286.05,300.31,4.748
LTF.NS,2026-05-11,283.4,291.99,2.943
LTF.NS,2026-05-12,283.5,277.79,2.056
LTF.NS,2026-05-13,283.21,279.03,1.499
LTF.NS,2026-05-14,280.85,278.43,0.868
LTF.NS,2026-05-15,281.27,277.89,1.217
LTF.NS,2026-05-18,278.58,275.91,0.968
LTF.NS,2026-05-19,278.71,275.12,1.306
LTF.NS,2026-05-20,278.46,272.84,2.059
LTF.NS,2026-05-21,276.17,267.1,3.396
LTF.NS,2026-05-22,276.66,270.15,2.41
LTF.NS,2026-05-25,274.23,279.35,1.833
LTF.NS,2026-05-26,274.47,282.7,2.911
LTF.NS,2026-05-27,274.34,281.7,2.613
LTF.NS,2026-05-28,272.18,281.7,3.379
LTF.NS,2026-05-29,272.83,286.6,4.805
LTF.NS,2026-06-01,271.04,271.25,0.077
LTF.NS,2026-06-02,271.58,270.7,0.325
LTF.NS,2026-06-03,271.79,267.85,1.471
LTF.NS,2026-06-04,270.02,266.7,1.245
LTF.NS,2026-06-05,271.13,268.6,0.942
LTF.NS,2026-06-08,271.1,261.7,3.592
LTF.NS,2026-06-09,272.36,265.55,2.564
LTF.NS,2026-06-10,273.36,260.35,4.997
LTF.NS,2026-06-11,272.45,256.9,6.053
LTF.NS,2026-06-12,274.47,275.95,0.536
LTF.NS,2026-06-15,277.48,293.25,5.378
LTF.NS,2026-06-16,279.81,294.25,4.907
LTF.NS,2026-06-17,281.91,294.15,4.161
LTF.NS,2026-06-18,282.09,286.9,1.677
LTF.NS,2026-06-19,285.2,286.5,0.454
LTF.NS,2026-06-22,291.23,288.7,0.876
LTF.NS,2026-06-23,294.44,286.35,2.825
LTF.NS,2026-06-24,297.34,296.55,0.266
LTF.NS,2026-06-25,298.22,299.0,0.261
LTF.NS,2026-06-26,301.91,299.0,0.973
LTF.NS,2026-06-29,308.95,299.05,3.31
LTF.NS,2026-06-30,312.23,310.75,0.476
LTF.NS,2026-07-01,315.05,312.7,0.752
LTF.NS,2026-07-02,315.7,315.25,0.143
LTF.NS,2026-07-03,319.02,327.0,2.44
LTF.NS,2026-07-06,324.15,335.6,3.412
LTF.NS,2026-07-07,326.55,334.2,2.289
LTF.NS,2026-07-08,328.39,314.3,4.483
LTF.NS,2026-07-09,327.98,321.1,2.143
LTF.NS,2026-07-10,330.17,321.25,2.777
LTF.NS,2026-07-13,331.64,324.7,2.137
LTF.NS,2026-07-14,332.8,315.3,5.55
LTF.NS,2026-07-15,333.4,312.4,6.722
LTF.NS,2026-07-16,331.79,309.55,7.185
LTF.NS,2026-07-17,332.82,310.05,7.344
LTF.NS,2026-07-20,331.24,305.85,8.301
LTF.NS,2026-07-21,331.55,306.75,8.085
LTF.NS,2026-07-22,331.42,305.9,8.343
LTF.NS,2026-07-23,329.18,305.05,7.91
M&M.NS,2025-07-24,3167.17,3227.01,1.854
M&M.NS,2025-07-25,3164.38,3212.66,1.503
M&M.NS,2025-07-28,3173.94,3176.44,0.079
M&M.NS,2025-07-29,3187.17,3166.15,0.664
M&M.NS,2025-07-30,3203.3,3175.55,0.874
M&M.NS,2025-07-31,3202.26,3169.81,1.024
M&M.NS,2025-08-01,3198.49,3126.47,2.304
M&M.NS,2025-08-04,3202.15,3166.94,1.112
M&M.NS,2025-08-05,3212.65,3178.82,1.064
M&M.NS,2025-08-06,3225.81,3193.96,0.997
M&M.NS,2025-08-07,3221.69,3177.73,1.383
M&M.NS,2025-08-08,3214.83,3111.52,3.32
M&M.NS,2025-08-11,3210.45,3153.09,1.819
M&M.NS,2025-08-12,3219.1,3202.86,0.507
M&M.NS,2025-08-13,3231.02,3248.09,0.526
M&M.NS,2025-08-14,3226.37,3231.46,0.158
M&M.NS,2025-08-18,3221.5,3347.94,3.777
M&M.NS,2025-08-19,3234.03,3319.14,2.564
M&M.NS,2025-08-20,3250.71,3360.31,3.262
M&M.NS,2025-08-21,3251.65,3340.02,2.646
M&M.NS,2025-08-22,3251.4,3367.63,3.452
M&M.NS,2025-08-25,3275.53,3363.58,2.618
M&M.NS,2025-08-26,3296.16,3296.19,0.001
M&M.NS,2025-08-28,3329.92,3261.05,2.112
M&M.NS,2025-08-29,3337.33,3166.25,5.403
M&M.NS,2025-09-01,3380.6,3280.95,3.037
M&M.NS,2025-09-02,3405.77,3200.89,6.401
M&M.NS,2025-09-03,3433.96,3251.85,5.6
M&M.NS,2025-09-04,3444.97,3445.32,0.01
M&M.NS,2025-09-05,3453.09,3524.29,2.02
M&M.NS,2025-09-08,3489.76,3524.29,0.98
M&M.NS,2025-09-09,3509.81,3657.89,4.048
M&M.NS,2025-09-10,3531.52,3566.94,0.993
M&M.NS,2025-09-11,3534.77,3558.33,0.662
M&M.NS,2025-09-12,3533.98,3552.59,0.524
M&M.NS,2025-09-15,3538.61,3493.61,1.288
M&M.NS,2025-09-16,3546.86,3570.5,0.662
M&M.NS,2025-09-17,3556.56,3595.44,1.081
M&M.NS,2025-09-18,3547.83,3604.35,1.568
M&M.NS,2025-09-19,3535.3,3554.77,0.548
M&M.NS,2025-09-22,3508.34,3547.55,1.105
M&M.NS,2025-09-23,3507.91,3577.04,1.932
M&M.NS,2025-09-24,3510.14,3537.75,0.78
M&M.NS,2025-09-25,3495.26,3493.31,0.056
M&M.NS,2025-09-26,3477.99,3361.2,3.475
M&M.NS,2025-09-29,3445.84,3382.58,1.87
M&M.NS,2025-09-30,3446.67,3391.39,1.63
M&M.NS,2025-10-01,3451.57,3427.41,0.705
M&M.NS,2025-10-03,3428.58,3426.02,0.075
M&M.NS,2025-10-06,3417.52,3435.92,0.535
M&M.NS,2025-10-07,3426.64,3456.5,0.864
M&M.NS,2025-10-08,3440.13,3390.89,1.452
M&M.NS,2025-10-09,3437.93,3407.12,0.904
M&M.NS,2025-10-10,3434.44,3419.0,0.452
M&M.NS,2025-10-13,3446.9,3423.75,0.676
M&M.NS,2025-10-14,3462.58,3423.84,1.131
M&M.NS,2025-10-15,3481.8,3460.86,0.605
M&M.NS,2025-10-16,3484.41,3523.79,1.118
M&M.NS,2025-10-17,3484.77,3609.3,3.45
M&M.NS,2025-10-20,3502.86,3561.7,1.652
M&M.NS,2025-10-21,3518.55,3583.57,1.814
M&M.NS,2025-10-23,3538.05,3585.94,1.336
M&M.NS,2025-10-24,3536.29,3587.33,1.423
M&M.NS,2025-10-27,3545.76,3574.07,0.792
M&M.NS,2025-10-28,3558.3,3541.9,0.463
M&M.NS,2025-10-29,3573.65,3497.97,2.164
M&M.NS,2025-10-30,3571.89,3465.71,3.064
M&M.NS,2025-10-31,3567.62,3450.96,3.381
M&M.NS,2025-11-03,3572.42,3512.02,1.72
M&M.NS,2025-11-04,3584.55,3543.98,1.145
M&M.NS,2025-11-06,3599.09,3580.9,0.508
M&M.NS,2025-11-07,3596.13,3651.85,1.526
M&M.NS,2025-11-10,3607.34,3625.82,0.51
M&M.NS,2025-11-11,3622.09,3710.14,2.373
M&M.NS,2025-11-12,3640.27,3715.28,2.019
M&M.NS,2025-11-13,3641.83,3661.05,0.525
M&M.NS,2025-11-14,3641.17,3660.16,0.519
M&M.NS,2025-11-17,3656.49,3696.09,1.071
M&M.NS,2025-11-18,3671.28,3656.4,0.407
M&M.NS,2025-11-19,3688.68,3683.81,0.132
M&M.NS,2025-11-20,3688.58,3678.07,0.286
M&M.NS,2025-11-21,3685.32,3710.63,0.682
M&M.NS,2025-11-24,3687.3,3652.44,0.954
M&M.NS,2025-11-25,3695.93,3631.17,1.784
M&M.NS,2025-11-26,3706.46,3648.09,1.6
M&M.NS,2025-11-27,3698.89,3642.94,1.536
M&M.NS,2025-11-28,3687.73,3718.25,0.821
M&M.NS,2025-12-01,3664.98,3702.72,1.019
M&M.NS,2025-12-02,3665.66,3677.88,0.332
M&M.NS,2025-12-03,3668.7,3611.47,1.585
M&M.NS,2025-12-04,3654.28,3633.44,0.573
M&M.NS,2025-12-05,3637.1,3678.47,1.125
M&M.NS,2025-12-08,3602.74,3643.44,1.117
M&M.NS,2025-12-09,3602.09,3598.11,0.11
M&M.NS,2025-12-10,3605.19,3592.28,0.36
M&M.NS,2025-12-11,3592.25,3627.11,0.961
M&M.NS,2025-12-12,3577.95,3641.36,1.741
M&M.NS,2025-12-15,3560.13,3570.5,0.291
M&M.NS,2025-12-16,3567.25,3583.37,0.45
M&M.NS,2025-12-17,3578.99,3575.25,0.104
M&M.NS,2025-12-18,3575.37,3549.33,0.734
M&M.NS,2025-12-19,3570.86,3566.15,0.132
M&M.NS,2025-12-22,3582.88,3579.11,0.105
M&M.NS,2025-12-23,3599.3,3587.43,0.331
M&M.NS,2025-12-24,3619.64,3598.91,0.576
M&M.NS,2025-12-26,3625.73,3585.45,1.123
M&M.NS,2025-12-29,3649.01,3554.77,2.651
M&M.NS,2025-12-30,3666.03,3622.26,1.208
M&M.NS,2025-12-31,3685.27,3670.65,0.398
M&M.NS,2026-01-01,3686.54,3721.91,0.95
M&M.NS,2026-01-02,3684.14,3762.88,2.093
M&M.NS,2026-01-05,3685.13,3750.91,1.754
M&M.NS,2026-01-06,3692.19,3746.26,1.443
M&M.NS,2026-01-07,3700.55,3709.84,0.25
M&M.NS,2026-01-08,3690.21,3685.3,0.133
M&M.NS,2026-01-09,3675.74,3639.08,1.007
M&M.NS,2026-01-12,3640.26,3643.74,0.095
M&M.NS,2026-01-13,3635.95,3623.45,0.345
M&M.NS,2026-01-14,3633.74,3611.57,0.614
M&M.NS,2026-01-15,3613.87,3611.57,0.064
M&M.NS,2026-01-16,3591.08,3620.18,0.804
M&M.NS,2026-01-19,3539.64,3619.39,2.203
M&M.NS,2026-01-20,3533.35,3520.53,0.364
M&M.NS,2026-01-21,3530.91,3516.37,0.413
M&M.NS,2026-01-22,3512.56,3536.56,0.679
M&M.NS,2026-01-23,3493.0,3506.58,0.387
M&M.NS,2026-01-27,3462.92,3358.23,3.117
M&M.NS,2026-01-28,3470.25,3413.35,1.667
M&M.NS,2026-01-29,3462.39,3349.23,3.379
M&M.NS,2026-01-30,3453.78,3396.14,1.697
M&M.NS,2026-02-02,3454.32,3427.21,0.791
M&M.NS,2026-02-03,3467.15,3491.24,0.69
M&M.NS,2026-02-04,3483.99,3536.86,1.495
M&M.NS,2026-02-05,3484.63,3534.88,1.422
M&M.NS,2026-02-06,3483.32,3540.82,1.624
M&M.NS,2026-02-09,3497.02,3572.09,2.102
M&M.NS,2026-02-10,3510.96,3637.6,3.481
M&M.NS,2026-02-11,3527.17,3636.71,3.012
M&M.NS,2026-02-12,3525.44,3555.76,0.853
M&M.NS,2026-02-13,3520.07,3496.68,0.669
M&M.NS,2026-02-16,3512.13,3473.23,1.12
M&M.NS,2026-02-17,3516.14,3452.94,1.83
M&M.NS,2026-02-18,3521.34,3493.81,0.788
M&M.NS,2026-02-19,3507.72,3396.14,3.286
M&M.NS,2026-02-20,3489.77,3377.33,3.329
M&M.NS,2026-02-23,3442.3,3411.28,0.909
M&M.NS,2026-02-24,3433.27,3397.52,1.052
M&M.NS,2026-02-25,3425.88,3455.02,0.843
M&M.NS,2026-02-26,3400.31,3448.39,1.394
M&M.NS,2026-02-27,3371.26,3362.09,0.273
M&M.NS,2026-03-02,3297.06,3299.65,0.078
M&M.NS,2026-03-04,3269.52,3230.38,1.212
M&M.NS,2026-03-05,3240.63,3313.21,2.191
M&M.NS,2026-03-06,3209.78,3297.87,2.671
M&M.NS,2026-03-09,3139.21,3154.47,0.484
M&M.NS,2026-03-10,3127.95,3259.47,4.035
M&M.NS,2026-03-11,3121.05,3135.27,0.454
M&M.NS,2026-03-12,3098.66,2999.7,3.299
M&M.NS,2026-03-13,3075.35,2900.64,6.023
M&M.NS,2026-03-16,3032.35,3004.55,0.925
M&M.NS,2026-03-17,3031.42,3096.38,2.098
M&M.NS,2026-03-18,3035.2,3181.19,4.589
M&M.NS,2026-03-19,3023.67,3013.75,0.329
M&M.NS,2026-03-20,3011.26,3034.24,0.757
M&M.NS,2026-03-23,2999.92,2925.08,2.558
M&M.NS,2026-03-24,3008.83,2999.8,0.301
M&M.NS,2026-03-25,3021.93,3095.59,2.38
M&M.NS,2026-03-27,3014.76,3009.69,0.168
M&M.NS,2026-03-30,3023.23,2923.99,3.394
M&M.NS,2026-04-01,3054.61,3000.0,1.82
M&M.NS,2026-04-02,3055.35,2980.4,2.515
M&M.NS,2026-04-06,3066.7,2990.2,2.558
M&M.NS,2026-04-07,3080.96,2975.35,3.549
M&M.NS,2026-04-08,3098.12,3176.74,2.475
M&M.NS,2026-04-09,3098.17,3133.89,1.14
M&M.NS,2026-04-10,3095.56,3225.92,4.041
M&M.NS,2026-04-13,3103.46,3186.73,2.613
M&M.NS,2026-04-15,3130.65,3222.66,2.855
M&M.NS,2026-04-16,3128.47,3188.81,1.892
M&M.NS,2026-04-17,3123.62,3166.94,1.368
M&M.NS,2026-04-20,3125.05,3188.12,1.978
M&M.NS,2026-04-21,3135.28,3213.55,2.436
M&M.NS,2026-04-22,3148.43,3116.97,1.009
M&M.NS,2026-04-23,3144.54,3016.03,4.261
M&M.NS,2026-04-24,3138.12,3006.82,4.367
M&M.NS,2026-04-27,3135.63,3070.16,2.133
M&M.NS,2026-04-28,3144.77,3056.01,2.905
M&M.NS,2026-04-29,3156.92,3119.54,1.198
M&M.NS,2026-04-30,3152.08,3065.31,2.831
M&M.NS,2026-05-01,3144.73,3065.31,2.591
M&M.NS,2026-05-04,3139.32,3074.22,2.118
M&M.NS,2026-05-05,3147.34,3177.43,0.947
M&M.NS,2026-05-06,3158.22,3266.5,3.315
M&M.NS,2026-05-07,3151.96,3335.67,5.507
M&M.NS,2026-05-08,3143.01,3295.79,4.636
M&M.NS,2026-05-11,3131.51,3212.17,2.511
M&M.NS,2026-05-12,3137.04,3142.99,0.189
M&M.NS,2026-05-13,3145.21,3079.46,2.135
M&M.NS,2026-05-14,3136.03,3140.92,0.156
M&M.NS,2026-05-15,3123.96,3090.64,1.078
M&M.NS,2026-05-18,3102.26,3051.65,1.658
M&M.NS,2026-05-19,3104.26,3060.16,1.441
M&M.NS,2026-05-20,3108.92,3089.75,0.62
M&M.NS,2026-05-21,3096.3,3066.79,0.962
M&M.NS,2026-05-22,3080.96,3049.28,1.039
M&M.NS,2026-05-25,3051.01,3106.38,1.782
M&M.NS,2026-05-26,3051.02,3075.01,0.78
M&M.NS,2026-05-27,3054.18,3089.16,1.132
M&M.NS,2026-05-28,3040.62,3089.16,1.571
M&M.NS,2026-05-29,3024.92,3013.95,0.364
M&M.NS,2026-06-01,2997.92,2939.33,1.993
M&M.NS,2026-06-02,3000.31,2967.14,1.118
M&M.NS,2026-06-03,3006.56,2979.81,0.898
M&M.NS,2026-06-04,2996.76,2984.76,0.402
M&M.NS,2026-06-05,2985.5,3008.9,0.778
M&M.NS,2026-06-08,2975.19,2935.18,1.363
M&M.NS,2026-06-09,2984.05,2959.03,0.846
M&M.NS,2026-06-10,2997.07,2921.82,2.576
M&M.NS,2026-06-11,2994.26,2969.71,0.827
M&M.NS,2026-06-12,2990.07,3011.28,0.704
M&M.NS,2026-06-15,3000.49,3101.73,3.264
M&M.NS,2026-06-16,3015.72,3105.29,2.884
M&M.NS,2026-06-17,3034.66,3100.34,2.119
M&M.NS,2026-06-18,3037.22,3103.9,2.148
M&M.NS,2026-06-19,3037.79,3042.85,0.166
M&M.NS,2026-06-22,3058.07,3031.56,0.874
M&M.NS,2026-06-23,3074.97,3005.74,2.303
M&M.NS,2026-06-24,3094.77,3032.65,2.048
M&M.NS,2026-06-25,3097.36,3149.13,1.644
M&M.NS,2026-06-26,3097.17,3149.13,1.65
M&M.NS,2026-06-29,3110.96,3060.86,1.637
M&M.NS,2026-06-30,3124.54,3036.91,2.886
M&M.NS,2026-07-01,3140.59,3097.47,1.392
M&M.NS,2026-07-02,3139.13,3142.4,0.104
M&M.NS,2026-07-03,3134.67,3136.9,0.071
M&M.NS,2026-07-06,3135.6,3201.2,2.049
M&M.NS,2026-07-07,3145.24,3196.4,1.601
M&M.NS,2026-07-08,3157.69,3102.5,1.779
M&M.NS,2026-07-09,3153.06,3085.4,2.193
M&M.NS,2026-07-10,3145.92,3129.4,0.528
M&M.NS,2026-07-13,3142.29,3160.4,0.573
M&M.NS,2026-07-14,3151.64,3093.3,1.886
M&M.NS,2026-07-15,3164.4,3082.9,2.644
M&M.NS,2026-07-16,3160.65,3117.8,1.374
M&M.NS,2026-07-17,3154.92,3179.2,0.764
M&M.NS,2026-07-20,3157.92,3165.5,0.239
M&M.NS,2026-07-21,3170.0,3201.7,0.99
M&M.NS,2026-07-22,3185.58,3175.3,0.324
M&M.NS,2026-07-23,3184.63,3229.7,1.395
MARUTI.NS,2025-07-24,12284.76,12422.55,1.109
MARUTI.NS,2025-07-25,12264.71,12271.18,0.053
MARUTI.NS,2025-07-28,12211.21,12207.87,0.027
MARUTI.NS,2025-07-29,12275.77,12335.49,0.484
MARUTI.NS,2025-07-30,12290.34,12482.89,1.543
MARUTI.NS,2025-07-31,12291.18,12473.0,1.458
MARUTI.NS,2025-08-01,12312.19,12302.0,0.083
MARUTI.NS,2025-08-04,12403.42,12365.0,0.311
MARUTI.NS,2025-08-05,12520.86,12537.0,0.129
MARUTI.NS,2025-08-06,12589.24,12524.0,0.521
MARUTI.NS,2025-08-07,12643.96,12632.0,0.095
MARUTI.NS,2025-08-08,12718.09,12590.0,1.017
MARUTI.NS,2025-08-11,12955.94,12597.0,2.849
MARUTI.NS,2025-08-12,13115.59,12840.0,2.146
MARUTI.NS,2025-08-13,13221.83,12834.0,3.022
MARUTI.NS,2025-08-14,13309.59,12936.0,2.888
MARUTI.NS,2025-08-18,13699.49,14068.0,2.619
MARUTI.NS,2025-08-19,13864.59,14250.0,2.705
MARUTI.NS,2025-08-20,13970.84,14221.0,1.759
MARUTI.NS,2025-08-21,14053.43,14280.0,1.587
MARUTI.NS,2025-08-22,14145.42,14349.0,1.419
MARUTI.NS,2025-08-25,14379.33,14452.0,0.503
MARUTI.NS,2025-08-26,14520.17,14714.0,1.317
MARUTI.NS,2025-08-28,14654.73,14752.0,0.659
MARUTI.NS,2025-08-29,14717.91,14791.0,0.494
MARUTI.NS,2025-09-01,14865.55,14887.0,0.144
MARUTI.NS,2025-09-02,14979.35,14842.0,0.925
MARUTI.NS,2025-09-03,15033.71,14927.0,0.715
MARUTI.NS,2025-09-04,15064.76,14662.0,2.747
MARUTI.NS,2025-09-05,15106.38,14895.0,1.419
MARUTI.NS,2025-09-08,15203.15,15258.0,0.359
MARUTI.NS,2025-09-09,15304.65,15365.0,0.393
MARUTI.NS,2025-09-10,15348.93,15108.0,1.595
MARUTI.NS,2025-09-11,15371.93,15095.0,1.835
MARUTI.NS,2025-09-12,15407.32,15325.0,0.537
MARUTI.NS,2025-09-15,15493.85,15265.0,1.499
MARUTI.NS,2025-09-16,15593.8,15573.0,0.134
MARUTI.NS,2025-09-17,15636.97,15801.0,1.038
MARUTI.NS,2025-09-18,15659.03,15817.0,0.999
MARUTI.NS,2025-09-19,15693.4,15864.0,1.075
MARUTI.NS,2025-09-22,15774.18,15816.0,0.264
MARUTI.NS,2025-09-23,15870.77,16097.0,1.405
MARUTI.NS,2025-09-24,15909.69,16249.0,2.088
MARUTI.NS,2025-09-25,15926.55,16269.0,2.105
MARUTI.NS,2025-09-26,15954.77,16286.0,2.034
MARUTI.NS,2025-09-29,16011.64,15984.0,0.173
MARUTI.NS,2025-09-30,16098.7,16029.0,0.435
MARUTI.NS,2025-10-01,16127.45,15965.0,1.018
MARUTI.NS,2025-10-03,16150.73,15806.0,2.181
MARUTI.NS,2025-10-06,16172.78,15998.0,1.093
MARUTI.NS,2025-10-07,16247.96,16108.0,0.869
MARUTI.NS,2025-10-08,16264.78,16012.0,1.579
MARUTI.NS,2025-10-09,16258.98,15985.0,1.714
MARUTI.NS,2025-10-10,16264.07,16265.0,0.006
MARUTI.NS,2025-10-13,16249.35,16323.0,0.451
MARUTI.NS,2025-10-14,16311.85,16261.0,0.313
MARUTI.NS,2025-10-15,16315.65,16212.0,0.639
MARUTI.NS,2025-10-16,16296.42,16298.0,0.01
MARUTI.NS,2025-10-17,16287.6,16401.0,0.691
MARUTI.NS,2025-10-20,16227.87,16424.0,1.194
MARUTI.NS,2025-10-21,16274.23,16396.0,0.743
MARUTI.NS,2025-10-23,16225.15,16393.0,1.024
MARUTI.NS,2025-10-24,16199.02,16274.0,0.461
MARUTI.NS,2025-10-27,16087.55,16388.0,1.833
MARUTI.NS,2025-10-28,16117.52,16311.0,1.186
MARUTI.NS,2025-10-29,16089.19,16138.0,0.302
MARUTI.NS,2025-10-30,16038.62,16206.0,1.033
MARUTI.NS,2025-10-31,15999.7,16186.0,1.151
MARUTI.NS,2025-11-03,15862.03,15651.0,1.348
MARUTI.NS,2025-11-04,15888.29,15374.0,3.345
MARUTI.NS,2025-11-06,15810.84,15452.0,2.322
MARUTI.NS,2025-11-07,15777.38,15479.0,1.928
MARUTI.NS,2025-11-10,15675.53,15583.0,0.594
MARUTI.NS,2025-11-11,15719.94,15645.0,0.479
MARUTI.NS,2025-11-12,15711.76,15696.0,0.1
MARUTI.NS,2025-11-13,15686.93,15749.0,0.394
MARUTI.NS,2025-11-14,15679.1,15684.0,0.031
MARUTI.NS,2025-11-17,15662.83,15878.0,1.355
MARUTI.NS,2025-11-18,15737.02,15930.0,1.211
MARUTI.NS,2025-11-19,15758.37,15768.0,0.061
MARUTI.NS,2025-11-20,15762.28,15801.0,0.245
MARUTI.NS,2025-11-21,15781.88,15977.0,1.221
MARUTI.NS,2025-11-24,15835.31,15958.0,0.769
MARUTI.NS,2025-11-25,15927.21,15889.0,0.24
MARUTI.NS,2025-11-26,15963.0,16156.0,1.195
MARUTI.NS,2025-11-27,15977.91,15903.0,0.471
MARUTI.NS,2025-11-28,16005.0,15900.0,0.66
MARUTI.NS,2025-12-01,16060.16,16097.0,0.229
MARUTI.NS,2025-12-02,16146.37,16239.0,0.57
MARUTI.NS,2025-12-03,16173.84,16082.0,0.571
MARUTI.NS,2025-12-04,16178.25,15994.0,1.152
MARUTI.NS,2025-12-05,16193.12,16282.0,0.546
MARUTI.NS,2025-12-08,16206.83,16187.0,0.123
MARUTI.NS,2025-12-09,16279.49,16020.0,1.62
MARUTI.NS,2025-12-10,16294.49,16019.0,1.72
MARUTI.NS,2025-12-11,16288.0,16248.0,0.246
MARUTI.NS,2025-12-12,16294.0,16522.0,1.38
MARUTI.NS,2025-12-15,16296.58,16415.0,0.721
MARUTI.NS,2025-12-16,16371.36,16354.0,0.106
MARUTI.NS,2025-12-17,16391.44,16398.0,0.04
MARUTI.NS,2025-12-18,16392.86,16329.0,0.391
MARUTI.NS,2025-12-19,16409.35,16414.0,0.028
MARUTI.NS,2025-12-22,16454.74,16649.0,1.167
MARUTI.NS,2025-12-23,16545.69,16585.0,0.237
MARUTI.NS,2025-12-24,16581.78,16703.0,0.726
MARUTI.NS,2025-12-26,16628.14,16596.0,0.194
MARUTI.NS,2025-12-29,16695.52,16542.0,0.928
MARUTI.NS,2025-12-30,16785.34,16647.0,0.831
MARUTI.NS,2025-12-31,16815.02,16697.0,0.707
MARUTI.NS,2026-01-01,16819.36,16708.0,0.667
MARUTI.NS,2026-01-02,16830.92,16960.0,0.761
MARUTI.NS,2026-01-05,16805.22,17155.0,2.039
MARUTI.NS,2026-01-06,16851.56,17292.0,2.547
MARUTI.NS,2026-01-07,16832.08,16809.0,0.137
MARUTI.NS,2026-01-08,16782.14,16664.0,0.709
MARUTI.NS,2026-01-09,16735.04,16501.0,1.418
MARUTI.NS,2026-01-12,16516.21,16582.0,0.397
MARUTI.NS,2026-01-13,16496.08,16426.0,0.427
MARUTI.NS,2026-01-14,16411.07,16152.0,1.604
MARUTI.NS,2026-01-15,16297.8,16152.0,0.903
MARUTI.NS,2026-01-16,16190.82,15859.0,2.092
MARUTI.NS,2026-01-19,15825.09,16176.0,2.169
MARUTI.NS,2026-01-20,15770.46,15879.0,0.684
MARUTI.NS,2026-01-21,15659.68,15770.0,0.7
MARUTI.NS,2026-01-22,15530.04,15765.0,1.49
MARUTI.NS,2026-01-23,15416.58,15469.0,0.339
MARUTI.NS,2026-01-27,15071.59,15245.0,1.137
MARUTI.NS,2026-01-28,15003.79,14877.0,0.852
MARUTI.NS,2026-01-29,14925.57,14502.0,2.921
MARUTI.NS,2026-01-30,14871.01,14599.0,1.863
MARUTI.NS,2026-02-02,14756.63,14384.0,2.591
MARUTI.NS,2026-02-03,14812.11,14782.0,0.204
MARUTI.NS,2026-02-04,14821.33,15071.0,1.657
MARUTI.NS,2026-02-05,14819.23,15059.0,1.592
MARUTI.NS,2026-02-06,14838.33,14997.0,1.058
MARUTI.NS,2026-02-09,14915.21,14978.0,0.419
MARUTI.NS,2026-02-10,15020.04,15146.0,0.832
MARUTI.NS,2026-02-11,15069.51,15412.0,2.222
MARUTI.NS,2026-02-12,15097.66,15326.0,1.49
MARUTI.NS,2026-02-13,15136.34,15237.0,0.661
MARUTI.NS,2026-02-16,15204.41,15051.0,1.019
MARUTI.NS,2026-02-17,15283.75,15179.0,0.69
MARUTI.NS,2026-02-18,15297.01,15164.0,0.877
MARUTI.NS,2026-02-19,15278.9,14903.0,2.522
MARUTI.NS,2026-02-20,15262.13,14977.0,1.904
MARUTI.NS,2026-02-23,15119.91,15072.0,0.318
MARUTI.NS,2026-02-24,15118.93,14926.0,1.293
MARUTI.NS,2026-02-25,15049.2,15070.0,0.138
MARUTI.NS,2026-02-26,14947.0,15213.0,1.749
MARUTI.NS,2026-02-27,14846.57,14857.0,0.07
MARUTI.NS,2026-03-02,14471.08,14388.0,0.577
MARUTI.NS,2026-03-04,14273.17,14158.0,0.813
MARUTI.NS,2026-03-05,14119.27,14415.0,2.052
MARUTI.NS,2026-03-06,13976.24,14159.0,1.291
MARUTI.NS,2026-03-09,13532.79,13508.0,0.184
MARUTI.NS,2026-03-10,13462.67,13867.0,2.916
MARUTI.NS,2026-03-11,13341.37,13497.0,1.153
MARUTI.NS,2026-03-12,13205.83,13011.0,1.497
MARUTI.NS,2026-03-13,13090.61,12591.0,3.968
MARUTI.NS,2026-03-16,12780.07,12757.0,0.181
MARUTI.NS,2026-03-17,12767.75,12972.0,1.575
MARUTI.NS,2026-03-18,12709.26,13048.0,2.596
MARUTI.NS,2026-03-19,12640.44,12599.0,0.329
MARUTI.NS,2026-03-20,12594.7,12601.0,0.05
MARUTI.NS,2026-03-23,12498.14,12355.0,1.159
MARUTI.NS,2026-03-24,12555.48,12464.0,0.734
MARUTI.NS,2026-03-25,12564.25,12711.0,1.155
MARUTI.NS,2026-03-27,12573.89,12389.0,1.492
MARUTI.NS,2026-03-30,12629.11,12306.0,2.626
MARUTI.NS,2026-04-01,12769.42,12509.0,2.082
MARUTI.NS,2026-04-02,12793.33,12631.0,1.285
MARUTI.NS,2026-04-06,12924.97,12688.0,1.868
MARUTI.NS,2026-04-07,13026.03,12798.0,1.782
MARUTI.NS,2026-04-08,13069.03,13602.0,3.918
MARUTI.NS,2026-04-09,13089.43,13589.0,3.676
MARUTI.NS,2026-04-10,13120.53,13709.0,4.293
MARUTI.NS,2026-04-13,13181.66,13076.0,0.808
MARUTI.NS,2026-04-15,13296.65,13289.0,0.058
MARUTI.NS,2026-04-16,13301.42,13335.0,0.252
MARUTI.NS,2026-04-17,13316.52,13453.0,1.014
MARUTI.NS,2026-04-20,13329.46,13450.0,0.896
MARUTI.NS,2026-04-21,13400.77,13461.0,0.447
MARUTI.NS,2026-04-22,13413.4,13337.0,0.573
MARUTI.NS,2026-04-23,13403.16,13160.0,1.848
MARUTI.NS,2026-04-24,13403.61,13048.0,2.725
MARUTI.NS,2026-04-27,13374.68,13222.0,1.155
MARUTI.NS,2026-04-28,13432.67,12892.0,4.194
MARUTI.NS,2026-04-29,13432.27,13257.0,1.322
MARUTI.NS,2026-04-30,13409.28,13314.0,0.716
MARUTI.NS,2026-05-01,13397.29,13314.0,0.626
MARUTI.NS,2026-05-04,13333.2,13580.0,1.817
MARUTI.NS,2026-05-05,13380.38,13426.0,0.34
MARUTI.NS,2026-05-06,13369.75,13722.0,2.567
MARUTI.NS,2026-05-07,13337.23,13770.0,3.143
MARUTI.NS,2026-05-08,13316.49,13726.0,2.983
MARUTI.NS,2026-05-11,13231.87,13483.0,1.863
MARUTI.NS,2026-05-12,13274.42,13172.0,0.778
MARUTI.NS,2026-05-13,13260.4,13103.0,1.201
MARUTI.NS,2026-05-14,13225.76,13075.0,1.153
MARUTI.NS,2026-05-15,13204.21,13221.0,0.127
MARUTI.NS,2026-05-18,13124.89,13016.0,0.837
MARUTI.NS,2026-05-19,13171.62,12956.0,1.664
MARUTI.NS,2026-05-20,13162.86,13003.0,1.229
MARUTI.NS,2026-05-21,13134.43,13010.0,0.956
MARUTI.NS,2026-05-22,13119.93,12987.0,1.024
MARUTI.NS,2026-05-25,13065.25,13170.0,0.795
MARUTI.NS,2026-05-26,13120.89,13208.0,0.66
MARUTI.NS,2026-05-27,13121.13,13364.0,1.817
MARUTI.NS,2026-05-28,13101.7,13364.0,1.963
MARUTI.NS,2026-05-29,13096.08,13127.0,0.236
MARUTI.NS,2026-06-01,13066.76,12946.0,0.933
MARUTI.NS,2026-06-02,13130.34,13022.0,0.832
MARUTI.NS,2026-06-03,13138.33,13044.0,0.723
MARUTI.NS,2026-06-04,13126.51,13064.0,0.478
MARUTI.NS,2026-06-05,13128.47,13050.0,0.601
MARUTI.NS,2026-06-08,13122.99,12912.0,1.634
MARUTI.NS,2026-06-09,13195.4,13120.0,0.575
MARUTI.NS,2026-06-10,13212.93,13073.0,1.07
MARUTI.NS,2026-06-11,13211.51,13098.0,0.867
MARUTI.NS,2026-06-12,13224.87,13366.0,1.056
MARUTI.NS,2026-06-15,13260.57,13805.0,3.944
MARUTI.NS,2026-06-16,13349.18,13691.0,2.497
MARUTI.NS,2026-06-17,13384.11,13630.0,1.804
MARUTI.NS,2026-06-18,13401.2,13484.0,0.614
MARUTI.NS,2026-06-19,13434.01,13395.0,0.291
MARUTI.NS,2026-06-22,13531.55,13421.0,0.824
MARUTI.NS,2026-06-23,13640.92,13451.0,1.412
MARUTI.NS,2026-06-24,13696.09,13248.0,3.382
MARUTI.NS,2026-06-25,13732.47,13745.0,0.091
MARUTI.NS,2026-06-26,13783.22,13745.0,0.278
MARUTI.NS,2026-06-29,13922.05,13412.0,3.803
MARUTI.NS,2026-06-30,14039.66,14115.0,0.534
MARUTI.NS,2026-07-01,14099.68,14395.0,2.052
MARUTI.NS,2026-07-02,14137.25,14348.0,1.469
MARUTI.NS,2026-07-03,14185.28,14366.0,1.258
MARUTI.NS,2026-07-06,14291.38,14456.0,1.139
MARUTI.NS,2026-07-07,14389.91,14538.0,1.019
MARUTI.NS,2026-07-08,14427.02,13951.0,3.412
MARUTI.NS,2026-07-09,14438.13,13728.0,5.173
MARUTI.NS,2026-07-10,14456.53,13854.0,4.349
MARUTI.NS,2026-07-13,14459.73,13695.0,5.584
MARUTI.NS,2026-07-14,14521.34,13489.0,7.653
MARUTI.NS,2026-07-15,14521.35,13583.0,6.908
MARUTI.NS,2026-07-16,14495.95,13783.0,5.173
MARUTI.NS,2026-07-17,14479.19,13803.0,4.899
MARUTI.NS,2026-07-20,14392.46,13514.0,6.5
MARUTI.NS,2026-07-21,14431.6,13597.0,6.138
MARUTI.NS,2026-07-22,14413.94,13545.0,6.415
MARUTI.NS,2026-07-23,14376.15,13403.0,7.261
MARUTI.NS,2026-07-24,14352.69,13442.0,6.775
NESTLEIND.NS,2025-07-24,1174.86,1149.29,2.225
NESTLEIND.NS,2025-07-25,1168.48,1125.78,3.793
NESTLEIND.NS,2025-07-28,1144.3,1103.36,3.71
NESTLEIND.NS,2025-07-29,1141.32,1100.59,3.701
NESTLEIND.NS,2025-07-30,1138.42,1104.45,3.076
NESTLEIND.NS,2025-07-31,1129.77,1112.47,1.555
NESTLEIND.NS,2025-08-01,1124.15,1126.72,0.228
NESTLEIND.NS,2025-08-04,1105.94,1127.17,1.883
NESTLEIND.NS,2025-08-05,1106.07,1122.17,1.435
NESTLEIND.NS,2025-08-06,1106.74,1105.34,0.127
NESTLEIND.NS,2025-08-07,1102.06,1105.98,0.355
NESTLEIND.NS,2025-08-08,1100.75,1085.39,1.415
NESTLEIND.NS,2025-08-11,1096.82,1093.81,0.275
NESTLEIND.NS,2025-08-12,1101.92,1080.05,2.025
NESTLEIND.NS,2025-08-13,1107.54,1085.79,2.003
NESTLEIND.NS,2025-08-14,1107.71,1078.37,2.721
NESTLEIND.NS,2025-08-18,1119.78,1132.51,1.124
NESTLEIND.NS,2025-08-19,1128.4,1149.64,1.847
NESTLEIND.NS,2025-08-20,1137.15,1178.24,3.488
NESTLEIND.NS,2025-08-21,1140.02,1167.45,2.35
NESTLEIND.NS,2025-08-22,1145.65,1151.12,0.475
NESTLEIND.NS,2025-08-25,1158.2,1141.32,1.479
NESTLEIND.NS,2025-08-26,1167.15,1150.43,1.453
NESTLEIND.NS,2025-08-28,1178.05,1150.63,2.383
NESTLEIND.NS,2025-08-29,1182.67,1144.49,3.336
NESTLEIND.NS,2025-09-01,1189.88,1162.51,2.355
NESTLEIND.NS,2025-09-02,1196.4,1188.74,0.645
NESTLEIND.NS,2025-09-03,1202.31,1182.7,1.658
NESTLEIND.NS,2025-09-04,1201.66,1200.32,0.112
NESTLEIND.NS,2025-09-05,1203.16,1196.26,0.577
NESTLEIND.NS,2025-09-08,1200.31,1175.67,2.096
NESTLEIND.NS,2025-09-09,1203.38,1190.02,1.122
NESTLEIND.NS,2025-09-10,1205.88,1205.17,0.059
NESTLEIND.NS,2025-09-11,1201.9,1208.44,0.541
NESTLEIND.NS,2025-09-12,1200.18,1205.27,0.422
NESTLEIND.NS,2025-09-15,1188.76,1200.22,0.955
NESTLEIND.NS,2025-09-16,1189.48,1192.0,0.212
NESTLEIND.NS,2025-09-17,1189.92,1192.1,0.183
NESTLEIND.NS,2025-09-18,1184.21,1196.85,1.056
NESTLEIND.NS,2025-09-19,1181.12,1182.4,0.108
NESTLEIND.NS,2025-09-22,1167.94,1176.26,0.708
NESTLEIND.NS,2025-09-23,1168.89,1156.57,1.066
NESTLEIND.NS,2025-09-24,1169.99,1166.66,0.285
NESTLEIND.NS,2025-09-25,1165.36,1161.61,0.322
NESTLEIND.NS,2025-09-26,1163.76,1150.82,1.124
NESTLEIND.NS,2025-09-29,1157.31,1140.83,1.445
NESTLEIND.NS,2025-09-30,1161.17,1141.22,1.748
NESTLEIND.NS,2025-10-01,1165.44,1154.59,0.94
NESTLEIND.NS,2025-10-03,1166.19,1158.05,0.703
NESTLEIND.NS,2025-10-06,1171.02,1169.73,0.11
NESTLEIND.NS,2025-10-07,1178.62,1164.88,1.179
NESTLEIND.NS,2025-10-08,1186.53,1168.54,1.539
NESTLEIND.NS,2025-10-09,1188.78,1175.77,1.107
NESTLEIND.NS,2025-10-10,1194.0,1187.35,0.56
NESTLEIND.NS,2025-10-13,1206.75,1176.07,2.609
NESTLEIND.NS,2025-10-14,1216.23,1163.59,4.524
NESTLEIND.NS,2025-10-15,1225.59,1209.03,1.37
NESTLEIND.NS,2025-10-16,1228.83,1263.67,2.757
NESTLEIND.NS,2025-10-17,1234.58,1276.44,3.279
NESTLEIND.NS,2025-10-20,1246.07,1272.38,2.068
NESTLEIND.NS,2025-10-21,1254.24,1274.26,1.571
NESTLEIND.NS,2025-10-23,1263.01,1259.91,0.246
NESTLEIND.NS,2025-10-24,1266.34,1269.02,0.211
NESTLEIND.NS,2025-10-27,1269.1,1270.01,0.071
NESTLEIND.NS,2025-10-28,1274.07,1258.13,1.267
NESTLEIND.NS,2025-10-29,1278.46,1260.11,1.457
NESTLEIND.NS,2025-10-30,1276.37,1266.94,0.745
NESTLEIND.NS,2025-10-31,1276.54,1258.72,1.416
NESTLEIND.NS,2025-11-03,1270.81,1253.87,1.351
NESTLEIND.NS,2025-11-04,1273.41,1252.19,1.695
NESTLEIND.NS,2025-11-06,1271.88,1253.28,1.484
NESTLEIND.NS,2025-11-07,1270.61,1249.91,1.656
NESTLEIND.NS,2025-11-10,1262.49,1250.11,0.99
NESTLEIND.NS,2025-11-11,1264.89,1255.26,0.767
NESTLEIND.NS,2025-11-12,1267.27,1265.25,0.159
NESTLEIND.NS,2025-11-13,1263.7,1262.28,0.112
NESTLEIND.NS,2025-11-14,1262.89,1258.72,0.331
NESTLEIND.NS,2025-11-17,1256.79,1257.43,0.051
NESTLEIND.NS,2025-11-18,1259.92,1252.29,0.61
NESTLEIND.NS,2025-11-19,1262.98,1266.05,0.242
NESTLEIND.NS,2025-11-20,1259.99,1266.24,0.494
NESTLEIND.NS,2025-11-21,1259.64,1267.73,0.638
NESTLEIND.NS,2025-11-24,1253.83,1256.34,0.2
NESTLEIND.NS,2025-11-25,1256.66,1250.41,0.5
NESTLEIND.NS,2025-11-26,1259.19,1263.87,0.37
NESTLEIND.NS,2025-11-27,1255.48,1253.57,0.152
NESTLEIND.NS,2025-11-28,1254.22,1248.33,0.472
NESTLEIND.NS,2025-12-01,1244.89,1247.83,0.236
NESTLEIND.NS,2025-12-02,1246.4,1246.15,0.02
NESTLEIND.NS,2025-12-03,1247.64,1229.32,1.49
NESTLEIND.NS,2025-12-04,1242.69,1229.82,1.047
NESTLEIND.NS,2025-12-05,1240.31,1234.27,0.489
NESTLEIND.NS,2025-12-08,1228.83,1202.5,2.19
NESTLEIND.NS,2025-12-09,1230.19,1203.49,2.219
NESTLEIND.NS,2025-12-10,1231.62,1197.05,2.888
NESTLEIND.NS,2025-12-11,1227.24,1202.69,2.041
NESTLEIND.NS,2025-12-12,1225.81,1225.76,0.004
NESTLEIND.NS,2025-12-15,1219.58,1230.91,0.92
NESTLEIND.NS,2025-12-16,1223.43,1228.03,0.375
NESTLEIND.NS,2025-12-17,1227.68,1222.1,0.457
NESTLEIND.NS,2025-12-18,1226.4,1221.01,0.442
NESTLEIND.NS,2025-12-19,1228.3,1231.8,0.284
NESTLEIND.NS,2025-12-22,1232.82,1244.47,0.936
NESTLEIND.NS,2025-12-23,1240.26,1243.77,0.282
NESTLEIND.NS,2025-12-24,1247.98,1246.94,0.083
NESTLEIND.NS,2025-12-26,1254.9,1259.71,0.382
NESTLEIND.NS,2025-12-29,1266.22,1267.04,0.064
NESTLEIND.NS,2025-12-30,1275.02,1261.2,1.096
NESTLEIND.NS,2025-12-31,1283.56,1274.95,0.675
NESTLEIND.NS,2026-01-01,1285.84,1281.88,0.309
NESTLEIND.NS,2026-01-02,1290.48,1266.74,1.874
NESTLEIND.NS,2026-01-05,1297.74,1301.29,0.272
NESTLEIND.NS,2026-01-06,1304.2,1306.53,0.178
NESTLEIND.NS,2026-01-07,1309.99,1301.48,0.654
NESTLEIND.NS,2026-01-08,1309.16,1293.66,1.198
NESTLEIND.NS,2026-01-09,1310.41,1285.94,1.903
NESTLEIND.NS,2026-01-12,1306.56,1299.11,0.574
NESTLEIND.NS,2026-01-13,1309.28,1305.34,0.302
NESTLEIND.NS,2026-01-14,1311.45,1293.86,1.359
NESTLEIND.NS,2026-01-15,1307.21,1293.86,1.032
NESTLEIND.NS,2026-01-16,1305.31,1302.57,0.21
NESTLEIND.NS,2026-01-19,1294.27,1302.27,0.615
NESTLEIND.NS,2026-01-20,1295.49,1282.58,1.007
NESTLEIND.NS,2026-01-21,1296.67,1270.2,2.084
NESTLEIND.NS,2026-01-22,1291.93,1292.77,0.065
NESTLEIND.NS,2026-01-23,1290.05,1280.7,0.73
NESTLEIND.NS,2026-01-27,1284.85,1290.1,0.407
NESTLEIND.NS,2026-01-28,1288.1,1279.31,0.687
NESTLEIND.NS,2026-01-29,1285.69,1274.86,0.85
NESTLEIND.NS,2026-01-30,1286.31,1318.9,2.471
NESTLEIND.NS,2026-02-02,1285.92,1295.05,0.705
NESTLEIND.NS,2026-02-03,1291.35,1294.75,0.263
NESTLEIND.NS,2026-02-04,1296.84,1290.0,0.53
NESTLEIND.NS,2026-02-05,1296.41,1290.3,0.474
NESTLEIND.NS,2026-02-06,1298.69,1297.06,0.125
NESTLEIND.NS,2026-02-09,1300.93,1289.4,0.894
NESTLEIND.NS,2026-02-10,1306.37,1302.34,0.309
NESTLEIND.NS,2026-02-11,1311.42,1299.06,0.952
NESTLEIND.NS,2026-02-12,1310.1,1299.25,0.835
NESTLEIND.NS,2026-02-13,1311.07,1276.46,2.711
NESTLEIND.NS,2026-02-16,1307.16,1283.63,1.833
NESTLEIND.NS,2026-02-17,1309.95,1279.15,2.408
NESTLEIND.NS,2026-02-18,1312.16,1294.68,1.35
NESTLEIND.NS,2026-02-19,1307.86,1272.38,2.788
NESTLEIND.NS,2026-02-20,1305.76,1287.61,1.41
NESTLEIND.NS,2026-02-23,1292.8,1308.81,1.223
NESTLEIND.NS,2026-02-24,1292.81,1313.69,1.589
NESTLEIND.NS,2026-02-25,1292.44,1317.07,1.87
NESTLEIND.NS,2026-02-26,1285.79,1311.69,1.975
NESTLEIND.NS,2026-02-27,1281.62,1285.52,0.303
NESTLEIND.NS,2026-03-02,1264.22,1273.58,0.735
NESTLEIND.NS,2026-03-04,1262.4,1239.34,1.86
NESTLEIND.NS,2026-03-05,1255.43,1244.92,0.845
NESTLEIND.NS,2026-03-06,1251.19,1246.41,0.384
NESTLEIND.NS,2026-03-09,1234.68,1229.89,0.39
NESTLEIND.NS,2026-03-10,1234.37,1235.26,0.072
NESTLEIND.NS,2026-03-11,1234.02,1227.8,0.507
NESTLEIND.NS,2026-03-12,1227.7,1214.96,1.049
NESTLEIND.NS,2026-03-13,1224.09,1196.45,2.31
NESTLEIND.NS,2026-03-16,1209.3,1207.6,0.141
NESTLEIND.NS,2026-03-17,1209.45,1201.13,0.693
NESTLEIND.NS,2026-03-18,1209.51,1199.04,0.874
NESTLEIND.NS,2026-03-19,1203.56,1180.62,1.943
NESTLEIND.NS,2026-03-20,1200.32,1187.89,1.046
NESTLEIND.NS,2026-03-23,1186.8,1161.22,2.203
NESTLEIND.NS,2026-03-24,1187.59,1177.54,0.854
NESTLEIND.NS,2026-03-25,1188.46,1198.34,0.824
NESTLEIND.NS,2026-03-27,1181.63,1187.49,0.494
NESTLEIND.NS,2026-03-30,1174.2,1169.18,0.429
NESTLEIND.NS,2026-04-01,1182.03,1175.15,0.585
NESTLEIND.NS,2026-04-02,1180.89,1185.6,0.397
NESTLEIND.NS,2026-04-06,1191.05,1210.18,1.581
NESTLEIND.NS,2026-04-07,1200.51,1216.95,1.351
NESTLEIND.NS,2026-04-08,1210.8,1207.89,0.241
NESTLEIND.NS,2026-04-09,1215.97,1222.82,0.56
NESTLEIND.NS,2026-04-10,1224.71,1243.32,1.497
NESTLEIND.NS,2026-04-13,1251.64,1220.23,2.574
NESTLEIND.NS,2026-04-15,1282.96,1250.59,2.589
NESTLEIND.NS,2026-04-16,1293.27,1251.38,3.347
NESTLEIND.NS,2026-04-17,1306.59,1279.45,2.121
NESTLEIND.NS,2026-04-20,1343.13,1280.25,4.912
NESTLEIND.NS,2026-04-21,1360.18,1373.3,0.955
NESTLEIND.NS,2026-04-22,1376.8,1389.12,0.887
NESTLEIND.NS,2026-04-23,1386.95,1403.75,1.197
NESTLEIND.NS,2026-04-24,1399.2,1414.5,1.082
NESTLEIND.NS,2026-04-27,1427.29,1410.52,1.189
NESTLEIND.NS,2026-04-28,1439.89,1433.11,0.473
NESTLEIND.NS,2026-04-29,1451.39,1458.59,0.494
NESTLEIND.NS,2026-04-30,1455.78,1451.62,0.286
NESTLEIND.NS,2026-05-01,1461.76,1451.62,0.698
NESTLEIND.NS,2026-05-04,1468.91,1450.13,1.295
NESTLEIND.NS,2026-05-05,1474.21,1470.73,0.237
NESTLEIND.NS,2026-05-06,1478.42,1478.99,0.039
NESTLEIND.NS,2026-05-07,1475.66,1468.94,0.458
NESTLEIND.NS,2026-05-08,1474.73,1475.31,0.039
NESTLEIND.NS,2026-05-11,1463.48,1474.81,0.768
NESTLEIND.NS,2026-05-12,1463.67,1461.57,0.143
NESTLEIND.NS,2026-05-13,1463.38,1461.87,0.103
NESTLEIND.NS,2026-05-14,1456.77,1452.62,0.286
NESTLEIND.NS,2026-05-15,1452.63,1423.66,2.035
NESTLEIND.NS,2026-05-18,1435.72,1424.85,0.763
NESTLEIND.NS,2026-05-19,1435.27,1424.55,0.752
NESTLEIND.NS,2026-05-20,1434.87,1413.31,1.526
NESTLEIND.NS,2026-05-21,1428.65,1399.77,2.063
NESTLEIND.NS,2026-05-22,1425.34,1416.29,0.639
NESTLEIND.NS,2026-05-25,1412.78,1406.84,0.422
NESTLEIND.NS,2026-05-26,1414.16,1421.77,0.535
NESTLEIND.NS,2026-05-27,1415.66,1420.67,0.353
NESTLEIND.NS,2026-05-28,1411.35,1420.67,0.656
NESTLEIND.NS,2026-05-29,1409.89,1414.7,0.34
NESTLEIND.NS,2026-06-01,1402.07,1385.14,1.222
NESTLEIND.NS,2026-06-02,1404.65,1392.01,0.908
NESTLEIND.NS,2026-06-03,1407.14,1384.84,1.61
NESTLEIND.NS,2026-06-04,1403.59,1376.28,1.984
NESTLEIND.NS,2026-06-05,1402.69,1379.57,1.676
NESTLEIND.NS,2026-06-08,1395.52,1392.21,0.238
NESTLEIND.NS,2026-06-09,1398.09,1403.65,0.396
NESTLEIND.NS,2026-06-10,1400.53,1431.42,2.158
NESTLEIND.NS,2026-06-11,1396.94,1415.69,1.325
NESTLEIND.NS,2026-06-12,1396.05,1369.12,1.967
NESTLEIND.NS,2026-06-15,1389.73,1368.12,1.579
NESTLEIND.NS,2026-06-16,1392.98,1385.04,0.573
NESTLEIND.NS,2026-06-17,1396.37,1400.57,0.3
NESTLEIND.NS,2026-06-18,1393.99,1393.7,0.021
NESTLEIND.NS,2026-06-19,1394.6,1408.03,0.954
NESTLEIND.NS,2026-06-22,1394.45,1395.19,0.053
NESTLEIND.NS,2026-06-23,1400.24,1385.54,1.061
NESTLEIND.NS,2026-06-24,1406.36,1375.99,2.207
NESTLEIND.NS,2026-06-25,1406.84,1395.89,0.784
NESTLEIND.NS,2026-06-26,1410.4,1395.89,1.039
NESTLEIND.NS,2026-06-29,1418.93,1380.66,2.772
NESTLEIND.NS,2026-06-30,1427.34,1398.48,2.064
NESTLEIND.NS,2026-07-01,1435.81,1446.84,0.763
NESTLEIND.NS,2026-07-02,1438.34,1439.28,0.065
NESTLEIND.NS,2026-07-03,1443.55,1452.82,0.638
NESTLEIND.NS,2026-07-06,1454.21,1466.65,0.848
NESTLEIND.NS,2026-07-07,1462.26,1464.76,0.171
NESTLEIND.NS,2026-07-08,1469.8,1443.56,1.818
NESTLEIND.NS,2026-07-09,1470.81,1456.2,1.003
NESTLEIND.NS,2026-07-10,1473.93,1455.2,1.287
NESTLEIND.NS,2026-07-13,1475.1,1427.0,3.371
NESTLEIND.NS,2026-07-14,1479.06,1427.1,3.641
NESTLEIND.NS,2026-07-15,1482.14,1424.4,4.054
NESTLEIND.NS,2026-07-16,1478.38,1423.5,3.855
NESTLEIND.NS,2026-07-17,1476.52,1427.2,3.456
NESTLEIND.NS,2026-07-20,1462.26,1446.3,1.104
NESTLEIND.NS,2026-07-21,1461.21,1451.9,0.641
NESTLEIND.NS,2026-07-22,1459.49,1493.6,2.284
NESTLEIND.NS,2026-07-23,1451.23,1447.9,0.23
NESTLEIND.NS,2026-07-24,1445.23,1443.5,0.12
NTPC.NS,2025-07-24,325.57,330.19,1.398
NTPC.NS,2025-07-25,325.16,324.63,0.162
NTPC.NS,2025-07-28,324.24,324.39,0.046
NTPC.NS,2025-07-29,324.2,326.0,0.551
NTPC.NS,2025-07-30,325.19,330.09,1.484
NTPC.NS,2025-07-31,325.7,325.66,0.014
NTPC.NS,2025-08-01,326.12,322.39,1.156
NTPC.NS,2025-08-04,327.13,323.46,1.134
NTPC.NS,2025-08-05,327.51,325.02,0.765
NTPC.NS,2025-08-06,328.78,323.56,1.613
NTPC.NS,2025-08-07,329.43,321.27,2.54
NTPC.NS,2025-08-08,329.85,326.14,1.137
NTPC.NS,2025-08-11,330.07,327.51,0.783
NTPC.NS,2025-08-12,329.96,331.36,0.421
NTPC.NS,2025-08-13,330.65,331.21,0.169
NTPC.NS,2025-08-14,330.65,330.62,0.008
NTPC.NS,2025-08-18,328.4,327.41,0.303
NTPC.NS,2025-08-19,327.6,326.43,0.357
NTPC.NS,2025-08-20,327.66,333.21,1.665
NTPC.NS,2025-08-21,327.12,330.09,0.899
NTPC.NS,2025-08-22,326.37,328.33,0.598
NTPC.NS,2025-08-25,323.72,329.16,1.654
NTPC.NS,2025-08-26,322.95,324.63,0.518
NTPC.NS,2025-08-28,322.89,322.29,0.185
NTPC.NS,2025-08-29,322.53,319.13,1.066
NTPC.NS,2025-09-01,321.62,322.2,0.179
NTPC.NS,2025-09-02,321.57,327.65,1.856
NTPC.NS,2025-09-03,322.54,325.66,0.957
NTPC.NS,2025-09-04,323.05,324.82,0.545
NTPC.NS,2025-09-05,323.48,323.49,0.003
NTPC.NS,2025-09-08,324.74,321.52,1.001
NTPC.NS,2025-09-09,325.28,318.96,1.98
NTPC.NS,2025-09-10,326.78,320.49,1.963
NTPC.NS,2025-09-11,327.71,325.8,0.585
NTPC.NS,2025-09-12,328.46,326.44,0.618
NTPC.NS,2025-09-15,330.03,325.85,1.282
NTPC.NS,2025-09-16,330.47,329.74,0.221
NTPC.NS,2025-09-17,331.76,331.07,0.209
NTPC.NS,2025-09-18,332.4,331.61,0.238
NTPC.NS,2025-09-19,332.79,333.28,0.148
NTPC.NS,2025-09-22,333.0,333.82,0.247
NTPC.NS,2025-09-23,332.94,337.56,1.37
NTPC.NS,2025-09-24,333.74,342.09,2.441
NTPC.NS,2025-09-25,333.91,335.1,0.356
NTPC.NS,2025-09-26,333.86,332.54,0.396
NTPC.NS,2025-09-29,333.06,335.55,0.741
NTPC.NS,2025-09-30,332.81,335.05,0.67
NTPC.NS,2025-10-01,333.48,334.86,0.411
NTPC.NS,2025-10-03,333.58,336.58,0.891
NTPC.NS,2025-10-06,333.24,333.73,0.146
NTPC.NS,2025-10-07,333.22,332.64,0.173
NTPC.NS,2025-10-08,334.17,328.51,1.723
NTPC.NS,2025-10-09,334.58,330.53,1.226
NTPC.NS,2025-10-10,334.83,334.32,0.154
NTPC.NS,2025-10-13,335.18,336.28,0.328
NTPC.NS,2025-10-14,335.3,331.31,1.203
NTPC.NS,2025-10-15,336.32,333.87,0.733
NTPC.NS,2025-10-16,336.73,336.09,0.191
NTPC.NS,2025-10-17,336.91,335.6,0.392
NTPC.NS,2025-10-20,336.54,336.53,0.003
NTPC.NS,2025-10-21,336.28,336.58,0.089
NTPC.NS,2025-10-23,336.74,337.22,0.142
NTPC.NS,2025-10-24,336.36,334.22,0.641
NTPC.NS,2025-10-27,334.21,336.33,0.631
NTPC.NS,2025-10-28,333.36,333.77,0.124
NTPC.NS,2025-10-29,333.37,341.99,2.521
NTPC.NS,2025-10-30,332.75,339.68,2.04
NTPC.NS,2025-10-31,331.93,331.61,0.097
NTPC.NS,2025-11-03,328.89,329.89,0.302
NTPC.NS,2025-11-04,327.92,325.36,0.787
NTPC.NS,2025-11-06,327.37,321.47,1.834
NTPC.NS,2025-11-07,326.71,323.66,0.943
NTPC.NS,2025-11-10,324.67,323.01,0.513
NTPC.NS,2025-11-11,324.16,324.2,0.013
NTPC.NS,2025-11-12,324.66,324.7,0.012
NTPC.NS,2025-11-13,324.65,324.5,0.046
NTPC.NS,2025-11-14,324.53,325.99,0.448
NTPC.NS,2025-11-17,324.0,327.73,1.137
NTPC.NS,2025-11-18,323.91,325.99,0.638
NTPC.NS,2025-11-19,324.76,324.15,0.187
NTPC.NS,2025-11-20,325.02,324.15,0.268
NTPC.NS,2025-11-21,325.09,324.2,0.274
NTPC.NS,2025-11-24,324.59,321.03,1.11
NTPC.NS,2025-11-25,324.32,321.27,0.948
NTPC.NS,2025-11-26,324.91,323.66,0.387
NTPC.NS,2025-11-27,324.85,324.9,0.014
NTPC.NS,2025-11-28,324.53,324.0,0.162
NTPC.NS,2025-12-01,322.64,324.65,0.619
NTPC.NS,2025-12-02,321.9,326.14,1.299
NTPC.NS,2025-12-03,322.03,320.53,0.468
NTPC.NS,2025-12-04,321.55,320.53,0.318
NTPC.NS,2025-12-05,320.88,320.88,0.001
NTPC.NS,2025-12-08,318.41,317.11,0.411
NTPC.NS,2025-12-09,317.68,317.45,0.071
NTPC.NS,2025-12-10,317.94,319.19,0.392
NTPC.NS,2025-12-11,317.7,320.18,0.775
NTPC.NS,2025-12-12,317.4,322.61,1.616
NTPC.NS,2025-12-15,316.69,321.52,1.503
NTPC.NS,2025-12-16,316.74,318.59,0.582
NTPC.NS,2025-12-17,317.84,318.84,0.315
NTPC.NS,2025-12-18,318.52,316.11,0.761
NTPC.NS,2025-12-19,319.15,317.5,0.519
NTPC.NS,2025-12-22,321.29,318.3,0.94
NTPC.NS,2025-12-23,322.22,320.83,0.434
NTPC.NS,2025-12-24,324.15,320.13,1.255
NTPC.NS,2025-12-26,326.83,321.67,1.604
NTPC.NS,2025-12-29,330.18,323.06,2.204
NTPC.NS,2025-12-30,331.25,322.47,2.724
NTPC.NS,2025-12-31,333.19,327.08,1.868
NTPC.NS,2026-01-01,334.48,333.78,0.21
NTPC.NS,2026-01-02,335.51,349.46,3.992
NTPC.NS,2026-01-05,337.48,347.97,3.015
NTPC.NS,2026-01-06,337.94,348.17,2.939
NTPC.NS,2026-01-07,339.21,346.24,2.029
NTPC.NS,2026-01-08,339.8,341.82,0.591
NTPC.NS,2026-01-09,340.12,333.48,1.99
NTPC.NS,2026-01-12,340.11,334.92,1.549
NTPC.NS,2026-01-13,340.01,335.37,1.384
NTPC.NS,2026-01-14,340.82,346.48,1.635
NTPC.NS,2026-01-15,341.04,346.48,1.571
NTPC.NS,2026-01-16,341.09,343.75,0.775
NTPC.NS,2026-01-19,340.96,340.78,0.054
NTPC.NS,2026-01-20,341.07,336.21,1.445
NTPC.NS,2026-01-21,342.17,336.16,1.787
NTPC.NS,2026-01-22,342.79,339.88,0.855
NTPC.NS,2026-01-23,343.34,334.18,2.742
NTPC.NS,2026-01-27,345.89,342.12,1.103
NTPC.NS,2026-01-28,347.7,345.44,0.654
NTPC.NS,2026-01-29,349.02,355.47,1.813
NTPC.NS,2026-01-30,350.23,353.33,0.878
NTPC.NS,2026-02-02,353.68,347.72,1.713
NTPC.NS,2026-02-03,354.9,355.86,0.271
NTPC.NS,2026-02-04,357.04,364.5,2.046
NTPC.NS,2026-02-05,358.6,364.25,1.551
NTPC.NS,2026-02-06,359.96,365.05,1.394
NTPC.NS,2026-02-09,363.27,361.9,0.379
NTPC.NS,2026-02-10,364.28,366.9,0.714
NTPC.NS,2026-02-11,366.14,368.45,0.627
NTPC.NS,2026-02-12,367.36,368.25,0.242
NTPC.NS,2026-02-13,368.32,363.0,1.466
NTPC.NS,2026-02-16,370.32,369.1,0.331
NTPC.NS,2026-02-17,370.89,368.4,0.676
NTPC.NS,2026-02-18,372.32,368.4,1.064
NTPC.NS,2026-02-19,373.13,363.2,2.734
NTPC.NS,2026-02-20,373.73,372.95,0.209
NTPC.NS,2026-02-23,374.87,375.45,0.154
NTPC.NS,2026-02-24,375.24,382.75,1.962
NTPC.NS,2026-02-25,376.52,384.9,2.177
NTPC.NS,2026-02-26,377.21,381.9,1.228
NTPC.NS,2026-02-27,377.72,381.9,1.095
NTPC.NS,2026-03-02,378.68,377.55,0.299
NTPC.NS,2026-03-04,380.16,365.8,3.926
NTPC.NS,2026-03-05,380.73,378.05,0.709
NTPC.NS,2026-03-06,381.08,380.6,0.126
NTPC.NS,2026-03-09,381.2,376.25,1.316
NTPC.NS,2026-03-10,381.09,377.3,1.005
NTPC.NS,2026-03-11,381.81,379.9,0.503
NTPC.NS,2026-03-12,381.85,390.55,2.228
NTPC.NS,2026-03-13,381.6,384.45,0.741
NTPC.NS,2026-03-16,379.71,382.4,0.703
NTPC.NS,2026-03-17,378.89,383.35,1.163
NTPC.NS,2026-03-18,378.9,378.5,0.106
NTPC.NS,2026-03-19,378.26,374.05,1.126
NTPC.NS,2026-03-20,377.38,380.95,0.937
NTPC.NS,2026-03-23,374.02,372.4,0.435
NTPC.NS,2026-03-24,372.93,375.55,0.698
NTPC.NS,2026-03-25,372.79,378.4,1.483
NTPC.NS,2026-03-27,371.39,375.65,1.134
NTPC.NS,2026-03-30,369.37,370.65,0.345
NTPC.NS,2026-04-01,369.76,364.65,1.401
NTPC.NS,2026-04-02,370.12,359.65,2.911
NTPC.NS,2026-04-06,372.3,366.1,1.694
NTPC.NS,2026-04-07,373.29,368.85,1.204
NTPC.NS,2026-04-08,375.38,374.15,0.329
NTPC.NS,2026-04-09,377.04,378.65,0.425
NTPC.NS,2026-04-10,378.66,380.15,0.392
NTPC.NS,2026-04-13,383.59,386.25,0.689
NTPC.NS,2026-04-15,388.04,392.6,1.161
NTPC.NS,2026-04-16,390.13,390.8,0.171
NTPC.NS,2026-04-17,391.99,393.6,0.409
NTPC.NS,2026-04-20,396.49,398.0,0.379
NTPC.NS,2026-04-21,397.75,396.2,0.391
NTPC.NS,2026-04-22,399.77,405.4,1.389
NTPC.NS,2026-04-23,401.04,402.25,0.301
NTPC.NS,2026-04-24,401.95,401.85,0.025
NTPC.NS,2026-04-27,403.04,410.2,1.745
NTPC.NS,2026-04-28,403.06,406.85,0.932
NTPC.NS,2026-04-29,403.82,401.3,0.628
NTPC.NS,2026-04-30,403.85,399.15,1.178
NTPC.NS,2026-05-01,403.55,399.15,1.102
NTPC.NS,2026-05-04,401.45,400.05,0.35
NTPC.NS,2026-05-05,400.59,398.65,0.487
NTPC.NS,2026-05-06,400.59,394.85,1.454
NTPC.NS,2026-05-07,399.98,400.35,0.092
NTPC.NS,2026-05-08,399.16,402.15,0.744
NTPC.NS,2026-05-11,396.19,392.95,0.825
NTPC.NS,2026-05-12,395.25,392.7,0.649
NTPC.NS,2026-05-13,395.24,390.45,1.227
NTPC.NS,2026-05-14,394.68,396.3,0.409
NTPC.NS,2026-05-15,393.97,395.25,0.324
NTPC.NS,2026-05-18,391.39,388.3,0.796
NTPC.NS,2026-05-19,390.54,389.4,0.293
NTPC.NS,2026-05-20,390.59,392.45,0.474
NTPC.NS,2026-05-21,390.03,388.8,0.316
NTPC.NS,2026-05-22,389.24,388.65,0.152
NTPC.NS,2026-05-25,385.96,390.05,1.049
NTPC.NS,2026-05-26,384.72,389.7,1.278
NTPC.NS,2026-05-27,384.29,398.15,3.481
NTPC.NS,2026-05-28,383.19,398.15,3.757
NTPC.NS,2026-05-29,381.81,386.9,1.316
NTPC.NS,2026-06-01,376.58,378.7,0.56
NTPC.NS,2026-06-02,374.69,367.4,1.984
NTPC.NS,2026-06-03,373.65,366.8,1.868
NTPC.NS,2026-06-04,371.99,366.4,1.526
NTPC.NS,2026-06-05,370.13,361.65,2.345
NTPC.NS,2026-06-08,364.08,362.4,0.464
NTPC.NS,2026-06-09,362.17,355.65,1.833
NTPC.NS,2026-06-10,361.26,351.65,2.733
NTPC.NS,2026-06-11,359.87,351.85,2.279
NTPC.NS,2026-06-12,358.43,353.9,1.28
NTPC.NS,2026-06-15,354.49,348.1,1.836
NTPC.NS,2026-06-16,353.52,355.55,0.571
NTPC.NS,2026-06-17,353.65,355.55,0.534
NTPC.NS,2026-06-18,353.38,361.95,2.368
NTPC.NS,2026-06-19,353.1,365.8,3.472
NTPC.NS,2026-06-22,352.68,367.05,3.915
NTPC.NS,2026-06-23,352.83,364.6,3.228
NTPC.NS,2026-06-24,353.99,357.05,0.857
NTPC.NS,2026-06-25,354.65,352.05,0.739
NTPC.NS,2026-06-26,355.18,352.05,0.889
NTPC.NS,2026-06-29,356.33,356.1,0.065
NTPC.NS,2026-06-30,356.67,356.65,0.006
NTPC.NS,2026-07-01,357.85,357.9,0.014
NTPC.NS,2026-07-02,358.36,358.25,0.031
NTPC.NS,2026-07-03,358.59,356.45,0.6
NTPC.NS,2026-07-06,357.98,356.25,0.486
NTPC.NS,2026-07-07,357.5,354.2,0.932
NTPC.NS,2026-07-08,357.8,348.7,2.61
NTPC.NS,2026-07-09,357.38,343.7,3.98
NTPC.NS,2026-07-10,356.65,344.55,3.512
NTPC.NS,2026-07-13,353.29,351.75,0.438
NTPC.NS,2026-07-14,352.02,348.15,1.112
NTPC.NS,2026-07-15,351.63,344.35,2.114
NTPC.NS,2026-07-16,350.64,342.45,2.392
NTPC.NS,2026-07-17,349.47,341.85,2.229
NTPC.NS,2026-07-20,345.69,347.25,0.449
NTPC.NS,2026-07-21,344.6,348.55,1.133
NTPC.NS,2026-07-22,344.53,350.5,1.703
NTPC.NS,2026-07-23,344.0,348.6,1.32
NTPC.NS,2026-07-24,343.41,347.2,1.092
ONGC.NS,2025-07-24,231.55,232.26,0.305
ONGC.NS,2025-07-25,230.21,227.95,0.99
ONGC.NS,2025-07-28,228.16,227.7,0.204
ONGC.NS,2025-07-29,228.1,229.04,0.412
ONGC.NS,2025-07-30,228.5,229.39,0.39
ONGC.NS,2025-07-31,227.93,228.63,0.304
ONGC.NS,2025-08-01,226.44,224.63,0.805
ONGC.NS,2025-08-04,224.29,222.77,0.681
ONGC.NS,2025-08-05,224.33,222.44,0.849
ONGC.NS,2025-08-06,224.88,221.77,1.404
ONGC.NS,2025-08-07,224.52,221.92,1.172
ONGC.NS,2025-08-08,223.28,221.45,0.825
ONGC.NS,2025-08-11,222.13,221.79,0.155
ONGC.NS,2025-08-12,222.55,223.43,0.393
ONGC.NS,2025-08-13,223.48,226.42,1.296
ONGC.NS,2025-08-14,223.52,224.77,0.558
ONGC.NS,2025-08-18,222.54,225.93,1.501
ONGC.NS,2025-08-19,223.23,225.72,1.104
ONGC.NS,2025-08-20,224.4,225.71,0.582
ONGC.NS,2025-08-21,224.62,226.05,0.635
ONGC.NS,2025-08-22,223.9,224.16,0.115
ONGC.NS,2025-08-25,223.87,224.6,0.327
ONGC.NS,2025-08-26,224.5,222.17,1.051
ONGC.NS,2025-08-28,225.63,221.41,1.908
ONGC.NS,2025-08-29,224.72,221.71,1.358
ONGC.NS,2025-09-01,224.02,226.46,1.079
ONGC.NS,2025-09-02,224.41,227.19,1.225
ONGC.NS,2025-09-03,225.24,226.79,0.686
ONGC.NS,2025-09-04,225.09,224.79,0.132
ONGC.NS,2025-09-05,223.99,223.28,0.32
ONGC.NS,2025-09-08,222.89,221.75,0.514
ONGC.NS,2025-09-09,223.23,220.61,1.19
ONGC.NS,2025-09-10,224.05,221.0,1.382
ONGC.NS,2025-09-11,223.95,222.92,0.461
ONGC.NS,2025-09-12,222.95,222.44,0.231
ONGC.NS,2025-09-15,222.43,221.49,0.423
ONGC.NS,2025-09-16,223.05,224.19,0.509
ONGC.NS,2025-09-17,224.19,225.9,0.756
ONGC.NS,2025-09-18,224.42,224.67,0.11
ONGC.NS,2025-09-19,223.78,225.72,0.858
ONGC.NS,2025-09-22,224.38,226.46,0.919
ONGC.NS,2025-09-23,225.36,225.69,0.146
ONGC.NS,2025-09-24,226.85,227.46,0.269
ONGC.NS,2025-09-25,227.41,228.56,0.503
ONGC.NS,2025-09-26,227.06,226.99,0.033
ONGC.NS,2025-09-29,228.32,228.85,0.234
ONGC.NS,2025-09-30,229.43,228.4,0.452
ONGC.NS,2025-10-01,231.01,231.77,0.329
ONGC.NS,2025-10-03,231.26,232.36,0.475
ONGC.NS,2025-10-06,232.3,234.46,0.922
ONGC.NS,2025-10-07,233.27,233.95,0.289
ONGC.NS,2025-10-08,234.68,230.6,1.769
ONGC.NS,2025-10-09,235.11,232.11,1.294
ONGC.NS,2025-10-10,234.57,234.92,0.149
ONGC.NS,2025-10-13,235.03,232.77,0.969
ONGC.NS,2025-10-14,235.83,233.35,1.064
ONGC.NS,2025-10-15,237.08,236.24,0.357
ONGC.NS,2025-10-16,237.36,236.84,0.221
ONGC.NS,2025-10-17,236.7,236.21,0.209
ONGC.NS,2025-10-20,236.94,237.21,0.113
ONGC.NS,2025-10-21,237.71,236.62,0.462
ONGC.NS,2025-10-23,239.26,240.61,0.562
ONGC.NS,2025-10-24,238.63,243.14,1.855
ONGC.NS,2025-10-27,239.01,241.53,1.043
ONGC.NS,2025-10-28,239.83,238.93,0.379
ONGC.NS,2025-10-29,241.12,243.79,1.095
ONGC.NS,2025-10-30,241.45,242.73,0.527
ONGC.NS,2025-10-31,240.83,243.53,1.109
ONGC.NS,2025-11-03,241.12,245.61,1.828
ONGC.NS,2025-11-04,241.86,240.65,0.502
ONGC.NS,2025-11-06,243.23,239.84,1.413
ONGC.NS,2025-11-07,242.45,240.51,0.807
ONGC.NS,2025-11-10,242.09,239.75,0.978
ONGC.NS,2025-11-11,242.57,237.89,1.969
ONGC.NS,2025-11-12,243.48,242.08,0.578
ONGC.NS,2025-11-13,243.38,239.22,1.739
ONGC.NS,2025-11-14,242.31,241.91,0.166
ONGC.NS,2025-11-17,241.1,242.35,0.515
ONGC.NS,2025-11-18,241.32,241.27,0.02
ONGC.NS,2025-11-19,241.97,243.28,0.537
ONGC.NS,2025-11-20,241.64,242.35,0.292
ONGC.NS,2025-11-21,240.36,241.27,0.378
ONGC.NS,2025-11-24,238.66,240.1,0.6
ONGC.NS,2025-11-25,238.77,239.71,0.392
ONGC.NS,2025-11-26,239.33,242.01,1.105
ONGC.NS,2025-11-27,238.94,238.39,0.231
ONGC.NS,2025-11-28,237.62,237.66,0.016
ONGC.NS,2025-12-01,235.88,239.2,1.388
ONGC.NS,2025-12-02,235.99,237.94,0.82
ONGC.NS,2025-12-03,236.58,234.5,0.886
ONGC.NS,2025-12-04,236.2,236.66,0.195
ONGC.NS,2025-12-05,234.9,235.68,0.333
ONGC.NS,2025-12-08,233.21,233.04,0.075
ONGC.NS,2025-12-09,233.33,234.33,0.425
ONGC.NS,2025-12-10,233.92,233.79,0.056
ONGC.NS,2025-12-11,233.55,232.93,0.267
ONGC.NS,2025-12-12,232.24,232.55,0.132
ONGC.NS,2025-12-15,230.55,229.94,0.266
ONGC.NS,2025-12-16,230.68,226.87,1.679
ONGC.NS,2025-12-17,231.29,227.56,1.641
ONGC.NS,2025-12-18,230.95,226.67,1.89
ONGC.NS,2025-12-19,229.7,227.54,0.951
ONGC.NS,2025-12-22,228.33,228.8,0.204
ONGC.NS,2025-12-23,228.62,230.08,0.633
ONGC.NS,2025-12-24,229.43,228.4,0.453
ONGC.NS,2025-12-26,228.33,229.14,0.353
ONGC.NS,2025-12-29,227.93,229.42,0.65
ONGC.NS,2025-12-30,228.61,229.28,0.294
ONGC.NS,2025-12-31,229.81,234.85,2.148
ONGC.NS,2026-01-01,230.12,232.47,1.011
ONGC.NS,2026-01-02,229.56,235.91,2.691
ONGC.NS,2026-01-05,230.46,232.62,0.927
ONGC.NS,2026-01-06,231.55,236.33,2.022
ONGC.NS,2026-01-07,233.15,233.56,0.177
ONGC.NS,2026-01-08,233.84,226.1,3.423
ONGC.NS,2026-01-09,233.63,228.71,2.152
ONGC.NS,2026-01-12,235.39,230.29,2.214
ONGC.NS,2026-01-13,236.7,238.18,0.619
ONGC.NS,2026-01-14,238.49,242.52,1.663
ONGC.NS,2026-01-15,239.33,242.52,1.317
ONGC.NS,2026-01-16,239.24,241.49,0.931
ONGC.NS,2026-01-19,241.18,237.52,1.541
ONGC.NS,2026-01-20,242.52,234.86,3.26
ONGC.NS,2026-01-21,244.32,236.8,3.177
ONGC.NS,2026-01-22,245.17,238.4,2.84
ONGC.NS,2026-01-23,245.08,239.83,2.191
ONGC.NS,2026-01-27,248.53,242.25,2.593
ONGC.NS,2026-01-28,250.42,262.41,4.567
ONGC.NS,2026-01-29,251.39,269.06,6.567
ONGC.NS,2026-01-30,251.46,262.78,4.306
ONGC.NS,2026-02-02,254.1,248.11,2.414
ONGC.NS,2026-02-03,255.74,251.09,1.851
ONGC.NS,2026-02-04,257.89,260.81,1.121
ONGC.NS,2026-02-05,259.12,263.01,1.479
ONGC.NS,2026-02-06,259.44,262.77,1.266
ONGC.NS,2026-02-09,262.75,260.47,0.875
ONGC.NS,2026-02-10,264.56,265.89,0.501
ONGC.NS,2026-02-11,266.82,268.29,0.547
ONGC.NS,2026-02-12,268.1,270.0,0.702
ONGC.NS,2026-02-13,268.41,261.25,2.74
ONGC.NS,2026-02-16,271.26,265.31,2.244
ONGC.NS,2026-02-17,272.74,265.6,2.688
ONGC.NS,2026-02-18,274.6,264.6,3.779
ONGC.NS,2026-02-19,275.39,274.65,0.269
ONGC.NS,2026-02-20,275.14,278.65,1.26
ONGC.NS,2026-02-23,275.87,275.65,0.08
ONGC.NS,2026-02-24,276.53,276.5,0.011
ONGC.NS,2026-02-25,277.54,277.45,0.032
ONGC.NS,2026-02-26,277.46,280.1,0.943
ONGC.NS,2026-02-27,276.33,279.7,1.205
ONGC.NS,2026-03-02,274.52,282.2,2.721
ONGC.NS,2026-03-04,274.75,276.95,0.794
ONGC.NS,2026-03-05,274.06,276.35,0.829
ONGC.NS,2026-03-06,272.42,278.95,2.341
ONGC.NS,2026-03-09,269.72,270.8,0.399
ONGC.NS,2026-03-10,269.58,269.2,0.141
ONGC.NS,2026-03-11,269.97,270.75,0.288
ONGC.NS,2026-03-12,269.48,270.55,0.395
ONGC.NS,2026-03-13,268.14,264.1,1.53
ONGC.NS,2026-03-16,267.04,260.45,2.53
ONGC.NS,2026-03-17,267.6,264.75,1.076
ONGC.NS,2026-03-18,268.76,265.0,1.419
ONGC.NS,2026-03-19,269.1,269.1,0.0
ONGC.NS,2026-03-20,268.63,265.4,1.217
ONGC.NS,2026-03-23,270.15,265.45,1.771
ONGC.NS,2026-03-24,271.54,268.05,1.302
ONGC.NS,2026-03-25,273.48,270.2,1.214
ONGC.NS,2026-03-27,274.69,281.95,2.575
ONGC.NS,2026-03-30,277.52,284.65,2.505
ONGC.NS,2026-04-01,281.18,288.05,2.385
ONGC.NS,2026-04-02,282.23,287.2,1.731
ONGC.NS,2026-04-06,284.19,281.85,0.83
ONGC.NS,2026-04-07,285.34,286.65,0.457
ONGC.NS,2026-04-08,286.86,285.5,0.476
ONGC.NS,2026-04-09,287.33,288.6,0.44
ONGC.NS,2026-04-10,286.77,286.5,0.094
ONGC.NS,2026-04-13,286.84,287.55,0.247
ONGC.NS,2026-04-15,288.39,287.6,0.275
ONGC.NS,2026-04-16,288.38,282.75,1.991
ONGC.NS,2026-04-17,287.41,284.05,1.183
ONGC.NS,2026-04-20,286.69,283.35,1.179
ONGC.NS,2026-04-21,287.16,283.1,1.434
ONGC.NS,2026-04-22,288.13,283.65,1.579
ONGC.NS,2026-04-23,288.18,286.25,0.674
ONGC.NS,2026-04-24,287.35,284.8,0.895
ONGC.NS,2026-04-27,287.41,285.9,0.528
ONGC.NS,2026-04-28,288.23,301.3,4.338
ONGC.NS,2026-04-29,289.57,301.4,3.925
ONGC.NS,2026-04-30,290.0,299.55,3.188
ONGC.NS,2026-05-01,289.54,299.55,3.342
ONGC.NS,2026-05-04,290.54,292.9,0.806
ONGC.NS,2026-05-05,291.58,289.95,0.562
ONGC.NS,2026-05-06,293.07,280.8,4.37
ONGC.NS,2026-05-07,293.57,283.9,3.406
ONGC.NS,2026-05-08,293.09,279.2,4.975
ONGC.NS,2026-05-11,293.47,281.0,4.438
ONGC.NS,2026-05-12,294.11,294.5,0.132
ONGC.NS,2026-05-13,295.1,297.15,0.69
ONGC.NS,2026-05-14,295.02,300.9,1.954
ONGC.NS,2026-05-15,293.87,299.35,1.831
ONGC.NS,2026-05-18,291.83,297.2,1.807
ONGC.NS,2026-05-19,291.55,296.5,1.669
ONGC.NS,2026-05-20,291.59,298.3,2.249
ONGC.NS,2026-05-21,290.54,295.85,1.795
ONGC.NS,2026-05-22,288.41,290.0,0.548
ONGC.NS,2026-05-25,283.51,284.95,0.505
ONGC.NS,2026-05-26,282.34,287.5,1.795
ONGC.NS,2026-05-27,281.55,274.05,2.737
ONGC.NS,2026-05-28,279.72,274.05,2.069
ONGC.NS,2026-05-29,276.88,265.4,4.326
ONGC.NS,2026-06-01,270.34,264.3,2.285
ONGC.NS,2026-06-02,268.79,265.05,1.411
ONGC.NS,2026-06-03,267.72,267.75,0.011
ONGC.NS,2026-06-04,265.69,267.55,0.695
ONGC.NS,2026-06-05,262.75,264.75,0.755
ONGC.NS,2026-06-08,256.41,264.65,3.114
ONGC.NS,2026-06-09,255.09,259.0,1.51
ONGC.NS,2026-06-10,254.31,251.9,0.957
ONGC.NS,2026-06-11,252.65,252.6,0.02
ONGC.NS,2026-06-12,250.14,246.2,1.6
ONGC.NS,2026-06-15,245.39,243.65,0.714
ONGC.NS,2026-06-16,244.69,248.2,1.414
ONGC.NS,2026-06-17,244.56,245.0,0.18
ONGC.NS,2026-06-18,243.57,245.3,0.705
ONGC.NS,2026-06-19,241.76,246.25,1.823
ONGC.NS,2026-06-22,239.17,245.45,2.559
ONGC.NS,2026-06-23,239.2,244.35,2.108
ONGC.NS,2026-06-24,239.79,240.0,0.088
ONGC.NS,2026-06-25,239.53,233.1,2.758
ONGC.NS,2026-06-26,238.42,233.1,2.282
ONGC.NS,2026-06-29,237.83,234.05,1.615
ONGC.NS,2026-06-30,238.48,234.9,1.524
ONGC.NS,2026-07-01,239.65,234.99,1.983
ONGC.NS,2026-07-02,239.93,235.96,1.682
ONGC.NS,2026-07-03,239.32,237.84,0.622
ONGC.NS,2026-07-06,239.94,243.9,1.624
ONGC.NS,2026-07-07,240.88,244.18,1.351
ONGC.NS,2026-07-08,242.28,247.0,1.911
ONGC.NS,2026-07-09,242.73,243.65,0.378
ONGC.NS,2026-07-10,242.23,244.96,1.114
ONGC.NS,2026-07-13,242.79,248.45,2.278
ONGC.NS,2026-07-14,243.58,248.9,2.137
ONGC.NS,2026-07-15,244.79,247.18,0.967
ONGC.NS,2026-07-16,244.98,246.75,0.717
ONGC.NS,2026-07-17,244.17,247.29,1.262
ONGC.NS,2026-07-20,243.57,249.58,2.408
ONGC.NS,2026-07-21,243.92,249.89,2.389
ONGC.NS,2026-07-22,244.66,251.9,2.874
ONGC.NS,2026-07-23,244.39,252.37,3.162
ONGC.NS,2026-07-24,243.11,248.76,2.271
POWERGRID.NS,2025-07-24,283.17,289.88,2.313
POWERGRID.NS,2025-07-25,282.55,282.86,0.108
POWERGRID.NS,2025-07-28,282.17,282.66,0.174
POWERGRID.NS,2025-07-29,281.79,283.82,0.717
POWERGRID.NS,2025-07-30,282.29,279.81,0.888
POWERGRID.NS,2025-07-31,281.55,281.79,0.085
POWERGRID.NS,2025-08-01,281.15,282.03,0.313
POWERGRID.NS,2025-08-04,281.09,278.84,0.808
POWERGRID.NS,2025-08-05,280.72,276.95,1.362
POWERGRID.NS,2025-08-06,281.16,275.79,1.948
POWERGRID.NS,2025-08-07,280.33,276.51,1.381
POWERGRID.NS,2025-08-08,279.77,275.83,1.427
POWERGRID.NS,2025-08-11,279.07,275.83,1.173
POWERGRID.NS,2025-08-12,278.44,275.64,1.015
POWERGRID.NS,2025-08-13,278.63,279.08,0.161
POWERGRID.NS,2025-08-14,277.54,279.56,0.724
POWERGRID.NS,2025-08-18,275.6,281.16,1.978
POWERGRID.NS,2025-08-19,274.93,280.09,1.843
POWERGRID.NS,2025-08-20,275.14,280.48,1.904
POWERGRID.NS,2025-08-21,274.14,276.2,0.746
POWERGRID.NS,2025-08-22,273.52,275.57,0.743
POWERGRID.NS,2025-08-25,273.25,276.35,1.121
POWERGRID.NS,2025-08-26,272.99,272.21,0.285
POWERGRID.NS,2025-08-28,273.17,266.91,2.344
POWERGRID.NS,2025-08-29,273.07,267.69,2.009
POWERGRID.NS,2025-09-01,274.4,272.16,0.821
POWERGRID.NS,2025-09-02,274.64,278.83,1.502
POWERGRID.NS,2025-09-03,275.77,278.19,0.871
POWERGRID.NS,2025-09-04,275.68,274.06,0.591
POWERGRID.NS,2025-09-05,275.92,277.51,0.574
POWERGRID.NS,2025-09-08,277.81,275.03,1.009
POWERGRID.NS,2025-09-09,278.06,276.05,0.726
POWERGRID.NS,2025-09-10,279.12,275.18,1.432
POWERGRID.NS,2025-09-11,278.86,278.92,0.023
POWERGRID.NS,2025-09-12,278.86,279.75,0.318
POWERGRID.NS,2025-09-15,279.62,278.39,0.442
POWERGRID.NS,2025-09-16,279.4,280.43,0.368
POWERGRID.NS,2025-09-17,279.96,279.26,0.249
POWERGRID.NS,2025-09-18,279.19,281.16,0.701
POWERGRID.NS,2025-09-19,278.69,278.34,0.126
POWERGRID.NS,2025-09-22,278.14,278.78,0.229
POWERGRID.NS,2025-09-23,277.59,280.67,1.099
POWERGRID.NS,2025-09-24,277.89,285.25,2.579
POWERGRID.NS,2025-09-25,276.96,276.59,0.134
POWERGRID.NS,2025-09-26,276.39,274.5,0.689
POWERGRID.NS,2025-09-29,276.16,272.89,1.197
POWERGRID.NS,2025-09-30,275.9,272.55,1.228
POWERGRID.NS,2025-10-01,276.58,272.94,1.333
POWERGRID.NS,2025-10-03,276.02,281.74,2.032
POWERGRID.NS,2025-10-06,277.49,279.02,0.549
POWERGRID.NS,2025-10-07,277.8,281.06,1.161
POWERGRID.NS,2025-10-08,279.02,277.47,0.56
POWERGRID.NS,2025-10-09,279.04,278.29,0.269
POWERGRID.NS,2025-10-10,279.4,281.21,0.643
POWERGRID.NS,2025-10-13,281.67,278.29,1.214
POWERGRID.NS,2025-10-14,282.05,279.6,0.875
POWERGRID.NS,2025-10-15,283.21,282.96,0.088
POWERGRID.NS,2025-10-16,283.05,283.84,0.277
POWERGRID.NS,2025-10-17,283.12,281.79,0.471
POWERGRID.NS,2025-10-20,283.86,280.29,1.275
POWERGRID.NS,2025-10-21,283.55,280.67,1.025
POWERGRID.NS,2025-10-23,282.98,281.7,0.456
POWERGRID.NS,2025-10-24,282.2,280.58,0.578
POWERGRID.NS,2025-10-27,280.42,283.06,0.932
POWERGRID.NS,2025-10-28,279.33,280.33,0.358
POWERGRID.NS,2025-10-29,279.04,287.24,2.854
POWERGRID.NS,2025-10-30,277.45,283.49,2.132
POWERGRID.NS,2025-10-31,276.16,280.24,1.455
POWERGRID.NS,2025-11-03,273.54,280.09,2.339
POWERGRID.NS,2025-11-04,272.43,271.39,0.384
POWERGRID.NS,2025-11-06,270.89,262.78,3.086
POWERGRID.NS,2025-11-07,269.95,264.53,2.049
POWERGRID.NS,2025-11-10,268.96,265.22,1.409
POWERGRID.NS,2025-11-11,268.53,264.68,1.455
POWERGRID.NS,2025-11-12,269.06,264.13,1.865
POWERGRID.NS,2025-11-13,268.44,266.85,0.594
POWERGRID.NS,2025-11-14,268.22,268.29,0.025
POWERGRID.NS,2025-11-17,269.18,270.51,0.493
POWERGRID.NS,2025-11-18,269.26,271.16,0.699
POWERGRID.NS,2025-11-19,270.19,272.1,0.7
POWERGRID.NS,2025-11-20,269.88,274.12,1.548
POWERGRID.NS,2025-11-21,269.85,274.52,1.701
POWERGRID.NS,2025-11-24,270.64,272.74,0.769
POWERGRID.NS,2025-11-25,270.43,270.41,0.006
POWERGRID.NS,2025-11-26,270.98,272.0,0.374
POWERGRID.NS,2025-11-27,270.18,270.66,0.178
POWERGRID.NS,2025-11-28,269.6,266.95,0.992
POWERGRID.NS,2025-12-01,268.46,266.66,0.676
POWERGRID.NS,2025-12-02,267.59,264.48,1.176
POWERGRID.NS,2025-12-03,267.5,265.47,0.765
POWERGRID.NS,2025-12-04,266.1,266.11,0.005
POWERGRID.NS,2025-12-05,264.99,266.8,0.68
POWERGRID.NS,2025-12-08,262.83,262.26,0.219
POWERGRID.NS,2025-12-09,261.84,261.61,0.087
POWERGRID.NS,2025-12-10,261.76,262.55,0.302
POWERGRID.NS,2025-12-11,260.51,261.86,0.516
POWERGRID.NS,2025-12-12,259.66,260.67,0.389
POWERGRID.NS,2025-12-15,258.96,259.29,0.127
POWERGRID.NS,2025-12-16,258.64,257.46,0.458
POWERGRID.NS,2025-12-17,259.29,258.2,0.422
POWERGRID.NS,2025-12-18,258.8,255.09,1.456
POWERGRID.NS,2025-12-19,258.75,260.53,0.681
POWERGRID.NS,2025-12-22,260.3,262.06,0.671
POWERGRID.NS,2025-12-23,260.61,264.04,1.297
POWERGRID.NS,2025-12-24,261.81,265.07,1.231
POWERGRID.NS,2025-12-26,262.01,262.5,0.188
POWERGRID.NS,2025-12-29,263.64,257.71,2.302
POWERGRID.NS,2025-12-30,263.69,257.46,2.42
POWERGRID.NS,2025-12-31,264.49,261.66,1.081
POWERGRID.NS,2026-01-01,263.9,263.84,0.023
POWERGRID.NS,2026-01-02,263.5,267.94,1.658
POWERGRID.NS,2026-01-05,262.69,268.63,2.213
POWERGRID.NS,2026-01-06,261.83,265.57,1.408
POWERGRID.NS,2026-01-07,261.72,261.17,0.211
POWERGRID.NS,2026-01-08,260.25,256.42,1.493
POWERGRID.NS,2026-01-09,259.03,255.14,1.526
POWERGRID.NS,2026-01-12,256.35,255.68,0.262
POWERGRID.NS,2026-01-13,255.15,255.93,0.304
POWERGRID.NS,2026-01-14,254.86,255.48,0.243
POWERGRID.NS,2026-01-15,253.42,255.48,0.807
POWERGRID.NS,2026-01-16,252.41,254.44,0.799
POWERGRID.NS,2026-01-19,251.56,254.79,1.268
POWERGRID.NS,2026-01-20,251.36,251.23,0.052
POWERGRID.NS,2026-01-21,252.25,252.96,0.281
POWERGRID.NS,2026-01-22,252.12,256.37,1.658
POWERGRID.NS,2026-01-23,252.57,251.33,0.494
POWERGRID.NS,2026-01-27,258.08,251.53,2.606
POWERGRID.NS,2026-01-28,260.64,256.92,1.45
POWERGRID.NS,2026-01-29,262.13,257.61,1.755
POWERGRID.NS,2026-01-30,264.11,253.65,4.123
POWERGRID.NS,2026-02-02,271.95,267.4,1.702
POWERGRID.NS,2026-02-03,274.38,280.06,2.027
POWERGRID.NS,2026-02-04,277.66,286.19,2.98
POWERGRID.NS,2026-02-05,279.67,286.14,2.26
POWERGRID.NS,2026-02-06,281.95,289.5,2.608
POWERGRID.NS,2026-02-09,289.36,289.75,0.135
POWERGRID.NS,2026-02-10,291.22,294.35,1.063
POWERGRID.NS,2026-02-11,293.76,294.45,0.234
POWERGRID.NS,2026-02-12,294.87,293.9,0.33
POWERGRID.NS,2026-02-13,296.09,287.2,3.095
POWERGRID.NS,2026-02-16,299.77,300.5,0.243
POWERGRID.NS,2026-02-17,300.28,300.75,0.156
POWERGRID.NS,2026-02-18,301.46,300.55,0.303
POWERGRID.NS,2026-02-19,301.23,294.65,2.233
POWERGRID.NS,2026-02-20,301.16,298.95,0.739
POWERGRID.NS,2026-02-23,301.45,303.35,0.626
POWERGRID.NS,2026-02-24,301.05,304.8,1.23
POWERGRID.NS,2026-02-25,301.45,307.25,1.888
POWERGRID.NS,2026-02-26,300.57,303.25,0.884
POWERGRID.NS,2026-02-27,299.99,298.65,0.449
POWERGRID.NS,2026-03-02,299.5,296.8,0.91
POWERGRID.NS,2026-03-04,299.53,291.95,2.596
POWERGRID.NS,2026-03-05,298.79,299.45,0.22
POWERGRID.NS,2026-03-06,298.4,299.15,0.251
POWERGRID.NS,2026-03-09,298.66,295.2,1.172
POWERGRID.NS,2026-03-10,298.48,298.65,0.057
POWERGRID.NS,2026-03-11,299.17,298.8,0.124
POWERGRID.NS,2026-03-12,298.6,303.6,1.647
POWERGRID.NS,2026-03-13,298.35,300.95,0.864
POWERGRID.NS,2026-03-16,298.66,297.75,0.306
POWERGRID.NS,2026-03-17,298.38,298.5,0.04
POWERGRID.NS,2026-03-18,298.9,299.4,0.167
POWERGRID.NS,2026-03-19,298.12,296.7,0.479
POWERGRID.NS,2026-03-20,297.62,297.6,0.007
POWERGRID.NS,2026-03-23,297.08,302.1,1.662
POWERGRID.NS,2026-03-24,296.52,299.0,0.829
POWERGRID.NS,2026-03-25,296.81,295.0,0.614
POWERGRID.NS,2026-03-27,295.23,295.5,0.091
POWERGRID.NS,2026-03-30,294.84,296.1,0.426
POWERGRID.NS,2026-04-01,295.19,292.8,0.816
POWERGRID.NS,2026-04-02,294.7,289.95,1.638
POWERGRID.NS,2026-04-06,296.56,295.15,0.478
POWERGRID.NS,2026-04-07,297.16,295.4,0.596
POWERGRID.NS,2026-04-08,298.76,294.85,1.326
POWERGRID.NS,2026-04-09,299.25,298.1,0.386
POWERGRID.NS,2026-04-10,300.18,302.75,0.849
POWERGRID.NS,2026-04-13,304.82,300.35,1.488
POWERGRID.NS,2026-04-15,308.46,312.45,1.277
POWERGRID.NS,2026-04-16,309.49,312.25,0.884
POWERGRID.NS,2026-04-17,310.83,318.1,2.285
POWERGRID.NS,2026-04-20,315.74,319.7,1.239
POWERGRID.NS,2026-04-21,316.87,319.35,0.777
POWERGRID.NS,2026-04-22,318.72,319.75,0.322
POWERGRID.NS,2026-04-23,319.18,319.15,0.009
POWERGRID.NS,2026-04-24,319.79,316.4,1.071
POWERGRID.NS,2026-04-27,321.7,320.9,0.249
POWERGRID.NS,2026-04-28,321.62,319.0,0.821
POWERGRID.NS,2026-04-29,322.19,320.35,0.574
POWERGRID.NS,2026-04-30,321.32,318.35,0.933
POWERGRID.NS,2026-05-01,320.57,318.35,0.697
POWERGRID.NS,2026-05-04,318.49,319.05,0.176
POWERGRID.NS,2026-05-05,317.19,319.45,0.707
POWERGRID.NS,2026-05-06,316.62,315.95,0.212
POWERGRID.NS,2026-05-07,314.69,313.8,0.284
POWERGRID.NS,2026-05-08,313.02,313.95,0.296
POWERGRID.NS,2026-05-11,308.93,310.9,0.634
POWERGRID.NS,2026-05-12,307.23,306.3,0.304
POWERGRID.NS,2026-05-13,306.4,301.5,1.625
POWERGRID.NS,2026-05-14,304.35,301.75,0.862
POWERGRID.NS,2026-05-15,302.68,305.85,1.036
POWERGRID.NS,2026-05-18,299.26,296.55,0.914
POWERGRID.NS,2026-05-19,297.95,298.6,0.218
POWERGRID.NS,2026-05-20,297.59,299.9,0.77
POWERGRID.NS,2026-05-21,296.05,299.55,1.168
POWERGRID.NS,2026-05-22,294.92,294.3,0.211
POWERGRID.NS,2026-05-25,293.19,295.35,0.731
POWERGRID.NS,2026-05-26,292.42,292.55,0.044
POWERGRID.NS,2026-05-27,292.56,300.15,2.529
POWERGRID.NS,2026-05-28,291.49,300.15,2.885
POWERGRID.NS,2026-05-29,290.79,290.55,0.083
POWERGRID.NS,2026-06-01,290.04,286.15,1.359
POWERGRID.NS,2026-06-02,289.5,282.15,2.605
POWERGRID.NS,2026-06-03,289.84,285.05,1.68
POWERGRID.NS,2026-06-04,288.93,284.6,1.521
POWERGRID.NS,2026-06-05,288.34,285.65,0.942
POWERGRID.NS,2026-06-08,287.85,290.3,0.844
POWERGRID.NS,2026-06-09,287.39,285.7,0.592
POWERGRID.NS,2026-06-10,287.8,287.2,0.209
POWERGRID.NS,2026-06-11,286.97,286.65,0.112
POWERGRID.NS,2026-06-12,286.49,284.8,0.593
POWERGRID.NS,2026-06-15,286.41,285.7,0.249
POWERGRID.NS,2026-06-16,286.13,285.15,0.344
POWERGRID.NS,2026-06-17,286.73,286.35,0.133
POWERGRID.NS,2026-06-18,286.11,288.7,0.897
POWERGRID.NS,2026-06-19,285.85,292.25,2.19
POWERGRID.NS,2026-06-22,286.42,289.75,1.149
POWERGRID.NS,2026-06-23,286.33,291.95,1.925
POWERGRID.NS,2026-06-24,287.1,290.9,1.306
POWERGRID.NS,2026-06-25,286.62,283.9,0.958
POWERGRID.NS,2026-06-26,286.46,283.9,0.902
POWERGRID.NS,2026-06-29,287.05,286.25,0.279
POWERGRID.NS,2026-06-30,286.87,286.3,0.199
POWERGRID.NS,2026-07-01,287.49,287.55,0.021
POWERGRID.NS,2026-07-02,286.81,288.2,0.482
POWERGRID.NS,2026-07-03,286.4,287.85,0.504
POWERGRID.NS,2026-07-06,286.0,285.4,0.21
POWERGRID.NS,2026-07-07,285.43,284.35,0.38
POWERGRID.NS,2026-07-08,285.64,279.7,2.124
POWERGRID.NS,2026-07-09,284.56,281.35,1.141
POWERGRID.NS,2026-07-10,283.74,283.1,0.226
POWERGRID.NS,2026-07-13,282.27,286.0,1.304
POWERGRID.NS,2026-07-14,281.42,286.15,1.653
POWERGRID.NS,2026-07-15,281.4,280.7,0.249
POWERGRID.NS,2026-07-16,280.14,280.75,0.217
POWERGRID.NS,2026-07-17,279.2,283.55,1.534
POWERGRID.NS,2026-07-20,277.74,288.7,3.796
POWERGRID.NS,2026-07-21,277.0,286.7,3.383
POWERGRID.NS,2026-07-22,277.16,289.3,4.196
POWERGRID.NS,2026-07-23,276.12,289.8,4.72
POWERGRID.NS,2026-07-24,275.44,288.2,4.427
RELIANCE.NS,2025-07-24,1398.75,1390.89,0.565
RELIANCE.NS,2025-07-25,1393.23,1379.78,0.974
RELIANCE.NS,2025-07-28,1383.76,1375.72,0.584
RELIANCE.NS,2025-07-29,1379.25,1404.97,1.83
RELIANCE.NS,2025-07-30,1381.7,1398.03,1.168
RELIANCE.NS,2025-07-31,1378.46,1378.3,0.012
RELIANCE.NS,2025-08-01,1377.65,1381.77,0.298
RELIANCE.NS,2025-08-04,1380.64,1399.41,1.342
RELIANCE.NS,2025-08-05,1379.45,1379.78,0.024
RELIANCE.NS,2025-08-06,1384.73,1380.87,0.279
RELIANCE.NS,2025-08-07,1383.77,1377.5,0.455
RELIANCE.NS,2025-08-08,1384.67,1356.09,2.108
RELIANCE.NS,2025-08-11,1389.41,1374.33,1.097
RELIANCE.NS,2025-08-12,1387.76,1368.58,1.401
RELIANCE.NS,2025-08-13,1392.12,1370.76,1.558
RELIANCE.NS,2025-08-14,1389.85,1367.48,1.636
RELIANCE.NS,2025-08-18,1387.89,1375.34,0.912
RELIANCE.NS,2025-08-19,1384.16,1413.56,2.08
RELIANCE.NS,2025-08-20,1386.53,1406.5,1.42
RELIANCE.NS,2025-08-21,1382.43,1418.24,2.525
RELIANCE.NS,2025-08-22,1380.12,1402.71,1.611
RELIANCE.NS,2025-08-25,1376.04,1406.1,2.138
RELIANCE.NS,2025-08-26,1372.12,1378.53,0.465
RELIANCE.NS,2025-08-28,1371.21,1379.52,0.603
RELIANCE.NS,2025-08-29,1369.89,1350.95,1.402
RELIANCE.NS,2025-09-01,1370.64,1347.67,1.705
RELIANCE.NS,2025-09-02,1368.77,1360.21,0.629
RELIANCE.NS,2025-09-03,1373.53,1366.28,0.53
RELIANCE.NS,2025-09-04,1372.25,1353.04,1.419
RELIANCE.NS,2025-09-05,1373.09,1368.67,0.323
RELIANCE.NS,2025-09-08,1379.41,1372.16,0.529
RELIANCE.NS,2025-09-09,1378.87,1369.87,0.657
RELIANCE.NS,2025-09-10,1384.59,1370.66,1.016
RELIANCE.NS,2025-09-11,1383.89,1376.93,0.505
RELIANCE.NS,2025-09-12,1384.89,1388.58,0.266
RELIANCE.NS,2025-09-15,1389.13,1392.86,0.268
RELIANCE.NS,2025-09-16,1387.09,1398.83,0.839
RELIANCE.NS,2025-09-17,1390.98,1407.29,1.159
RELIANCE.NS,2025-09-18,1388.15,1408.49,1.444
RELIANCE.NS,2025-09-19,1386.81,1400.92,1.007
RELIANCE.NS,2025-09-22,1383.42,1384.2,0.056
RELIANCE.NS,2025-09-23,1378.92,1383.4,0.324
RELIANCE.NS,2025-09-24,1380.53,1376.64,0.283
RELIANCE.NS,2025-09-25,1375.67,1366.08,0.702
RELIANCE.NS,2025-09-26,1372.63,1371.26,0.1
RELIANCE.NS,2025-09-29,1366.76,1366.48,0.02
RELIANCE.NS,2025-09-30,1362.44,1357.72,0.347
RELIANCE.NS,2025-10-01,1364.78,1362.4,0.175
RELIANCE.NS,2025-10-03,1360.02,1357.13,0.213
RELIANCE.NS,2025-10-06,1362.58,1368.67,0.445
RELIANCE.NS,2025-10-07,1361.88,1378.43,1.2
RELIANCE.NS,2025-10-08,1368.12,1361.11,0.515
RELIANCE.NS,2025-10-09,1368.66,1371.46,0.204
RELIANCE.NS,2025-10-10,1371.69,1375.34,0.265
RELIANCE.NS,2025-10-13,1386.75,1368.67,1.321
RELIANCE.NS,2025-10-14,1389.86,1369.57,1.482
RELIANCE.NS,2025-10-15,1399.61,1367.98,2.313
RELIANCE.NS,2025-10-16,1403.28,1391.86,0.82
RELIANCE.NS,2025-10-17,1408.99,1410.28,0.091
RELIANCE.NS,2025-10-20,1429.07,1460.05,2.122
RELIANCE.NS,2025-10-21,1432.78,1458.46,1.761
RELIANCE.NS,2025-10-23,1445.81,1441.73,0.283
RELIANCE.NS,2025-10-24,1450.59,1444.92,0.392
RELIANCE.NS,2025-10-27,1465.54,1477.27,0.794
RELIANCE.NS,2025-10-28,1466.97,1480.06,0.884
RELIANCE.NS,2025-10-29,1474.34,1497.28,1.532
RELIANCE.NS,2025-10-30,1475.02,1481.65,0.447
RELIANCE.NS,2025-10-31,1477.26,1479.56,0.155
RELIANCE.NS,2025-11-03,1485.2,1477.87,0.496
RELIANCE.NS,2025-11-04,1484.71,1466.32,1.254
RELIANCE.NS,2025-11-06,1489.79,1489.21,0.039
RELIANCE.NS,2025-11-07,1491.04,1471.2,1.349
RELIANCE.NS,2025-11-10,1497.99,1482.45,1.049
RELIANCE.NS,2025-11-11,1497.78,1486.53,0.757
RELIANCE.NS,2025-11-12,1504.02,1504.54,0.035
RELIANCE.NS,2025-11-13,1504.1,1503.95,0.01
RELIANCE.NS,2025-11-14,1506.22,1511.91,0.376
RELIANCE.NS,2025-11-17,1516.08,1511.31,0.315
RELIANCE.NS,2025-11-18,1516.73,1512.41,0.286
RELIANCE.NS,2025-11-19,1523.7,1511.91,0.78
RELIANCE.NS,2025-11-20,1524.31,1541.97,1.145
RELIANCE.NS,2025-11-21,1526.72,1539.48,0.829
RELIANCE.NS,2025-11-24,1535.77,1528.83,0.454
RELIANCE.NS,2025-11-25,1535.55,1532.61,0.192
RELIANCE.NS,2025-11-26,1541.35,1562.67,1.365
RELIANCE.NS,2025-11-27,1540.54,1556.2,1.007
RELIANCE.NS,2025-11-28,1541.28,1560.29,1.218
RELIANCE.NS,2025-12-01,1544.4,1558.89,0.93
RELIANCE.NS,2025-12-02,1542.09,1539.18,0.189
RELIANCE.NS,2025-12-03,1545.84,1531.72,0.922
RELIANCE.NS,2025-12-04,1543.07,1528.53,0.951
RELIANCE.NS,2025-12-05,1542.03,1533.51,0.556
RELIANCE.NS,2025-12-08,1541.34,1535.9,0.354
RELIANCE.NS,2025-12-09,1538.4,1522.36,1.054
RELIANCE.NS,2025-12-10,1541.89,1529.83,0.789
RELIANCE.NS,2025-12-11,1539.24,1537.89,0.088
RELIANCE.NS,2025-12-12,1538.67,1549.34,0.688
RELIANCE.NS,2025-12-15,1541.31,1549.04,0.499
RELIANCE.NS,2025-12-16,1539.95,1535.2,0.309
RELIANCE.NS,2025-12-17,1545.16,1537.29,0.512
RELIANCE.NS,2025-12-18,1544.27,1537.29,0.454
RELIANCE.NS,2025-12-19,1545.45,1557.9,0.799
RELIANCE.NS,2025-12-22,1552.25,1568.15,1.014
RELIANCE.NS,2025-12-23,1551.65,1563.47,0.756
RELIANCE.NS,2025-12-24,1557.16,1551.03,0.395
RELIANCE.NS,2025-12-26,1556.45,1552.02,0.285
RELIANCE.NS,2025-12-29,1557.21,1538.49,1.217
RELIANCE.NS,2025-12-30,1553.34,1532.71,1.346
RELIANCE.NS,2025-12-31,1554.99,1563.17,0.523
RELIANCE.NS,2026-01-01,1549.49,1568.35,1.202
RELIANCE.NS,2026-01-02,1545.02,1584.97,2.521
RELIANCE.NS,2026-01-05,1529.26,1570.84,2.647
RELIANCE.NS,2026-01-06,1519.6,1500.66,1.262
RELIANCE.NS,2026-01-07,1515.55,1497.28,1.22
RELIANCE.NS,2026-01-08,1504.54,1463.83,2.781
RELIANCE.NS,2026-01-09,1494.89,1468.51,1.796
RELIANCE.NS,2026-01-12,1466.82,1476.37,0.647
RELIANCE.NS,2026-01-13,1454.51,1446.11,0.581
RELIANCE.NS,2026-01-14,1448.67,1452.09,0.235
RELIANCE.NS,2026-01-15,1436.82,1452.09,1.051
RELIANCE.NS,2026-01-16,1427.29,1451.19,1.647
RELIANCE.NS,2026-01-19,1405.55,1407.09,0.11
RELIANCE.NS,2026-01-20,1397.25,1387.58,0.697
RELIANCE.NS,2026-01-21,1396.26,1398.14,0.134
RELIANCE.NS,2026-01-22,1390.01,1396.05,0.432
RELIANCE.NS,2026-01-23,1386.74,1379.72,0.509
RELIANCE.NS,2026-01-27,1385.38,1374.15,0.817
RELIANCE.NS,2026-01-28,1391.71,1390.27,0.103
RELIANCE.NS,2026-01-29,1392.54,1384.6,0.574
RELIANCE.NS,2026-01-30,1395.93,1388.98,0.501
RELIANCE.NS,2026-02-02,1411.67,1384.0,1.999
RELIANCE.NS,2026-02-03,1414.55,1430.49,1.114
RELIANCE.NS,2026-02-04,1423.69,1450.1,1.821
RELIANCE.NS,2026-02-05,1426.31,1436.76,0.727
RELIANCE.NS,2026-02-06,1430.47,1444.12,0.945
RELIANCE.NS,2026-02-09,1442.44,1454.87,0.855
RELIANCE.NS,2026-02-10,1442.22,1451.79,0.659
RELIANCE.NS,2026-02-11,1447.47,1461.94,0.99
RELIANCE.NS,2026-02-12,1445.54,1442.23,0.229
RELIANCE.NS,2026-02-13,1444.61,1413.07,2.232
RELIANCE.NS,2026-02-16,1439.51,1430.49,0.631
RELIANCE.NS,2026-02-17,1433.53,1416.45,1.206
RELIANCE.NS,2026-02-18,1433.24,1434.67,0.099
RELIANCE.NS,2026-02-19,1426.12,1403.01,1.647
RELIANCE.NS,2026-02-20,1420.49,1412.87,0.54
RELIANCE.NS,2026-02-23,1405.37,1421.43,1.13
RELIANCE.NS,2026-02-24,1397.65,1422.22,1.728
RELIANCE.NS,2026-02-25,1396.51,1392.06,0.319
RELIANCE.NS,2026-02-26,1389.42,1400.33,0.779
RELIANCE.NS,2026-02-27,1384.71,1387.48,0.2
RELIANCE.NS,2026-03-02,1377.04,1351.75,1.871
RELIANCE.NS,2026-03-04,1376.2,1338.81,2.793
RELIANCE.NS,2026-03-05,1373.69,1383.01,0.674
RELIANCE.NS,2026-03-06,1373.75,1398.33,1.758
RELIANCE.NS,2026-03-09,1380.12,1417.45,2.633
RELIANCE.NS,2026-03-10,1380.31,1402.32,1.569
RELIANCE.NS,2026-03-11,1387.05,1383.8,0.235
RELIANCE.NS,2026-03-12,1387.58,1385.79,0.129
RELIANCE.NS,2026-03-13,1389.98,1374.35,1.138
RELIANCE.NS,2026-03-16,1398.64,1388.68,0.717
RELIANCE.NS,2026-03-17,1397.92,1391.17,0.485
RELIANCE.NS,2026-03-18,1402.92,1401.62,0.093
RELIANCE.NS,2026-03-19,1400.94,1378.43,1.633
RELIANCE.NS,2026-03-20,1400.12,1407.89,0.552
RELIANCE.NS,2026-03-23,1395.8,1401.32,0.394
RELIANCE.NS,2026-03-24,1390.04,1405.3,1.086
RELIANCE.NS,2026-03-25,1389.88,1406.6,1.188
RELIANCE.NS,2026-03-27,1376.92,1341.9,2.61
RELIANCE.NS,2026-03-30,1359.94,1337.71,1.661
RELIANCE.NS,2026-04-01,1348.69,1362.9,1.043
RELIANCE.NS,2026-04-02,1340.11,1344.28,0.311
RELIANCE.NS,2026-04-06,1320.6,1298.7,1.687
RELIANCE.NS,2026-04-07,1314.87,1298.6,1.253
RELIANCE.NS,2026-04-08,1316.31,1341.6,1.885
RELIANCE.NS,2026-04-09,1312.35,1323.88,0.871
RELIANCE.NS,2026-04-10,1311.22,1343.99,2.438
RELIANCE.NS,2026-04-13,1316.43,1309.05,0.564
RELIANCE.NS,2026-04-15,1325.19,1337.91,0.951
RELIANCE.NS,2026-04-16,1327.57,1337.12,0.714
RELIANCE.NS,2026-04-17,1332.48,1358.72,1.931
RELIANCE.NS,2026-04-20,1352.76,1357.03,0.314
RELIANCE.NS,2026-04-21,1357.23,1347.07,0.754
RELIANCE.NS,2026-04-22,1368.04,1355.83,0.9
RELIANCE.NS,2026-04-23,1372.41,1337.22,2.632
RELIANCE.NS,2026-04-24,1378.44,1321.69,4.294
RELIANCE.NS,2026-04-27,1396.74,1359.51,2.738
RELIANCE.NS,2026-04-28,1398.89,1382.51,1.185
RELIANCE.NS,2026-04-29,1406.63,1418.84,0.861
RELIANCE.NS,2026-04-30,1407.28,1424.22,1.189
RELIANCE.NS,2026-05-01,1409.01,1424.22,1.068
RELIANCE.NS,2026-05-04,1412.08,1456.37,3.041
RELIANCE.NS,2026-05-05,1408.73,1456.86,3.304
RELIANCE.NS,2026-05-06,1410.95,1431.28,1.421
RELIANCE.NS,2026-05-07,1406.17,1429.59,1.638
RELIANCE.NS,2026-05-08,1402.65,1428.59,1.816
RELIANCE.NS,2026-05-11,1391.88,1381.81,0.729
RELIANCE.NS,2026-05-12,1384.78,1357.72,1.993
RELIANCE.NS,2026-05-13,1383.76,1352.55,2.308
RELIANCE.NS,2026-05-14,1376.26,1355.53,1.529
RELIANCE.NS,2026-05-15,1370.56,1330.25,3.03
RELIANCE.NS,2026-05-18,1356.4,1329.75,2.004
RELIANCE.NS,2026-05-19,1349.13,1316.61,2.47
RELIANCE.NS,2026-05-20,1348.35,1353.44,0.376
RELIANCE.NS,2026-05-21,1341.46,1343.39,0.144
RELIANCE.NS,2026-05-22,1336.67,1348.27,0.86
RELIANCE.NS,2026-05-25,1326.57,1360.71,2.509
RELIANCE.NS,2026-05-26,1320.9,1350.06,2.16
RELIANCE.NS,2026-05-27,1321.78,1344.28,1.674
RELIANCE.NS,2026-05-28,1316.56,1344.28,2.062
RELIANCE.NS,2026-05-29,1313.42,1315.12,0.129
RELIANCE.NS,2026-06-01,1307.92,1313.92,0.457
RELIANCE.NS,2026-06-02,1303.66,1308.55,0.374
RELIANCE.NS,2026-06-03,1305.86,1307.16,0.099
RELIANCE.NS,2026-06-04,1301.91,1297.7,0.324
RELIANCE.NS,2026-06-05,1300.0,1291.0,0.697
RELIANCE.NS,2026-06-08,1298.12,1263.3,2.756
RELIANCE.NS,2026-06-09,1295.11,1269.2,2.041
RELIANCE.NS,2026-06-10,1298.61,1258.8,3.163
RELIANCE.NS,2026-06-11,1296.03,1263.0,2.615
RELIANCE.NS,2026-06-12,1295.55,1293.0,0.197
RELIANCE.NS,2026-06-15,1298.37,1307.0,0.66
RELIANCE.NS,2026-06-16,1297.01,1328.8,2.392
RELIANCE.NS,2026-06-17,1302.17,1332.7,2.291
RELIANCE.NS,2026-06-18,1301.21,1328.1,2.025
RELIANCE.NS,2026-06-19,1302.28,1309.5,0.551
RELIANCE.NS,2026-06-22,1308.87,1326.5,1.329
RELIANCE.NS,2026-06-23,1308.3,1309.5,0.092
RELIANCE.NS,2026-06-24,1313.93,1313.6,0.025
RELIANCE.NS,2026-06-25,1313.08,1318.1,0.381
RELIANCE.NS,2026-06-26,1313.88,1318.1,0.32
RELIANCE.NS,2026-06-29,1316.9,1301.0,1.222
RELIANCE.NS,2026-06-30,1314.18,1293.9,1.567
RELIANCE.NS,2026-07-01,1317.2,1308.0,0.703
RELIANCE.NS,2026-07-02,1313.27,1303.5,0.75
RELIANCE.NS,2026-07-03,1310.56,1304.0,0.503
RELIANCE.NS,2026-07-06,1300.98,1321.3,1.538
RELIANCE.NS,2026-07-07,1293.59,1308.4,1.132
RELIANCE.NS,2026-07-08,1291.82,1275.9,1.248
RELIANCE.NS,2026-07-09,1283.08,1279.8,0.256
RELIANCE.NS,2026-07-10,1275.62,1307.8,2.461
RELIANCE.NS,2026-07-13,1253.17,1296.9,3.372
RELIANCE.NS,2026-07-14,1242.22,1293.0,3.927
RELIANCE.NS,2026-07-15,1237.41,1295.5,4.484
RELIANCE.NS,2026-07-16,1226.2,1296.6,5.43
RELIANCE.NS,2026-07-17,1216.91,1327.2,8.31
RELIANCE.NS,2026-07-20,1193.06,1323.1,9.828
RELIANCE.NS,2026-07-21,1183.07,1303.7,9.253
RELIANCE.NS,2026-07-22,1179.89,1288.6,8.436
RELIANCE.NS,2026-07-23,1170.99,1272.2,7.956
RELIANCE.NS,2026-07-24,1164.6,1278.0,8.873
SBILIFE.NS,2025-07-24,1803.67,1791.11,0.701
SBILIFE.NS,2025-07-25,1805.54,1829.56,1.313
SBILIFE.NS,2025-07-28,1817.61,1847.93,1.641
SBILIFE.NS,2025-07-29,1820.59,1830.85,0.561
SBILIFE.NS,2025-07-30,1826.42,1836.55,0.551
SBILIFE.NS,2025-07-31,1824.87,1838.14,0.722
SBILIFE.NS,2025-08-01,1828.9,1793.71,1.962
SBILIFE.NS,2025-08-04,1844.31,1828.96,0.839
SBILIFE.NS,2025-08-05,1847.27,1854.42,0.386
SBILIFE.NS,2025-08-06,1852.5,1851.73,0.042
SBILIFE.NS,2025-08-07,1849.77,1858.52,0.471
SBILIFE.NS,2025-08-08,1852.08,1831.05,1.148
SBILIFE.NS,2025-08-11,1859.57,1848.43,0.603
SBILIFE.NS,2025-08-12,1859.17,1835.45,1.292
SBILIFE.NS,2025-08-13,1860.81,1837.75,1.255
SBILIFE.NS,2025-08-14,1854.34,1838.04,0.887
SBILIFE.NS,2025-08-18,1849.42,1860.41,0.591
SBILIFE.NS,2025-08-19,1845.8,1851.53,0.309
SBILIFE.NS,2025-08-20,1844.56,1855.92,0.612
SBILIFE.NS,2025-08-21,1835.61,1874.69,2.085
SBILIFE.NS,2025-08-22,1832.07,1856.42,1.312
SBILIFE.NS,2025-08-25,1825.45,1844.24,1.019
SBILIFE.NS,2025-08-26,1821.8,1814.08,0.426
SBILIFE.NS,2025-08-28,1812.99,1814.28,0.071
SBILIFE.NS,2025-08-29,1810.82,1802.99,0.434
SBILIFE.NS,2025-09-01,1810.36,1807.29,0.17
SBILIFE.NS,2025-09-02,1809.24,1811.98,0.151
SBILIFE.NS,2025-09-03,1811.11,1808.19,0.162
SBILIFE.NS,2025-09-04,1805.79,1788.61,0.96
SBILIFE.NS,2025-09-05,1806.29,1802.79,0.194
SBILIFE.NS,2025-09-08,1812.97,1778.43,1.942
SBILIFE.NS,2025-09-09,1813.73,1803.19,0.584
SBILIFE.NS,2025-09-10,1817.13,1831.15,0.766
SBILIFE.NS,2025-09-11,1812.98,1811.68,0.072
SBILIFE.NS,2025-09-12,1814.24,1827.66,0.734
SBILIFE.NS,2025-09-15,1820.7,1819.67,0.057
SBILIFE.NS,2025-09-16,1820.57,1816.28,0.236
SBILIFE.NS,2025-09-17,1822.73,1801.5,1.179
SBILIFE.NS,2025-09-18,1817.0,1819.27,0.125
SBILIFE.NS,2025-09-19,1816.41,1839.14,1.236
SBILIFE.NS,2025-09-22,1816.26,1855.12,2.095
SBILIFE.NS,2025-09-23,1813.8,1816.87,0.169
SBILIFE.NS,2025-09-24,1813.69,1814.58,0.049
SBILIFE.NS,2025-09-25,1805.81,1807.29,0.082
SBILIFE.NS,2025-09-26,1803.27,1796.3,0.388
SBILIFE.NS,2025-09-29,1799.1,1786.22,0.721
SBILIFE.NS,2025-09-30,1796.1,1788.11,0.447
SBILIFE.NS,2025-10-01,1795.89,1798.6,0.151
SBILIFE.NS,2025-10-03,1786.79,1782.62,0.234
SBILIFE.NS,2025-10-06,1788.41,1768.44,1.129
SBILIFE.NS,2025-10-07,1788.3,1781.62,0.375
SBILIFE.NS,2025-10-08,1791.43,1770.44,1.186
SBILIFE.NS,2025-10-09,1787.67,1807.29,1.085
SBILIFE.NS,2025-10-10,1790.1,1807.89,0.984
SBILIFE.NS,2025-10-13,1805.28,1812.78,0.414
SBILIFE.NS,2025-10-14,1809.94,1813.68,0.206
SBILIFE.NS,2025-10-15,1817.82,1838.04,1.1
SBILIFE.NS,2025-10-16,1818.75,1833.15,0.786
SBILIFE.NS,2025-10-17,1825.72,1841.54,0.859
SBILIFE.NS,2025-10-20,1853.02,1837.15,0.864
SBILIFE.NS,2025-10-21,1861.02,1838.44,1.228
SBILIFE.NS,2025-10-23,1875.2,1850.13,1.355
SBILIFE.NS,2025-10-24,1884.14,1837.25,2.552
SBILIFE.NS,2025-10-27,1914.28,1900.46,0.727
SBILIFE.NS,2025-10-28,1922.2,1934.11,0.616
SBILIFE.NS,2025-10-29,1932.44,1967.66,1.79
SBILIFE.NS,2025-10-30,1934.79,1965.67,1.571
SBILIFE.NS,2025-10-31,1942.26,1952.99,0.549
SBILIFE.NS,2025-11-03,1965.75,1966.87,0.057
SBILIFE.NS,2025-11-04,1970.86,1968.76,0.107
SBILIFE.NS,2025-11-06,1977.24,1968.06,0.466
SBILIFE.NS,2025-11-07,1981.41,1996.13,0.737
SBILIFE.NS,2025-11-10,1994.81,1986.54,0.416
SBILIFE.NS,2025-11-11,1996.64,1994.53,0.106
SBILIFE.NS,2025-11-12,2000.69,1993.93,0.339
SBILIFE.NS,2025-11-13,1996.82,1985.14,0.588
SBILIFE.NS,2025-11-14,1998.13,1998.12,0.0
SBILIFE.NS,2025-11-17,2004.17,1993.23,0.549
SBILIFE.NS,2025-11-18,2003.99,1990.53,0.676
SBILIFE.NS,2025-11-19,2006.25,2002.02,0.211
SBILIFE.NS,2025-11-20,2000.84,2024.29,1.158
SBILIFE.NS,2025-11-21,2000.82,2019.69,0.934
SBILIFE.NS,2025-11-24,2004.12,2012.0,0.392
SBILIFE.NS,2025-11-25,2003.39,2028.18,1.222
SBILIFE.NS,2025-11-26,2005.27,2026.28,1.037
SBILIFE.NS,2025-11-27,1999.6,2001.72,0.106
SBILIFE.NS,2025-11-28,1999.45,1963.27,1.843
SBILIFE.NS,2025-12-01,2002.94,1968.86,1.731
SBILIFE.NS,2025-12-02,2002.42,1978.75,1.196
SBILIFE.NS,2025-12-03,2004.56,1970.06,1.751
SBILIFE.NS,2025-12-04,1999.2,2000.12,0.046
SBILIFE.NS,2025-12-05,1999.4,2020.89,1.063
SBILIFE.NS,2025-12-08,2004.14,2017.89,0.682
SBILIFE.NS,2025-12-09,2004.11,2003.41,0.035
SBILIFE.NS,2025-12-10,2006.77,2011.7,0.245
SBILIFE.NS,2025-12-11,2001.97,2004.11,0.107
SBILIFE.NS,2025-12-12,2002.78,2023.09,1.004
SBILIFE.NS,2025-12-15,2009.66,2032.08,1.103
SBILIFE.NS,2025-12-16,2010.45,2033.17,1.118
SBILIFE.NS,2025-12-17,2013.99,2007.41,0.328
SBILIFE.NS,2025-12-18,2010.14,2011.6,0.073
SBILIFE.NS,2025-12-19,2011.94,2025.58,0.674
SBILIFE.NS,2025-12-22,2022.05,2019.49,0.127
SBILIFE.NS,2025-12-23,2023.96,2021.99,0.097
SBILIFE.NS,2025-12-24,2028.62,2022.59,0.298
SBILIFE.NS,2025-12-26,2028.72,2016.3,0.616
SBILIFE.NS,2025-12-29,2041.5,2007.01,1.718
SBILIFE.NS,2025-12-30,2044.06,1992.73,2.576
SBILIFE.NS,2025-12-31,2049.21,2032.08,0.843
SBILIFE.NS,2026-01-01,2046.75,2037.57,0.451
SBILIFE.NS,2026-01-02,2049.7,2064.53,0.718
SBILIFE.NS,2026-01-05,2061.3,2072.72,0.551
SBILIFE.NS,2026-01-06,2062.96,2092.89,1.43
SBILIFE.NS,2026-01-07,2066.92,2067.93,0.049
SBILIFE.NS,2026-01-08,2063.0,2080.01,0.818
SBILIFE.NS,2026-01-09,2064.23,2067.13,0.14
SBILIFE.NS,2026-01-12,2069.22,2095.09,1.235
SBILIFE.NS,2026-01-13,2068.26,2079.51,0.541
SBILIFE.NS,2026-01-14,2069.46,2065.93,0.171
SBILIFE.NS,2026-01-15,2062.67,2065.93,0.158
SBILIFE.NS,2026-01-16,2060.94,2078.11,0.826
SBILIFE.NS,2026-01-19,2057.14,2070.82,0.661
SBILIFE.NS,2026-01-20,2053.44,2046.26,0.351
SBILIFE.NS,2026-01-21,2052.08,2052.55,0.023
SBILIFE.NS,2026-01-22,2042.96,2019.19,1.177
SBILIFE.NS,2026-01-23,2039.19,1999.82,1.969
SBILIFE.NS,2026-01-27,2027.2,2035.37,0.401
SBILIFE.NS,2026-01-28,2025.79,2050.35,1.198
SBILIFE.NS,2026-01-29,2017.1,1993.53,1.182
SBILIFE.NS,2026-01-30,2014.24,1995.73,0.928
SBILIFE.NS,2026-02-02,2011.92,1998.22,0.686
SBILIFE.NS,2026-02-03,2010.38,1999.32,0.553
SBILIFE.NS,2026-02-04,2011.98,2038.87,1.319
SBILIFE.NS,2026-02-05,2006.6,2015.0,0.417
SBILIFE.NS,2026-02-06,2007.29,1993.93,0.67
SBILIFE.NS,2026-02-09,2016.3,2021.19,0.242
SBILIFE.NS,2026-02-10,2018.5,2015.5,0.149
SBILIFE.NS,2026-02-11,2023.7,2023.49,0.011
SBILIFE.NS,2026-02-12,2021.66,2019.29,0.117
SBILIFE.NS,2026-02-13,2025.35,2031.38,0.297
SBILIFE.NS,2026-02-16,2040.65,2039.56,0.053
SBILIFE.NS,2026-02-17,2043.79,2036.67,0.35
SBILIFE.NS,2026-02-18,2049.26,2056.74,0.364
SBILIFE.NS,2026-02-19,2046.79,2040.16,0.325
SBILIFE.NS,2026-02-20,2049.32,2077.11,1.338
SBILIFE.NS,2026-02-23,2056.66,2106.67,2.374
SBILIFE.NS,2026-02-24,2055.72,2080.01,1.168
SBILIFE.NS,2026-02-25,2056.45,2070.72,0.689
SBILIFE.NS,2026-02-26,2048.66,2079.91,1.502
SBILIFE.NS,2026-02-27,2045.35,2034.37,0.54
SBILIFE.NS,2026-03-02,2032.99,2029.38,0.178
SBILIFE.NS,2026-03-04,2018.92,1927.92,4.72
SBILIFE.NS,2026-03-05,2004.32,1942.3,3.193
SBILIFE.NS,2026-03-06,1994.47,1941.6,2.723
SBILIFE.NS,2026-03-09,1965.18,1912.5,2.755
SBILIFE.NS,2026-03-10,1952.93,1963.7,0.548
SBILIFE.NS,2026-03-11,1943.15,1938.6,0.235
SBILIFE.NS,2026-03-12,1925.85,1939.4,0.699
SBILIFE.NS,2026-03-13,1914.22,1904.4,0.516
SBILIFE.NS,2026-03-16,1885.54,1909.2,1.239
SBILIFE.NS,2026-03-17,1875.5,1932.1,2.929
SBILIFE.NS,2026-03-18,1868.91,1962.5,4.769
SBILIFE.NS,2026-03-19,1855.71,1903.1,2.49
SBILIFE.NS,2026-03-20,1849.04,1896.9,2.523
SBILIFE.NS,2026-03-23,1839.45,1832.3,0.39
SBILIFE.NS,2026-03-24,1836.81,1836.0,0.044
SBILIFE.NS,2026-03-25,1837.91,1851.8,0.75
SBILIFE.NS,2026-03-27,1833.78,1837.6,0.208
SBILIFE.NS,2026-03-30,1846.57,1777.3,3.897
SBILIFE.NS,2026-04-01,1857.56,1790.5,3.745
SBILIFE.NS,2026-04-02,1857.43,1774.0,4.703
SBILIFE.NS,2026-04-06,1883.42,1836.8,2.538
SBILIFE.NS,2026-04-07,1887.96,1841.4,2.529
SBILIFE.NS,2026-04-08,1894.64,1907.6,0.679
SBILIFE.NS,2026-04-09,1893.2,1904.0,0.567
SBILIFE.NS,2026-04-10,1896.59,1923.2,1.384
SBILIFE.NS,2026-04-13,1905.88,1914.4,0.445
SBILIFE.NS,2026-04-15,1906.94,1971.0,3.25
SBILIFE.NS,2026-04-16,1899.98,1974.7,3.784
SBILIFE.NS,2026-04-17,1897.73,1970.9,3.713
SBILIFE.NS,2026-04-20,1890.71,1982.5,4.63
SBILIFE.NS,2026-04-21,1885.56,1911.6,1.362
SBILIFE.NS,2026-04-22,1882.68,1884.8,0.112
SBILIFE.NS,2026-04-23,1872.03,1828.1,2.403
SBILIFE.NS,2026-04-24,1866.78,1768.9,5.533
SBILIFE.NS,2026-04-27,1855.4,1815.4,2.203
SBILIFE.NS,2026-04-28,1850.43,1808.3,2.33
SBILIFE.NS,2026-04-29,1848.53,1816.2,1.78
SBILIFE.NS,2026-04-30,1839.63,1819.0,1.134
SBILIFE.NS,2026-05-01,1836.85,1819.0,0.981
SBILIFE.NS,2026-05-04,1836.33,1820.1,0.892
SBILIFE.NS,2026-05-05,1835.82,1821.2,0.803
SBILIFE.NS,2026-05-06,1838.58,1859.0,1.098
SBILIFE.NS,2026-05-07,1834.44,1872.2,2.017
SBILIFE.NS,2026-05-08,1836.38,1872.1,1.908
SBILIFE.NS,2026-05-11,1848.57,1884.4,1.901
SBILIFE.NS,2026-05-12,1851.41,1833.9,0.955
SBILIFE.NS,2026-05-13,1856.94,1837.5,1.058
SBILIFE.NS,2026-05-14,1854.88,1866.7,0.633
SBILIFE.NS,2026-05-15,1858.16,1864.5,0.34
SBILIFE.NS,2026-05-18,1869.58,1860.4,0.493
SBILIFE.NS,2026-05-19,1870.56,1881.4,0.576
SBILIFE.NS,2026-05-20,1873.45,1864.2,0.496
SBILIFE.NS,2026-05-21,1868.05,1859.9,0.438
SBILIFE.NS,2026-05-22,1867.35,1870.7,0.179
SBILIFE.NS,2026-05-25,1863.94,1901.9,1.996
SBILIFE.NS,2026-05-26,1859.38,1883.2,1.265
SBILIFE.NS,2026-05-27,1856.65,1864.5,0.421
SBILIFE.NS,2026-05-28,1845.65,1864.5,1.011
SBILIFE.NS,2026-05-29,1839.53,1830.1,0.515
SBILIFE.NS,2026-06-01,1822.07,1812.5,0.528
SBILIFE.NS,2026-06-02,1813.93,1801.7,0.679
SBILIFE.NS,2026-06-03,1808.31,1784.2,1.351
SBILIFE.NS,2026-06-04,1795.2,1764.9,1.717
SBILIFE.NS,2026-06-05,1787.77,1782.8,0.279
SBILIFE.NS,2026-06-08,1771.49,1764.4,0.402
SBILIFE.NS,2026-06-09,1765.41,1769.1,0.209
SBILIFE.NS,2026-06-10,1762.62,1728.7,1.962
SBILIFE.NS,2026-06-11,1753.06,1719.1,1.975
SBILIFE.NS,2026-06-12,1749.8,1706.0,2.567
SBILIFE.NS,2026-06-15,1748.81,1759.5,0.608
SBILIFE.NS,2026-06-16,1748.38,1767.6,1.087
SBILIFE.NS,2026-06-17,1751.32,1793.6,2.357
SBILIFE.NS,2026-06-18,1747.43,1807.6,3.329
SBILIFE.NS,2026-06-19,1749.68,1800.2,2.806
SBILIFE.NS,2026-06-22,1763.11,1805.5,2.348
SBILIFE.NS,2026-06-23,1766.46,1786.2,1.105
SBILIFE.NS,2026-06-24,1772.55,1767.7,0.274
SBILIFE.NS,2026-06-25,1771.12,1744.9,1.503
SBILIFE.NS,2026-06-26,1775.11,1744.9,1.731
SBILIFE.NS,2026-06-29,1789.34,1755.4,1.933
SBILIFE.NS,2026-06-30,1791.56,1765.7,1.465
SBILIFE.NS,2026-07-01,1795.88,1790.9,0.278
SBILIFE.NS,2026-07-02,1792.12,1784.4,0.433
SBILIFE.NS,2026-07-03,1793.3,1788.7,0.257
SBILIFE.NS,2026-07-06,1797.15,1787.7,0.529
SBILIFE.NS,2026-07-07,1795.59,1832.3,2.003
SBILIFE.NS,2026-07-08,1796.17,1789.0,0.401
SBILIFE.NS,2026-07-09,1788.79,1821.7,1.807
SBILIFE.NS,2026-07-10,1786.57,1862.9,4.097
SBILIFE.NS,2026-07-13,1782.44,1855.9,3.958
SBILIFE.NS,2026-07-14,1779.19,1840.3,3.321
SBILIFE.NS,2026-07-15,1778.65,1866.4,4.702
SBILIFE.NS,2026-07-16,1770.74,1822.1,2.819
SBILIFE.NS,2026-07-17,1768.6,1829.4,3.323
SBILIFE.NS,2026-07-20,1768.2,1824.5,3.086
SBILIFE.NS,2026-07-21,1767.25,1827.9,3.318
SBILIFE.NS,2026-07-22,1769.42,1806.7,2.063
SBILIFE.NS,2026-07-23,1764.59,1853.5,4.797
SBIN.NS,2025-07-24,793.44,801.26,0.976
SBIN.NS,2025-07-25,790.69,792.27,0.199
SBIN.NS,2025-07-28,786.77,783.04,0.477
SBIN.NS,2025-07-29,788.07,785.05,0.385
SBIN.NS,2025-07-30,791.16,787.46,0.47
SBIN.NS,2025-07-31,789.51,782.45,0.903
SBIN.NS,2025-08-01,788.23,779.94,1.063
SBIN.NS,2025-08-04,789.12,781.61,0.961
SBIN.NS,2025-08-05,791.99,786.42,0.708
SBIN.NS,2025-08-06,796.58,790.89,0.719
SBIN.NS,2025-08-07,796.29,790.89,0.682
SBIN.NS,2025-08-08,796.2,790.06,0.777
SBIN.NS,2025-08-11,799.28,808.87,1.186
SBIN.NS,2025-08-12,802.34,806.07,0.463
SBIN.NS,2025-08-13,806.83,807.3,0.058
SBIN.NS,2025-08-14,806.16,811.92,0.709
SBIN.NS,2025-08-18,804.99,813.0,0.985
SBIN.NS,2025-08-19,806.52,815.7,1.125
SBIN.NS,2025-08-20,809.35,814.27,0.605
SBIN.NS,2025-08-21,806.95,811.08,0.509
SBIN.NS,2025-08-22,804.45,801.8,0.331
SBIN.NS,2025-08-25,799.3,801.99,0.336
SBIN.NS,2025-08-26,799.58,793.55,0.76
SBIN.NS,2025-08-28,798.29,787.75,1.338
SBIN.NS,2025-08-29,795.38,788.29,0.899
SBIN.NS,2025-09-01,791.1,791.78,0.086
SBIN.NS,2025-09-02,792.38,789.67,0.344
SBIN.NS,2025-09-03,795.54,797.77,0.28
SBIN.NS,2025-09-04,794.07,795.07,0.126
SBIN.NS,2025-09-05,793.1,792.32,0.099
SBIN.NS,2025-09-08,795.87,794.48,0.175
SBIN.NS,2025-09-09,799.74,794.53,0.656
SBIN.NS,2025-09-10,805.51,803.71,0.224
SBIN.NS,2025-09-11,806.61,809.07,0.304
SBIN.NS,2025-09-12,808.1,808.97,0.107
SBIN.NS,2025-09-15,817.08,810.15,0.856
SBIN.NS,2025-09-16,822.45,816.83,0.688
SBIN.NS,2025-09-17,829.4,841.97,1.493
SBIN.NS,2025-09-18,831.29,839.22,0.945
SBIN.NS,2025-09-19,833.2,847.08,1.639
SBIN.NS,2025-09-22,841.13,840.11,0.122
SBIN.NS,2025-09-23,845.44,855.19,1.14
SBIN.NS,2025-09-24,851.01,850.86,0.017
SBIN.NS,2025-09-25,851.27,845.9,0.635
SBIN.NS,2025-09-26,851.32,841.78,1.134
SBIN.NS,2025-09-29,852.95,855.33,0.279
SBIN.NS,2025-09-30,855.12,857.0,0.22
SBIN.NS,2025-10-01,858.64,848.8,1.159
SBIN.NS,2025-10-03,855.35,851.94,0.4
SBIN.NS,2025-10-06,853.53,858.57,0.588
SBIN.NS,2025-10-07,855.23,849.39,0.688
SBIN.NS,2025-10-08,858.63,843.05,1.848
SBIN.NS,2025-10-09,857.25,846.84,1.23
SBIN.NS,2025-10-10,856.23,865.06,1.02
SBIN.NS,2025-10-13,858.31,867.32,1.038
SBIN.NS,2025-10-14,861.87,861.42,0.052
SBIN.NS,2025-10-15,867.35,870.41,0.352
SBIN.NS,2025-10-16,868.19,871.25,0.351
SBIN.NS,2025-10-17,869.49,873.41,0.448
SBIN.NS,2025-10-20,878.55,891.43,1.445
SBIN.NS,2025-10-21,884.23,891.78,0.846
SBIN.NS,2025-10-23,894.2,895.41,0.135
SBIN.NS,2025-10-24,896.94,888.48,0.952
SBIN.NS,2025-10-27,908.4,906.41,0.219
SBIN.NS,2025-10-28,914.21,913.78,0.047
SBIN.NS,2025-10-29,921.41,923.11,0.184
SBIN.NS,2025-10-30,923.4,917.81,0.609
SBIN.NS,2025-10-31,925.28,920.41,0.529
SBIN.NS,2025-11-03,932.6,932.88,0.031
SBIN.NS,2025-11-04,936.64,940.64,0.426
SBIN.NS,2025-11-06,942.01,943.74,0.183
SBIN.NS,2025-11-07,941.92,938.93,0.319
SBIN.NS,2025-11-10,943.65,934.31,1.0
SBIN.NS,2025-11-11,946.07,936.42,1.03
SBIN.NS,2025-11-12,949.92,940.2,1.034
SBIN.NS,2025-11-13,948.7,937.11,1.237
SBIN.NS,2025-11-14,947.53,950.71,0.335
SBIN.NS,2025-11-17,947.27,956.12,0.925
SBIN.NS,2025-11-18,949.4,955.23,0.611
SBIN.NS,2025-11-19,953.12,965.35,1.267
SBIN.NS,2025-11-20,951.89,964.17,1.274
SBIN.NS,2025-11-21,950.83,955.38,0.476
SBIN.NS,2025-11-24,951.12,953.41,0.241
SBIN.NS,2025-11-25,953.41,966.18,1.322
SBIN.NS,2025-11-26,957.22,966.48,0.958
SBIN.NS,2025-11-27,956.0,955.62,0.039
SBIN.NS,2025-11-28,954.81,961.67,0.713
SBIN.NS,2025-12-01,953.92,955.87,0.204
SBIN.NS,2025-12-02,955.52,950.17,0.563
SBIN.NS,2025-12-03,958.52,934.21,2.602
SBIN.NS,2025-12-04,956.36,931.31,2.689
SBIN.NS,2025-12-05,954.16,954.3,0.015
SBIN.NS,2025-12-08,949.98,939.47,1.119
SBIN.NS,2025-12-09,950.53,942.36,0.867
SBIN.NS,2025-12-10,952.58,942.76,1.042
SBIN.NS,2025-12-11,949.6,946.19,0.36
SBIN.NS,2025-12-12,946.75,946.1,0.069
SBIN.NS,2025-12-15,942.03,950.12,0.852
SBIN.NS,2025-12-16,942.96,944.13,0.124
SBIN.NS,2025-12-17,945.68,958.57,1.345
SBIN.NS,2025-12-18,943.68,960.24,1.725
SBIN.NS,2025-12-19,942.11,962.94,2.163
SBIN.NS,2025-12-22,942.85,957.05,1.484
SBIN.NS,2025-12-23,946.03,954.69,0.907
SBIN.NS,2025-12-24,951.15,951.79,0.068
SBIN.NS,2025-12-26,952.62,949.19,0.361
SBIN.NS,2025-12-29,960.62,947.96,1.335
SBIN.NS,2025-12-30,965.91,956.21,1.014
SBIN.NS,2025-12-31,972.9,964.81,0.839
SBIN.NS,2026-01-01,974.97,967.31,0.791
SBIN.NS,2026-01-02,977.18,981.26,0.416
SBIN.NS,2026-01-05,986.64,987.75,0.112
SBIN.NS,2026-01-06,991.63,1000.86,0.922
SBIN.NS,2026-01-07,997.92,989.32,0.87
SBIN.NS,2026-01-08,998.94,980.33,1.898
SBIN.NS,2026-01-09,999.77,982.79,1.728
SBIN.NS,2026-01-12,1003.61,997.18,0.645
SBIN.NS,2026-01-13,1006.43,1010.24,0.377
SBIN.NS,2026-01-14,1010.54,1010.14,0.039
SBIN.NS,2026-01-15,1009.43,1010.14,0.07
SBIN.NS,2026-01-16,1008.25,1023.85,1.523
SBIN.NS,2026-01-19,1007.6,1020.01,1.217
SBIN.NS,2026-01-20,1009.66,1018.05,0.824
SBIN.NS,2026-01-21,1013.48,1010.44,0.301
SBIN.NS,2026-01-22,1012.56,1029.79,1.673
SBIN.NS,2026-01-23,1012.11,1011.27,0.083
SBIN.NS,2026-01-27,1021.86,1034.5,1.222
SBIN.NS,2026-01-28,1029.01,1044.67,1.499
SBIN.NS,2026-01-29,1031.85,1047.32,1.477
SBIN.NS,2026-01-30,1035.49,1058.08,2.135
SBIN.NS,2026-02-02,1053.84,1010.49,4.29
SBIN.NS,2026-02-03,1063.39,1045.36,1.725
SBIN.NS,2026-02-04,1075.03,1049.29,2.453
SBIN.NS,2026-02-05,1082.14,1054.49,2.622
SBIN.NS,2026-02-06,1089.73,1047.52,4.03
SBIN.NS,2026-02-09,1117.02,1125.71,0.772
SBIN.NS,2026-02-10,1128.3,1123.84,0.397
SBIN.NS,2026-02-11,1140.94,1161.96,1.809
SBIN.NS,2026-02-12,1148.26,1171.29,1.966
SBIN.NS,2026-02-13,1155.26,1177.38,1.879
SBIN.NS,2026-02-16,1175.78,1186.71,0.921
SBIN.NS,2026-02-17,1183.2,1191.92,0.731
SBIN.NS,2026-02-18,1191.23,1197.32,0.508
SBIN.NS,2026-02-19,1193.27,1184.35,0.753
SBIN.NS,2026-02-20,1194.37,1194.57,0.017
SBIN.NS,2026-02-23,1194.4,1206.06,0.967
SBIN.NS,2026-02-24,1194.39,1201.64,0.603
SBIN.NS,2026-02-25,1194.88,1178.85,1.36
SBIN.NS,2026-02-26,1189.35,1188.08,0.106
SBIN.NS,2026-02-27,1182.98,1180.42,0.217
SBIN.NS,2026-03-02,1162.19,1168.83,0.568
SBIN.NS,2026-03-04,1150.96,1153.7,0.238
SBIN.NS,2026-03-05,1140.44,1148.79,0.727
SBIN.NS,2026-03-06,1129.74,1122.76,0.621
SBIN.NS,2026-03-09,1100.08,1079.05,1.949
SBIN.NS,2026-03-10,1092.42,1092.51,0.008
SBIN.NS,2026-03-11,1086.5,1071.78,1.373
SBIN.NS,2026-03-12,1075.84,1065.99,0.924
SBIN.NS,2026-03-13,1065.62,1028.46,3.613
SBIN.NS,2026-03-16,1040.88,1047.81,0.662
SBIN.NS,2026-03-17,1035.83,1045.85,0.958
SBIN.NS,2026-03-18,1032.9,1050.86,1.709
SBIN.NS,2026-03-19,1025.57,1030.33,0.462
SBIN.NS,2026-03-20,1018.97,1039.27,1.953
SBIN.NS,2026-03-23,1006.14,1013.63,0.739
SBIN.NS,2026-03-24,1005.26,1012.55,0.72
SBIN.NS,2026-03-25,1006.54,1041.82,3.386
SBIN.NS,2026-03-27,1000.94,1001.45,0.051
SBIN.NS,2026-03-30,1000.06,962.06,3.95
SBIN.NS,2026-04-01,1007.82,999.78,0.804
SBIN.NS,2026-04-02,1008.15,1000.37,0.778
SBIN.NS,2026-04-06,1016.96,1014.46,0.246
SBIN.NS,2026-04-07,1022.39,1012.16,1.011
SBIN.NS,2026-04-08,1029.61,1042.66,1.251
SBIN.NS,2026-04-09,1032.04,1022.52,0.931
SBIN.NS,2026-04-10,1034.74,1047.81,1.248
SBIN.NS,2026-04-13,1046.55,1044.72,0.175
SBIN.NS,2026-04-15,1060.12,1052.53,0.721
SBIN.NS,2026-04-16,1062.44,1048.26,1.353
SBIN.NS,2026-04-17,1064.64,1061.12,0.331
SBIN.NS,2026-04-20,1072.42,1088.23,1.453
SBIN.NS,2026-04-21,1076.28,1092.16,1.454
SBIN.NS,2026-04-22,1081.15,1083.77,0.241
SBIN.NS,2026-04-23,1080.43,1074.88,0.517
SBIN.NS,2026-04-24,1079.19,1081.6,0.223
SBIN.NS,2026-04-27,1074.64,1092.16,1.604
SBIN.NS,2026-04-28,1073.86,1071.98,0.176
SBIN.NS,2026-04-29,1073.93,1067.66,0.588
SBIN.NS,2026-04-30,1068.3,1049.53,1.788
SBIN.NS,2026-05-01,1062.12,1049.53,1.199
SBIN.NS,2026-05-04,1043.33,1049.48,0.586
SBIN.NS,2026-05-05,1038.26,1041.13,0.276
SBIN.NS,2026-05-06,1034.38,1076.59,3.921
SBIN.NS,2026-05-07,1025.23,1072.67,4.422
SBIN.NS,2026-05-08,1016.02,1001.25,1.475
SBIN.NS,2026-05-11,991.61,956.36,3.686
SBIN.NS,2026-05-12,985.95,957.34,2.988
SBIN.NS,2026-05-13,982.17,952.92,3.069
SBIN.NS,2026-05-14,973.81,962.55,1.17
SBIN.NS,2026-05-15,966.06,963.2,0.297
SBIN.NS,2026-05-18,949.83,939.4,1.11
SBIN.NS,2026-05-19,948.02,948.8,0.082
SBIN.NS,2026-05-20,948.54,950.9,0.248
SBIN.NS,2026-05-21,944.86,950.9,0.635
SBIN.NS,2026-05-22,942.1,949.2,0.748
SBIN.NS,2026-05-25,941.79,969.6,2.868
SBIN.NS,2026-05-26,945.3,968.5,2.395
SBIN.NS,2026-05-27,951.01,967.8,1.735
SBIN.NS,2026-05-28,952.29,967.8,1.603
SBIN.NS,2026-05-29,954.2,964.4,1.058
SBIN.NS,2026-06-01,965.48,954.1,1.193
SBIN.NS,2026-06-02,971.9,956.65,1.594
SBIN.NS,2026-06-03,979.98,970.45,0.982
SBIN.NS,2026-06-04,983.09,979.25,0.392
SBIN.NS,2026-06-05,986.27,977.7,0.877
SBIN.NS,2026-06-08,998.26,981.95,1.661
SBIN.NS,2026-06-09,1003.98,1002.7,0.128
SBIN.NS,2026-06-10,1010.96,1003.25,0.769
SBIN.NS,2026-06-11,1012.65,1000.7,1.194
SBIN.NS,2026-06-12,1014.12,1017.15,0.298
SBIN.NS,2026-06-15,1019.95,1020.85,0.088
SBIN.NS,2026-06-16,1023.48,1015.3,0.806
SBIN.NS,2026-06-17,1028.3,1026.5,0.175
SBIN.NS,2026-06-18,1027.9,1042.7,1.419
SBIN.NS,2026-06-19,1027.43,1035.1,0.741
SBIN.NS,2026-06-22,1028.5,1040.75,1.177
SBIN.NS,2026-06-23,1030.87,1024.2,0.651
SBIN.NS,2026-06-24,1034.78,1034.6,0.017
SBIN.NS,2026-06-25,1033.69,1045.4,1.12
SBIN.NS,2026-06-26,1032.74,1045.4,1.211
SBIN.NS,2026-06-29,1033.45,1036.1,0.256
SBIN.NS,2026-06-30,1035.96,1026.9,0.882
SBIN.NS,2026-07-01,1040.07,1047.4,0.7
SBIN.NS,2026-07-02,1039.2,1051.6,1.179
SBIN.NS,2026-07-03,1038.47,1040.0,0.147
SBIN.NS,2026-07-06,1039.44,1037.7,0.168
SBIN.NS,2026-07-07,1041.81,1038.1,0.357
SBIN.NS,2026-07-08,1045.63,1016.9,2.825
SBIN.NS,2026-07-09,1044.33,1022.1,2.175
SBIN.NS,2026-07-10,1043.0,1036.0,0.676
SBIN.NS,2026-07-13,1041.31,1037.0,0.416
SBIN.NS,2026-07-14,1042.55,1015.4,2.674
SBIN.NS,2026-07-15,1045.17,1030.1,1.463
SBIN.NS,2026-07-16,1042.63,1031.2,1.108
SBIN.NS,2026-07-17,1040.05,1044.3,0.407
SBIN.NS,2026-07-20,1034.95,1060.0,2.363
SBIN.NS,2026-07-21,1035.29,1044.4,0.872
SBIN.NS,2026-07-22,1037.19,1025.0,1.189
SBIN.NS,2026-07-23,1034.12,1012.6,2.125
SBIN.NS,2026-07-24,1031.24,1015.0,1.6
SUNPHARMA.NS,2025-07-24,1673.41,1676.69,0.195
SUNPHARMA.NS,2025-07-25,1665.45,1683.62,1.079
SUNPHARMA.NS,2025-07-28,1661.97,1686.79,1.472
SUNPHARMA.NS,2025-07-29,1657.47,1695.02,2.215
SUNPHARMA.NS,2025-07-30,1659.08,1718.11,3.436
SUNPHARMA.NS,2025-07-31,1657.0,1691.25,2.025
SUNPHARMA.NS,2025-08-01,1647.97,1614.95,2.045
SUNPHARMA.NS,2025-08-04,1641.81,1626.74,0.926
SUNPHARMA.NS,2025-08-05,1636.6,1617.33,1.192
SUNPHARMA.NS,2025-08-06,1637.6,1580.76,3.596
SUNPHARMA.NS,2025-08-07,1634.99,1583.93,3.223
SUNPHARMA.NS,2025-08-08,1625.54,1572.54,3.371
SUNPHARMA.NS,2025-08-11,1618.76,1593.84,1.563
SUNPHARMA.NS,2025-08-12,1613.56,1607.52,0.376
SUNPHARMA.NS,2025-08-13,1614.69,1624.96,0.632
SUNPHARMA.NS,2025-08-14,1612.33,1626.54,0.874
SUNPHARMA.NS,2025-08-18,1598.31,1617.92,1.212
SUNPHARMA.NS,2025-08-19,1593.97,1611.88,1.111
SUNPHARMA.NS,2025-08-20,1596.05,1618.32,1.376
SUNPHARMA.NS,2025-08-21,1594.76,1625.35,1.882
SUNPHARMA.NS,2025-08-22,1586.85,1626.94,2.464
SUNPHARMA.NS,2025-08-25,1585.88,1641.71,3.4
SUNPHARMA.NS,2025-08-26,1582.97,1585.82,0.179
SUNPHARMA.NS,2025-08-28,1586.74,1571.35,0.98
SUNPHARMA.NS,2025-08-29,1580.32,1580.07,0.016
SUNPHARMA.NS,2025-09-01,1583.65,1549.15,2.227
SUNPHARMA.NS,2025-09-02,1582.06,1551.03,2.0
SUNPHARMA.NS,2025-09-03,1586.86,1564.41,1.435
SUNPHARMA.NS,2025-09-04,1588.2,1567.98,1.29
SUNPHARMA.NS,2025-09-05,1582.82,1579.18,0.231
SUNPHARMA.NS,2025-09-08,1588.54,1566.69,1.395
SUNPHARMA.NS,2025-09-09,1587.51,1577.29,0.648
SUNPHARMA.NS,2025-09-10,1592.73,1578.98,0.871
SUNPHARMA.NS,2025-09-11,1594.39,1595.13,0.046
SUNPHARMA.NS,2025-09-12,1589.21,1601.97,0.796
SUNPHARMA.NS,2025-09-15,1595.05,1587.5,0.476
SUNPHARMA.NS,2025-09-16,1593.95,1595.92,0.124
SUNPHARMA.NS,2025-09-17,1599.07,1605.54,0.403
SUNPHARMA.NS,2025-09-18,1600.63,1633.68,2.023
SUNPHARMA.NS,2025-09-19,1595.36,1641.01,2.782
SUNPHARMA.NS,2025-09-22,1601.22,1629.12,1.713
SUNPHARMA.NS,2025-09-23,1600.28,1616.44,0.999
SUNPHARMA.NS,2025-09-24,1605.67,1612.37,0.416
SUNPHARMA.NS,2025-09-25,1607.6,1612.67,0.314
SUNPHARMA.NS,2025-09-26,1602.81,1572.34,1.938
SUNPHARMA.NS,2025-09-29,1610.83,1574.92,2.28
SUNPHARMA.NS,2025-09-30,1610.81,1579.87,1.958
SUNPHARMA.NS,2025-10-01,1617.21,1621.39,0.258
SUNPHARMA.NS,2025-10-03,1616.54,1616.44,0.006
SUNPHARMA.NS,2025-10-06,1627.93,1639.72,0.719
SUNPHARMA.NS,2025-10-07,1628.96,1638.14,0.56
SUNPHARMA.NS,2025-10-08,1636.31,1616.83,1.205
SUNPHARMA.NS,2025-10-09,1640.15,1643.49,0.203
SUNPHARMA.NS,2025-10-10,1637.2,1655.78,1.122
SUNPHARMA.NS,2025-10-13,1649.67,1653.3,0.22
SUNPHARMA.NS,2025-10-14,1650.66,1639.43,0.685
SUNPHARMA.NS,2025-10-15,1657.78,1640.12,1.077
SUNPHARMA.NS,2025-10-16,1661.18,1643.98,1.046
SUNPHARMA.NS,2025-10-17,1657.58,1663.9,0.38
SUNPHARMA.NS,2025-10-20,1667.1,1673.32,0.372
SUNPHARMA.NS,2025-10-21,1666.85,1675.2,0.498
SUNPHARMA.NS,2025-10-23,1674.68,1674.6,0.004
SUNPHARMA.NS,2025-10-24,1669.72,1683.62,0.826
SUNPHARMA.NS,2025-10-27,1675.59,1678.27,0.16
SUNPHARMA.NS,2025-10-28,1674.41,1671.73,0.16
SUNPHARMA.NS,2025-10-29,1679.48,1700.37,1.229
SUNPHARMA.NS,2025-10-30,1681.03,1687.98,0.412
SUNPHARMA.NS,2025-10-31,1675.86,1675.4,0.028
SUNPHARMA.NS,2025-11-03,1682.91,1690.96,0.476
SUNPHARMA.NS,2025-11-04,1682.76,1674.7,0.481
SUNPHARMA.NS,2025-11-06,1692.36,1670.64,1.3
SUNPHARMA.NS,2025-11-07,1689.1,1676.09,0.776
SUNPHARMA.NS,2025-11-10,1703.13,1682.43,1.23
SUNPHARMA.NS,2025-11-11,1705.56,1700.57,0.294
SUNPHARMA.NS,2025-11-12,1714.6,1716.42,0.106
SUNPHARMA.NS,2025-11-13,1720.39,1721.67,0.075
SUNPHARMA.NS,2025-11-14,1719.64,1741.2,1.238
SUNPHARMA.NS,2025-11-17,1740.04,1747.93,0.452
SUNPHARMA.NS,2025-11-18,1744.01,1742.88,0.065
SUNPHARMA.NS,2025-11-19,1754.2,1767.95,0.778
SUNPHARMA.NS,2025-11-20,1760.72,1761.31,0.034
SUNPHARMA.NS,2025-11-21,1760.23,1763.59,0.191
SUNPHARMA.NS,2025-11-24,1778.44,1764.68,0.78
SUNPHARMA.NS,2025-11-25,1780.66,1760.72,1.133
SUNPHARMA.NS,2025-11-26,1788.61,1788.56,0.003
SUNPHARMA.NS,2025-11-27,1792.43,1793.92,0.083
SUNPHARMA.NS,2025-11-28,1788.82,1815.02,1.444
SUNPHARMA.NS,2025-12-01,1795.63,1791.04,0.256
SUNPHARMA.NS,2025-12-02,1793.59,1783.21,0.582
SUNPHARMA.NS,2025-12-03,1797.17,1790.35,0.381
SUNPHARMA.NS,2025-12-04,1796.58,1801.84,0.292
SUNPHARMA.NS,2025-12-05,1788.61,1788.96,0.02
SUNPHARMA.NS,2025-12-08,1783.37,1779.94,0.193
SUNPHARMA.NS,2025-12-09,1777.89,1759.93,1.021
SUNPHARMA.NS,2025-12-10,1778.42,1769.34,0.513
SUNPHARMA.NS,2025-12-11,1775.2,1790.84,0.874
SUNPHARMA.NS,2025-12-12,1765.08,1777.27,0.686
SUNPHARMA.NS,2025-12-15,1756.36,1780.83,1.374
SUNPHARMA.NS,2025-12-16,1750.71,1765.18,0.82
SUNPHARMA.NS,2025-12-17,1751.54,1776.67,1.415
SUNPHARMA.NS,2025-12-18,1749.07,1730.1,1.097
SUNPHARMA.NS,2025-12-19,1740.06,1729.11,0.633
SUNPHARMA.NS,2025-12-22,1736.43,1753.78,0.989
SUNPHARMA.NS,2025-12-23,1732.82,1740.01,0.413
SUNPHARMA.NS,2025-12-24,1735.74,1721.28,0.84
SUNPHARMA.NS,2025-12-26,1728.25,1703.94,1.427
SUNPHARMA.NS,2025-12-29,1729.13,1701.66,1.614
SUNPHARMA.NS,2025-12-30,1726.38,1704.63,1.276
SUNPHARMA.NS,2025-12-31,1729.76,1704.14,1.504
SUNPHARMA.NS,2026-01-01,1729.39,1705.52,1.399
SUNPHARMA.NS,2026-01-02,1721.93,1712.36,0.559
SUNPHARMA.NS,2026-01-05,1719.04,1713.25,0.338
SUNPHARMA.NS,2026-01-06,1714.26,1744.27,1.72
SUNPHARMA.NS,2026-01-07,1715.28,1766.47,2.898
SUNPHARMA.NS,2026-01-08,1712.28,1744.76,1.862
SUNPHARMA.NS,2026-01-09,1702.01,1714.24,0.714
SUNPHARMA.NS,2026-01-12,1690.29,1720.29,1.744
SUNPHARMA.NS,2026-01-13,1682.71,1713.05,1.771
SUNPHARMA.NS,2026-01-14,1681.16,1685.31,0.246
SUNPHARMA.NS,2026-01-15,1675.89,1685.31,0.559
SUNPHARMA.NS,2026-01-16,1663.73,1653.79,0.601
SUNPHARMA.NS,2026-01-19,1649.27,1660.24,0.661
SUNPHARMA.NS,2026-01-20,1641.93,1599.19,2.672
SUNPHARMA.NS,2026-01-21,1641.24,1598.3,2.686
SUNPHARMA.NS,2026-01-22,1637.47,1619.41,1.115
SUNPHARMA.NS,2026-01-23,1627.45,1617.13,0.638
SUNPHARMA.NS,2026-01-27,1620.05,1624.07,0.247
SUNPHARMA.NS,2026-01-28,1624.18,1596.02,1.764
SUNPHARMA.NS,2026-01-29,1625.57,1574.92,3.216
SUNPHARMA.NS,2026-01-30,1620.96,1580.86,2.537
SUNPHARMA.NS,2026-02-02,1633.38,1613.17,1.253
SUNPHARMA.NS,2026-02-03,1635.93,1686.69,3.01
SUNPHARMA.NS,2026-02-04,1645.35,1688.97,2.583
SUNPHARMA.NS,2026-02-05,1651.73,1698.15,2.734
SUNPHARMA.NS,2026-02-06,1651.74,1690.67,2.303
SUNPHARMA.NS,2026-02-09,1675.05,1700.14,1.476
SUNPHARMA.NS,2026-02-10,1680.09,1703.34,1.365
SUNPHARMA.NS,2026-02-11,1691.38,1706.63,0.893
SUNPHARMA.NS,2026-02-12,1699.0,1710.42,0.668
SUNPHARMA.NS,2026-02-13,1699.63,1693.06,0.388
SUNPHARMA.NS,2026-02-16,1721.31,1696.05,1.489
SUNPHARMA.NS,2026-02-17,1724.8,1712.61,0.712
SUNPHARMA.NS,2026-02-18,1734.12,1719.89,0.827
SUNPHARMA.NS,2026-02-19,1739.44,1708.92,1.786
SUNPHARMA.NS,2026-02-20,1737.49,1719.89,1.023
SUNPHARMA.NS,2026-02-23,1750.66,1727.77,1.325
SUNPHARMA.NS,2026-02-24,1751.29,1727.27,1.39
SUNPHARMA.NS,2026-02-25,1757.87,1759.59,0.098
SUNPHARMA.NS,2026-02-26,1760.62,1781.03,1.146
SUNPHARMA.NS,2026-02-27,1756.33,1732.46,1.378
SUNPHARMA.NS,2026-03-02,1764.18,1747.92,0.93
SUNPHARMA.NS,2026-03-04,1769.43,1745.92,1.346
SUNPHARMA.NS,2026-03-05,1771.66,1779.84,0.459
SUNPHARMA.NS,2026-03-06,1767.13,1794.7,1.536
SUNPHARMA.NS,2026-03-09,1775.43,1802.68,1.511
SUNPHARMA.NS,2026-03-10,1775.3,1808.06,1.812
SUNPHARMA.NS,2026-03-11,1781.42,1821.13,2.18
SUNPHARMA.NS,2026-03-12,1783.95,1820.53,2.009
SUNPHARMA.NS,2026-03-13,1779.58,1796.89,0.963
SUNPHARMA.NS,2026-03-16,1786.95,1778.54,0.473
SUNPHARMA.NS,2026-03-17,1785.85,1789.71,0.216
SUNPHARMA.NS,2026-03-18,1790.61,1773.65,0.956
SUNPHARMA.NS,2026-03-19,1791.36,1739.84,2.961
SUNPHARMA.NS,2026-03-20,1784.78,1772.45,0.695
SUNPHARMA.NS,2026-03-23,1783.0,1753.8,1.665
SUNPHARMA.NS,2026-03-24,1778.1,1748.72,1.68
SUNPHARMA.NS,2026-03-25,1778.78,1790.71,0.666
SUNPHARMA.NS,2026-03-27,1764.16,1788.91,1.384
SUNPHARMA.NS,2026-03-30,1748.91,1752.61,0.211
SUNPHARMA.NS,2026-04-01,1736.63,1723.98,0.734
SUNPHARMA.NS,2026-04-02,1729.6,1689.17,2.393
SUNPHARMA.NS,2026-04-06,1695.29,1690.17,0.303
SUNPHARMA.NS,2026-04-07,1686.02,1713.51,1.604
SUNPHARMA.NS,2026-04-08,1683.47,1710.12,1.558
SUNPHARMA.NS,2026-04-09,1677.93,1712.61,2.025
SUNPHARMA.NS,2026-04-10,1666.27,1650.57,0.951
SUNPHARMA.NS,2026-04-13,1658.05,1647.88,0.617
SUNPHARMA.NS,2026-04-15,1658.0,1692.17,2.019
SUNPHARMA.NS,2026-04-16,1659.26,1688.67,1.742
SUNPHARMA.NS,2026-04-17,1654.89,1671.12,0.971
SUNPHARMA.NS,2026-04-20,1670.31,1664.24,0.365
SUNPHARMA.NS,2026-04-21,1674.68,1660.85,0.833
SUNPHARMA.NS,2026-04-22,1686.32,1665.44,1.254
SUNPHARMA.NS,2026-04-23,1695.33,1675.71,1.171
SUNPHARMA.NS,2026-04-24,1698.34,1616.16,5.085
SUNPHARMA.NS,2026-04-27,1732.74,1728.97,0.218
SUNPHARMA.NS,2026-04-28,1742.05,1742.73,0.039
SUNPHARMA.NS,2026-04-29,1757.8,1774.05,0.916
SUNPHARMA.NS,2026-04-30,1770.04,1803.57,1.859
SUNPHARMA.NS,2026-05-01,1775.36,1803.57,1.564
SUNPHARMA.NS,2026-05-04,1810.96,1818.73,0.427
SUNPHARMA.NS,2026-05-05,1818.78,1816.04,0.151
SUNPHARMA.NS,2026-05-06,1832.15,1845.36,0.716
SUNPHARMA.NS,2026-05-07,1841.17,1829.6,0.632
SUNPHARMA.NS,2026-05-08,1842.49,1843.07,0.031
SUNPHARMA.NS,2026-05-11,1862.2,1867.8,0.3
SUNPHARMA.NS,2026-05-12,1863.74,1840.88,1.242
SUNPHARMA.NS,2026-05-13,1870.51,1820.03,2.774
SUNPHARMA.NS,2026-05-14,1872.71,1858.33,0.774
SUNPHARMA.NS,2026-05-15,1867.1,1873.29,0.33
SUNPHARMA.NS,2026-05-18,1866.42,1900.82,1.81
SUNPHARMA.NS,2026-05-19,1861.6,1877.38,0.841
SUNPHARMA.NS,2026-05-20,1862.39,1875.39,0.693
SUNPHARMA.NS,2026-05-21,1859.04,1886.36,1.448
SUNPHARMA.NS,2026-05-22,1848.4,1839.78,0.469
SUNPHARMA.NS,2026-05-25,1836.14,1835.79,0.019
SUNPHARMA.NS,2026-05-26,1828.75,1835.99,0.394
SUNPHARMA.NS,2026-05-27,1827.63,1839.48,0.644
SUNPHARMA.NS,2026-05-28,1823.04,1839.48,0.894
SUNPHARMA.NS,2026-05-29,1811.82,1794.5,0.965
SUNPHARMA.NS,2026-06-01,1801.5,1791.8,0.541
SUNPHARMA.NS,2026-06-02,1795.88,1785.22,0.597
SUNPHARMA.NS,2026-06-03,1797.01,1783.82,0.739
SUNPHARMA.NS,2026-06-04,1795.1,1775.45,1.107
SUNPHARMA.NS,2026-06-05,1786.93,1777.54,0.528
SUNPHARMA.NS,2026-06-08,1787.44,1784.12,0.186
SUNPHARMA.NS,2026-06-09,1785.79,1774.35,0.645
SUNPHARMA.NS,2026-06-10,1790.97,1781.73,0.519
SUNPHARMA.NS,2026-06-11,1793.14,1789.51,0.203
SUNPHARMA.NS,2026-06-12,1789.03,1802.97,0.773
SUNPHARMA.NS,2026-06-15,1801.12,1801.28,0.009
SUNPHARMA.NS,2026-06-16,1802.99,1795.99,0.39
SUNPHARMA.NS,2026-06-17,1811.48,1815.64,0.229
SUNPHARMA.NS,2026-06-18,1816.71,1820.03,0.182
SUNPHARMA.NS,2026-06-19,1815.39,1833.49,0.987
SUNPHARMA.NS,2026-06-22,1834.1,1858.03,1.288
SUNPHARMA.NS,2026-06-23,1837.57,1863.12,1.371
SUNPHARMA.NS,2026-06-24,1847.34,1869.5,1.185
SUNPHARMA.NS,2026-06-25,1853.55,1857.93,0.236
SUNPHARMA.NS,2026-06-26,1852.9,1857.93,0.271
SUNPHARMA.NS,2026-06-29,1871.9,1869.9,0.107
SUNPHARMA.NS,2026-06-30,1874.94,1857.63,0.932
SUNPHARMA.NS,2026-07-01,1884.03,1861.32,1.22
SUNPHARMA.NS,2026-07-02,1889.33,1866.11,1.244
SUNPHARMA.NS,2026-07-03,1887.57,1899.82,0.645
SUNPHARMA.NS,2026-07-06,1902.17,1907.8,0.295
SUNPHARMA.NS,2026-07-07,1903.44,1903.4,0.002
SUNPHARMA.NS,2026-07-08,1910.66,1888.2,1.189
SUNPHARMA.NS,2026-07-09,1914.0,1938.7,1.274
SUNPHARMA.NS,2026-07-10,1910.2,1935.5,1.307
SUNPHARMA.NS,2026-07-13,1918.37,1921.4,0.158
SUNPHARMA.NS,2026-07-14,1917.45,1942.6,1.295
SUNPHARMA.NS,2026-07-15,1922.48,1951.5,1.487
SUNPHARMA.NS,2026-07-16,1923.64,1950.1,1.357
SUNPHARMA.NS,2026-07-17,1917.69,1932.6,0.771
SUNPHARMA.NS,2026-07-20,1919.65,1956.4,1.878
SUNPHARMA.NS,2026-07-21,1916.78,1961.9,2.3
SUNPHARMA.NS,2026-07-22,1919.91,1943.0,1.188
SUNPHARMA.NS,2026-07-23,1919.25,1954.0,1.778
TATACONSUM.NS,2025-07-24,1056.75,1063.8,0.663
TATACONSUM.NS,2025-07-25,1055.49,1045.55,0.95
TATACONSUM.NS,2025-07-28,1054.44,1051.01,0.327
TATACONSUM.NS,2025-07-29,1055.98,1052.69,0.312
TATACONSUM.NS,2025-07-30,1054.74,1064.1,0.879
TATACONSUM.NS,2025-07-31,1053.13,1064.2,1.04
TATACONSUM.NS,2025-08-01,1053.24,1061.42,0.771
TATACONSUM.NS,2025-08-04,1055.58,1063.6,0.754
TATACONSUM.NS,2025-08-05,1057.96,1055.67,0.217
TATACONSUM.NS,2025-08-06,1057.38,1043.97,1.285
TATACONSUM.NS,2025-08-07,1056.28,1043.97,1.18
TATACONSUM.NS,2025-08-08,1056.73,1042.18,1.396
TATACONSUM.NS,2025-08-11,1059.2,1050.21,0.856
TATACONSUM.NS,2025-08-12,1061.37,1038.02,2.25
TATACONSUM.NS,2025-08-13,1060.52,1047.24,1.268
TATACONSUM.NS,2025-08-14,1059.07,1042.38,1.601
TATACONSUM.NS,2025-08-18,1060.56,1062.31,0.165
TATACONSUM.NS,2025-08-19,1062.49,1076.69,1.319
TATACONSUM.NS,2025-08-20,1061.48,1096.03,3.152
TATACONSUM.NS,2025-08-21,1059.98,1078.97,1.76
TATACONSUM.NS,2025-08-22,1060.14,1075.0,1.383
TATACONSUM.NS,2025-08-25,1062.61,1072.52,0.924
TATACONSUM.NS,2025-08-26,1065.17,1070.84,0.529
TATACONSUM.NS,2025-08-28,1064.32,1053.49,1.028
TATACONSUM.NS,2025-08-29,1065.47,1056.46,0.853
TATACONSUM.NS,2025-09-01,1071.34,1066.67,0.437
TATACONSUM.NS,2025-09-02,1075.1,1091.56,1.508
TATACONSUM.NS,2025-09-03,1076.05,1095.13,1.743
TATACONSUM.NS,2025-09-04,1076.59,1062.11,1.363
TATACONSUM.NS,2025-09-05,1078.82,1063.4,1.45
TATACONSUM.NS,2025-09-08,1087.31,1065.19,2.077
TATACONSUM.NS,2025-09-09,1091.67,1074.41,1.607
TATACONSUM.NS,2025-09-10,1093.05,1091.76,0.118
TATACONSUM.NS,2025-09-11,1093.84,1096.03,0.199
TATACONSUM.NS,2025-09-12,1096.15,1094.64,0.138
TATACONSUM.NS,2025-09-15,1103.8,1093.35,0.956
TATACONSUM.NS,2025-09-16,1107.54,1082.94,2.272
TATACONSUM.NS,2025-09-17,1108.16,1126.77,1.651
TATACONSUM.NS,2025-09-18,1108.06,1119.82,1.051
TATACONSUM.NS,2025-09-19,1109.38,1117.35,0.713
TATACONSUM.NS,2025-09-22,1113.67,1120.62,0.62
TATACONSUM.NS,2025-09-23,1116.26,1119.03,0.248
TATACONSUM.NS,2025-09-24,1115.74,1130.53,1.309
TATACONSUM.NS,2025-09-25,1114.58,1124.68,0.898
TATACONSUM.NS,2025-09-26,1114.9,1109.61,0.477
TATACONSUM.NS,2025-09-29,1116.88,1113.68,0.288
TATACONSUM.NS,2025-09-30,1118.98,1119.82,0.075
TATACONSUM.NS,2025-10-01,1118.14,1135.19,1.502
TATACONSUM.NS,2025-10-03,1117.13,1127.96,0.96
TATACONSUM.NS,2025-10-06,1120.07,1132.52,1.099
TATACONSUM.NS,2025-10-07,1122.77,1110.6,1.096
TATACONSUM.NS,2025-10-08,1122.65,1110.8,1.067
TATACONSUM.NS,2025-10-09,1122.13,1108.62,1.219
TATACONSUM.NS,2025-10-10,1123.33,1117.05,0.562
TATACONSUM.NS,2025-10-13,1129.15,1107.63,1.943
TATACONSUM.NS,2025-10-14,1132.81,1109.51,2.1
TATACONSUM.NS,2025-10-15,1133.59,1104.85,2.601
TATACONSUM.NS,2025-10-16,1133.91,1139.66,0.504
TATACONSUM.NS,2025-10-17,1135.88,1156.22,1.759
TATACONSUM.NS,2025-10-20,1143.32,1166.53,1.99
TATACONSUM.NS,2025-10-21,1147.24,1164.74,1.503
TATACONSUM.NS,2025-10-23,1148.48,1151.26,0.241
TATACONSUM.NS,2025-10-24,1150.29,1145.61,0.409
TATACONSUM.NS,2025-10-27,1156.46,1160.08,0.312
TATACONSUM.NS,2025-10-28,1159.73,1159.09,0.055
TATACONSUM.NS,2025-10-29,1159.88,1167.22,0.629
TATACONSUM.NS,2025-10-30,1159.35,1166.73,0.632
TATACONSUM.NS,2025-10-31,1160.25,1155.22,0.435
TATACONSUM.NS,2025-11-03,1163.43,1187.45,2.023
TATACONSUM.NS,2025-11-04,1165.66,1169.4,0.32
TATACONSUM.NS,2025-11-06,1163.28,1180.41,1.451
TATACONSUM.NS,2025-11-07,1163.21,1157.41,0.501
TATACONSUM.NS,2025-11-10,1163.8,1133.11,2.708
TATACONSUM.NS,2025-11-11,1165.3,1146.5,1.64
TATACONSUM.NS,2025-11-12,1163.76,1152.25,0.999
TATACONSUM.NS,2025-11-13,1161.62,1145.11,1.442
TATACONSUM.NS,2025-11-14,1161.02,1148.09,1.127
TATACONSUM.NS,2025-11-17,1160.33,1169.01,0.742
TATACONSUM.NS,2025-11-18,1161.51,1144.42,1.494
TATACONSUM.NS,2025-11-19,1159.69,1152.35,0.637
TATACONSUM.NS,2025-11-20,1157.33,1164.05,0.577
TATACONSUM.NS,2025-11-21,1156.52,1173.17,1.419
TATACONSUM.NS,2025-11-24,1155.43,1176.05,1.753
TATACONSUM.NS,2025-11-25,1156.53,1167.82,0.967
TATACONSUM.NS,2025-11-26,1154.66,1175.35,1.761
TATACONSUM.NS,2025-11-27,1152.26,1167.82,1.332
TATACONSUM.NS,2025-11-28,1151.45,1162.56,0.956
TATACONSUM.NS,2025-12-01,1150.57,1154.04,0.3
TATACONSUM.NS,2025-12-02,1151.82,1152.45,0.055
TATACONSUM.NS,2025-12-03,1150.16,1130.43,1.745
TATACONSUM.NS,2025-12-04,1148.03,1138.76,0.814
TATACONSUM.NS,2025-12-05,1147.56,1153.14,0.484
TATACONSUM.NS,2025-12-08,1148.1,1136.19,1.049
TATACONSUM.NS,2025-12-09,1149.98,1137.08,1.135
TATACONSUM.NS,2025-12-10,1149.03,1130.53,1.636
TATACONSUM.NS,2025-12-11,1147.69,1132.52,1.34
TATACONSUM.NS,2025-12-12,1148.07,1139.66,0.738
TATACONSUM.NS,2025-12-15,1151.55,1147.69,0.336
TATACONSUM.NS,2025-12-16,1154.49,1160.08,0.482
TATACONSUM.NS,2025-12-17,1154.63,1169.9,1.305
TATACONSUM.NS,2025-12-18,1154.37,1161.67,0.628
TATACONSUM.NS,2025-12-19,1155.83,1174.07,1.553
TATACONSUM.NS,2025-12-22,1162.26,1168.91,0.569
TATACONSUM.NS,2025-12-23,1166.03,1175.65,0.818
TATACONSUM.NS,2025-12-24,1166.89,1169.31,0.207
TATACONSUM.NS,2025-12-26,1169.13,1165.84,0.283
TATACONSUM.NS,2025-12-29,1175.88,1185.17,0.784
TATACONSUM.NS,2025-12-30,1179.39,1169.11,0.88
TATACONSUM.NS,2025-12-31,1179.77,1182.0,0.189
TATACONSUM.NS,2026-01-01,1179.45,1167.03,1.065
TATACONSUM.NS,2026-01-02,1180.5,1160.88,1.69
TATACONSUM.NS,2026-01-05,1183.58,1172.18,0.972
TATACONSUM.NS,2026-01-06,1185.54,1200.24,1.225
TATACONSUM.NS,2026-01-07,1184.25,1202.43,1.512
TATACONSUM.NS,2026-01-08,1182.13,1187.35,0.44
TATACONSUM.NS,2026-01-09,1181.3,1166.03,1.309
TATACONSUM.NS,2026-01-12,1178.51,1182.3,0.32
TATACONSUM.NS,2026-01-13,1178.52,1179.42,0.076
TATACONSUM.NS,2026-01-14,1175.35,1161.57,1.186
TATACONSUM.NS,2026-01-15,1171.43,1161.57,0.849
TATACONSUM.NS,2026-01-16,1168.92,1179.12,0.865
TATACONSUM.NS,2026-01-19,1162.03,1170.3,0.706
TATACONSUM.NS,2026-01-20,1161.08,1175.06,1.189
TATACONSUM.NS,2026-01-21,1157.15,1153.84,0.287
TATACONSUM.NS,2026-01-22,1152.73,1165.34,1.082
TATACONSUM.NS,2026-01-23,1149.96,1143.82,0.537
TATACONSUM.NS,2026-01-27,1143.59,1177.44,2.875
TATACONSUM.NS,2026-01-28,1140.64,1122.3,1.634
TATACONSUM.NS,2026-01-29,1137.39,1097.91,3.596
TATACONSUM.NS,2026-01-30,1135.99,1124.39,1.032
TATACONSUM.NS,2026-02-02,1134.84,1115.96,1.692
TATACONSUM.NS,2026-02-03,1136.49,1145.71,0.804
TATACONSUM.NS,2026-02-04,1135.44,1143.33,0.69
TATACONSUM.NS,2026-02-05,1134.12,1146.2,1.054
TATACONSUM.NS,2026-02-06,1134.61,1149.57,1.302
TATACONSUM.NS,2026-02-09,1138.65,1157.41,1.621
TATACONSUM.NS,2026-02-10,1141.75,1142.53,0.068
TATACONSUM.NS,2026-02-11,1141.97,1142.93,0.084
TATACONSUM.NS,2026-02-12,1141.68,1139.66,0.178
TATACONSUM.NS,2026-02-13,1142.97,1122.7,1.805
TATACONSUM.NS,2026-02-16,1147.74,1129.64,1.602
TATACONSUM.NS,2026-02-17,1150.49,1138.86,1.021
TATACONSUM.NS,2026-02-18,1150.04,1159.89,0.849
TATACONSUM.NS,2026-02-19,1148.8,1150.76,0.171
TATACONSUM.NS,2026-02-20,1148.83,1146.5,0.203
TATACONSUM.NS,2026-02-23,1148.15,1161.97,1.189
TATACONSUM.NS,2026-02-24,1148.6,1168.12,1.671
TATACONSUM.NS,2026-02-25,1145.66,1162.46,1.446
TATACONSUM.NS,2026-02-26,1141.75,1149.77,0.698
TATACONSUM.NS,2026-02-27,1138.98,1131.43,0.668
TATACONSUM.NS,2026-03-02,1129.55,1115.76,1.236
TATACONSUM.NS,2026-03-04,1121.32,1101.28,1.82
TATACONSUM.NS,2026-03-05,1114.7,1109.71,0.45
TATACONSUM.NS,2026-03-06,1109.39,1107.33,0.186
TATACONSUM.NS,2026-03-09,1093.67,1093.25,0.038
TATACONSUM.NS,2026-03-10,1089.69,1090.27,0.054
TATACONSUM.NS,2026-03-11,1082.73,1064.39,1.723
TATACONSUM.NS,2026-03-12,1075.27,1048.92,2.512
TATACONSUM.NS,2026-03-13,1069.5,1074.51,0.466
TATACONSUM.NS,2026-03-16,1054.73,1083.53,2.658
TATACONSUM.NS,2026-03-17,1051.85,1068.95,1.6
TATACONSUM.NS,2026-03-18,1046.37,1066.08,1.849
TATACONSUM.NS,2026-03-19,1040.76,1035.84,0.475
TATACONSUM.NS,2026-03-20,1037.17,1041.39,0.405
TATACONSUM.NS,2026-03-23,1030.77,1015.01,1.553
TATACONSUM.NS,2026-03-24,1031.15,1044.26,1.256
TATACONSUM.NS,2026-03-25,1029.12,1047.24,1.73
TATACONSUM.NS,2026-03-27,1027.18,1039.7,1.204
TATACONSUM.NS,2026-03-30,1031.9,1006.29,2.545
TATACONSUM.NS,2026-04-01,1037.35,1015.21,2.181
TATACONSUM.NS,2026-04-02,1038.65,1033.26,0.522
TATACONSUM.NS,2026-04-06,1054.65,1046.35,0.794
TATACONSUM.NS,2026-04-07,1060.8,1053.09,0.732
TATACONSUM.NS,2026-04-08,1064.13,1059.53,0.434
TATACONSUM.NS,2026-04-09,1067.04,1068.95,0.179
TATACONSUM.NS,2026-04-10,1071.59,1084.52,1.193
TATACONSUM.NS,2026-04-13,1086.75,1081.15,0.518
TATACONSUM.NS,2026-04-15,1096.7,1085.02,1.077
TATACONSUM.NS,2026-04-16,1099.55,1093.35,0.567
TATACONSUM.NS,2026-04-17,1103.92,1103.86,0.005
TATACONSUM.NS,2026-04-20,1117.92,1111.0,0.623
TATACONSUM.NS,2026-04-21,1123.91,1132.42,0.751
TATACONSUM.NS,2026-04-22,1126.86,1168.71,3.581
TATACONSUM.NS,2026-04-23,1129.23,1174.46,3.851
TATACONSUM.NS,2026-04-24,1133.12,1164.15,2.665
TATACONSUM.NS,2026-04-27,1146.02,1150.76,0.412
TATACONSUM.NS,2026-04-28,1151.76,1138.07,1.203
TATACONSUM.NS,2026-04-29,1154.53,1158.2,0.317
TATACONSUM.NS,2026-04-30,1156.75,1135.0,1.917
TATACONSUM.NS,2026-05-01,1160.54,1135.0,2.251
TATACONSUM.NS,2026-05-04,1173.15,1150.66,1.954
TATACONSUM.NS,2026-05-05,1178.73,1143.82,3.052
TATACONSUM.NS,2026-05-06,1181.26,1142.53,3.39
TATACONSUM.NS,2026-05-07,1183.14,1142.04,3.599
TATACONSUM.NS,2026-05-08,1186.47,1166.33,1.727
TATACONSUM.NS,2026-05-11,1196.65,1260.34,5.053
TATACONSUM.NS,2026-05-12,1201.0,1242.49,3.339
TATACONSUM.NS,2026-05-13,1202.06,1224.64,1.844
TATACONSUM.NS,2026-05-14,1202.24,1217.99,1.293
TATACONSUM.NS,2026-05-15,1203.6,1223.65,1.638
TATACONSUM.NS,2026-05-18,1206.46,1220.67,1.164
TATACONSUM.NS,2026-05-19,1207.92,1200.74,0.598
TATACONSUM.NS,2026-05-20,1205.92,1198.56,0.614
TATACONSUM.NS,2026-05-21,1202.88,1184.87,1.52
TATACONSUM.NS,2026-05-22,1200.91,1181.8,1.617
TATACONSUM.NS,2026-05-25,1193.47,1187.2,0.528
TATACONSUM.NS,2026-05-26,1191.56,1187.6,0.333
TATACONSUM.NS,2026-05-27,1186.3,1204.6,1.519
TATACONSUM.NS,2026-05-28,1180.15,1204.6,2.03
TATACONSUM.NS,2026-05-29,1175.29,1178.4,0.264
TATACONSUM.NS,2026-06-01,1160.83,1143.3,1.533
TATACONSUM.NS,2026-06-02,1157.27,1154.7,0.223
TATACONSUM.NS,2026-06-03,1150.75,1144.0,0.59
TATACONSUM.NS,2026-06-04,1143.75,1149.3,0.483
TATACONSUM.NS,2026-06-05,1138.45,1130.9,0.668
TATACONSUM.NS,2026-06-08,1125.27,1107.0,1.65
TATACONSUM.NS,2026-06-09,1122.95,1106.5,1.487
TATACONSUM.NS,2026-06-10,1118.03,1108.0,0.905
TATACONSUM.NS,2026-06-11,1112.98,1108.6,0.395
TATACONSUM.NS,2026-06-12,1109.93,1100.7,0.839
TATACONSUM.NS,2026-06-15,1104.82,1100.4,0.402
TATACONSUM.NS,2026-06-16,1105.45,1130.9,2.25
TATACONSUM.NS,2026-06-17,1103.54,1124.5,1.864
TATACONSUM.NS,2026-06-18,1101.47,1111.4,0.893
TATACONSUM.NS,2026-06-19,1101.34,1111.5,0.914
TATACONSUM.NS,2026-06-22,1104.03,1112.9,0.797
TATACONSUM.NS,2026-06-23,1106.8,1103.8,0.272
TATACONSUM.NS,2026-06-24,1106.73,1098.1,0.786
TATACONSUM.NS,2026-06-25,1106.18,1131.3,2.22
TATACONSUM.NS,2026-06-26,1107.22,1131.3,2.129
TATACONSUM.NS,2026-06-29,1111.29,1112.8,0.136
TATACONSUM.NS,2026-06-30,1113.81,1075.6,3.552
TATACONSUM.NS,2026-07-01,1113.16,1090.9,2.041
TATACONSUM.NS,2026-07-02,1111.73,1107.2,0.409
TATACONSUM.NS,2026-07-03,1111.62,1116.7,0.455
TATACONSUM.NS,2026-07-06,1110.96,1117.9,0.621
TATACONSUM.NS,2026-07-07,1111.63,1125.0,1.188
TATACONSUM.NS,2026-07-08,1109.07,1089.8,1.768
TATACONSUM.NS,2026-07-09,1105.73,1106.7,0.088
TATACONSUM.NS,2026-07-10,1103.73,1111.9,0.735
TATACONSUM.NS,2026-07-13,1098.06,1098.6,0.049
TATACONSUM.NS,2026-07-14,1097.4,1097.6,0.018
TATACONSUM.NS,2026-07-15,1093.73,1085.5,0.758
TATACONSUM.NS,2026-07-16,1089.51,1088.5,0.093
TATACONSUM.NS,2026-07-17,1086.9,1088.6,0.156
TATACONSUM.NS,2026-07-20,1080.97,1091.9,1.001
TATACONSUM.NS,2026-07-21,1080.74,1081.5,0.07
TATACONSUM.NS,2026-07-22,1077.73,1094.9,1.568
TATACONSUM.NS,2026-07-23,1074.39,1107.7,3.007
TATACONSUM.NS,2026-07-24,1072.85,1088.0,1.392
TATASTEEL.NS,2025-07-24,158.4,160.18,1.109
TATASTEEL.NS,2025-07-25,157.41,158.17,0.479
TATASTEEL.NS,2025-07-28,156.85,156.45,0.253
TATASTEEL.NS,2025-07-29,157.04,158.42,0.873
TATASTEEL.NS,2025-07-30,158.0,158.1,0.063
TATASTEEL.NS,2025-07-31,157.71,154.75,1.914
TATASTEEL.NS,2025-08-01,156.58,149.92,4.444
TATASTEEL.NS,2025-08-04,155.7,156.34,0.407
TATASTEEL.NS,2025-08-05,155.79,156.39,0.387
TATASTEEL.NS,2025-08-06,156.69,155.45,0.795
TATASTEEL.NS,2025-08-07,156.35,156.44,0.06
TATASTEEL.NS,2025-08-08,155.19,154.76,0.279
TATASTEEL.NS,2025-08-11,154.31,155.32,0.648
TATASTEEL.NS,2025-08-12,154.46,156.92,1.57
TATASTEEL.NS,2025-08-13,155.42,156.94,0.971
TATASTEEL.NS,2025-08-14,155.16,152.16,1.97
TATASTEEL.NS,2025-08-18,153.69,154.77,0.697
TATASTEEL.NS,2025-08-19,154.02,156.01,1.277
TATASTEEL.NS,2025-08-20,155.19,158.65,2.18
TATASTEEL.NS,2025-08-21,155.16,158.25,1.95
TATASTEEL.NS,2025-08-22,154.35,155.35,0.641
TATASTEEL.NS,2025-08-25,154.75,156.4,1.058
TATASTEEL.NS,2025-08-26,155.38,151.9,2.293
TATASTEEL.NS,2025-08-28,157.13,150.53,4.387
TATASTEEL.NS,2025-08-29,156.63,151.36,3.483
TATASTEEL.NS,2025-09-01,157.92,153.01,3.206
TATASTEEL.NS,2025-09-02,158.82,155.19,2.339
TATASTEEL.NS,2025-09-03,160.55,164.46,2.377
TATASTEEL.NS,2025-09-04,161.06,163.44,1.456
TATASTEEL.NS,2025-09-05,160.76,164.29,2.15
TATASTEEL.NS,2025-09-08,162.46,165.41,1.783
TATASTEEL.NS,2025-09-09,163.42,165.73,1.395
TATASTEEL.NS,2025-09-10,165.17,166.01,0.504
TATASTEEL.NS,2025-09-11,165.65,165.99,0.203
TATASTEEL.NS,2025-09-12,165.28,166.35,0.643
TATASTEEL.NS,2025-09-15,166.5,165.81,0.416
TATASTEEL.NS,2025-09-16,167.22,168.54,0.786
TATASTEEL.NS,2025-09-17,168.67,167.9,0.46
TATASTEEL.NS,2025-09-18,168.84,168.55,0.17
TATASTEEL.NS,2025-09-19,168.12,168.02,0.062
TATASTEEL.NS,2025-09-22,168.19,167.93,0.157
TATASTEEL.NS,2025-09-23,168.5,169.79,0.759
TATASTEEL.NS,2025-09-24,169.56,169.17,0.23
TATASTEEL.NS,2025-09-25,169.35,168.9,0.268
TATASTEEL.NS,2025-09-26,168.26,164.02,2.587
TATASTEEL.NS,2025-09-29,167.41,165.57,1.114
TATASTEEL.NS,2025-09-30,167.51,165.36,1.3
TATASTEEL.NS,2025-10-01,168.4,164.13,2.605
TATASTEEL.NS,2025-10-03,166.92,169.71,1.644
TATASTEEL.NS,2025-10-06,166.26,166.62,0.218
TATASTEEL.NS,2025-10-07,166.53,167.97,0.855
TATASTEEL.NS,2025-10-08,167.66,168.47,0.478
TATASTEEL.NS,2025-10-09,167.61,172.86,3.034
TATASTEEL.NS,2025-10-10,166.8,170.35,2.082
TATASTEEL.NS,2025-10-13,167.32,169.53,1.306
TATASTEEL.NS,2025-10-14,168.03,167.06,0.578
TATASTEEL.NS,2025-10-15,169.59,169.74,0.088
TATASTEEL.NS,2025-10-16,169.98,170.48,0.296
TATASTEEL.NS,2025-10-17,169.58,168.74,0.498
TATASTEEL.NS,2025-10-20,171.17,168.48,1.599
TATASTEEL.NS,2025-10-21,172.14,169.29,1.684
TATASTEEL.NS,2025-10-23,174.45,170.64,2.232
TATASTEEL.NS,2025-10-24,174.13,170.92,1.881
TATASTEEL.NS,2025-10-27,175.53,173.09,1.409
TATASTEEL.NS,2025-10-28,176.3,178.14,1.031
TATASTEEL.NS,2025-10-29,177.79,181.45,2.016
TATASTEEL.NS,2025-10-30,177.98,180.63,1.464
TATASTEEL.NS,2025-10-31,177.27,179.15,1.047
TATASTEEL.NS,2025-11-03,177.17,178.98,1.011
TATASTEEL.NS,2025-11-04,177.36,175.67,0.964
TATASTEEL.NS,2025-11-06,177.85,173.69,2.396
TATASTEEL.NS,2025-11-07,176.53,177.71,0.661
TATASTEEL.NS,2025-11-10,174.7,177.81,1.751
TATASTEEL.NS,2025-11-11,174.38,177.38,1.692
TATASTEEL.NS,2025-11-12,174.81,175.0,0.109
TATASTEEL.NS,2025-11-13,173.97,173.08,0.514
TATASTEEL.NS,2025-11-14,172.27,170.74,0.897
TATASTEEL.NS,2025-11-17,169.67,169.67,0.001
TATASTEEL.NS,2025-11-18,169.22,168.97,0.151
TATASTEEL.NS,2025-11-19,169.57,169.71,0.083
TATASTEEL.NS,2025-11-20,168.72,168.98,0.151
TATASTEEL.NS,2025-11-21,167.07,164.61,1.497
TATASTEEL.NS,2025-11-24,164.91,162.02,1.785
TATASTEEL.NS,2025-11-25,164.69,162.97,1.056
TATASTEEL.NS,2025-11-26,165.31,166.24,0.56
TATASTEEL.NS,2025-11-27,164.75,164.73,0.01
TATASTEEL.NS,2025-11-28,163.41,164.57,0.703
TATASTEEL.NS,2025-12-01,162.28,165.22,1.781
TATASTEEL.NS,2025-12-02,162.41,164.39,1.204
TATASTEEL.NS,2025-12-03,163.39,163.55,0.096
TATASTEEL.NS,2025-12-04,163.17,163.4,0.141
TATASTEEL.NS,2025-12-05,162.17,163.73,0.955
TATASTEEL.NS,2025-12-08,162.0,160.17,1.144
TATASTEEL.NS,2025-12-09,162.42,157.42,3.174
TATASTEEL.NS,2025-12-10,163.68,158.95,2.975
TATASTEEL.NS,2025-12-11,163.75,163.02,0.449
TATASTEEL.NS,2025-12-12,163.02,168.42,3.204
TATASTEEL.NS,2025-12-15,163.62,169.38,3.399
TATASTEEL.NS,2025-12-16,164.3,166.4,1.261
TATASTEEL.NS,2025-12-17,165.81,166.9,0.652
TATASTEEL.NS,2025-12-18,166.12,164.72,0.848
TATASTEEL.NS,2025-12-19,165.65,165.28,0.223
TATASTEEL.NS,2025-12-22,167.0,165.8,0.723
TATASTEEL.NS,2025-12-23,167.92,167.45,0.283
TATASTEEL.NS,2025-12-24,169.67,166.63,1.822
TATASTEEL.NS,2025-12-26,169.97,165.7,2.575
TATASTEEL.NS,2025-12-29,171.88,168.82,1.813
TATASTEEL.NS,2025-12-30,172.95,172.25,0.408
TATASTEEL.NS,2025-12-31,174.82,176.44,0.919
TATASTEEL.NS,2026-01-01,175.45,178.21,1.551
TATASTEEL.NS,2026-01-02,175.24,179.18,2.201
TATASTEEL.NS,2026-01-05,177.09,181.97,2.68
TATASTEEL.NS,2026-01-06,178.06,182.44,2.4
TATASTEEL.NS,2026-01-07,179.8,180.09,0.159
TATASTEEL.NS,2026-01-08,180.26,176.48,2.142
TATASTEEL.NS,2026-01-09,179.87,174.8,2.903
TATASTEEL.NS,2026-01-12,181.0,179.54,0.815
TATASTEEL.NS,2026-01-13,181.71,178.88,1.582
TATASTEEL.NS,2026-01-14,183.18,185.43,1.211
TATASTEEL.NS,2026-01-15,183.38,185.43,1.103
TATASTEEL.NS,2026-01-16,182.73,184.41,0.909
TATASTEEL.NS,2026-01-19,183.26,184.47,0.654
TATASTEEL.NS,2026-01-20,183.83,179.85,2.212
TATASTEEL.NS,2026-01-21,185.21,180.68,2.505
TATASTEEL.NS,2026-01-22,185.37,185.28,0.049
TATASTEEL.NS,2026-01-23,184.73,183.82,0.496
TATASTEEL.NS,2026-01-27,186.4,188.39,1.059
TATASTEEL.NS,2026-01-28,188.04,189.93,0.997
TATASTEEL.NS,2026-01-29,188.52,198.23,4.899
TATASTEEL.NS,2026-01-30,188.23,189.23,0.527
TATASTEEL.NS,2026-02-02,190.29,184.7,3.026
TATASTEEL.NS,2026-02-03,191.5,189.03,1.306
TATASTEEL.NS,2026-02-04,193.56,191.45,1.101
TATASTEEL.NS,2026-02-05,194.41,193.76,0.333
TATASTEEL.NS,2026-02-06,194.48,193.08,0.726
TATASTEEL.NS,2026-02-09,197.31,197.92,0.307
TATASTEEL.NS,2026-02-10,198.65,203.81,2.53
TATASTEEL.NS,2026-02-11,200.75,203.4,1.301
TATASTEEL.NS,2026-02-12,201.58,203.9,1.14
TATASTEEL.NS,2026-02-13,201.52,199.07,1.228
TATASTEEL.NS,2026-02-16,203.45,201.65,0.892
TATASTEEL.NS,2026-02-17,204.3,198.98,2.675
TATASTEEL.NS,2026-02-18,205.83,204.81,0.5
TATASTEEL.NS,2026-02-19,206.01,201.26,2.36
TATASTEEL.NS,2026-02-20,205.24,204.15,0.534
TATASTEEL.NS,2026-02-23,204.69,203.93,0.371
TATASTEEL.NS,2026-02-24,204.65,204.9,0.124
TATASTEEL.NS,2026-02-25,205.28,210.3,2.388
TATASTEEL.NS,2026-02-26,204.55,211.17,3.133
TATASTEEL.NS,2026-02-27,202.89,208.04,2.475
TATASTEEL.NS,2026-03-02,199.9,206.75,3.311
TATASTEEL.NS,2026-03-04,199.17,192.75,3.328
TATASTEEL.NS,2026-03-05,197.91,196.52,0.709
TATASTEEL.NS,2026-03-06,195.81,194.45,0.699
TATASTEEL.NS,2026-03-09,192.13,187.15,2.661
TATASTEEL.NS,2026-03-10,191.37,191.06,0.162
TATASTEEL.NS,2026-03-11,191.47,190.81,0.348
TATASTEEL.NS,2026-03-12,190.41,189.56,0.448
TATASTEEL.NS,2026-03-13,188.6,179.8,4.893
TATASTEEL.NS,2026-03-16,186.34,183.16,1.735
TATASTEEL.NS,2026-03-17,186.2,191.48,2.758
TATASTEEL.NS,2026-03-18,186.98,191.46,2.341
TATASTEEL.NS,2026-03-19,186.64,186.66,0.011
TATASTEEL.NS,2026-03-20,185.6,192.79,3.731
TATASTEEL.NS,2026-03-23,185.7,183.39,1.261
TATASTEEL.NS,2026-03-24,186.35,186.93,0.313
TATASTEEL.NS,2026-03-25,187.9,192.68,2.479
TATASTEEL.NS,2026-03-27,187.94,189.32,0.727
TATASTEEL.NS,2026-03-30,189.84,187.98,0.988
TATASTEEL.NS,2026-04-01,192.94,190.67,1.192
TATASTEEL.NS,2026-04-02,193.7,190.22,1.831
TATASTEEL.NS,2026-04-06,196.07,192.14,2.047
TATASTEEL.NS,2026-04-07,197.26,194.13,1.614
TATASTEEL.NS,2026-04-08,199.24,200.05,0.407
TATASTEEL.NS,2026-04-09,199.96,201.05,0.544
TATASTEEL.NS,2026-04-10,199.83,202.44,1.287
TATASTEEL.NS,2026-04-13,201.82,202.22,0.198
TATASTEEL.NS,2026-04-15,204.59,204.5,0.043
TATASTEEL.NS,2026-04-16,205.09,206.43,0.65
TATASTEEL.NS,2026-04-17,204.73,207.83,1.493
TATASTEEL.NS,2026-04-20,205.98,207.44,0.705
TATASTEEL.NS,2026-04-21,206.74,207.73,0.475
TATASTEEL.NS,2026-04-22,208.26,208.73,0.223
TATASTEEL.NS,2026-04-23,208.51,206.65,0.901
TATASTEEL.NS,2026-04-24,207.9,205.83,1.008
TATASTEEL.NS,2026-04-27,208.46,208.96,0.24
TATASTEEL.NS,2026-04-28,208.98,210.7,0.819
TATASTEEL.NS,2026-04-29,210.28,211.52,0.585
TATASTEEL.NS,2026-04-30,210.31,207.09,1.555
TATASTEEL.NS,2026-05-01,209.49,207.09,1.159
TATASTEEL.NS,2026-05-04,209.4,207.95,0.697
TATASTEEL.NS,2026-05-05,209.73,207.05,1.294
TATASTEEL.NS,2026-05-06,210.82,211.12,0.14
TATASTEEL.NS,2026-05-07,210.66,212.7,0.961
TATASTEEL.NS,2026-05-08,209.65,210.16,0.241
TATASTEEL.NS,2026-05-11,209.04,207.79,0.599
TATASTEEL.NS,2026-05-12,209.21,207.72,0.719
TATASTEEL.NS,2026-05-13,210.16,215.18,2.334
TATASTEEL.NS,2026-05-14,209.85,216.66,3.144
TATASTEEL.NS,2026-05-15,208.71,212.46,1.764
TATASTEEL.NS,2026-05-18,207.8,205.47,1.133
TATASTEEL.NS,2026-05-19,207.88,205.06,1.375
TATASTEEL.NS,2026-05-20,208.75,202.83,2.92
TATASTEEL.NS,2026-05-21,208.38,204.37,1.964
TATASTEEL.NS,2026-05-22,207.18,204.96,1.082
TATASTEEL.NS,2026-05-25,206.11,205.97,0.067
TATASTEEL.NS,2026-05-26,206.14,206.22,0.037
TATASTEEL.NS,2026-05-27,206.97,210.36,1.612
TATASTEEL.NS,2026-05-28,206.54,210.36,1.817
TATASTEEL.NS,2026-05-29,205.28,203.82,0.718
TATASTEEL.NS,2026-06-01,203.97,206.32,1.137
TATASTEEL.NS,2026-06-02,203.91,206.34,1.18
TATASTEEL.NS,2026-06-03,204.62,207.61,1.44
TATASTEEL.NS,2026-06-04,204.07,206.32,1.088
TATASTEEL.NS,2026-06-05,202.68,202.59,0.043
TATASTEEL.NS,2026-06-08,200.92,198.62,1.156
TATASTEEL.NS,2026-06-09,200.69,199.07,0.811
TATASTEEL.NS,2026-06-10,201.24,195.28,3.051
TATASTEEL.NS,2026-06-11,200.53,193.96,3.387
TATASTEEL.NS,2026-06-12,198.98,197.86,0.566
TATASTEEL.NS,2026-06-15,196.8,197.28,0.243
TATASTEEL.NS,2026-06-16,196.46,196.0,0.235
TATASTEEL.NS,2026-06-17,196.92,199.01,1.05
TATASTEEL.NS,2026-06-18,196.14,200.52,2.184
TATASTEEL.NS,2026-06-19,194.55,198.96,2.217
TATASTEEL.NS,2026-06-22,192.41,198.97,3.297
TATASTEEL.NS,2026-06-23,192.14,193.56,0.734
TATASTEEL.NS,2026-06-24,192.7,190.16,1.336
TATASTEEL.NS,2026-06-25,192.06,188.71,1.775
TATASTEEL.NS,2026-06-26,190.63,188.71,1.017
TATASTEEL.NS,2026-06-29,189.13,189.57,0.232
TATASTEEL.NS,2026-06-30,189.12,188.06,0.564
TATASTEEL.NS,2026-07-01,189.96,185.17,2.587
TATASTEEL.NS,2026-07-02,189.6,187.67,1.028
TATASTEEL.NS,2026-07-03,188.46,189.8,0.706
TATASTEEL.NS,2026-07-06,187.84,190.87,1.587
TATASTEEL.NS,2026-07-07,188.12,189.79,0.88
TATASTEEL.NS,2026-07-08,189.22,188.2,0.542
TATASTEEL.NS,2026-07-09,189.11,187.91,0.639
TATASTEEL.NS,2026-07-10,188.21,191.19,1.559
TATASTEEL.NS,2026-07-13,188.15,187.11,0.556
TATASTEEL.NS,2026-07-14,188.56,188.27,0.154
TATASTEEL.NS,2026-07-15,189.76,185.26,2.429
TATASTEEL.NS,2026-07-16,189.73,185.49,2.286
TATASTEEL.NS,2026-07-17,188.87,185.89,1.603
TATASTEEL.NS,2026-07-20,188.8,186.41,1.282
TATASTEEL.NS,2026-07-21,189.15,187.24,1.02
TATASTEEL.NS,2026-07-22,190.28,186.53,2.01
TATASTEEL.NS,2026-07-23,190.15,184.23,3.213
TATASTEEL.NS,2026-07-24,189.18,182.67,3.564
TCS.NS,2025-07-24,3017.42,3022.53,0.169
TCS.NS,2025-07-25,2996.7,3010.81,0.469
TCS.NS,2025-07-28,2979.67,2956.56,0.781
TCS.NS,2025-07-29,2977.05,2934.19,1.461
TCS.NS,2025-07-30,2972.08,2931.89,1.371
TCS.NS,2025-07-31,2961.45,2915.76,1.567
TCS.NS,2025-08-01,2945.57,2883.31,2.159
TCS.NS,2025-08-04,2941.98,2951.86,0.335
TCS.NS,2025-08-05,2943.42,2941.78,0.056
TCS.NS,2025-08-06,2942.3,2911.44,1.06
TCS.NS,2025-08-07,2935.31,2925.55,0.334
TCS.NS,2025-08-08,2922.9,2915.37,0.258
TCS.NS,2025-08-11,2928.93,2919.6,0.32
TCS.NS,2025-08-12,2933.42,2914.41,0.652
TCS.NS,2025-08-13,2935.34,2915.18,0.691
TCS.NS,2025-08-14,2931.42,2901.84,1.019
TCS.NS,2025-08-18,2937.75,2891.18,1.611
TCS.NS,2025-08-19,2945.55,2895.98,1.712
TCS.NS,2025-08-20,2950.81,2975.1,0.816
TCS.NS,2025-08-21,2950.21,2978.94,0.964
TCS.NS,2025-08-22,2944.16,2932.27,0.405
TCS.NS,2025-08-25,2968.74,3015.42,1.548
TCS.NS,2025-08-26,2979.01,3031.36,1.727
TCS.NS,2025-08-28,2987.42,2970.39,0.573
TCS.NS,2025-08-29,2982.51,2961.75,0.701
TCS.NS,2025-09-01,3006.91,2988.54,0.615
TCS.NS,2025-09-02,3015.77,2987.48,0.947
TCS.NS,2025-09-03,3021.0,2974.04,1.579
TCS.NS,2025-09-04,3019.22,2972.31,1.578
TCS.NS,2025-09-05,3010.78,2926.8,2.869
TCS.NS,2025-09-08,3020.74,2898.67,4.211
TCS.NS,2025-09-09,3023.73,2927.86,3.275
TCS.NS,2025-09-10,3022.7,2986.04,1.228
TCS.NS,2025-09-11,3014.36,2999.67,0.49
TCS.NS,2025-09-12,2999.18,3008.51,0.31
TCS.NS,2025-09-15,2989.12,2987.87,0.042
TCS.NS,2025-09-16,2985.9,3020.32,1.14
TCS.NS,2025-09-17,2979.09,3046.34,2.207
TCS.NS,2025-09-18,2965.53,3050.08,2.772
TCS.NS,2025-09-19,2945.79,3042.88,3.191
TCS.NS,2025-09-22,2926.75,2951.28,0.831
TCS.NS,2025-09-23,2922.31,2940.34,0.613
TCS.NS,2025-09-24,2915.22,2914.41,0.028
TCS.NS,2025-09-25,2902.32,2839.52,2.212
TCS.NS,2025-09-26,2884.15,2783.55,3.614
TCS.NS,2025-09-29,2874.89,2780.67,3.389
TCS.NS,2025-09-30,2875.16,2773.27,3.674
TCS.NS,2025-10-01,2873.35,2798.05,2.691
TCS.NS,2025-10-03,2854.09,2786.24,2.435
TCS.NS,2025-10-06,2863.91,2869.29,0.187
TCS.NS,2025-10-07,2870.42,2855.17,0.534
TCS.NS,2025-10-08,2874.61,2906.54,1.099
TCS.NS,2025-10-09,2873.08,2939.67,2.265
TCS.NS,2025-10-10,2866.21,2907.6,1.423
TCS.NS,2025-10-13,2888.39,2887.34,0.036
TCS.NS,2025-10-14,2897.79,2842.31,1.952
TCS.NS,2025-10-15,2904.21,2862.06,1.473
TCS.NS,2025-10-16,2904.29,2862.93,1.445
TCS.NS,2025-10-17,2898.39,2854.74,1.529
TCS.NS,2025-10-20,2920.21,2905.82,0.495
TCS.NS,2025-10-21,2928.59,2897.63,1.069
TCS.NS,2025-10-23,2932.11,2961.71,1.0
TCS.NS,2025-10-24,2924.42,2952.08,0.937
TCS.NS,2025-10-27,2940.62,2972.99,1.089
TCS.NS,2025-10-28,2947.26,2946.97,0.01
TCS.NS,2025-10-29,2950.77,2946.68,0.139
TCS.NS,2025-10-30,2947.91,2925.19,0.777
TCS.NS,2025-10-31,2939.15,2947.06,0.269
TCS.NS,2025-11-03,2953.9,2907.36,1.601
TCS.NS,2025-11-04,2960.67,2881.72,2.74
TCS.NS,2025-11-06,2962.39,2901.67,2.092
TCS.NS,2025-11-07,2954.53,2883.27,2.472
TCS.NS,2025-11-10,2972.95,2915.45,1.972
TCS.NS,2025-11-11,2981.13,2936.46,1.521
TCS.NS,2025-11-12,2986.49,3018.19,1.05
TCS.NS,2025-11-13,2985.71,2993.03,0.245
TCS.NS,2025-11-14,2979.23,2993.32,0.471
TCS.NS,2025-11-17,3001.24,2989.66,0.387
TCS.NS,2025-11-18,3010.39,2975.11,1.186
TCS.NS,2025-11-19,3016.58,3033.51,0.558
TCS.NS,2025-11-20,3016.53,3030.72,0.468
TCS.NS,2025-11-21,3010.65,3036.31,0.845
TCS.NS,2025-11-24,3033.98,3027.25,0.222
TCS.NS,2025-11-25,3043.48,3006.04,1.245
TCS.NS,2025-11-26,3050.02,3048.16,0.061
TCS.NS,2025-11-27,3050.33,3022.81,0.91
TCS.NS,2025-11-28,3044.85,3023.68,0.7
TCS.NS,2025-12-01,3069.76,3019.73,1.657
TCS.NS,2025-12-02,3079.91,3021.95,1.918
TCS.NS,2025-12-03,3087.17,3064.64,0.735
TCS.NS,2025-12-04,3088.23,3112.05,0.766
TCS.NS,2025-12-05,3083.53,3120.73,1.192
TCS.NS,2025-12-08,3110.52,3119.09,0.275
TCS.NS,2025-12-09,3121.16,3091.91,0.946
TCS.NS,2025-12-10,3128.71,3073.5,1.796
TCS.NS,2025-12-11,3129.83,3076.11,1.746
TCS.NS,2025-12-12,3124.91,3103.67,0.684
TCS.NS,2025-12-15,3149.19,3113.02,1.162
TCS.NS,2025-12-16,3158.14,3088.83,2.244
TCS.NS,2025-12-17,3163.59,3101.07,2.016
TCS.NS,2025-12-18,3162.2,3161.78,0.013
TCS.NS,2025-12-19,3154.36,3162.94,0.271
TCS.NS,2025-12-22,3167.79,3204.28,1.139
TCS.NS,2025-12-23,3172.59,3189.92,0.543
TCS.NS,2025-12-24,3173.73,3198.6,0.777
TCS.NS,2025-12-26,3155.73,3161.01,0.167
TCS.NS,2025-12-29,3156.94,3133.54,0.747
TCS.NS,2025-12-30,3158.28,3129.02,0.935
TCS.NS,2025-12-31,3156.39,3089.89,2.152
TCS.NS,2026-01-01,3148.1,3110.32,1.215
TCS.NS,2026-01-02,3133.94,3132.77,0.037
TCS.NS,2026-01-05,3133.11,3099.43,1.087
TCS.NS,2026-01-06,3135.05,3137.69,0.084
TCS.NS,2026-01-07,3134.39,3176.04,1.312
TCS.NS,2026-01-08,3127.88,3087.67,1.302
TCS.NS,2026-01-09,3116.01,3091.43,0.795
TCS.NS,2026-01-12,3124.1,3122.08,0.065
TCS.NS,2026-01-13,3129.33,3149.45,0.639
TCS.NS,2026-01-14,3131.88,3076.68,1.794
TCS.NS,2026-01-15,3128.38,3076.68,1.68
TCS.NS,2026-01-16,3119.16,3146.55,0.87
TCS.NS,2026-01-19,3131.76,3104.26,0.886
TCS.NS,2026-01-20,3136.91,3044.11,3.049
TCS.NS,2026-01-21,3138.43,3064.03,2.428
TCS.NS,2026-01-22,3132.88,3091.31,1.345
TCS.NS,2026-01-23,3120.53,3103.18,0.559
TCS.NS,2026-01-27,3114.82,3098.76,0.518
TCS.NS,2026-01-28,3107.96,3140.07,1.023
TCS.NS,2026-01-29,3093.18,3085.42,0.252
TCS.NS,2026-01-30,3070.89,3065.3,0.182
TCS.NS,2026-02-02,3035.02,3110.15,2.415
TCS.NS,2026-02-03,3021.62,3164.8,4.524
TCS.NS,2026-02-04,3003.82,2942.84,2.072
TCS.NS,2026-02-05,2978.49,2935.39,1.468
TCS.NS,2026-02-06,2946.21,2886.42,2.071
TCS.NS,2026-02-09,2885.47,2892.9,0.257
TCS.NS,2026-02-10,2865.98,2928.62,2.139
TCS.NS,2026-02-11,2843.39,2855.22,0.414
TCS.NS,2026-02-12,2814.62,2698.51,4.303
TCS.NS,2026-02-13,2780.32,2641.7,5.247
TCS.NS,2026-02-16,2721.91,2655.83,2.488
TCS.NS,2026-02-17,2705.84,2666.43,1.478
TCS.NS,2026-02-18,2687.84,2644.35,1.645
TCS.NS,2026-02-19,2664.68,2627.67,1.409
TCS.NS,2026-02-20,2636.87,2635.81,0.04
TCS.NS,2026-02-23,2601.46,2626.1,0.938
TCS.NS,2026-02-24,2593.59,2525.42,2.699
TCS.NS,2026-02-25,2583.72,2579.98,0.145
TCS.NS,2026-02-26,2568.47,2598.04,1.138
TCS.NS,2026-02-27,2548.15,2587.93,1.537
TCS.NS,2026-03-02,2531.3,2564.48,1.294
TCS.NS,2026-03-04,2521.69,2539.26,0.692
TCS.NS,2026-03-05,2509.08,2530.43,0.844
TCS.NS,2026-03-06,2490.46,2509.63,0.764
TCS.NS,2026-03-09,2473.66,2479.99,0.255
TCS.NS,2026-03-10,2468.99,2465.96,0.123
TCS.NS,2026-03-11,2460.96,2418.66,1.749
TCS.NS,2026-03-12,2446.31,2396.59,2.075
TCS.NS,2026-03-13,2425.55,2365.28,2.548
TCS.NS,2026-03-16,2403.61,2364.01,1.675
TCS.NS,2026-03-17,2398.25,2346.84,2.191
TCS.NS,2026-03-18,2390.3,2395.02,0.197
TCS.NS,2026-03-19,2376.64,2311.81,2.804
TCS.NS,2026-03-20,2357.91,2345.76,0.518
TCS.NS,2026-03-23,2348.85,2339.09,0.417
TCS.NS,2026-03-24,2350.11,2353.8,0.157
TCS.NS,2026-03-25,2349.88,2332.81,0.732
TCS.NS,2026-03-27,2335.86,2344.97,0.389
TCS.NS,2026-03-30,2359.41,2314.65,1.934
TCS.NS,2026-04-01,2383.21,2363.03,0.854
TCS.NS,2026-04-02,2389.31,2404.73,0.641
TCS.NS,2026-04-06,2439.76,2427.5,0.505
TCS.NS,2026-04-07,2458.38,2492.16,1.355
TCS.NS,2026-04-08,2473.84,2511.2,1.488
TCS.NS,2026-04-09,2482.57,2540.44,2.278
TCS.NS,2026-04-10,2484.76,2476.95,0.315
TCS.NS,2026-04-13,2525.37,2426.22,4.087
TCS.NS,2026-04-15,2544.98,2506.98,1.516
TCS.NS,2026-04-16,2544.18,2528.56,0.618
TCS.NS,2026-04-17,2535.51,2533.08,0.096
TCS.NS,2026-04-20,2537.92,2531.21,0.265
TCS.NS,2026-04-21,2536.35,2561.53,0.983
TCS.NS,2026-04-22,2529.91,2490.88,1.567
TCS.NS,2026-04-23,2515.46,2474.5,1.655
TCS.NS,2026-04-24,2493.62,2351.94,6.024
TCS.NS,2026-04-27,2461.79,2401.69,2.502
TCS.NS,2026-04-28,2451.27,2398.84,2.186
TCS.NS,2026-04-29,2437.39,2428.28,0.375
TCS.NS,2026-04-30,2417.12,2427.5,0.427
TCS.NS,2026-05-01,2391.15,2427.5,1.497
TCS.NS,2026-05-04,2357.29,2385.69,1.191
TCS.NS,2026-05-05,2349.39,2381.77,1.359
TCS.NS,2026-05-06,2339.61,2389.72,2.097
TCS.NS,2026-05-07,2324.78,2356.35,1.34
TCS.NS,2026-05-08,2305.41,2349.49,1.876
TCS.NS,2026-05-11,2296.18,2348.01,2.208
TCS.NS,2026-05-12,2297.34,2257.15,1.78
TCS.NS,2026-05-13,2296.66,2230.17,2.982
TCS.NS,2026-05-14,2290.72,2203.87,3.941
TCS.NS,2026-05-15,2279.83,2221.53,2.624
TCS.NS,2026-05-18,2291.64,2240.37,2.288
TCS.NS,2026-05-19,2297.84,2283.45,0.63
TCS.NS,2026-05-20,2301.03,2283.74,0.757
TCS.NS,2026-05-21,2297.74,2283.55,0.622
TCS.NS,2026-05-22,2288.24,2273.83,0.634
TCS.NS,2026-05-25,2296.96,2295.61,0.059
TCS.NS,2026-05-26,2299.95,2263.79,1.597
TCS.NS,2026-05-27,2299.02,2271.74,1.201
TCS.NS,2026-05-28,2290.85,2271.74,0.841
TCS.NS,2026-05-29,2275.88,2246.58,1.304
TCS.NS,2026-06-01,2266.37,2284.87,0.81
TCS.NS,2026-06-02,2263.28,2433.56,6.997
TCS.NS,2026-06-03,2256.56,2229.48,1.215
TCS.NS,2026-06-04,2243.05,2228.78,0.64
TCS.NS,2026-06-05,2223.31,2186.91,1.664
TCS.NS,2026-06-08,2204.02,2139.67,3.008
TCS.NS,2026-06-09,2199.39,2139.27,2.81
TCS.NS,2026-06-10,2192.05,2142.15,2.329
TCS.NS,2026-06-11,2178.8,2123.95,2.582
TCS.NS,2026-06-12,2160.18,2149.61,0.492
TCS.NS,2026-06-15,2148.57,2150.21,0.076
TCS.NS,2026-06-16,2147.59,2187.01,1.802
TCS.NS,2026-06-17,2144.2,2210.88,3.016
TCS.NS,2026-06-18,2135.09,2191.29,2.564
TCS.NS,2026-06-19,2120.63,2113.41,0.342
TCS.NS,2026-06-22,2120.21,2116.2,0.19
TCS.NS,2026-06-23,2122.08,2048.37,3.599
TCS.NS,2026-06-24,2120.91,2097.5,1.116
TCS.NS,2026-06-25,2113.3,2083.28,1.441
TCS.NS,2026-06-26,2099.56,2083.28,0.782
TCS.NS,2026-06-29,2096.25,2086.46,0.469
TCS.NS,2026-06-30,2095.48,2020.42,3.715
TCS.NS,2026-07-01,2090.92,1971.79,6.042
TCS.NS,2026-07-02,2079.2,2056.82,1.088
TCS.NS,2026-07-03,2060.74,2082.08,1.025
TCS.NS,2026-07-06,2040.69,2046.38,0.278
TCS.NS,2026-07-07,2033.9,2084.67,2.435
TCS.NS,2026-07-08,2023.31,2046.28,1.123
TCS.NS,2026-07-09,2005.7,2038.32,1.601
TCS.NS,2026-07-10,1981.61,2057.72,3.699
TCS.NS,2026-07-13,1947.36,2169.6,10.244
TCS.NS,2026-07-14,1937.06,2188.6,11.493
TCS.NS,2026-07-15,1923.68,2189.2,12.129
TCS.NS,2026-07-16,1904.06,2201.0,13.491
TCS.NS,2026-07-17,1878.76,2269.0,17.199
TCS.NS,2026-07-20,1845.66,2251.1,18.011
TCS.NS,2026-07-21,1837.25,2221.1,17.282
TCS.NS,2026-07-22,1826.43,2208.3,17.292
TCS.NS,2026-07-23,1809.96,2242.9,19.303
TCS.NS,2026-07-24,1788.33,2254.3,20.67
TECHM.NS,2025-07-24,1452.12,1445.51,0.457
TECHM.NS,2025-07-25,1441.33,1410.11,2.214
TECHM.NS,2025-07-28,1432.99,1399.21,2.414
TECHM.NS,2025-07-29,1431.34,1402.29,2.071
TECHM.NS,2025-07-30,1428.22,1411.36,1.195
TECHM.NS,2025-07-31,1419.45,1411.84,0.539
TECHM.NS,2025-08-01,1412.98,1387.83,1.813
TECHM.NS,2025-08-04,1417.85,1422.74,0.344
TECHM.NS,2025-08-05,1420.44,1432.77,0.861
TECHM.NS,2025-08-06,1421.35,1407.31,0.998
TECHM.NS,2025-08-07,1416.37,1429.49,0.918
TECHM.NS,2025-08-08,1413.37,1427.95,1.021
TECHM.NS,2025-08-11,1426.53,1428.63,0.147
TECHM.NS,2025-08-12,1431.1,1455.83,1.699
TECHM.NS,2025-08-13,1433.62,1452.93,1.329
TECHM.NS,2025-08-14,1429.87,1434.03,0.29
TECHM.NS,2025-08-18,1441.78,1419.08,1.6
TECHM.NS,2025-08-19,1446.17,1443.67,0.173
TECHM.NS,2025-08-20,1448.34,1470.1,1.48
TECHM.NS,2025-08-21,1444.12,1467.4,1.587
TECHM.NS,2025-08-22,1441.44,1451.68,0.705
TECHM.NS,2025-08-25,1453.56,1473.0,1.32
TECHM.NS,2025-08-26,1457.33,1448.98,0.576
TECHM.NS,2025-08-28,1454.12,1442.61,0.798
TECHM.NS,2025-08-29,1450.91,1428.92,1.539
TECHM.NS,2025-09-01,1461.53,1452.16,0.645
TECHM.NS,2025-09-02,1464.77,1459.2,0.381
TECHM.NS,2025-09-03,1465.76,1454.77,0.756
TECHM.NS,2025-09-04,1460.31,1447.24,0.903
TECHM.NS,2025-09-05,1456.34,1425.54,2.161
TECHM.NS,2025-09-08,1463.82,1408.95,3.894
TECHM.NS,2025-09-09,1465.68,1445.12,1.423
TECHM.NS,2025-09-10,1465.11,1471.94,0.464
TECHM.NS,2025-09-11,1457.92,1467.31,0.64
TECHM.NS,2025-09-12,1452.03,1471.45,1.32
TECHM.NS,2025-09-15,1452.95,1465.96,0.887
TECHM.NS,2025-09-16,1452.45,1477.24,1.678
TECHM.NS,2025-09-17,1449.5,1492.39,2.874
TECHM.NS,2025-09-18,1439.95,1495.76,3.731
TECHM.NS,2025-09-19,1431.78,1498.75,4.468
TECHM.NS,2025-09-22,1426.82,1452.07,1.739
TECHM.NS,2025-09-23,1424.85,1419.75,0.359
TECHM.NS,2025-09-24,1420.76,1400.94,1.414
TECHM.NS,2025-09-25,1410.43,1393.13,1.242
TECHM.NS,2025-09-26,1401.89,1357.83,3.245
TECHM.NS,2025-09-29,1398.34,1360.72,2.765
TECHM.NS,2025-09-30,1397.7,1350.69,3.48
TECHM.NS,2025-10-01,1395.36,1365.83,2.162
TECHM.NS,2025-10-03,1381.09,1350.98,2.229
TECHM.NS,2025-10-06,1386.55,1388.31,0.127
TECHM.NS,2025-10-07,1389.24,1387.92,0.095
TECHM.NS,2025-10-08,1390.26,1406.54,1.157
TECHM.NS,2025-10-09,1385.4,1414.64,2.067
TECHM.NS,2025-10-10,1382.57,1405.57,1.637
TECHM.NS,2025-10-13,1396.4,1399.5,0.221
TECHM.NS,2025-10-14,1401.23,1415.99,1.042
TECHM.NS,2025-10-15,1403.98,1407.31,0.237
TECHM.NS,2025-10-16,1400.4,1411.94,0.817
TECHM.NS,2025-10-17,1398.37,1396.31,0.147
TECHM.NS,2025-10-20,1411.7,1407.81,0.276
TECHM.NS,2025-10-21,1415.42,1412.01,0.242
TECHM.NS,2025-10-23,1411.14,1426.33,1.065
TECHM.NS,2025-10-24,1406.88,1416.88,0.706
TECHM.NS,2025-10-27,1412.25,1425.75,0.947
TECHM.NS,2025-10-28,1413.15,1410.74,0.171
TECHM.NS,2025-10-29,1411.6,1415.42,0.27
TECHM.NS,2025-10-30,1403.48,1397.48,0.429
TECHM.NS,2025-10-31,1396.79,1388.32,0.61
TECHM.NS,2025-11-03,1396.84,1383.84,0.94
TECHM.NS,2025-11-04,1396.82,1373.51,1.697
TECHM.NS,2025-11-06,1386.81,1377.8,0.654
TECHM.NS,2025-11-07,1380.76,1351.58,2.159
TECHM.NS,2025-11-10,1385.92,1362.4,1.727
TECHM.NS,2025-11-11,1388.6,1372.34,1.185
TECHM.NS,2025-11-12,1389.76,1419.22,2.076
TECHM.NS,2025-11-13,1385.25,1414.64,2.077
TECHM.NS,2025-11-14,1383.05,1402.75,1.404
TECHM.NS,2025-11-17,1401.02,1416.0,1.058
TECHM.NS,2025-11-18,1408.14,1385.98,1.599
TECHM.NS,2025-11-19,1413.7,1397.58,1.153
TECHM.NS,2025-11-20,1413.48,1419.12,0.398
TECHM.NS,2025-11-21,1415.37,1424.48,0.64
TECHM.NS,2025-11-24,1443.92,1456.84,0.887
TECHM.NS,2025-11-25,1453.82,1456.84,0.207
TECHM.NS,2025-11-26,1461.72,1481.89,1.361
TECHM.NS,2025-11-27,1463.38,1471.56,0.556
TECHM.NS,2025-11-28,1466.69,1478.87,0.823
TECHM.NS,2025-12-01,1496.57,1490.76,0.39
TECHM.NS,2025-12-02,1505.99,1497.78,0.548
TECHM.NS,2025-12-03,1512.99,1502.65,0.688
TECHM.NS,2025-12-04,1513.35,1522.73,0.616
TECHM.NS,2025-12-05,1515.0,1531.01,1.046
TECHM.NS,2025-12-08,1538.16,1551.48,0.859
TECHM.NS,2025-12-09,1544.9,1522.05,1.502
TECHM.NS,2025-12-10,1549.08,1511.52,2.485
TECHM.NS,2025-12-11,1546.51,1528.48,1.18
TECHM.NS,2025-12-12,1545.17,1538.42,0.439
TECHM.NS,2025-12-15,1559.35,1535.5,1.553
TECHM.NS,2025-12-16,1563.2,1538.23,1.624
TECHM.NS,2025-12-17,1564.59,1539.4,1.637
TECHM.NS,2025-12-18,1559.35,1564.93,0.357
TECHM.NS,2025-12-19,1555.48,1571.66,1.029
TECHM.NS,2025-12-22,1563.11,1604.99,2.609
TECHM.NS,2025-12-23,1565.17,1591.64,1.663
TECHM.NS,2025-12-24,1564.98,1590.18,1.584
TECHM.NS,2025-12-26,1553.42,1571.46,1.148
TECHM.NS,2025-12-29,1559.3,1571.56,0.78
TECHM.NS,2025-12-30,1561.33,1563.96,0.168
TECHM.NS,2025-12-31,1561.41,1550.6,0.697
TECHM.NS,2026-01-01,1555.4,1566.98,0.739
TECHM.NS,2026-01-02,1551.3,1571.17,1.265
TECHM.NS,2026-01-05,1561.69,1556.45,0.337
TECHM.NS,2026-01-06,1565.83,1561.23,0.295
TECHM.NS,2026-01-07,1568.3,1584.04,0.993
TECHM.NS,2026-01-08,1564.95,1537.93,1.757
TECHM.NS,2026-01-09,1563.75,1542.12,1.402
TECHM.NS,2026-01-12,1583.83,1545.93,2.452
TECHM.NS,2026-01-13,1591.39,1573.9,1.111
TECHM.NS,2026-01-14,1597.25,1548.27,3.164
TECHM.NS,2026-01-15,1597.22,1548.27,3.162
TECHM.NS,2026-01-16,1599.17,1628.19,1.782
TECHM.NS,2026-01-19,1627.0,1674.78,2.853
TECHM.NS,2026-01-20,1636.28,1635.99,0.018
TECHM.NS,2026-01-21,1643.31,1643.98,0.041
TECHM.NS,2026-01-22,1643.81,1644.66,0.052
TECHM.NS,2026-01-23,1645.6,1658.01,0.749
TECHM.NS,2026-01-27,1673.99,1700.9,1.582
TECHM.NS,2026-01-28,1676.69,1718.25,2.419
TECHM.NS,2026-01-29,1671.98,1723.61,2.995
TECHM.NS,2026-01-30,1667.71,1698.95,1.839
TECHM.NS,2026-02-02,1667.51,1680.33,0.763
TECHM.NS,2026-02-03,1664.46,1673.02,0.512
TECHM.NS,2026-02-04,1657.82,1603.63,3.379
TECHM.NS,2026-02-05,1643.4,1604.5,2.424
TECHM.NS,2026-02-06,1629.2,1578.87,3.188
TECHM.NS,2026-02-09,1599.26,1580.62,1.179
TECHM.NS,2026-02-10,1586.81,1602.94,1.007
TECHM.NS,2026-02-11,1571.27,1593.0,1.364
TECHM.NS,2026-02-12,1548.6,1497.68,3.4
TECHM.NS,2026-02-13,1526.92,1495.54,2.099
TECHM.NS,2026-02-16,1480.36,1474.38,0.405
TECHM.NS,2026-02-17,1464.62,1485.2,1.386
TECHM.NS,2026-02-18,1447.01,1466.69,1.341
TECHM.NS,2026-02-19,1423.53,1441.83,1.269
TECHM.NS,2026-02-20,1402.31,1420.0,1.246
TECHM.NS,2026-02-23,1364.54,1404.4,2.838
TECHM.NS,2026-02-24,1353.99,1311.32,3.254
TECHM.NS,2026-02-25,1342.57,1327.31,1.15
TECHM.NS,2026-02-26,1326.17,1327.31,0.086
TECHM.NS,2026-02-27,1312.78,1323.41,0.803
TECHM.NS,2026-03-02,1301.6,1311.32,0.741
TECHM.NS,2026-03-04,1298.46,1316.98,1.406
TECHM.NS,2026-03-05,1291.34,1299.53,0.63
TECHM.NS,2026-03-06,1286.96,1297.97,0.848
TECHM.NS,2026-03-09,1299.98,1302.45,0.19
TECHM.NS,2026-03-10,1305.63,1302.75,0.221
TECHM.NS,2026-03-11,1309.66,1300.6,0.697
TECHM.NS,2026-03-12,1307.77,1315.61,0.596
TECHM.NS,2026-03-13,1307.81,1299.04,0.675
TECHM.NS,2026-03-16,1329.19,1305.57,1.809
TECHM.NS,2026-03-17,1336.12,1307.81,2.164
TECHM.NS,2026-03-18,1340.77,1350.11,0.692
TECHM.NS,2026-03-19,1338.93,1306.64,2.471
TECHM.NS,2026-03-20,1338.52,1349.72,0.83
TECHM.NS,2026-03-23,1356.56,1348.94,0.565
TECHM.NS,2026-03-24,1362.03,1396.41,2.462
TECHM.NS,2026-03-25,1365.22,1372.82,0.554
TECHM.NS,2026-03-27,1360.32,1356.35,0.293
TECHM.NS,2026-03-30,1376.02,1348.94,2.007
TECHM.NS,2026-04-01,1384.59,1368.93,1.144
TECHM.NS,2026-04-02,1381.76,1404.99,1.653
TECHM.NS,2026-04-06,1399.63,1412.79,0.931
TECHM.NS,2026-04-07,1406.12,1436.08,2.086
TECHM.NS,2026-04-08,1410.6,1414.64,0.285
TECHM.NS,2026-04-09,1408.84,1424.58,1.105
TECHM.NS,2026-04-10,1408.72,1403.72,0.356
TECHM.NS,2026-04-13,1428.31,1399.04,2.092
TECHM.NS,2026-04-15,1437.64,1446.22,0.593
TECHM.NS,2026-04-16,1434.3,1453.23,1.303
TECHM.NS,2026-04-17,1432.08,1473.12,2.786
TECHM.NS,2026-04-20,1442.42,1466.3,1.628
TECHM.NS,2026-04-21,1444.41,1462.79,1.256
TECHM.NS,2026-04-22,1443.56,1425.55,1.263
TECHM.NS,2026-04-23,1435.72,1385.49,3.625
TECHM.NS,2026-04-24,1428.87,1324.09,7.913
TECHM.NS,2026-04-27,1425.43,1360.74,4.754
TECHM.NS,2026-04-28,1423.23,1372.43,3.701
TECHM.NS,2026-04-29,1418.59,1422.82,0.298
TECHM.NS,2026-04-30,1407.43,1436.18,2.002
TECHM.NS,2026-05-01,1397.82,1436.18,2.671
TECHM.NS,2026-05-04,1390.26,1434.33,3.072
TECHM.NS,2026-05-05,1388.21,1415.42,1.922
TECHM.NS,2026-05-06,1384.52,1429.55,3.15
TECHM.NS,2026-05-07,1375.1,1411.52,2.58
TECHM.NS,2026-05-08,1368.0,1425.94,4.064
TECHM.NS,2026-05-11,1371.99,1420.49,3.414
TECHM.NS,2026-05-12,1374.86,1357.62,1.27
TECHM.NS,2026-05-13,1376.44,1340.17,2.706
TECHM.NS,2026-05-14,1372.55,1309.37,4.825
TECHM.NS,2026-05-15,1371.09,1335.79,2.643
TECHM.NS,2026-05-18,1391.42,1393.78,0.169
TECHM.NS,2026-05-19,1399.13,1429.94,2.155
TECHM.NS,2026-05-20,1405.05,1402.55,0.178
TECHM.NS,2026-05-21,1404.9,1384.03,1.508
TECHM.NS,2026-05-22,1406.49,1386.18,1.465
TECHM.NS,2026-05-25,1431.25,1399.14,2.295
TECHM.NS,2026-05-26,1438.76,1421.75,1.196
TECHM.NS,2026-05-27,1443.64,1418.73,1.756
TECHM.NS,2026-05-28,1441.65,1418.73,1.615
TECHM.NS,2026-05-29,1440.64,1446.31,0.392
TECHM.NS,2026-06-01,1453.83,1504.11,3.343
TECHM.NS,2026-06-02,1456.55,1531.6,4.9
TECHM.NS,2026-06-03,1456.37,1435.01,1.489
TECHM.NS,2026-06-04,1449.15,1449.63,0.033
TECHM.NS,2026-06-05,1442.88,1445.92,0.211
TECHM.NS,2026-06-08,1441.33,1465.32,1.637
TECHM.NS,2026-06-09,1439.84,1446.22,0.441
TECHM.NS,2026-06-10,1435.98,1441.44,0.379
TECHM.NS,2026-06-11,1425.66,1427.99,0.163
TECHM.NS,2026-06-12,1416.95,1393.0,1.719
TECHM.NS,2026-06-15,1412.24,1389.49,1.637
TECHM.NS,2026-06-16,1411.1,1410.15,0.067
TECHM.NS,2026-06-17,1408.22,1425.36,1.202
TECHM.NS,2026-06-18,1399.49,1411.03,0.818
TECHM.NS,2026-06-19,1392.88,1373.9,1.382
TECHM.NS,2026-06-22,1396.74,1398.85,0.151
TECHM.NS,2026-06-23,1398.86,1379.74,1.385
TECHM.NS,2026-06-24,1399.27,1424.58,1.777
TECHM.NS,2026-06-25,1393.73,1400.7,0.498
TECHM.NS,2026-06-26,1390.12,1400.7,0.755
TECHM.NS,2026-06-29,1400.79,1397.48,0.237
TECHM.NS,2026-06-30,1404.19,1369.12,2.561
TECHM.NS,2026-07-01,1405.28,1327.7,5.843
TECHM.NS,2026-07-02,1399.8,1385.3,1.047
TECHM.NS,2026-07-03,1395.6,1410.1,1.028
TECHM.NS,2026-07-06,1400.69,1406.5,0.413
TECHM.NS,2026-07-07,1401.08,1447.5,3.207
TECHM.NS,2026-07-08,1398.68,1428.8,2.108
TECHM.NS,2026-07-09,1389.31,1426.3,2.593
TECHM.NS,2026-07-10,1380.9,1454.8,5.08
TECHM.NS,2026-07-13,1372.47,1504.5,8.776
TECHM.NS,2026-07-14,1368.41,1484.3,7.808
TECHM.NS,2026-07-15,1361.75,1498.7,9.138
TECHM.NS,2026-07-16,1348.41,1510.3,10.719
TECHM.NS,2026-07-17,1336.42,1572.9,15.035
TECHM.NS,2026-07-20,1320.33,1576.4,16.244
TECHM.NS,2026-07-21,1314.91,1576.3,16.583
TECHM.NS,2026-07-22,1307.55,1560.6,16.215
TECHM.NS,2026-07-23,1294.19,1555.8,16.815
TITAN.NS,2025-07-24,3421.24,3473.0,1.49
TITAN.NS,2025-07-25,3420.21,3451.47,0.906
TITAN.NS,2025-07-28,3395.66,3381.9,0.407
TITAN.NS,2025-07-29,3400.29,3368.15,0.954
TITAN.NS,2025-07-30,3414.4,3365.46,1.454
TITAN.NS,2025-07-31,3406.35,3336.35,2.098
TITAN.NS,2025-08-01,3407.99,3305.15,3.111
TITAN.NS,2025-08-04,3395.52,3345.32,1.501
TITAN.NS,2025-08-05,3405.39,3407.02,0.048
TITAN.NS,2025-08-06,3425.24,3406.52,0.549
TITAN.NS,2025-08-07,3423.37,3404.53,0.553
TITAN.NS,2025-08-08,3431.53,3448.88,0.503
TITAN.NS,2025-08-11,3439.86,3456.56,0.483
TITAN.NS,2025-08-12,3456.73,3475.4,0.537
TITAN.NS,2025-08-13,3483.44,3455.46,0.81
TITAN.NS,2025-08-14,3488.2,3477.99,0.294
TITAN.NS,2025-08-18,3526.52,3543.17,0.47
TITAN.NS,2025-08-19,3547.18,3556.43,0.26
TITAN.NS,2025-08-20,3576.81,3583.24,0.18
TITAN.NS,2025-08-21,3583.53,3604.47,0.581
TITAN.NS,2025-08-22,3598.92,3609.16,0.284
TITAN.NS,2025-08-25,3619.08,3639.46,0.56
TITAN.NS,2025-08-26,3636.19,3582.25,1.506
TITAN.NS,2025-08-28,3661.99,3625.8,0.998
TITAN.NS,2025-08-29,3670.42,3616.93,1.479
TITAN.NS,2025-09-01,3663.75,3606.77,1.58
TITAN.NS,2025-09-02,3670.23,3608.76,1.703
TITAN.NS,2025-09-03,3683.89,3678.53,0.146
TITAN.NS,2025-09-04,3672.99,3679.03,0.164
TITAN.NS,2025-09-05,3669.29,3653.31,0.437
TITAN.NS,2025-09-08,3625.81,3646.04,0.555
TITAN.NS,2025-09-09,3620.47,3618.23,0.062
TITAN.NS,2025-09-10,3622.82,3608.76,0.39
TITAN.NS,2025-09-11,3601.31,3572.48,0.807
TITAN.NS,2025-09-12,3587.87,3560.22,0.777
TITAN.NS,2025-09-15,3521.93,3522.54,0.017
TITAN.NS,2025-09-16,3511.78,3545.17,0.942
TITAN.NS,2025-09-17,3510.85,3511.48,0.018
TITAN.NS,2025-09-18,3487.64,3499.82,0.348
TITAN.NS,2025-09-19,3474.15,3455.86,0.529
TITAN.NS,2025-09-22,3417.89,3446.19,0.821
TITAN.NS,2025-09-23,3414.16,3427.95,0.402
TITAN.NS,2025-09-24,3421.1,3407.12,0.41
TITAN.NS,2025-09-25,3407.14,3367.45,1.179
TITAN.NS,2025-09-26,3404.11,3316.42,2.644
TITAN.NS,2025-09-29,3384.96,3390.08,0.151
TITAN.NS,2025-09-30,3394.89,3355.99,1.159
TITAN.NS,2025-10-01,3415.79,3397.15,0.549
TITAN.NS,2025-10-03,3426.79,3442.01,0.442
TITAN.NS,2025-10-06,3446.76,3414.2,0.954
TITAN.NS,2025-10-07,3468.18,3407.02,1.795
TITAN.NS,2025-10-08,3499.56,3553.94,1.53
TITAN.NS,2025-10-09,3508.96,3538.99,0.848
TITAN.NS,2025-10-10,3527.91,3520.35,0.215
TITAN.NS,2025-10-13,3563.65,3522.04,1.181
TITAN.NS,2025-10-14,3587.47,3525.83,1.748
TITAN.NS,2025-10-15,3619.84,3537.39,2.331
TITAN.NS,2025-10-16,3628.88,3628.39,0.013
TITAN.NS,2025-10-17,3646.19,3662.78,0.453
TITAN.NS,2025-10-20,3670.52,3724.98,1.462
TITAN.NS,2025-10-21,3688.85,3716.8,0.752
TITAN.NS,2025-10-23,3717.65,3759.96,1.125
TITAN.NS,2025-10-24,3728.21,3702.75,0.688
TITAN.NS,2025-10-27,3732.46,3727.57,0.131
TITAN.NS,2025-10-28,3744.65,3704.84,1.074
TITAN.NS,2025-10-29,3765.3,3736.04,0.783
TITAN.NS,2025-10-30,3762.81,3738.43,0.652
TITAN.NS,2025-10-31,3769.03,3734.45,0.926
TITAN.NS,2025-11-03,3764.88,3712.32,1.416
TITAN.NS,2025-11-04,3775.84,3801.03,0.663
TITAN.NS,2025-11-06,3793.71,3762.06,0.841
TITAN.NS,2025-11-07,3800.74,3756.97,1.165
TITAN.NS,2025-11-10,3801.62,3790.56,0.292
TITAN.NS,2025-11-11,3814.72,3799.93,0.389
TITAN.NS,2025-11-12,3837.04,3838.5,0.038
TITAN.NS,2025-11-13,3836.79,3826.64,0.265
TITAN.NS,2025-11-14,3845.61,3816.68,0.758
TITAN.NS,2025-11-17,3849.21,3855.95,0.175
TITAN.NS,2025-11-18,3862.02,3866.51,0.116
TITAN.NS,2025-11-19,3883.34,3920.24,0.941
TITAN.NS,2025-11-20,3881.32,3889.64,0.214
TITAN.NS,2025-11-21,3887.62,3891.43,0.098
TITAN.NS,2025-11-24,3879.31,3861.63,0.458
TITAN.NS,2025-11-25,3886.89,3842.49,1.155
TITAN.NS,2025-11-26,3902.5,3884.95,0.452
TITAN.NS,2025-11-27,3894.43,3890.53,0.1
TITAN.NS,2025-11-28,3894.45,3894.92,0.012
TITAN.NS,2025-12-01,3867.52,3882.16,0.377
TITAN.NS,2025-12-02,3869.51,3873.09,0.092
TITAN.NS,2025-12-03,3880.11,3805.31,1.966
TITAN.NS,2025-12-04,3867.75,3787.97,2.106
TITAN.NS,2025-12-05,3864.35,3800.83,1.671
TITAN.NS,2025-12-08,3833.57,3754.68,2.101
TITAN.NS,2025-12-09,3836.69,3836.41,0.007
TITAN.NS,2025-12-10,3849.7,3833.12,0.432
TITAN.NS,2025-12-11,3841.06,3832.23,0.231
TITAN.NS,2025-12-12,3842.64,3867.51,0.643
TITAN.NS,2025-12-15,3833.77,3853.56,0.513
TITAN.NS,2025-12-16,3846.17,3916.65,1.799
TITAN.NS,2025-12-17,3869.2,3895.12,0.665
TITAN.NS,2025-12-18,3871.14,3906.48,0.905
TITAN.NS,2025-12-19,3883.69,3917.25,0.857
TITAN.NS,2025-12-22,3907.91,3920.93,0.332
TITAN.NS,2025-12-23,3930.68,3912.96,0.453
TITAN.NS,2025-12-24,3963.4,3896.51,1.717
TITAN.NS,2025-12-26,3994.44,3978.94,0.389
TITAN.NS,2025-12-29,4033.87,3970.67,1.592
TITAN.NS,2025-12-30,4058.65,3961.1,2.463
TITAN.NS,2025-12-31,4091.71,4038.25,1.324
TITAN.NS,2026-01-01,4101.11,4036.06,1.612
TITAN.NS,2026-01-02,4118.35,4038.45,1.979
TITAN.NS,2026-01-05,4139.01,4066.36,1.787
TITAN.NS,2026-01-06,4154.63,4098.35,1.373
TITAN.NS,2026-01-07,4177.34,4259.22,1.923
TITAN.NS,2026-01-08,4175.34,4235.1,1.411
TITAN.NS,2026-01-09,4180.35,4188.06,0.184
TITAN.NS,2026-01-12,4161.52,4217.76,1.333
TITAN.NS,2026-01-13,4163.84,4225.34,1.455
TITAN.NS,2026-01-14,4173.56,4207.69,0.811
TITAN.NS,2026-01-15,4159.13,4207.69,1.154
TITAN.NS,2026-01-16,4152.5,4183.17,0.733
TITAN.NS,2026-01-19,4105.41,4130.55,0.609
TITAN.NS,2026-01-20,4101.09,4062.17,0.958
TITAN.NS,2026-01-21,4105.78,4065.86,0.982
TITAN.NS,2026-01-22,4088.02,4005.46,2.061
TITAN.NS,2026-01-23,4079.8,4008.65,1.775
TITAN.NS,2026-01-27,4039.53,3983.93,1.396
TITAN.NS,2026-01-28,4051.08,3962.2,2.243
TITAN.NS,2026-01-29,4041.61,3926.81,2.923
TITAN.NS,2026-01-30,4042.95,3964.39,1.982
TITAN.NS,2026-02-02,4036.05,3940.27,2.431
TITAN.NS,2026-02-03,4049.72,4055.29,0.137
TITAN.NS,2026-02-04,4074.17,4130.45,1.362
TITAN.NS,2026-02-05,4077.58,4084.2,0.162
TITAN.NS,2026-02-06,4091.56,4127.46,0.87
TITAN.NS,2026-02-09,4118.91,4243.87,2.945
TITAN.NS,2026-02-10,4142.08,4255.14,2.657
TITAN.NS,2026-02-11,4174.76,4235.2,1.427
TITAN.NS,2026-02-12,4184.98,4261.82,1.803
TITAN.NS,2026-02-13,4204.22,4165.53,0.929
TITAN.NS,2026-02-16,4237.14,4167.43,1.673
TITAN.NS,2026-02-17,4258.59,4222.54,0.854
TITAN.NS,2026-02-18,4287.77,4234.7,1.253
TITAN.NS,2026-02-19,4292.74,4184.47,2.587
TITAN.NS,2026-02-20,4305.04,4222.54,1.954
TITAN.NS,2026-02-23,4308.06,4258.73,1.158
TITAN.NS,2026-02-24,4316.99,4280.45,0.854
TITAN.NS,2026-02-25,4332.66,4310.85,0.506
TITAN.NS,2026-02-26,4323.32,4328.4,0.117
TITAN.NS,2026-02-27,4320.72,4313.35,0.171
TITAN.NS,2026-03-02,4277.77,4256.33,0.504
TITAN.NS,2026-03-04,4272.95,4190.65,1.964
TITAN.NS,2026-03-05,4249.94,4261.22,0.265
TITAN.NS,2026-03-06,4234.65,4230.72,0.093
TITAN.NS,2026-03-09,4161.38,4145.6,0.381
TITAN.NS,2026-03-10,4148.34,4206.3,1.378
TITAN.NS,2026-03-11,4144.37,4126.76,0.427
TITAN.NS,2026-03-12,4118.04,4116.09,0.047
TITAN.NS,2026-03-13,4101.38,4059.88,1.022
TITAN.NS,2026-03-16,4035.95,4077.42,1.017
TITAN.NS,2026-03-17,4029.48,4077.12,1.169
TITAN.NS,2026-03-18,4033.95,4131.94,2.372
TITAN.NS,2026-03-19,4017.85,4024.69,0.17
TITAN.NS,2026-03-20,4013.08,4093.17,1.957
TITAN.NS,2026-03-23,3991.76,3840.5,3.939
TITAN.NS,2026-03-24,4002.17,3886.75,2.97
TITAN.NS,2026-03-25,4024.26,4026.09,0.045
TITAN.NS,2026-03-27,4039.89,3968.48,1.799
TITAN.NS,2026-03-30,4072.85,3938.48,3.412
TITAN.NS,2026-04-01,4138.36,4052.2,2.126
TITAN.NS,2026-04-02,4155.25,4083.8,1.75
TITAN.NS,2026-04-06,4245.82,4232.21,0.322
TITAN.NS,2026-04-07,4279.59,4216.76,1.49
TITAN.NS,2026-04-08,4322.03,4477.81,3.479
TITAN.NS,2026-04-09,4341.1,4425.28,1.902
TITAN.NS,2026-04-10,4368.26,4490.27,2.717
TITAN.NS,2026-04-13,4419.12,4424.78,0.128
TITAN.NS,2026-04-15,4477.0,4507.41,0.675
TITAN.NS,2026-04-16,4484.29,4446.81,0.843
TITAN.NS,2026-04-17,4498.12,4511.1,0.288
TITAN.NS,2026-04-20,4501.69,4498.24,0.077
TITAN.NS,2026-04-21,4509.74,4465.05,1.001
TITAN.NS,2026-04-22,4524.14,4440.03,1.894
TITAN.NS,2026-04-23,4513.23,4441.92,1.605
TITAN.NS,2026-04-24,4508.86,4395.58,2.577
TITAN.NS,2026-04-27,4460.07,4427.27,0.741
TITAN.NS,2026-04-28,4452.12,4402.55,1.126
TITAN.NS,2026-04-29,4451.56,4425.28,0.594
TITAN.NS,2026-04-30,4426.89,4370.86,1.282
TITAN.NS,2026-05-01,4410.08,4370.86,0.897
TITAN.NS,2026-05-04,4333.07,4348.73,0.36
TITAN.NS,2026-05-05,4318.94,4359.3,0.926
TITAN.NS,2026-05-06,4313.85,4345.34,0.725
TITAN.NS,2026-05-07,4286.3,4293.41,0.166
TITAN.NS,2026-05-08,4268.23,4494.25,5.029
TITAN.NS,2026-05-11,4196.36,4191.85,0.108
TITAN.NS,2026-05-12,4186.62,4042.04,3.577
TITAN.NS,2026-05-13,4187.04,4077.32,2.691
TITAN.NS,2026-05-14,4166.01,4121.68,1.076
TITAN.NS,2026-05-15,4155.3,4155.46,0.004
TITAN.NS,2026-05-18,4109.19,4156.06,1.128
TITAN.NS,2026-05-19,4108.75,4088.58,0.493
TITAN.NS,2026-05-20,4118.62,4092.97,0.627
TITAN.NS,2026-05-21,4107.04,4069.75,0.916
TITAN.NS,2026-05-22,4105.67,4066.46,0.964
TITAN.NS,2026-05-25,4085.95,4145.6,1.439
TITAN.NS,2026-05-26,4093.52,4092.47,0.026
TITAN.NS,2026-05-27,4110.92,4124.37,0.326
TITAN.NS,2026-05-28,4106.36,4124.37,0.437
TITAN.NS,2026-05-29,4111.5,4061.57,1.229
TITAN.NS,2026-06-01,4108.25,4011.44,2.413
TITAN.NS,2026-06-02,4120.38,4064.76,1.368
TITAN.NS,2026-06-03,4141.93,4075.43,1.632
TITAN.NS,2026-06-04,4141.16,4217.16,1.802
TITAN.NS,2026-06-05,4149.79,4246.27,2.272
TITAN.NS,2026-06-08,4155.73,4178.69,0.549
TITAN.NS,2026-06-09,4170.66,4091.47,1.935
TITAN.NS,2026-06-10,4194.97,4028.88,4.122
TITAN.NS,2026-06-11,4196.94,4012.04,4.609
TITAN.NS,2026-06-12,4208.33,4170.32,0.912
TITAN.NS,2026-06-15,4222.8,4269.49,1.094
TITAN.NS,2026-06-16,4240.68,4323.81,1.923
TITAN.NS,2026-06-17,4267.97,4366.17,2.249
TITAN.NS,2026-06-18,4272.94,4373.55,2.3
TITAN.NS,2026-06-19,4287.31,4405.44,2.682
TITAN.NS,2026-06-22,4310.21,4358.2,1.101
TITAN.NS,2026-06-23,4330.58,4291.22,0.917
TITAN.NS,2026-06-24,4360.11,4309.66,1.171
TITAN.NS,2026-06-25,4367.02,4277.26,2.098
TITAN.NS,2026-06-26,4382.97,4277.26,2.471
TITAN.NS,2026-06-29,4408.05,4263.21,3.397
TITAN.NS,2026-06-30,4428.16,4389.6,0.879
TITAN.NS,2026-07-01,4456.88,4384.21,1.657
TITAN.NS,2026-07-02,4462.42,4466.44,0.09
TITAN.NS,2026-07-03,4476.43,4446.51,0.673
TITAN.NS,2026-07-06,4492.31,4469.73,0.505
TITAN.NS,2026-07-07,4508.28,4589.14,1.762
TITAN.NS,2026-07-08,4532.39,4571.4,0.853
TITAN.NS,2026-07-09,4532.88,4555.8,0.503
TITAN.NS,2026-07-10,4541.45,4584.4,0.937
TITAN.NS,2026-07-13,4539.35,4601.5,1.351
TITAN.NS,2026-07-14,4548.99,4573.7,0.54
TITAN.NS,2026-07-15,4566.74,4579.4,0.276
TITAN.NS,2026-07-16,4560.9,4625.8,1.403
TITAN.NS,2026-07-17,4563.28,4638.1,1.613
TITAN.NS,2026-07-20,4544.06,4643.4,2.139
TITAN.NS,2026-07-21,4548.75,4688.7,2.985
TITAN.NS,2026-07-22,4562.03,4711.6,3.175
TITAN.NS,2026-07-23,4552.27,4697.3,3.088
ULTRACEMCO.NS,2025-07-24,12240.29,12226.5,0.113
ULTRACEMCO.NS,2025-07-25,12214.09,12250.0,0.293
ULTRACEMCO.NS,2025-07-28,12222.55,12240.0,0.143
ULTRACEMCO.NS,2025-07-29,12212.97,12221.0,0.066
ULTRACEMCO.NS,2025-07-30,12261.93,12268.0,0.049
ULTRACEMCO.NS,2025-07-31,12235.16,12249.0,0.113
ULTRACEMCO.NS,2025-08-01,12226.5,12113.0,0.937
ULTRACEMCO.NS,2025-08-04,12284.34,12257.0,0.223
ULTRACEMCO.NS,2025-08-05,12289.48,12298.0,0.069
ULTRACEMCO.NS,2025-08-06,12352.04,12226.0,1.031
ULTRACEMCO.NS,2025-08-07,12337.61,12273.0,0.526
ULTRACEMCO.NS,2025-08-08,12340.0,12157.0,1.505
ULTRACEMCO.NS,2025-08-11,12422.62,12405.0,0.142
ULTRACEMCO.NS,2025-08-12,12433.23,12449.0,0.127
ULTRACEMCO.NS,2025-08-13,12499.9,12401.0,0.798
ULTRACEMCO.NS,2025-08-14,12488.27,12317.0,1.391
ULTRACEMCO.NS,2025-08-18,12572.45,12765.0,1.508
ULTRACEMCO.NS,2025-08-19,12580.14,12863.0,2.199
ULTRACEMCO.NS,2025-08-20,12642.94,12874.0,1.795
ULTRACEMCO.NS,2025-08-21,12626.53,12870.0,1.892
ULTRACEMCO.NS,2025-08-22,12624.78,12589.0,0.284
ULTRACEMCO.NS,2025-08-25,12683.18,12606.0,0.612
ULTRACEMCO.NS,2025-08-26,12682.03,12610.0,0.571
ULTRACEMCO.NS,2025-08-28,12708.52,12521.0,1.498
ULTRACEMCO.NS,2025-08-29,12695.76,12640.0,0.441
ULTRACEMCO.NS,2025-09-01,12717.12,12826.0,0.849
ULTRACEMCO.NS,2025-09-02,12702.45,12730.0,0.216
ULTRACEMCO.NS,2025-09-03,12741.62,12733.0,0.068
ULTRACEMCO.NS,2025-09-04,12700.44,12651.0,0.391
ULTRACEMCO.NS,2025-09-05,12672.89,12601.0,0.571
ULTRACEMCO.NS,2025-09-08,12649.11,12664.0,0.118
ULTRACEMCO.NS,2025-09-09,12619.59,12572.0,0.379
ULTRACEMCO.NS,2025-09-10,12644.29,12478.0,1.333
ULTRACEMCO.NS,2025-09-11,12589.18,12392.0,1.591
ULTRACEMCO.NS,2025-09-12,12548.43,12370.0,1.442
ULTRACEMCO.NS,2025-09-15,12491.15,12435.0,0.452
ULTRACEMCO.NS,2025-09-16,12453.07,12578.0,0.993
ULTRACEMCO.NS,2025-09-17,12470.77,12721.0,1.967
ULTRACEMCO.NS,2025-09-18,12410.33,12626.0,1.708
ULTRACEMCO.NS,2025-09-19,12366.04,12508.0,1.135
ULTRACEMCO.NS,2025-09-22,12309.41,12650.0,2.692
ULTRACEMCO.NS,2025-09-23,12275.34,12401.0,1.013
ULTRACEMCO.NS,2025-09-24,12298.88,12214.0,0.695
ULTRACEMCO.NS,2025-09-25,12246.02,12141.0,0.865
ULTRACEMCO.NS,2025-09-26,12210.9,12070.0,1.167
ULTRACEMCO.NS,2025-09-29,12189.64,12041.0,1.234
ULTRACEMCO.NS,2025-09-30,12169.26,12222.0,0.432
ULTRACEMCO.NS,2025-10-01,12207.01,12095.0,0.926
ULTRACEMCO.NS,2025-10-03,12147.95,12019.0,1.073
ULTRACEMCO.NS,2025-10-06,12167.14,12055.0,0.93
ULTRACEMCO.NS,2025-10-07,12158.4,12184.0,0.21
ULTRACEMCO.NS,2025-10-08,12206.47,11991.0,1.797
ULTRACEMCO.NS,2025-10-09,12176.9,12192.0,0.124
ULTRACEMCO.NS,2025-10-10,12163.37,12281.0,0.958
ULTRACEMCO.NS,2025-10-13,12192.87,12172.0,0.171
ULTRACEMCO.NS,2025-10-14,12183.7,12070.0,0.942
ULTRACEMCO.NS,2025-10-15,12229.44,12311.0,0.662
ULTRACEMCO.NS,2025-10-16,12195.69,12358.0,1.313
ULTRACEMCO.NS,2025-10-17,12176.28,12370.0,1.566
ULTRACEMCO.NS,2025-10-20,12179.53,12346.0,1.348
ULTRACEMCO.NS,2025-10-21,12159.44,12342.0,1.479
ULTRACEMCO.NS,2025-10-23,12147.82,12145.0,0.023
ULTRACEMCO.NS,2025-10-24,12116.25,11918.0,1.663
ULTRACEMCO.NS,2025-10-27,12084.69,12015.0,0.58
ULTRACEMCO.NS,2025-10-28,12054.36,11931.0,1.034
ULTRACEMCO.NS,2025-10-29,12079.29,11999.0,0.669
ULTRACEMCO.NS,2025-10-30,12025.52,12053.0,0.228
ULTRACEMCO.NS,2025-10-31,11987.26,11947.0,0.337
ULTRACEMCO.NS,2025-11-03,11944.37,11950.0,0.047
ULTRACEMCO.NS,2025-11-04,11913.25,11819.0,0.797
ULTRACEMCO.NS,2025-11-06,11887.05,11910.0,0.193
ULTRACEMCO.NS,2025-11-07,11852.01,11849.0,0.025
ULTRACEMCO.NS,2025-11-10,11824.59,11728.0,0.824
ULTRACEMCO.NS,2025-11-11,11799.94,11825.0,0.212
ULTRACEMCO.NS,2025-11-12,11832.3,11921.0,0.744
ULTRACEMCO.NS,2025-11-13,11787.41,11934.0,1.228
ULTRACEMCO.NS,2025-11-14,11759.18,11874.0,0.967
ULTRACEMCO.NS,2025-11-17,11749.79,11778.0,0.24
ULTRACEMCO.NS,2025-11-18,11729.84,11707.0,0.195
ULTRACEMCO.NS,2025-11-19,11766.06,11666.0,0.858
ULTRACEMCO.NS,2025-11-20,11724.13,11753.0,0.246
ULTRACEMCO.NS,2025-11-21,11697.9,11729.0,0.265
ULTRACEMCO.NS,2025-11-24,11688.96,11584.0,0.906
ULTRACEMCO.NS,2025-11-25,11667.53,11580.0,0.756
ULTRACEMCO.NS,2025-11-26,11701.62,11759.0,0.488
ULTRACEMCO.NS,2025-11-27,11657.06,11617.0,0.345
ULTRACEMCO.NS,2025-11-28,11627.88,11600.0,0.24
ULTRACEMCO.NS,2025-12-01,11610.02,11662.0,0.446
ULTRACEMCO.NS,2025-12-02,11586.24,11666.0,0.684
ULTRACEMCO.NS,2025-12-03,11618.64,11591.0,0.238
ULTRACEMCO.NS,2025-12-04,11573.21,11608.0,0.3
ULTRACEMCO.NS,2025-12-05,11544.14,11597.0,0.456
ULTRACEMCO.NS,2025-12-08,11533.93,11540.0,0.053
ULTRACEMCO.NS,2025-12-09,11515.45,11414.0,0.889
ULTRACEMCO.NS,2025-12-10,11554.58,11317.0,2.099
ULTRACEMCO.NS,2025-12-11,11517.34,11472.0,0.395
ULTRACEMCO.NS,2025-12-12,11497.87,11723.0,1.92
ULTRACEMCO.NS,2025-12-15,11524.03,11728.0,1.739
ULTRACEMCO.NS,2025-12-16,11519.76,11528.0,0.071
ULTRACEMCO.NS,2025-12-17,11573.88,11540.0,0.294
ULTRACEMCO.NS,2025-12-18,11552.18,11461.0,0.796
ULTRACEMCO.NS,2025-12-19,11548.6,11496.0,0.458
ULTRACEMCO.NS,2025-12-22,11622.31,11532.0,0.783
ULTRACEMCO.NS,2025-12-23,11633.09,11678.0,0.385
ULTRACEMCO.NS,2025-12-24,11701.5,11764.0,0.531
ULTRACEMCO.NS,2025-12-26,11701.8,11794.0,0.782
ULTRACEMCO.NS,2025-12-29,11804.1,11799.0,0.043
ULTRACEMCO.NS,2025-12-30,11821.42,11705.0,0.995
ULTRACEMCO.NS,2025-12-31,11894.79,11784.0,0.94
ULTRACEMCO.NS,2026-01-01,11889.83,11901.0,0.094
ULTRACEMCO.NS,2026-01-02,11900.34,11899.0,0.011
ULTRACEMCO.NS,2026-01-05,11999.87,12087.0,0.721
ULTRACEMCO.NS,2026-01-06,12013.89,12204.0,1.558
ULTRACEMCO.NS,2026-01-07,12083.05,12184.0,0.829
ULTRACEMCO.NS,2026-01-08,12073.14,12064.0,0.076
ULTRACEMCO.NS,2026-01-09,12078.17,11937.0,1.183
ULTRACEMCO.NS,2026-01-12,12160.15,12098.0,0.514
ULTRACEMCO.NS,2026-01-13,12168.64,12044.0,1.035
ULTRACEMCO.NS,2026-01-14,12232.76,12255.0,0.181
ULTRACEMCO.NS,2026-01-15,12218.48,12255.0,0.298
ULTRACEMCO.NS,2026-01-16,12219.97,12378.0,1.277
ULTRACEMCO.NS,2026-01-19,12297.54,12297.0,0.004
ULTRACEMCO.NS,2026-01-20,12306.91,12059.0,2.056
ULTRACEMCO.NS,2026-01-21,12373.15,12231.0,1.162
ULTRACEMCO.NS,2026-01-22,12362.22,12364.0,0.014
ULTRACEMCO.NS,2026-01-23,12368.24,12369.0,0.006
ULTRACEMCO.NS,2026-01-27,12483.18,12589.0,0.841
ULTRACEMCO.NS,2026-01-28,12558.12,12767.0,1.636
ULTRACEMCO.NS,2026-01-29,12556.17,12717.0,1.265
ULTRACEMCO.NS,2026-01-30,12571.22,12694.0,0.967
ULTRACEMCO.NS,2026-02-02,12693.25,12535.0,1.262
ULTRACEMCO.NS,2026-02-03,12717.31,12590.0,1.011
ULTRACEMCO.NS,2026-02-04,12797.39,12806.0,0.067
ULTRACEMCO.NS,2026-02-05,12798.96,12773.0,0.203
ULTRACEMCO.NS,2026-02-06,12815.61,12722.0,0.736
ULTRACEMCO.NS,2026-02-09,12928.47,13048.0,0.916
ULTRACEMCO.NS,2026-02-10,12944.08,13023.0,0.606
ULTRACEMCO.NS,2026-02-11,13012.7,12969.0,0.337
ULTRACEMCO.NS,2026-02-12,12999.66,13029.0,0.225
ULTRACEMCO.NS,2026-02-13,12998.47,12963.0,0.274
ULTRACEMCO.NS,2026-02-16,13038.07,12981.0,0.44
ULTRACEMCO.NS,2026-02-17,13022.78,12984.0,0.299
ULTRACEMCO.NS,2026-02-18,13057.46,13052.0,0.042
ULTRACEMCO.NS,2026-02-19,13007.61,12688.0,2.519
ULTRACEMCO.NS,2026-02-20,12966.96,12766.0,1.574
ULTRACEMCO.NS,2026-02-23,12875.31,12976.0,0.776
ULTRACEMCO.NS,2026-02-24,12813.22,12960.0,1.133
ULTRACEMCO.NS,2026-02-25,12800.27,13041.0,1.846
ULTRACEMCO.NS,2026-02-26,12702.46,12937.0,1.813
ULTRACEMCO.NS,2026-02-27,12614.03,12677.0,0.497
ULTRACEMCO.NS,2026-03-02,12385.45,12521.0,1.083
ULTRACEMCO.NS,2026-03-04,12229.99,12107.0,1.016
ULTRACEMCO.NS,2026-03-05,12096.85,12288.0,1.556
ULTRACEMCO.NS,2026-03-06,11977.04,11987.0,0.083
ULTRACEMCO.NS,2026-03-09,11682.52,11378.0,2.676
ULTRACEMCO.NS,2026-03-10,11567.46,11654.0,0.743
ULTRACEMCO.NS,2026-03-11,11510.3,11462.0,0.421
ULTRACEMCO.NS,2026-03-12,11377.74,11089.0,2.604
ULTRACEMCO.NS,2026-03-13,11264.68,10616.0,6.11
ULTRACEMCO.NS,2026-03-16,11027.48,11099.0,0.644
ULTRACEMCO.NS,2026-03-17,10943.51,11116.0,1.552
ULTRACEMCO.NS,2026-03-18,10923.03,11247.0,2.881
ULTRACEMCO.NS,2026-03-19,10832.4,10814.0,0.17
ULTRACEMCO.NS,2026-03-20,10766.06,10934.0,1.536
ULTRACEMCO.NS,2026-03-23,10692.55,10362.0,3.19
ULTRACEMCO.NS,2026-03-24,10668.91,10764.0,0.883
ULTRACEMCO.NS,2026-03-25,10710.48,11204.0,4.405
ULTRACEMCO.NS,2026-03-27,10679.86,11049.0,3.341
ULTRACEMCO.NS,2026-03-30,10790.23,10745.0,0.421
ULTRACEMCO.NS,2026-04-01,10918.58,10714.0,1.909
ULTRACEMCO.NS,2026-04-02,10940.62,10620.0,3.019
ULTRACEMCO.NS,2026-04-06,11197.58,10955.0,2.214
ULTRACEMCO.NS,2026-04-07,11254.31,10936.0,2.911
ULTRACEMCO.NS,2026-04-08,11367.0,11603.0,2.034
ULTRACEMCO.NS,2026-04-09,11400.64,11448.0,0.414
ULTRACEMCO.NS,2026-04-10,11448.47,11589.0,1.213
ULTRACEMCO.NS,2026-04-13,11647.07,11502.0,1.261
ULTRACEMCO.NS,2026-04-15,11781.18,11785.0,0.032
ULTRACEMCO.NS,2026-04-16,11791.18,11826.0,0.294
ULTRACEMCO.NS,2026-04-17,11812.08,11886.0,0.622
ULTRACEMCO.NS,2026-04-20,11916.07,11917.0,0.008
ULTRACEMCO.NS,2026-04-21,11923.16,12039.0,0.962
ULTRACEMCO.NS,2026-04-22,11981.56,12193.0,1.734
ULTRACEMCO.NS,2026-04-23,11957.3,12167.0,1.724
ULTRACEMCO.NS,2026-04-24,11944.69,11998.0,0.444
ULTRACEMCO.NS,2026-04-27,11956.9,12010.0,0.442
ULTRACEMCO.NS,2026-04-28,11937.48,11817.0,1.02
ULTRACEMCO.NS,2026-04-29,11971.8,11833.0,1.173
ULTRACEMCO.NS,2026-04-30,11926.06,11586.0,2.935
ULTRACEMCO.NS,2026-05-01,11894.62,11586.0,2.664
ULTRACEMCO.NS,2026-05-04,11865.97,11758.0,0.918
ULTRACEMCO.NS,2026-05-05,11837.72,11963.0,1.047
ULTRACEMCO.NS,2026-05-06,11865.28,12093.0,1.883
ULTRACEMCO.NS,2026-05-07,11814.59,12146.0,2.729
ULTRACEMCO.NS,2026-05-08,11779.7,11950.0,1.425
ULTRACEMCO.NS,2026-05-11,11746.66,11866.0,1.006
ULTRACEMCO.NS,2026-05-12,11717.91,11516.0,1.753
ULTRACEMCO.NS,2026-05-13,11744.95,11573.0,1.486
ULTRACEMCO.NS,2026-05-14,11693.47,11692.0,0.013
ULTRACEMCO.NS,2026-05-15,11657.32,11487.0,1.483
ULTRACEMCO.NS,2026-05-18,11616.13,11561.0,0.477
ULTRACEMCO.NS,2026-05-19,11582.96,11368.0,1.891
ULTRACEMCO.NS,2026-05-20,11604.74,11409.0,1.716
ULTRACEMCO.NS,2026-05-21,11547.24,11474.0,0.638
ULTRACEMCO.NS,2026-05-22,11504.44,11569.0,0.558
ULTRACEMCO.NS,2026-05-25,11441.52,11726.0,2.426
ULTRACEMCO.NS,2026-05-26,11401.33,11623.0,1.907
ULTRACEMCO.NS,2026-05-27,11416.68,11689.0,2.33
ULTRACEMCO.NS,2026-05-28,11353.64,11689.0,2.869
ULTRACEMCO.NS,2026-05-29,11306.47,11482.0,1.529
ULTRACEMCO.NS,2026-06-01,11240.3,11232.0,0.074
ULTRACEMCO.NS,2026-06-02,11203.08,11165.0,0.341
ULTRACEMCO.NS,2026-06-03,11223.73,11101.0,1.106
ULTRACEMCO.NS,2026-06-04,11168.42,10997.0,1.559
ULTRACEMCO.NS,2026-06-05,11131.47,10912.0,2.011
ULTRACEMCO.NS,2026-06-08,11110.48,10795.0,2.922
ULTRACEMCO.NS,2026-06-09,11092.76,10911.0,1.666
ULTRACEMCO.NS,2026-06-10,11134.77,10866.0,2.473
ULTRACEMCO.NS,2026-06-11,11102.39,10830.0,2.515
ULTRACEMCO.NS,2026-06-12,11089.62,11117.0,0.246
ULTRACEMCO.NS,2026-06-15,11144.75,11466.0,2.802
ULTRACEMCO.NS,2026-06-16,11152.18,11391.0,2.097
ULTRACEMCO.NS,2026-06-17,11218.52,11373.0,1.358
ULTRACEMCO.NS,2026-06-18,11209.2,11430.0,1.932
ULTRACEMCO.NS,2026-06-19,11217.8,11367.0,1.313
ULTRACEMCO.NS,2026-06-22,11323.28,11402.0,0.69
ULTRACEMCO.NS,2026-06-23,11341.89,11307.0,0.309
ULTRACEMCO.NS,2026-06-24,11416.22,11430.0,0.121
ULTRACEMCO.NS,2026-06-25,11411.56,11489.0,0.674
ULTRACEMCO.NS,2026-06-26,11421.44,11489.0,0.588
ULTRACEMCO.NS,2026-06-29,11510.62,11336.0,1.54
ULTRACEMCO.NS,2026-06-30,11517.51,11253.0,2.351
ULTRACEMCO.NS,2026-07-01,11577.32,11456.0,1.059
ULTRACEMCO.NS,2026-07-02,11555.66,11536.0,0.17
ULTRACEMCO.NS,2026-07-03,11546.39,11723.0,1.507
ULTRACEMCO.NS,2026-07-06,11569.2,11661.0,0.787
ULTRACEMCO.NS,2026-07-07,11552.41,11649.0,0.829
ULTRACEMCO.NS,2026-07-08,11588.52,11353.0,2.075
ULTRACEMCO.NS,2026-07-09,11543.56,11524.0,0.17
ULTRACEMCO.NS,2026-07-10,11511.81,11711.0,1.701
ULTRACEMCO.NS,2026-07-13,11475.92,11571.0,0.822
ULTRACEMCO.NS,2026-07-14,11443.57,11496.0,0.456
ULTRACEMCO.NS,2026-07-15,11466.54,11812.0,2.925
ULTRACEMCO.NS,2026-07-16,11411.04,11771.0,3.058
ULTRACEMCO.NS,2026-07-17,11371.48,11727.0,3.032
ULTRACEMCO.NS,2026-07-20,11328.97,11903.0,4.823
ULTRACEMCO.NS,2026-07-21,11299.87,12094.0,6.566
ULTRACEMCO.NS,2026-07-22,11328.64,11893.0,4.745
ULTRACEMCO.NS,2026-07-23,11281.31,11908.0,5.263
UPL.NS,2025-07-24,710.15,719.58,1.311
UPL.NS,2025-07-25,708.77,715.28,0.91
UPL.NS,2025-07-28,711.13,722.85,1.622
UPL.NS,2025-07-29,712.0,719.09,0.986
UPL.NS,2025-07-30,711.97,714.98,0.421
UPL.NS,2025-07-31,711.85,697.05,2.123
UPL.NS,2025-08-01,708.67,658.77,7.574
UPL.NS,2025-08-04,706.86,704.88,0.281
UPL.NS,2025-08-05,706.79,713.54,0.946
UPL.NS,2025-08-06,706.06,698.54,1.077
UPL.NS,2025-08-07,705.48,698.69,0.972
UPL.NS,2025-08-08,702.06,682.15,2.919
UPL.NS,2025-08-11,700.8,687.05,2.001
UPL.NS,2025-08-12,701.3,682.05,2.823
UPL.NS,2025-08-13,701.27,679.57,3.193
UPL.NS,2025-08-14,701.53,677.19,3.594
UPL.NS,2025-08-18,700.96,684.33,2.431
UPL.NS,2025-08-19,702.53,700.52,0.287
UPL.NS,2025-08-20,703.55,706.61,0.433
UPL.NS,2025-08-21,704.8,705.62,0.116
UPL.NS,2025-08-22,703.23,709.58,0.895
UPL.NS,2025-08-25,707.14,715.87,1.22
UPL.NS,2025-08-26,709.09,716.17,0.988
UPL.NS,2025-08-28,711.59,709.83,0.248
UPL.NS,2025-08-29,709.86,708.89,0.137
UPL.NS,2025-09-01,712.23,720.97,1.212
UPL.NS,2025-09-02,713.31,703.84,1.346
UPL.NS,2025-09-03,713.52,708.74,0.675
UPL.NS,2025-09-04,713.63,688.73,3.615
UPL.NS,2025-09-05,710.63,682.25,4.16
UPL.NS,2025-09-08,708.62,699.03,1.371
UPL.NS,2025-09-09,708.15,697.25,1.563
UPL.NS,2025-09-10,706.8,690.27,2.395
UPL.NS,2025-09-11,705.38,694.92,1.505
UPL.NS,2025-09-12,700.89,686.46,2.103
UPL.NS,2025-09-15,694.95,686.95,1.165
UPL.NS,2025-09-16,693.43,695.96,0.364
UPL.NS,2025-09-17,691.19,697.89,0.961
UPL.NS,2025-09-18,689.05,692.25,0.462
UPL.NS,2025-09-19,684.02,684.47,0.066
UPL.NS,2025-09-22,677.72,676.25,0.217
UPL.NS,2025-09-23,676.48,670.71,0.861
UPL.NS,2025-09-24,674.73,669.67,0.756
UPL.NS,2025-09-25,673.27,662.69,1.597
UPL.NS,2025-09-26,669.1,641.79,4.256
UPL.NS,2025-09-29,666.28,647.93,2.832
UPL.NS,2025-09-30,666.44,649.51,2.606
UPL.NS,2025-10-01,666.17,655.11,1.688
UPL.NS,2025-10-03,663.66,667.54,0.581
UPL.NS,2025-10-06,665.54,674.82,1.375
UPL.NS,2025-10-07,667.19,673.33,0.912
UPL.NS,2025-10-08,668.34,668.33,0.001
UPL.NS,2025-10-09,669.76,668.58,0.177
UPL.NS,2025-10-10,668.41,674.77,0.942
UPL.NS,2025-10-13,673.41,667.34,0.91
UPL.NS,2025-10-14,675.89,663.53,1.863
UPL.NS,2025-10-15,677.77,671.15,0.986
UPL.NS,2025-10-16,679.83,673.88,0.883
UPL.NS,2025-10-17,679.04,667.69,1.7
UPL.NS,2025-10-20,685.4,674.27,1.65
UPL.NS,2025-10-21,688.27,674.42,2.053
UPL.NS,2025-10-23,693.02,669.17,3.564
UPL.NS,2025-10-24,692.67,665.61,4.066
UPL.NS,2025-10-27,700.6,673.33,4.05
UPL.NS,2025-10-28,704.12,695.86,1.186
UPL.NS,2025-10-29,707.08,713.15,0.851
UPL.NS,2025-10-30,710.29,714.43,0.58
UPL.NS,2025-10-31,710.72,713.2,0.347
UPL.NS,2025-11-03,721.11,723.6,0.344
UPL.NS,2025-11-04,725.41,724.34,0.148
UPL.NS,2025-11-06,732.96,726.32,0.914
UPL.NS,2025-11-07,733.93,740.78,0.925
UPL.NS,2025-11-10,744.99,743.45,0.207
UPL.NS,2025-11-11,749.12,745.14,0.535
UPL.NS,2025-11-12,752.42,753.31,0.118
UPL.NS,2025-11-13,755.63,750.88,0.632
UPL.NS,2025-11-14,755.7,751.33,0.582
UPL.NS,2025-11-17,762.51,765.79,0.428
UPL.NS,2025-11-18,764.73,752.37,1.643
UPL.NS,2025-11-19,765.9,745.43,2.745
UPL.NS,2025-11-20,766.8,746.28,2.75
UPL.NS,2025-11-21,764.4,743.65,2.79
UPL.NS,2025-11-24,763.3,735.58,3.768
UPL.NS,2025-11-25,762.87,742.51,2.742
UPL.NS,2025-11-26,761.48,753.31,1.085
UPL.NS,2025-11-27,759.95,751.38,1.141
UPL.NS,2025-11-28,755.31,751.38,0.523
UPL.NS,2025-12-01,749.12,743.65,0.735
UPL.NS,2025-12-02,747.69,739.59,1.095
UPL.NS,2025-12-03,745.69,735.88,1.334
UPL.NS,2025-12-04,743.99,749.2,0.695
UPL.NS,2025-12-05,739.61,751.82,1.624
UPL.NS,2025-12-08,736.87,732.76,0.561
UPL.NS,2025-12-09,737.43,732.61,0.658
UPL.NS,2025-12-10,737.79,729.84,1.09
UPL.NS,2025-12-11,738.77,738.7,0.01
UPL.NS,2025-12-12,737.36,741.18,0.515
UPL.NS,2025-12-15,744.53,758.31,1.817
UPL.NS,2025-12-16,748.5,742.71,0.779
UPL.NS,2025-12-17,752.2,739.15,1.766
UPL.NS,2025-12-18,756.37,737.26,2.592
UPL.NS,2025-12-19,757.93,744.34,1.825
UPL.NS,2025-12-22,771.99,769.11,0.375
UPL.NS,2025-12-23,777.37,773.51,0.499
UPL.NS,2025-12-24,781.98,765.29,2.181
UPL.NS,2025-12-26,787.84,766.63,2.767
UPL.NS,2025-12-29,797.78,763.56,4.482
UPL.NS,2025-12-30,800.7,779.8,2.68
UPL.NS,2025-12-31,802.35,787.53,1.882
UPL.NS,2026-01-01,803.47,797.63,0.732
UPL.NS,2026-01-02,801.04,796.94,0.515
UPL.NS,2026-01-05,798.17,797.38,0.099
UPL.NS,2026-01-06,796.59,791.64,0.626
UPL.NS,2026-01-07,793.77,795.25,0.186
UPL.NS,2026-01-08,790.55,786.88,0.466
UPL.NS,2026-01-09,783.99,764.3,2.576
UPL.NS,2026-01-12,770.74,766.43,0.562
UPL.NS,2026-01-13,766.61,766.03,0.075
UPL.NS,2026-01-14,761.78,772.92,1.441
UPL.NS,2026-01-15,757.13,772.92,2.043
UPL.NS,2026-01-16,749.73,782.57,4.197
UPL.NS,2026-01-19,737.61,779.6,5.387
UPL.NS,2026-01-20,735.0,716.51,2.58
UPL.NS,2026-01-21,732.2,685.07,6.88
UPL.NS,2026-01-22,730.04,693.78,5.226
UPL.NS,2026-01-23,725.52,695.81,4.269
UPL.NS,2026-01-27,724.63,709.68,2.107
UPL.NS,2026-01-28,725.43,708.24,2.427
UPL.NS,2026-01-29,726.76,709.09,2.492
UPL.NS,2026-01-30,725.52,697.2,4.062
UPL.NS,2026-02-02,731.42,691.85,5.719
UPL.NS,2026-02-03,734.17,732.71,0.2
UPL.NS,2026-02-04,736.17,751.43,2.03
UPL.NS,2026-02-05,738.13,740.48,0.318
UPL.NS,2026-02-06,736.96,734.19,0.377
UPL.NS,2026-02-09,739.61,736.92,0.365
UPL.NS,2026-02-10,740.2,738.85,0.183
UPL.NS,2026-02-11,739.57,741.82,0.303
UPL.NS,2026-02-12,738.48,737.76,0.098
UPL.NS,2026-02-13,733.89,717.36,2.305
UPL.NS,2026-02-16,724.95,726.77,0.25
UPL.NS,2026-02-17,721.49,734.04,1.71
UPL.NS,2026-02-18,716.85,740.48,3.191
UPL.NS,2026-02-19,711.88,757.72,6.049
UPL.NS,2026-02-20,703.62,745.14,5.572
UPL.NS,2026-02-23,685.55,638.62,7.349
UPL.NS,2026-02-24,679.87,624.5,8.865
UPL.NS,2026-02-25,673.5,620.2,8.595
UPL.NS,2026-02-26,667.3,634.31,5.201
UPL.NS,2026-02-27,658.33,631.29,4.283
UPL.NS,2026-03-02,641.25,616.88,3.951
UPL.NS,2026-03-04,632.24,608.21,3.95
UPL.NS,2026-03-05,628.16,623.56,0.737
UPL.NS,2026-03-06,621.65,622.33,0.109
UPL.NS,2026-03-09,613.37,619.01,0.911
UPL.NS,2026-03-10,612.19,624.26,1.933
UPL.NS,2026-03-11,610.78,619.85,1.463
UPL.NS,2026-03-12,609.9,623.02,2.106
UPL.NS,2026-03-13,606.5,603.56,0.487
UPL.NS,2026-03-16,606.61,602.96,0.605
UPL.NS,2026-03-17,607.78,609.95,0.355
UPL.NS,2026-03-18,608.46,625.45,2.716
UPL.NS,2026-03-19,609.41,605.93,0.574
UPL.NS,2026-03-20,607.56,619.55,1.936
UPL.NS,2026-03-23,610.71,596.62,2.361
UPL.NS,2026-03-24,612.43,614.5,0.337
UPL.NS,2026-03-25,613.47,619.26,0.934
UPL.NS,2026-03-27,612.83,590.14,3.845
UPL.NS,2026-03-30,615.79,562.51,9.473
UPL.NS,2026-04-01,618.43,588.8,5.032
UPL.NS,2026-04-02,619.59,587.31,5.495
UPL.NS,2026-04-06,621.83,601.92,3.307
UPL.NS,2026-04-07,623.99,601.73,3.7
UPL.NS,2026-04-08,625.61,634.11,1.341
UPL.NS,2026-04-09,627.48,635.85,1.316
UPL.NS,2026-04-10,626.57,638.67,1.894
UPL.NS,2026-04-13,632.89,637.58,0.735
UPL.NS,2026-04-15,638.09,653.47,2.354
UPL.NS,2026-04-16,640.51,653.62,2.006
UPL.NS,2026-04-17,640.02,658.33,2.781
UPL.NS,2026-04-20,646.56,650.35,0.583
UPL.NS,2026-04-21,649.15,648.03,0.173
UPL.NS,2026-04-22,650.89,647.58,0.511
UPL.NS,2026-04-23,652.56,635.89,2.621
UPL.NS,2026-04-24,651.11,625.35,4.12
UPL.NS,2026-04-27,653.66,633.37,3.204
UPL.NS,2026-04-28,654.64,639.31,2.398
UPL.NS,2026-04-29,654.68,637.92,2.626
UPL.NS,2026-04-30,654.59,635.7,2.972
UPL.NS,2026-05-01,651.37,635.7,2.466
UPL.NS,2026-05-04,648.92,637.18,1.842
UPL.NS,2026-05-05,648.46,635.89,1.976
UPL.NS,2026-05-06,647.24,653.67,0.984
UPL.NS,2026-05-07,646.1,644.21,0.293
UPL.NS,2026-05-08,642.05,639.81,0.351
UPL.NS,2026-05-11,638.65,662.59,3.613
UPL.NS,2026-05-12,638.39,620.15,2.942
UPL.NS,2026-05-13,637.64,624.06,2.176
UPL.NS,2026-05-14,637.21,632.28,0.78
UPL.NS,2026-05-15,634.09,626.19,1.262
UPL.NS,2026-05-18,634.49,631.73,0.436
UPL.NS,2026-05-19,635.72,627.23,1.354
UPL.NS,2026-05-20,636.49,628.27,1.309
UPL.NS,2026-05-21,637.56,622.97,2.342
UPL.NS,2026-05-22,635.88,625.94,1.588
UPL.NS,2026-05-25,639.82,646.05,0.964
UPL.NS,2026-05-26,641.82,648.72,1.064
UPL.NS,2026-05-27,643.11,649.86,1.039
UPL.NS,2026-05-28,644.42,649.86,0.837
UPL.NS,2026-05-29,642.68,638.62,0.636
UPL.NS,2026-06-01,644.56,639.06,0.86
UPL.NS,2026-06-02,645.27,635.5,1.538
UPL.NS,2026-06-03,644.99,639.86,0.802
UPL.NS,2026-06-04,644.47,633.02,1.808
UPL.NS,2026-06-05,640.7,631.34,1.483
UPL.NS,2026-06-08,635.6,618.96,2.689
UPL.NS,2026-06-09,633.85,622.38,1.844
UPL.NS,2026-06-10,631.14,605.14,4.296
UPL.NS,2026-06-11,628.27,588.06,6.838
UPL.NS,2026-06-12,622.27,604.25,2.982
UPL.NS,2026-06-15,611.81,610.69,0.184
UPL.NS,2026-06-16,608.86,609.45,0.097
UPL.NS,2026-06-17,605.29,608.51,0.529
UPL.NS,2026-06-18,601.95,604.94,0.495
UPL.NS,2026-06-19,595.88,602.81,1.15
UPL.NS,2026-06-22,587.65,599.7,2.009
UPL.NS,2026-06-23,586.26,591.08,0.815
UPL.NS,2026-06-24,584.62,593.51,1.497
UPL.NS,2026-06-25,583.57,584.84,0.217
UPL.NS,2026-06-26,580.1,584.84,0.81
UPL.NS,2026-06-29,581.17,562.95,3.236
UPL.NS,2026-06-30,583.21,565.72,3.091
UPL.NS,2026-07-01,585.08,559.63,4.547
UPL.NS,2026-07-02,587.56,583.11,0.764
UPL.NS,2026-07-03,587.59,601.58,2.325
UPL.NS,2026-07-06,598.44,602.81,0.726
UPL.NS,2026-07-07,603.33,595.09,1.385
UPL.NS,2026-07-08,607.79,576.12,5.497
UPL.NS,2026-07-09,612.54,576.27,6.294
UPL.NS,2026-07-10,614.52,589.05,4.324
UPL.NS,2026-07-13,628.99,586.08,7.322
UPL.NS,2026-07-14,634.34,587.46,7.979
UPL.NS,2026-07-15,638.86,591.57,7.993
UPL.NS,2026-07-16,643.32,619.85,3.786
UPL.NS,2026-07-17,644.64,616.6,4.548
UPL.NS,2026-07-20,655.29,606.05,8.125
UPL.NS,2026-07-21,658.84,618.15,6.583
UPL.NS,2026-07-22,661.37,608.85,8.626
UPL.NS,2026-07-23,663.67,607.0,9.336
WIPRO.NS,2025-07-24,245.68,250.34,1.86
WIPRO.NS,2025-07-25,244.1,247.8,1.494
WIPRO.NS,2025-07-28,242.41,243.76,0.553
WIPRO.NS,2025-07-29,241.98,245.46,1.419
WIPRO.NS,2025-07-30,241.82,243.9,0.854
WIPRO.NS,2025-07-31,241.59,242.05,0.19
WIPRO.NS,2025-08-01,240.28,236.64,1.538
WIPRO.NS,2025-08-04,239.45,239.86,0.17
WIPRO.NS,2025-08-05,239.32,239.72,0.167
WIPRO.NS,2025-08-06,239.44,233.92,2.359
WIPRO.NS,2025-08-07,239.49,236.22,1.384
WIPRO.NS,2025-08-08,238.45,233.03,2.324
WIPRO.NS,2025-08-11,238.38,235.54,1.206
WIPRO.NS,2025-08-12,238.48,235.64,1.207
WIPRO.NS,2025-08-13,238.83,235.57,1.385
WIPRO.NS,2025-08-14,239.11,240.6,0.619
WIPRO.NS,2025-08-18,238.9,239.04,0.058
WIPRO.NS,2025-08-19,239.23,240.74,0.629
WIPRO.NS,2025-08-20,239.82,244.53,1.925
WIPRO.NS,2025-08-21,240.33,243.62,1.351
WIPRO.NS,2025-08-22,239.76,242.38,1.082
WIPRO.NS,2025-08-25,241.07,247.45,2.579
WIPRO.NS,2025-08-26,241.61,245.69,1.659
WIPRO.NS,2025-08-28,243.08,244.34,0.516
WIPRO.NS,2025-08-29,242.65,243.13,0.199
WIPRO.NS,2025-09-01,244.16,244.06,0.041
WIPRO.NS,2025-09-02,244.67,244.61,0.023
WIPRO.NS,2025-09-03,245.38,243.28,0.864
WIPRO.NS,2025-09-04,245.93,238.8,2.984
WIPRO.NS,2025-09-05,245.31,237.54,3.272
WIPRO.NS,2025-09-08,245.93,236.42,4.024
WIPRO.NS,2025-09-09,246.06,242.88,1.31
WIPRO.NS,2025-09-10,246.33,249.31,1.197
WIPRO.NS,2025-09-11,246.42,247.52,0.444
WIPRO.NS,2025-09-12,245.3,245.6,0.122
WIPRO.NS,2025-09-15,244.41,244.96,0.223
WIPRO.NS,2025-09-16,244.05,247.62,1.441
WIPRO.NS,2025-09-17,243.86,247.75,1.572
WIPRO.NS,2025-09-18,243.53,250.46,2.768
WIPRO.NS,2025-09-19,242.04,249.44,2.967
WIPRO.NS,2025-09-22,240.38,244.03,1.496
WIPRO.NS,2025-09-23,239.9,243.35,1.417
WIPRO.NS,2025-09-24,239.68,238.43,0.522
WIPRO.NS,2025-09-25,239.39,235.91,1.475
WIPRO.NS,2025-09-26,238.01,229.82,3.565
WIPRO.NS,2025-09-29,237.13,233.61,1.507
WIPRO.NS,2025-09-30,237.04,233.35,1.583
WIPRO.NS,2025-10-01,237.24,235.0,0.952
WIPRO.NS,2025-10-03,236.51,234.92,0.679
WIPRO.NS,2025-10-06,237.07,236.04,0.438
WIPRO.NS,2025-10-07,237.41,237.4,0.004
WIPRO.NS,2025-10-08,238.01,238.12,0.047
WIPRO.NS,2025-10-09,238.53,240.2,0.695
WIPRO.NS,2025-10-10,237.93,242.44,1.861
WIPRO.NS,2025-10-13,238.93,238.96,0.013
WIPRO.NS,2025-10-14,239.27,242.17,1.197
WIPRO.NS,2025-10-15,239.79,243.91,1.69
WIPRO.NS,2025-10-16,240.15,247.42,2.939
WIPRO.NS,2025-10-17,239.32,234.84,1.909
WIPRO.NS,2025-10-20,239.31,235.17,1.761
WIPRO.NS,2025-10-21,239.23,235.29,1.676
WIPRO.NS,2025-10-23,239.22,238.15,0.449
WIPRO.NS,2025-10-24,237.95,236.86,0.458
WIPRO.NS,2025-10-27,236.77,237.77,0.421
WIPRO.NS,2025-10-28,236.4,236.28,0.051
WIPRO.NS,2025-10-29,236.25,236.18,0.029
WIPRO.NS,2025-10-30,236.01,235.83,0.076
WIPRO.NS,2025-10-31,234.66,234.61,0.02
WIPRO.NS,2025-11-03,233.74,234.45,0.302
WIPRO.NS,2025-11-04,233.62,231.93,0.728
WIPRO.NS,2025-11-06,233.94,234.01,0.029
WIPRO.NS,2025-11-07,233.04,230.54,1.085
WIPRO.NS,2025-11-10,233.73,233.8,0.032
WIPRO.NS,2025-11-11,234.18,235.61,0.606
WIPRO.NS,2025-11-12,234.93,239.05,1.723
WIPRO.NS,2025-11-13,235.65,239.16,1.466
WIPRO.NS,2025-11-14,235.3,238.22,1.226
WIPRO.NS,2025-11-17,237.4,237.91,0.213
WIPRO.NS,2025-11-18,238.22,234.84,1.441
WIPRO.NS,2025-11-19,239.28,239.88,0.249
WIPRO.NS,2025-11-20,240.23,240.06,0.07
WIPRO.NS,2025-11-21,240.05,238.34,0.719
WIPRO.NS,2025-11-24,242.31,241.05,0.524
WIPRO.NS,2025-11-25,243.07,239.46,1.508
WIPRO.NS,2025-11-26,244.03,243.89,0.056
WIPRO.NS,2025-11-27,244.85,243.28,0.646
WIPRO.NS,2025-11-28,244.52,243.25,0.522
WIPRO.NS,2025-12-01,246.26,243.98,0.934
WIPRO.NS,2025-12-02,246.87,243.87,1.229
WIPRO.NS,2025-12-03,247.71,248.28,0.23
WIPRO.NS,2025-12-04,248.43,250.46,0.812
WIPRO.NS,2025-12-05,248.04,253.37,2.103
WIPRO.NS,2025-12-08,249.87,254.8,1.935
WIPRO.NS,2025-12-09,250.59,250.93,0.136
WIPRO.NS,2025-12-10,251.58,251.49,0.037
WIPRO.NS,2025-12-11,252.48,252.73,0.097
WIPRO.NS,2025-12-12,252.3,254.04,0.685
WIPRO.NS,2025-12-15,254.8,255.15,0.138
WIPRO.NS,2025-12-16,255.73,252.7,1.201
WIPRO.NS,2025-12-17,256.89,254.57,0.912
WIPRO.NS,2025-12-18,257.94,257.21,0.284
WIPRO.NS,2025-12-19,257.84,257.79,0.018
WIPRO.NS,2025-12-22,260.22,265.81,2.102
WIPRO.NS,2025-12-23,260.95,264.57,1.368
WIPRO.NS,2025-12-24,261.83,261.31,0.198
WIPRO.NS,2025-12-26,261.95,259.6,0.906
WIPRO.NS,2025-12-29,262.48,257.59,1.898
WIPRO.NS,2025-12-30,262.46,257.01,2.119
WIPRO.NS,2025-12-31,262.54,256.65,2.293
WIPRO.NS,2026-01-01,262.39,260.62,0.679
WIPRO.NS,2026-01-02,260.98,262.23,0.477
WIPRO.NS,2026-01-05,258.95,256.67,0.887
WIPRO.NS,2026-01-06,258.14,258.92,0.299
WIPRO.NS,2026-01-07,257.48,263.98,2.464
WIPRO.NS,2026-01-08,256.65,255.6,0.41
WIPRO.NS,2026-01-09,254.64,255.36,0.281
WIPRO.NS,2026-01-12,251.35,256.48,2.0
WIPRO.NS,2026-01-13,250.32,257.55,2.807
WIPRO.NS,2026-01-14,249.53,253.65,1.625
WIPRO.NS,2026-01-15,248.67,253.65,1.964
WIPRO.NS,2026-01-16,246.73,260.72,5.366
WIPRO.NS,2026-01-19,244.1,239.76,1.81
WIPRO.NS,2026-01-20,243.41,233.86,4.083
WIPRO.NS,2026-01-21,242.99,233.52,4.055
WIPRO.NS,2026-01-22,242.52,234.59,3.379
WIPRO.NS,2026-01-23,240.97,232.4,3.688
WIPRO.NS,2026-01-27,238.95,234.8,1.767
WIPRO.NS,2026-01-28,238.72,237.35,0.577
WIPRO.NS,2026-01-29,238.37,239.8,0.596
WIPRO.NS,2026-01-30,236.86,236.9,0.017
WIPRO.NS,2026-02-02,234.87,242.3,3.066
WIPRO.NS,2026-02-03,234.13,242.69,3.527
WIPRO.NS,2026-02-04,233.53,233.34,0.081
WIPRO.NS,2026-02-05,232.74,233.39,0.279
WIPRO.NS,2026-02-06,230.72,230.72,0.0
WIPRO.NS,2026-02-09,227.03,230.08,1.326
WIPRO.NS,2026-02-10,225.7,231.47,2.493
WIPRO.NS,2026-02-11,224.52,229.81,2.302
WIPRO.NS,2026-02-12,223.18,219.08,1.871
WIPRO.NS,2026-02-13,220.67,214.09,3.073
WIPRO.NS,2026-02-16,215.88,213.26,1.229
WIPRO.NS,2026-02-17,214.35,215.69,0.621
WIPRO.NS,2026-02-18,213.08,211.95,0.533
WIPRO.NS,2026-02-19,211.74,211.21,0.251
WIPRO.NS,2026-02-20,209.32,209.86,0.257
WIPRO.NS,2026-02-23,205.4,205.89,0.238
WIPRO.NS,2026-02-24,204.32,200.14,2.089
WIPRO.NS,2026-02-25,203.57,201.92,0.817
WIPRO.NS,2026-02-26,202.8,201.08,0.855
WIPRO.NS,2026-02-27,201.0,200.96,0.02
WIPRO.NS,2026-03-02,199.03,198.57,0.232
WIPRO.NS,2026-03-04,198.44,195.55,1.478
WIPRO.NS,2026-03-05,198.24,195.68,1.308
WIPRO.NS,2026-03-06,196.95,195.4,0.793
WIPRO.NS,2026-03-09,196.14,198.75,1.313
WIPRO.NS,2026-03-10,195.95,200.93,2.478
WIPRO.NS,2026-03-11,195.98,202.23,3.091
WIPRO.NS,2026-03-12,195.9,202.51,3.264
WIPRO.NS,2026-03-13,194.68,197.58,1.468
WIPRO.NS,2026-03-16,193.8,195.11,0.671
WIPRO.NS,2026-03-17,193.55,191.32,1.166
WIPRO.NS,2026-03-18,193.51,194.3,0.407
WIPRO.NS,2026-03-19,193.37,188.41,2.633
WIPRO.NS,2026-03-20,192.12,190.9,0.639
WIPRO.NS,2026-03-23,191.42,187.54,2.069
WIPRO.NS,2026-03-24,191.35,188.74,1.383
WIPRO.NS,2026-03-25,191.57,189.05,1.333
WIPRO.NS,2026-03-27,190.91,191.6,0.36
WIPRO.NS,2026-03-30,191.86,187.64,2.249
WIPRO.NS,2026-04-01,193.36,191.18,1.14
WIPRO.NS,2026-04-02,194.28,194.91,0.323
WIPRO.NS,2026-04-06,197.16,197.29,0.066
WIPRO.NS,2026-04-07,198.33,204.72,3.121
WIPRO.NS,2026-04-08,199.75,203.42,1.804
WIPRO.NS,2026-04-09,201.06,202.87,0.892
WIPRO.NS,2026-04-10,201.24,204.88,1.777
WIPRO.NS,2026-04-13,204.35,202.97,0.68
WIPRO.NS,2026-04-15,206.32,209.75,1.635
WIPRO.NS,2026-04-16,207.13,210.26,1.489
WIPRO.NS,2026-04-17,206.66,204.32,1.145
WIPRO.NS,2026-04-20,207.22,202.48,2.341
WIPRO.NS,2026-04-21,207.15,205.01,1.044
WIPRO.NS,2026-04-22,207.15,204.0,1.544
WIPRO.NS,2026-04-23,206.88,202.76,2.032
WIPRO.NS,2026-04-24,205.36,199.36,3.01
WIPRO.NS,2026-04-27,202.98,205.05,1.01
WIPRO.NS,2026-04-28,202.09,201.58,0.253
WIPRO.NS,2026-04-29,201.38,200.68,0.349
WIPRO.NS,2026-04-30,200.54,200.65,0.055
WIPRO.NS,2026-05-01,198.58,200.65,1.032
WIPRO.NS,2026-05-04,195.86,200.75,2.436
WIPRO.NS,2026-05-05,195.18,199.78,2.303
WIPRO.NS,2026-05-06,194.83,199.12,2.154
WIPRO.NS,2026-05-07,194.51,197.36,1.444
WIPRO.NS,2026-05-08,193.2,197.91,2.38
WIPRO.NS,2026-05-11,193.03,196.68,1.856
WIPRO.NS,2026-05-12,193.34,189.57,1.989
WIPRO.NS,2026-05-13,194.01,187.8,3.307
WIPRO.NS,2026-05-14,194.7,188.3,3.399
WIPRO.NS,2026-05-15,194.38,190.0,2.305
WIPRO.NS,2026-05-18,196.78,192.17,2.399
WIPRO.NS,2026-05-19,197.74,195.17,1.317
WIPRO.NS,2026-05-20,198.92,197.12,0.913
WIPRO.NS,2026-05-21,199.97,199.74,0.115
WIPRO.NS,2026-05-22,199.84,203.11,1.61
WIPRO.NS,2026-05-25,201.82,206.84,2.427
WIPRO.NS,2026-05-26,202.3,203.73,0.702
WIPRO.NS,2026-05-27,202.84,201.58,0.625
WIPRO.NS,2026-05-28,203.12,201.58,0.764
WIPRO.NS,2026-05-29,202.09,204.25,1.058
WIPRO.NS,2026-06-01,200.81,206.41,2.713
WIPRO.NS,2026-06-02,200.09,209.84,4.646
WIPRO.NS,2026-06-03,199.43,204.1,2.288
WIPRO.NS,2026-06-04,198.51,204.32,2.844
WIPRO.NS,2026-06-05,196.34,198.37,1.023
WIPRO.NS,2026-06-08,192.06,181.76,5.667
WIPRO.NS,2026-06-09,190.57,181.67,4.899
WIPRO.NS,2026-06-10,189.27,178.93,5.779
WIPRO.NS,2026-06-11,187.86,177.37,5.914
WIPRO.NS,2026-06-12,185.34,180.14,2.887
WIPRO.NS,2026-06-15,181.0,181.38,0.21
WIPRO.NS,2026-06-16,179.79,182.67,1.577
WIPRO.NS,2026-06-17,178.91,184.47,3.014
WIPRO.NS,2026-06-18,178.04,182.84,2.625
WIPRO.NS,2026-06-19,176.18,180.8,2.555
WIPRO.NS,2026-06-22,174.28,180.18,3.274
WIPRO.NS,2026-06-23,173.96,174.49,0.304
WIPRO.NS,2026-06-24,173.99,174.48,0.281
WIPRO.NS,2026-06-25,174.03,175.0,0.554
WIPRO.NS,2026-06-26,173.03,175.0,1.126
WIPRO.NS,2026-06-29,173.38,175.48,1.197
WIPRO.NS,2026-06-30,173.66,170.39,1.919
WIPRO.NS,2026-07-01,174.18,170.13,2.381
WIPRO.NS,2026-07-02,174.59,174.0,0.339
WIPRO.NS,2026-07-03,173.87,176.08,1.255
WIPRO.NS,2026-07-06,174.4,174.32,0.046
WIPRO.NS,2026-07-07,174.53,173.0,0.884
WIPRO.NS,2026-07-08,174.82,172.72,1.216
WIPRO.NS,2026-07-09,174.94,172.76,1.262
WIPRO.NS,2026-07-10,173.85,175.46,0.918
WIPRO.NS,2026-07-13,173.01,178.43,3.038
WIPRO.NS,2026-07-14,172.65,177.14,2.535
WIPRO.NS,2026-07-15,172.45,174.65,1.26
WIPRO.NS,2026-07-16,172.09,177.74,3.179
WIPRO.NS,2026-07-17,170.56,176.0,3.091
WIPRO.NS,2026-07-20,168.63,176.38,4.394
WIPRO.NS,2026-07-21,168.02,174.97,3.972
WIPRO.NS,2026-07-22,167.62,174.44,3.91
WIPRO.NS,2026-07-23,167.13,174.82,4.399
WIPRO.NS,2026-07-24,165.52,177.12,6.549
