Date,Forecast,Lower_CI,Upper_CI,Ticker
2025-07-22,2600.45,2536.26,2664.22,ADANIENT.NS
2025-07-23,2590.87,2520.92,2657.94,ADANIENT.NS
2025-07-24,2570.28,2498.84,2638.93,ADANIENT.NS
2025-07-25,2540.93,2469.9,2607.06,ADANIENT.NS
2025-07-28,2480.73,2413.26,2550.59,ADANIENT.NS
2025-07-29,2459.88,2390.8,2525.45,ADANIENT.NS
2025-07-30,2451.98,2383.1,2521.5,ADANIENT.NS
2025-07-31,2434.49,2363.62,2501.3,ADANIENT.NS
2025-08-01,2409.53,2339.76,2483.96,ADANIENT.NS
2025-08-04,2368.45,2299.97,2435.67,ADANIENT.NS
2025-08-05,2355.32,2284.57,2423.75,ADANIENT.NS
2025-08-06,2355.49,2290.38,2421.69,ADANIENT.NS
2025-08-07,2346.24,2274.17,2418.43,ADANIENT.NS
2025-08-08,2329.49,2257.89,2405.17,ADANIENT.NS
2025-08-11,2311.44,2240.42,2381.91,ADANIENT.NS
2025-08-12,2305.06,2239.41,2375.12,ADANIENT.NS
2025-08-13,2311.36,2243.6,2376.74,ADANIENT.NS
2025-08-14,2307.59,2240.85,2377.81,ADANIENT.NS
2025-08-18,2288.21,2220.2,2356.53,ADANIENT.NS
2025-08-19,2284.25,2217.2,2352.53,ADANIENT.NS
2025-08-20,2292.55,2222.07,2361.93,ADANIENT.NS
2025-08-21,2290.46,2219.34,2355.55,ADANIENT.NS
2025-08-22,2279.98,2212.43,2349.05,ADANIENT.NS
2025-08-25,2276.71,2204.87,2346.94,ADANIENT.NS
2025-08-26,2274.44,2208.67,2343.83,ADANIENT.NS
2025-08-28,2285.0,2215.45,2351.25,ADANIENT.NS
2025-08-29,2277.33,2206.33,2349.74,ADANIENT.NS
2025-09-01,2285.47,2214.95,2356.28,ADANIENT.NS
2025-09-02,2288.0,2224.65,2349.45,ADANIENT.NS
2025-09-03,2303.55,2234.99,2373.06,ADANIENT.NS
2025-09-04,2309.49,2241.11,2378.07,ADANIENT.NS
2025-09-05,2307.82,2243.67,2378.5,ADANIENT.NS
2025-09-08,2335.05,2268.4,2407.11,ADANIENT.NS
2025-09-09,2343.96,2277.22,2412.51,ADANIENT.NS
2025-09-10,2365.71,2298.43,2433.8,ADANIENT.NS
2025-09-11,2377.55,2309.52,2446.38,ADANIENT.NS
2025-09-12,2381.36,2314.48,2451.25,ADANIENT.NS
2025-09-15,2421.59,2353.95,2487.3,ADANIENT.NS
2025-09-16,2433.4,2362.6,2498.15,ADANIENT.NS
2025-09-17,2457.22,2390.06,2521.29,ADANIENT.NS
2025-09-18,2470.27,2401.55,2539.62,ADANIENT.NS
2025-09-19,2474.42,2408.9,2542.4,ADANIENT.NS
2025-09-22,2510.4,2443.88,2579.76,ADANIENT.NS
2025-09-23,2519.14,2445.44,2590.41,ADANIENT.NS
2025-09-24,2539.16,2468.77,2609.81,ADANIENT.NS
2025-09-25,2547.74,2480.5,2612.86,ADANIENT.NS
2025-09-26,2546.83,2476.56,2611.45,ADANIENT.NS
2025-09-29,2565.02,2494.24,2626.24,ADANIENT.NS
2025-09-30,2567.28,2504.18,2635.26,ADANIENT.NS
2025-10-01,2580.7,2510.45,2643.48,ADANIENT.NS
2025-10-03,2575.2,2508.17,2644.33,ADANIENT.NS
2025-10-06,2574.82,2509.64,2646.95,ADANIENT.NS
2025-10-07,2571.46,2500.57,2635.73,ADANIENT.NS
2025-10-08,2579.61,2511.17,2649.07,ADANIENT.NS
2025-10-09,2576.68,2507.6,2638.65,ADANIENT.NS
2025-10-10,2564.73,2494.91,2635.3,ADANIENT.NS
2025-10-13,2553.31,2486.43,2621.85,ADANIENT.NS
2025-10-14,2547.04,2480.2,2618.26,ADANIENT.NS
2025-10-15,2552.64,2487.28,2618.34,ADANIENT.NS
2025-10-16,2547.5,2475.37,2618.26,ADANIENT.NS
2025-10-17,2533.63,2460.32,2604.27,ADANIENT.NS
2025-10-20,2518.02,2449.7,2587.24,ADANIENT.NS
2025-10-21,2510.79,2444.6,2577.45,ADANIENT.NS
2025-10-23,2509.84,2439.49,2575.3,ADANIENT.NS
2025-10-24,2495.49,2422.05,2568.2,ADANIENT.NS
2025-10-27,2479.2,2412.42,2548.44,ADANIENT.NS
2025-10-28,2471.98,2401.66,2539.08,ADANIENT.NS
2025-10-29,2476.92,2409.51,2548.18,ADANIENT.NS
2025-10-30,2471.39,2401.94,2544.06,ADANIENT.NS
2025-10-31,2457.4,2386.69,2526.36,ADANIENT.NS
2025-11-03,2442.8,2371.17,2507.82,ADANIENT.NS
2025-11-04,2436.33,2366.12,2505.11,ADANIENT.NS
2025-11-06,2437.42,2372.78,2507.97,ADANIENT.NS
2025-11-07,2424.31,2356.29,2493.73,ADANIENT.NS
2025-11-10,2412.23,2343.18,2482.2,ADANIENT.NS
2025-11-11,2406.43,2335.39,2477.78,ADANIENT.NS
2025-11-12,2412.73,2343.94,2482.14,ADANIENT.NS
2025-11-13,2408.43,2339.95,2474.58,ADANIENT.NS
2025-11-14,2395.47,2323.4,2466.47,ADANIENT.NS
2025-11-17,2382.33,2313.53,2453.89,ADANIENT.NS
2025-11-18,2375.6,2307.2,2440.95,ADANIENT.NS
2025-11-19,2380.67,2312.29,2451.95,ADANIENT.NS
2025-11-20,2374.85,2307.18,2443.3,ADANIENT.NS
2025-11-21,2360.1,2293.68,2432.03,ADANIENT.NS
2025-11-24,2340.27,2274.16,2413.59,ADANIENT.NS
2025-11-25,2331.04,2261.79,2402.94,ADANIENT.NS
2025-11-26,2333.58,2267.3,2402.93,ADANIENT.NS
2025-11-27,2325.27,2258.66,2395.82,ADANIENT.NS
2025-11-28,2308.17,2239.65,2374.54,ADANIENT.NS
2025-12-01,2282.86,2211.22,2351.37,ADANIENT.NS
2025-12-02,2272.63,2207.52,2340.69,ADANIENT.NS
2025-12-03,2274.69,2205.98,2344.69,ADANIENT.NS
2025-12-04,2266.5,2196.0,2337.53,ADANIENT.NS
2025-12-05,2250.17,2182.84,2321.9,ADANIENT.NS
2025-12-08,2231.41,2165.31,2300.04,ADANIENT.NS
2025-12-09,2224.78,2158.29,2293.46,ADANIENT.NS
2025-12-10,2231.13,2162.55,2302.68,ADANIENT.NS
2025-12-11,2227.86,2161.93,2294.98,ADANIENT.NS
2025-12-12,2216.99,2150.25,2283.63,ADANIENT.NS
2025-12-15,2216.98,2148.26,2286.05,ADANIENT.NS
2025-12-16,2216.98,2147.95,2286.72,ADANIENT.NS
2025-12-17,2229.91,2158.28,2304.14,ADANIENT.NS
2025-12-18,2233.04,2165.31,2300.51,ADANIENT.NS
2025-12-19,2228.22,2156.6,2294.35,ADANIENT.NS
2025-12-22,2242.79,2170.49,2312.56,ADANIENT.NS
2025-12-23,2246.01,2174.14,2312.71,ADANIENT.NS
2025-12-24,2261.15,2193.43,2328.5,ADANIENT.NS
2025-12-26,2260.47,2196.38,2330.01,ADANIENT.NS
2025-12-29,2267.48,2194.4,2337.12,ADANIENT.NS
2025-12-30,2265.8,2193.49,2331.45,ADANIENT.NS
2025-12-31,2274.93,2203.4,2345.95,ADANIENT.NS
2026-01-01,2272.14,2201.88,2340.47,ADANIENT.NS
2026-01-02,2259.37,2196.51,2329.61,ADANIENT.NS
2026-01-05,2239.16,2178.13,2307.67,ADANIENT.NS
2026-01-06,2227.82,2161.76,2291.46,ADANIENT.NS
2026-01-07,2227.36,2156.65,2300.91,ADANIENT.NS
2026-01-08,2215.26,2149.7,2283.42,ADANIENT.NS
2026-01-09,2193.66,2124.77,2262.55,ADANIENT.NS
2026-01-12,2151.95,2085.13,2221.86,ADANIENT.NS
2026-01-13,2135.7,2069.27,2207.43,ADANIENT.NS
2026-01-14,2131.71,2060.35,2197.5,ADANIENT.NS
2026-01-15,2117.57,2046.47,2190.67,ADANIENT.NS
2026-01-16,2095.5,2026.28,2159.66,ADANIENT.NS
2026-01-19,2062.05,1995.77,2127.67,ADANIENT.NS
2026-01-20,2051.71,1984.6,2120.81,ADANIENT.NS
2026-01-21,2055.06,1987.12,2121.08,ADANIENT.NS
2026-01-22,2049.59,1983.92,2115.34,ADANIENT.NS
2026-01-23,2037.35,1968.12,2106.66,ADANIENT.NS
2026-01-27,2040.64,1973.24,2106.75,ADANIENT.NS
2026-01-28,2056.59,1989.66,2124.41,ADANIENT.NS
2026-01-29,2063.56,1994.64,2125.67,ADANIENT.NS
2026-01-30,2063.4,1999.9,2133.56,ADANIENT.NS
2026-02-02,2096.24,2030.66,2161.9,ADANIENT.NS
2026-02-03,2106.81,2038.05,2173.31,ADANIENT.NS
2026-02-04,2129.84,2059.36,2198.62,ADANIENT.NS
2026-02-05,2142.44,2073.51,2215.05,ADANIENT.NS
2026-02-06,2146.36,2077.76,2215.18,ADANIENT.NS
2026-02-09,2181.84,2115.99,2251.54,ADANIENT.NS
2026-02-10,2190.12,2115.53,2254.7,ADANIENT.NS
2026-02-11,2209.38,2138.56,2278.77,ADANIENT.NS
2026-02-12,2216.82,2146.74,2284.82,ADANIENT.NS
2026-02-13,2214.32,2148.41,2283.22,ADANIENT.NS
2026-02-16,2224.51,2156.43,2291.23,ADANIENT.NS
2026-02-17,2222.93,2156.25,2293.65,ADANIENT.NS
2026-02-18,2231.91,2168.22,2300.98,ADANIENT.NS
2026-02-19,2228.83,2162.0,2296.15,ADANIENT.NS
2026-02-20,2215.76,2148.05,2286.99,ADANIENT.NS
2026-02-23,2195.5,2129.21,2267.27,ADANIENT.NS
2026-02-24,2184.66,2112.52,2256.73,ADANIENT.NS
2026-02-25,2184.98,2116.32,2251.76,ADANIENT.NS
2026-02-26,2173.96,2106.64,2242.85,ADANIENT.NS
2026-02-27,2153.68,2090.66,2219.87,ADANIENT.NS
2026-03-02,2116.57,2046.43,2185.03,ADANIENT.NS
2026-03-04,2098.67,2030.36,2165.82,ADANIENT.NS
2026-03-05,2085.01,2014.16,2156.87,ADANIENT.NS
2026-03-06,2062.74,1994.6,2131.87,ADANIENT.NS
2026-03-09,2022.77,1955.33,2093.17,ADANIENT.NS
2026-03-10,2007.76,1942.52,2072.95,ADANIENT.NS
2026-03-11,2005.01,1937.21,2071.44,ADANIENT.NS
2026-03-12,1991.88,1924.18,2062.29,ADANIENT.NS
2026-03-13,1970.4,1906.23,2040.65,ADANIENT.NS
2026-03-16,1934.35,1865.38,2005.53,ADANIENT.NS
2026-03-17,1921.2,1848.83,1986.67,ADANIENT.NS
2026-03-18,1920.62,1855.68,1993.13,ADANIENT.NS
2026-03-19,1910.04,1841.25,1979.27,ADANIENT.NS
2026-03-20,1891.54,1826.77,1964.69,ADANIENT.NS
2026-03-23,1867.63,1797.73,1930.65,ADANIENT.NS
2026-03-24,1859.8,1790.49,1927.18,ADANIENT.NS
2026-03-25,1865.28,1794.54,1938.62,ADANIENT.NS
2026-03-27,1850.67,1783.85,1920.86,ADANIENT.NS
2026-03-30,1854.54,1788.85,1925.57,ADANIENT.NS
2026-04-01,1874.46,1808.26,1945.72,ADANIENT.NS
2026-04-02,1882.77,1816.98,1952.56,ADANIENT.NS
2026-04-06,1927.33,1856.82,1997.01,ADANIENT.NS
2026-04-07,1943.25,1869.08,2010.5,ADANIENT.NS
2026-04-08,1972.83,1899.47,2032.73,ADANIENT.NS
2026-04-09,1993.26,1927.01,2062.27,ADANIENT.NS
2026-04-10,2006.35,1934.23,2073.5,ADANIENT.NS
2026-04-13,2077.73,2008.72,2148.23,ADANIENT.NS
2026-04-15,2135.96,2067.18,2206.46,ADANIENT.NS
2026-04-16,2160.57,2096.7,2231.03,ADANIENT.NS
2026-04-17,2176.33,2102.15,2243.16,ADANIENT.NS
2026-04-20,2246.58,2177.12,2314.48,ADANIENT.NS
2026-04-21,2266.33,2193.79,2335.96,ADANIENT.NS
2026-04-22,2297.08,2228.03,2367.58,ADANIENT.NS
2026-04-23,2316.09,2246.59,2382.76,ADANIENT.NS
2026-04-24,2325.3,2254.91,2396.04,ADANIENT.NS
2026-04-27,2372.33,2307.2,2437.0,ADANIENT.NS
2026-04-28,2383.89,2317.32,2447.02,ADANIENT.NS
2026-04-29,2406.6,2336.44,2470.86,ADANIENT.NS
2026-04-30,2417.96,2352.05,2492.66,ADANIENT.NS
2026-05-01,2420.13,2344.62,2487.87,ADANIENT.NS
2026-05-04,2451.53,2384.2,2525.02,ADANIENT.NS
2026-05-05,2460.21,2396.0,2525.38,ADANIENT.NS
2026-05-06,2481.38,2410.3,2548.98,ADANIENT.NS
2026-05-07,2492.57,2426.47,2566.37,ADANIENT.NS
2026-05-08,2495.96,2424.49,2566.65,ADANIENT.NS
2026-05-11,2538.83,2471.68,2602.45,ADANIENT.NS
2026-05-12,2553.58,2484.67,2623.36,ADANIENT.NS
2026-05-13,2581.67,2510.48,2652.08,ADANIENT.NS
2026-05-14,2600.44,2531.63,2670.51,ADANIENT.NS
2026-05-15,2611.84,2544.45,2682.12,ADANIENT.NS
2026-05-18,2678.81,2606.21,2745.28,ADANIENT.NS
2026-05-19,2700.79,2632.75,2771.44,ADANIENT.NS
2026-05-20,2735.29,2667.09,2806.63,ADANIENT.NS
2026-05-21,2759.42,2689.77,2828.0,ADANIENT.NS
2026-05-22,2774.94,2705.74,2845.8,ADANIENT.NS
2026-05-25,2845.26,2777.31,2915.19,ADANIENT.NS
2026-05-26,2865.0,2796.18,2933.71,ADANIENT.NS
2026-05-27,2895.52,2831.25,2963.61,ADANIENT.NS
2026-05-28,2913.97,2845.34,2981.45,ADANIENT.NS
2026-05-29,2922.15,2853.79,2989.4,ADANIENT.NS
2026-06-01,2961.89,2892.24,3030.78,ADANIENT.NS
2026-06-02,2969.21,2899.44,3032.47,ADANIENT.NS
2026-06-03,2986.59,2917.23,3056.23,ADANIENT.NS
2026-06-04,2991.44,2928.06,3059.38,ADANIENT.NS
2026-06-05,2985.85,2914.67,3047.7,ADANIENT.NS
2026-06-08,2986.17,2914.21,3055.79,ADANIENT.NS
2026-06-09,2981.91,2915.94,3049.42,ADANIENT.NS
2026-06-10,2988.93,2918.26,3056.19,ADANIENT.NS
2026-06-11,2984.84,2919.5,3055.5,ADANIENT.NS
2026-06-12,2971.94,2902.63,3042.16,ADANIENT.NS
2026-06-15,2961.29,2889.0,3033.2,ADANIENT.NS
2026-06-16,2957.24,2889.03,3021.84,ADANIENT.NS
2026-06-17,2966.36,2891.61,3036.43,ADANIENT.NS
2026-06-18,2966.21,2894.85,3029.84,ADANIENT.NS
2026-06-19,2958.95,2888.48,3028.24,ADANIENT.NS
2026-06-22,2973.55,2905.18,3040.66,ADANIENT.NS
2026-06-23,2979.89,2912.96,3049.55,ADANIENT.NS
2026-06-24,2999.95,2931.96,3073.03,ADANIENT.NS
2026-06-25,3010.96,2939.3,3083.79,ADANIENT.NS
2026-06-26,3014.77,2944.06,3086.41,ADANIENT.NS
2026-06-29,3059.08,2989.33,3129.34,ADANIENT.NS
2026-06-30,3073.22,3002.93,3141.47,ADANIENT.NS
2026-07-01,3099.59,3028.84,3170.62,ADANIENT.NS
2026-07-02,3115.26,3046.78,3185.56,ADANIENT.NS
2026-07-03,3121.9,3053.71,3189.96,ADANIENT.NS
2026-07-06,3162.77,3099.39,3233.42,ADANIENT.NS
2026-07-07,3171.69,3106.38,3241.36,ADANIENT.NS
2026-07-08,3190.88,3119.32,3263.18,ADANIENT.NS
2026-07-09,3197.51,3128.0,3270.98,ADANIENT.NS
2026-07-10,3193.41,3131.84,3265.04,ADANIENT.NS
2026-07-13,3193.81,3121.0,3262.45,ADANIENT.NS
2026-07-14,3187.31,3121.93,3258.37,ADANIENT.NS
2026-07-15,3190.58,3121.58,3259.99,ADANIENT.NS
2026-07-16,3181.05,3111.08,3251.01,ADANIENT.NS
2026-07-17,3160.85,3094.73,3229.08,ADANIENT.NS
2026-07-20,3116.08,3050.38,3185.6,ADANIENT.NS
2026-07-21,3096.39,3021.87,3157.7,ADANIENT.NS
2026-07-22,3087.75,3017.2,3155.05,ADANIENT.NS
2026-07-23,3067.78,2993.15,3137.95,ADANIENT.NS
2026-07-24,3038.72,2971.43,3107.33,ADANIENT.NS
2026-07-27,2977.62,2908.7,3045.45,ADANIENT.NS
2026-07-28,2955.96,2888.22,3024.97,ADANIENT.NS
2026-07-29,2947.03,2879.8,3020.23,ADANIENT.NS
2026-07-30,2928.35,2859.43,2993.12,ADANIENT.NS
2026-07-31,2902.04,2832.93,2970.71,ADANIENT.NS
2026-08-03,2856.49,2793.84,2927.75,ADANIENT.NS
2026-08-04,2841.84,2771.46,2911.31,ADANIENT.NS
2026-08-05,2840.52,2770.16,2905.82,ADANIENT.NS
2026-08-06,2829.84,2757.82,2895.32,ADANIENT.NS
2026-08-07,2811.74,2741.97,2876.94,ADANIENT.NS
2026-08-10,2790.34,2720.88,2859.57,ADANIENT.NS
2026-08-11,2783.09,2718.03,2849.61,ADANIENT.NS
2026-08-12,2788.65,2717.51,2860.12,ADANIENT.NS
2026-08-13,2784.26,2720.49,2853.07,ADANIENT.NS
2026-08-14,2771.81,2704.36,2840.4,ADANIENT.NS
2026-08-17,2763.36,2694.06,2833.87,ADANIENT.NS
2026-08-18,2759.18,2691.95,2825.86,ADANIENT.NS
2026-08-19,2767.28,2700.43,2835.35,ADANIENT.NS
2026-08-20,2764.98,2696.96,2832.06,ADANIENT.NS
2026-08-21,2754.28,2686.39,2825.3,ADANIENT.NS
2026-08-24,2750.04,2676.75,2816.06,ADANIENT.NS
2026-08-25,2747.3,2682.25,2819.84,ADANIENT.NS
2026-08-26,2757.02,2683.81,2825.89,ADANIENT.NS
2026-08-27,2756.63,2681.81,2824.12,ADANIENT.NS
2026-08-28,2748.19,2678.23,2818.0,ADANIENT.NS
2026-08-31,2753.49,2684.5,2822.03,ADANIENT.NS
2026-09-01,2754.93,2688.7,2825.83,ADANIENT.NS
2026-09-02,2769.34,2700.68,2839.6,ADANIENT.NS
2025-07-22,1396.9,1367.04,1426.45,ADANIPORTS.NS
2025-07-23,1399.88,1370.53,1430.14,ADANIPORTS.NS
2025-07-24,1396.82,1366.85,1426.67,ADANIPORTS.NS
2025-07-25,1390.14,1359.34,1420.43,ADANIPORTS.NS
2025-07-28,1379.56,1351.21,1411.59,ADANIPORTS.NS
2025-07-29,1379.05,1349.2,1406.9,ADANIPORTS.NS
2025-07-30,1381.72,1351.4,1410.62,ADANIPORTS.NS
2025-07-31,1378.36,1349.38,1410.26,ADANIPORTS.NS
2025-08-01,1371.35,1342.05,1400.41,ADANIPORTS.NS
2025-08-04,1359.6,1330.39,1392.18,ADANIPORTS.NS
2025-08-05,1358.64,1329.82,1387.88,ADANIPORTS.NS
2025-08-06,1360.84,1331.16,1390.46,ADANIPORTS.NS
2025-08-07,1357.0,1327.56,1388.98,ADANIPORTS.NS
2025-08-08,1349.53,1320.98,1377.71,ADANIPORTS.NS
2025-08-11,1336.72,1308.34,1368.45,ADANIPORTS.NS
2025-08-12,1335.6,1305.29,1365.82,ADANIPORTS.NS
2025-08-13,1337.79,1307.21,1367.33,ADANIPORTS.NS
2025-08-14,1334.12,1302.51,1364.57,ADANIPORTS.NS
2025-08-18,1316.75,1287.56,1346.01,ADANIPORTS.NS
2025-08-19,1317.02,1287.21,1346.86,ADANIPORTS.NS
2025-08-20,1320.87,1289.76,1351.66,ADANIPORTS.NS
2025-08-21,1319.15,1287.68,1349.21,ADANIPORTS.NS
2025-08-22,1314.26,1285.19,1340.85,ADANIPORTS.NS
2025-08-25,1312.11,1282.06,1341.67,ADANIPORTS.NS
2025-08-26,1315.46,1282.58,1345.16,ADANIPORTS.NS
2025-08-28,1324.1,1294.0,1353.0,ADANIPORTS.NS
2025-08-29,1322.55,1291.52,1353.55,ADANIPORTS.NS
2025-09-01,1330.02,1300.37,1361.54,ADANIPORTS.NS
2025-09-02,1336.29,1306.37,1366.84,ADANIPORTS.NS
2025-09-03,1346.04,1317.1,1376.5,ADANIPORTS.NS
2025-09-04,1350.01,1319.34,1377.11,ADANIPORTS.NS
2025-09-05,1350.53,1319.38,1380.51,ADANIPORTS.NS
2025-09-08,1361.99,1333.62,1391.41,ADANIPORTS.NS
2025-09-09,1368.78,1340.74,1396.72,ADANIPORTS.NS
2025-09-10,1378.64,1347.82,1410.26,ADANIPORTS.NS
2025-09-11,1382.3,1353.36,1410.65,ADANIPORTS.NS
2025-09-12,1382.12,1349.88,1410.12,ADANIPORTS.NS
2025-09-15,1389.42,1358.59,1418.99,ADANIPORTS.NS
2025-09-16,1394.27,1364.31,1425.4,ADANIPORTS.NS
2025-09-17,1401.98,1373.14,1432.64,ADANIPORTS.NS
2025-09-18,1403.36,1372.41,1433.52,ADANIPORTS.NS
2025-09-19,1400.82,1370.96,1429.59,ADANIPORTS.NS
2025-09-22,1401.1,1369.97,1430.45,ADANIPORTS.NS
2025-09-23,1403.82,1374.61,1432.48,ADANIPORTS.NS
2025-09-24,1409.59,1379.17,1439.54,ADANIPORTS.NS
2025-09-25,1409.25,1378.27,1438.84,ADANIPORTS.NS
2025-09-26,1405.25,1376.55,1436.18,ADANIPORTS.NS
2025-09-29,1402.93,1373.68,1428.36,ADANIPORTS.NS
2025-09-30,1405.4,1375.14,1434.29,ADANIPORTS.NS
2025-10-01,1411.22,1380.99,1440.75,ADANIPORTS.NS
2025-10-03,1407.79,1380.67,1438.24,ADANIPORTS.NS
2025-10-06,1408.41,1376.81,1439.96,ADANIPORTS.NS
2025-10-07,1412.1,1384.12,1442.59,ADANIPORTS.NS
2025-10-08,1419.2,1389.97,1448.85,ADANIPORTS.NS
2025-10-09,1420.47,1389.91,1451.99,ADANIPORTS.NS
2025-10-10,1418.29,1388.19,1449.86,ADANIPORTS.NS
2025-10-13,1421.89,1388.24,1453.27,ADANIPORTS.NS
2025-10-14,1426.23,1395.52,1459.05,ADANIPORTS.NS
2025-10-15,1433.75,1403.66,1466.05,ADANIPORTS.NS
2025-10-16,1435.22,1405.55,1463.71,ADANIPORTS.NS
2025-10-17,1433.0,1404.45,1463.74,ADANIPORTS.NS
2025-10-20,1435.15,1404.24,1464.74,ADANIPORTS.NS
2025-10-21,1438.62,1406.65,1466.03,ADANIPORTS.NS
2025-10-23,1445.48,1415.3,1475.49,ADANIPORTS.NS
2025-10-24,1442.07,1412.58,1471.9,ADANIPORTS.NS
2025-10-27,1440.71,1411.5,1471.07,ADANIPORTS.NS
2025-10-28,1443.19,1413.12,1473.58,ADANIPORTS.NS
2025-10-29,1448.85,1419.67,1483.1,ADANIPORTS.NS
2025-10-30,1448.55,1418.73,1480.22,ADANIPORTS.NS
2025-10-31,1444.71,1413.62,1475.18,ADANIPORTS.NS
2025-11-03,1443.61,1412.21,1475.18,ADANIPORTS.NS
2025-11-04,1446.7,1416.62,1475.86,ADANIPORTS.NS
2025-11-06,1454.05,1423.46,1482.94,ADANIPORTS.NS
2025-11-07,1451.55,1422.2,1482.43,ADANIPORTS.NS
2025-11-10,1455.34,1426.68,1485.62,ADANIPORTS.NS
2025-11-11,1460.22,1430.13,1487.6,ADANIPORTS.NS
2025-11-12,1468.54,1438.17,1497.73,ADANIPORTS.NS
2025-11-13,1471.06,1441.64,1502.18,ADANIPORTS.NS
2025-11-14,1470.14,1440.68,1497.81,ADANIPORTS.NS
2025-11-17,1477.5,1449.34,1509.55,ADANIPORTS.NS
2025-11-18,1483.01,1453.85,1514.85,ADANIPORTS.NS
2025-11-19,1491.65,1461.17,1521.0,ADANIPORTS.NS
2025-11-20,1494.14,1464.35,1523.74,ADANIPORTS.NS
2025-11-21,1492.83,1463.24,1522.2,ADANIPORTS.NS
2025-11-24,1496.91,1465.88,1525.27,ADANIPORTS.NS
2025-11-25,1500.69,1469.68,1531.14,ADANIPORTS.NS
2025-11-26,1507.33,1477.84,1536.69,ADANIPORTS.NS
2025-11-27,1507.6,1478.56,1538.22,ADANIPORTS.NS
2025-11-28,1503.91,1473.03,1534.51,ADANIPORTS.NS
2025-12-01,1500.39,1473.06,1531.47,ADANIPORTS.NS
2025-12-02,1501.7,1471.83,1531.84,ADANIPORTS.NS
2025-12-03,1505.99,1477.31,1535.38,ADANIPORTS.NS
2025-12-04,1504.11,1474.06,1535.45,ADANIPORTS.NS
2025-12-05,1498.49,1468.84,1528.66,ADANIPORTS.NS
2025-12-08,1491.03,1460.56,1521.44,ADANIPORTS.NS
2025-12-09,1491.71,1462.33,1521.44,ADANIPORTS.NS
2025-12-10,1495.73,1466.81,1524.61,ADANIPORTS.NS
2025-12-11,1493.92,1463.32,1524.31,ADANIPORTS.NS
2025-12-12,1488.72,1457.68,1517.8,ADANIPORTS.NS
2025-12-15,1484.13,1454.67,1512.1,ADANIPORTS.NS
2025-12-16,1486.16,1457.32,1515.79,ADANIPORTS.NS
2025-12-17,1491.62,1460.35,1516.6,ADANIPORTS.NS
2025-12-18,1491.28,1460.95,1521.96,ADANIPORTS.NS
2025-12-19,1487.5,1457.75,1518.2,ADANIPORTS.NS
2025-12-22,1486.21,1457.81,1515.9,ADANIPORTS.NS
2025-12-23,1488.8,1457.56,1519.27,ADANIPORTS.NS
2025-12-24,1494.46,1465.1,1526.49,ADANIPORTS.NS
2025-12-26,1489.5,1459.1,1519.52,ADANIPORTS.NS
2025-12-29,1483.57,1453.24,1512.78,ADANIPORTS.NS
2025-12-30,1483.73,1452.92,1512.82,ADANIPORTS.NS
2025-12-31,1486.58,1456.5,1518.09,ADANIPORTS.NS
2026-01-01,1482.89,1453.65,1511.42,ADANIPORTS.NS
2026-01-02,1475.04,1444.97,1505.44,ADANIPORTS.NS
2026-01-05,1457.98,1427.49,1488.43,ADANIPORTS.NS
2026-01-06,1454.45,1422.69,1483.55,ADANIPORTS.NS
2026-01-07,1453.77,1422.89,1484.46,ADANIPORTS.NS
2026-01-08,1446.83,1418.08,1476.25,ADANIPORTS.NS
2026-01-09,1436.12,1406.9,1466.7,ADANIPORTS.NS
2026-01-12,1413.58,1383.89,1442.65,ADANIPORTS.NS
2026-01-13,1409.54,1380.08,1439.03,ADANIPORTS.NS
2026-01-14,1409.11,1379.96,1437.71,ADANIPORTS.NS
2026-01-15,1403.21,1373.2,1434.37,ADANIPORTS.NS
2026-01-16,1394.35,1364.38,1422.41,ADANIPORTS.NS
2026-01-19,1382.24,1351.23,1411.31,ADANIPORTS.NS
2026-01-20,1383.18,1350.38,1414.45,ADANIPORTS.NS
2026-01-21,1388.41,1357.36,1417.76,ADANIPORTS.NS
2026-01-22,1388.74,1357.48,1418.03,ADANIPORTS.NS
2026-01-23,1386.6,1356.77,1417.88,ADANIPORTS.NS
2026-01-27,1404.88,1373.88,1435.23,ADANIPORTS.NS
2026-01-28,1417.48,1386.37,1447.68,ADANIPORTS.NS
2026-01-29,1424.92,1393.79,1455.67,ADANIPORTS.NS
2026-01-30,1429.5,1400.25,1458.8,ADANIPORTS.NS
2026-02-02,1456.0,1425.2,1485.16,ADANIPORTS.NS
2026-02-03,1468.48,1438.01,1497.16,ADANIPORTS.NS
2026-02-04,1484.23,1453.45,1515.65,ADANIPORTS.NS
2026-02-05,1493.87,1462.23,1523.66,ADANIPORTS.NS
2026-02-06,1499.66,1470.09,1529.62,ADANIPORTS.NS
2026-02-09,1523.73,1492.34,1558.68,ADANIPORTS.NS
2026-02-10,1533.43,1502.64,1562.8,ADANIPORTS.NS
2026-02-11,1545.47,1516.47,1576.51,ADANIPORTS.NS
2026-02-12,1550.56,1519.86,1580.39,ADANIPORTS.NS
2026-02-13,1551.02,1521.5,1579.29,ADANIPORTS.NS
2026-02-16,1555.4,1527.07,1586.17,ADANIPORTS.NS
2026-02-17,1557.67,1529.6,1587.22,ADANIPORTS.NS
2026-02-18,1562.03,1533.94,1592.91,ADANIPORTS.NS
2026-02-19,1559.31,1529.39,1588.42,ADANIPORTS.NS
2026-02-20,1551.94,1522.21,1583.23,ADANIPORTS.NS
2026-02-23,1533.83,1502.36,1563.53,ADANIPORTS.NS
2026-02-24,1529.25,1497.79,1558.4,ADANIPORTS.NS
2026-02-25,1527.23,1496.93,1557.59,ADANIPORTS.NS
2026-02-26,1518.64,1489.15,1548.39,ADANIPORTS.NS
2026-02-27,1505.99,1475.92,1536.55,ADANIPORTS.NS
2026-03-02,1475.8,1446.02,1504.53,ADANIPORTS.NS
2026-03-04,1464.41,1431.96,1493.82,ADANIPORTS.NS
2026-03-05,1454.39,1424.36,1485.46,ADANIPORTS.NS
2026-03-06,1440.92,1411.54,1472.13,ADANIPORTS.NS
2026-03-09,1411.54,1381.58,1441.06,ADANIPORTS.NS
2026-03-10,1405.48,1375.35,1436.68,ADANIPORTS.NS
2026-03-11,1403.02,1373.76,1432.24,ADANIPORTS.NS
2026-03-12,1395.0,1366.6,1423.45,ADANIPORTS.NS
2026-03-13,1383.84,1354.99,1415.36,ADANIPORTS.NS
2026-03-16,1362.93,1332.83,1390.65,ADANIPORTS.NS
2026-03-17,1360.1,1330.2,1393.23,ADANIPORTS.NS
2026-03-18,1361.03,1328.91,1391.62,ADANIPORTS.NS
2026-03-19,1356.55,1326.07,1387.05,ADANIPORTS.NS
2026-03-20,1349.06,1318.71,1378.39,ADANIPORTS.NS
2026-03-23,1339.94,1310.95,1371.58,ADANIPORTS.NS
2026-03-24,1341.28,1310.67,1370.68,ADANIPORTS.NS
2026-03-25,1346.51,1316.65,1377.91,ADANIPORTS.NS
2026-03-27,1343.54,1313.7,1373.72,ADANIPORTS.NS
2026-03-30,1348.91,1318.25,1381.82,ADANIPORTS.NS
2026-04-01,1365.74,1335.63,1395.83,ADANIPORTS.NS
2026-04-02,1370.95,1342.07,1402.48,ADANIPORTS.NS
2026-04-06,1394.64,1363.3,1423.15,ADANIPORTS.NS
2026-04-07,1406.24,1377.29,1438.34,ADANIPORTS.NS
2026-04-08,1421.7,1391.93,1452.51,ADANIPORTS.NS
2026-04-09,1431.77,1402.27,1460.96,ADANIPORTS.NS
2026-04-10,1438.78,1406.63,1467.04,ADANIPORTS.NS
2026-04-13,1472.08,1440.68,1504.98,ADANIPORTS.NS
2026-04-15,1505.13,1474.55,1533.98,ADANIPORTS.NS
2026-04-16,1517.49,1487.61,1546.55,ADANIPORTS.NS
2026-04-17,1526.3,1496.4,1555.93,ADANIPORTS.NS
2026-04-20,1561.86,1532.95,1593.22,ADANIPORTS.NS
2026-04-21,1576.4,1547.44,1608.1,ADANIPORTS.NS
2026-04-22,1593.86,1563.65,1623.54,ADANIPORTS.NS
2026-04-23,1604.98,1574.61,1636.68,ADANIPORTS.NS
2026-04-24,1612.11,1582.63,1642.46,ADANIPORTS.NS
2026-04-27,1640.47,1609.91,1669.9,ADANIPORTS.NS
2026-04-28,1652.06,1623.76,1681.0,ADANIPORTS.NS
2026-04-29,1666.37,1637.67,1695.43,ADANIPORTS.NS
2026-04-30,1674.22,1645.04,1705.23,ADANIPORTS.NS
2026-05-01,1678.01,1648.14,1706.81,ADANIPORTS.NS
2026-05-04,1696.46,1667.82,1725.05,ADANIPORTS.NS
2026-05-05,1704.93,1673.28,1733.09,ADANIPORTS.NS
2026-05-06,1716.29,1685.04,1745.18,ADANIPORTS.NS
2026-05-07,1721.38,1692.55,1751.55,ADANIPORTS.NS
2026-05-08,1722.61,1692.3,1754.22,ADANIPORTS.NS
2026-05-11,1734.78,1704.98,1764.58,ADANIPORTS.NS
2026-05-12,1741.62,1713.13,1773.41,ADANIPORTS.NS
2026-05-13,1751.55,1721.4,1782.31,ADANIPORTS.NS
2026-05-14,1755.4,1725.08,1784.87,ADANIPORTS.NS
2026-05-15,1755.57,1726.69,1786.1,ADANIPORTS.NS
2026-05-18,1765.19,1737.05,1792.91,ADANIPORTS.NS
2026-05-19,1771.29,1740.39,1801.19,ADANIPORTS.NS
2026-05-20,1780.49,1750.92,1810.64,ADANIPORTS.NS
2026-05-21,1783.58,1751.84,1813.83,ADANIPORTS.NS
2026-05-22,1782.92,1753.2,1813.42,ADANIPORTS.NS
2026-05-25,1789.49,1756.69,1817.62,ADANIPORTS.NS
2026-05-26,1794.34,1761.46,1824.55,ADANIPORTS.NS
2026-05-27,1802.16,1771.72,1833.05,ADANIPORTS.NS
2026-05-28,1803.73,1774.61,1834.74,ADANIPORTS.NS
2026-05-29,1801.45,1773.21,1832.3,ADANIPORTS.NS
2026-06-01,1802.64,1772.51,1831.57,ADANIPORTS.NS
2026-06-02,1805.61,1773.71,1835.81,ADANIPORTS.NS
2026-06-03,1811.56,1783.48,1839.64,ADANIPORTS.NS
2026-06-04,1811.32,1780.97,1839.52,ADANIPORTS.NS
2026-06-05,1807.29,1779.15,1836.21,ADANIPORTS.NS
2026-06-08,1804.06,1774.01,1836.2,ADANIPORTS.NS
2026-06-09,1805.92,1775.08,1838.65,ADANIPORTS.NS
2026-06-10,1810.98,1781.55,1839.67,ADANIPORTS.NS
2026-06-11,1810.08,1780.75,1840.02,ADANIPORTS.NS
2026-06-12,1805.65,1773.32,1834.04,ADANIPORTS.NS
2026-06-15,1802.72,1772.19,1833.16,ADANIPORTS.NS
2026-06-16,1805.15,1776.76,1838.0,ADANIPORTS.NS
2026-06-17,1811.0,1781.42,1840.41,ADANIPORTS.NS
2026-06-18,1811.06,1781.33,1840.37,ADANIPORTS.NS
2026-06-19,1807.74,1777.64,1835.14,ADANIPORTS.NS
2026-06-22,1808.65,1779.19,1839.33,ADANIPORTS.NS
2026-06-23,1812.4,1782.87,1842.82,ADANIPORTS.NS
2026-06-24,1819.52,1791.84,1848.6,ADANIPORTS.NS
2026-06-25,1820.78,1791.11,1852.11,ADANIPORTS.NS
2026-06-26,1818.53,1789.19,1849.54,ADANIPORTS.NS
2026-06-29,1821.59,1795.41,1853.13,ADANIPORTS.NS
2026-06-30,1825.64,1795.56,1854.01,ADANIPORTS.NS
2026-07-01,1832.81,1802.23,1862.55,ADANIPORTS.NS
2026-07-02,1833.86,1804.62,1861.68,ADANIPORTS.NS
2026-07-03,1831.17,1804.47,1860.37,ADANIPORTS.NS
2026-07-06,1831.51,1800.65,1859.99,ADANIPORTS.NS
2026-07-07,1834.24,1805.83,1864.36,ADANIPORTS.NS
2026-07-08,1839.94,1811.61,1869.99,ADANIPORTS.NS
2026-07-09,1839.38,1806.76,1869.22,ADANIPORTS.NS
2026-07-10,1834.97,1805.86,1866.12,ADANIPORTS.NS
2026-07-13,1829.9,1801.07,1857.87,ADANIPORTS.NS
2026-07-14,1830.84,1800.39,1862.1,ADANIPORTS.NS
2026-07-15,1834.79,1806.05,1863.76,ADANIPORTS.NS
2026-07-16,1832.58,1803.23,1862.91,ADANIPORTS.NS
2026-07-17,1826.61,1794.83,1856.01,ADANIPORTS.NS
2026-07-20,1817.61,1787.51,1846.99,ADANIPORTS.NS
2026-07-21,1817.51,1785.89,1848.12,ADANIPORTS.NS
2026-07-22,1820.56,1791.15,1849.64,ADANIPORTS.NS
2026-07-23,1817.57,1788.03,1846.68,ADANIPORTS.NS
2026-07-24,1810.95,1781.95,1842.33,ADANIPORTS.NS
2026-07-27,1800.52,1768.61,1829.03,ADANIPORTS.NS
2026-07-28,1800.07,1769.38,1828.72,ADANIPORTS.NS
2026-07-29,1802.8,1772.16,1835.6,ADANIPORTS.NS
2026-07-30,1799.5,1770.0,1830.65,ADANIPORTS.NS
2026-07-31,1792.56,1764.4,1821.21,ADANIPORTS.NS
2026-08-03,1781.08,1752.43,1811.96,ADANIPORTS.NS
2026-08-04,1780.21,1751.05,1809.49,ADANIPORTS.NS
2026-08-05,1782.49,1754.97,1811.21,ADANIPORTS.NS
2026-08-06,1778.73,1747.27,1806.63,ADANIPORTS.NS
2026-08-07,1771.32,1742.24,1801.8,ADANIPORTS.NS
2026-08-10,1758.56,1727.21,1787.17,ADANIPORTS.NS
2026-08-11,1757.39,1728.57,1787.87,ADANIPORTS.NS
2026-08-12,1759.49,1731.0,1788.37,ADANIPORTS.NS
2026-08-13,1755.67,1724.42,1786.63,ADANIPORTS.NS
2026-08-14,1748.38,1718.7,1779.32,ADANIPORTS.NS
2026-08-17,1737.24,1706.97,1766.84,ADANIPORTS.NS
2026-08-18,1737.11,1706.04,1764.65,ADANIPORTS.NS
2026-08-19,1740.52,1712.34,1771.11,ADANIPORTS.NS
2026-08-20,1738.31,1707.0,1766.03,ADANIPORTS.NS
2026-08-21,1732.9,1701.05,1764.38,ADANIPORTS.NS
2026-08-24,1728.98,1699.27,1760.05,ADANIPORTS.NS
2026-08-25,1731.73,1704.99,1762.43,ADANIPORTS.NS
2026-08-26,1738.19,1706.01,1768.06,ADANIPORTS.NS
2026-08-27,1739.16,1708.53,1769.89,ADANIPORTS.NS
2026-08-28,1737.02,1705.21,1768.41,ADANIPORTS.NS
2026-08-31,1743.0,1713.69,1771.61,ADANIPORTS.NS
2026-09-01,1748.88,1719.91,1779.34,ADANIPORTS.NS
2026-09-02,1758.3,1726.98,1790.66,ADANIPORTS.NS
2025-07-22,7319.76,7187.58,7452.82,APOLLOHOSP.NS
2025-07-23,7334.53,7197.73,7461.17,APOLLOHOSP.NS
2025-07-24,7322.09,7194.91,7453.06,APOLLOHOSP.NS
2025-07-25,7313.55,7199.61,7452.3,APOLLOHOSP.NS
2025-07-28,7295.03,7163.24,7421.97,APOLLOHOSP.NS
2025-07-29,7294.22,7166.44,7428.42,APOLLOHOSP.NS
2025-07-30,7318.73,7181.86,7450.18,APOLLOHOSP.NS
2025-07-31,7317.27,7195.65,7451.48,APOLLOHOSP.NS
2025-08-01,7320.72,7195.75,7446.98,APOLLOHOSP.NS
2025-08-04,7341.63,7209.36,7473.61,APOLLOHOSP.NS
2025-08-05,7354.29,7223.42,7485.03,APOLLOHOSP.NS
2025-08-06,7392.0,7270.54,7524.54,APOLLOHOSP.NS
2025-08-07,7403.28,7256.1,7530.56,APOLLOHOSP.NS
2025-08-08,7418.8,7286.58,7543.99,APOLLOHOSP.NS
2025-08-11,7470.27,7343.93,7598.55,APOLLOHOSP.NS
2025-08-12,7490.83,7352.48,7628.17,APOLLOHOSP.NS
2025-08-13,7535.19,7404.78,7671.14,APOLLOHOSP.NS
2025-08-14,7551.82,7423.71,7677.41,APOLLOHOSP.NS
2025-08-18,7627.46,7498.43,7761.62,APOLLOHOSP.NS
2025-08-19,7647.24,7518.76,7776.1,APOLLOHOSP.NS
2025-08-20,7689.78,7566.44,7824.08,APOLLOHOSP.NS
2025-08-21,7703.65,7580.48,7839.66,APOLLOHOSP.NS
2025-08-22,7719.6,7589.43,7849.86,APOLLOHOSP.NS
2025-08-25,7760.54,7633.39,7886.48,APOLLOHOSP.NS
2025-08-26,7774.09,7638.68,7915.03,APOLLOHOSP.NS
2025-08-28,7816.6,7684.63,7951.07,APOLLOHOSP.NS
2025-08-29,7824.93,7696.23,7955.62,APOLLOHOSP.NS
2025-09-01,7840.64,7705.41,7972.52,APOLLOHOSP.NS
2025-09-02,7844.97,7711.98,7980.83,APOLLOHOSP.NS
2025-09-03,7871.16,7748.21,7998.48,APOLLOHOSP.NS
2025-09-04,7867.8,7734.53,7999.64,APOLLOHOSP.NS
2025-09-05,7865.67,7737.09,7986.29,APOLLOHOSP.NS
2025-09-08,7847.65,7717.72,7974.88,APOLLOHOSP.NS
2025-09-09,7840.07,7706.84,7967.52,APOLLOHOSP.NS
2025-09-10,7854.12,7728.34,7976.5,APOLLOHOSP.NS
2025-09-11,7838.48,7709.19,7973.07,APOLLOHOSP.NS
2025-09-12,7824.05,7691.88,7947.47,APOLLOHOSP.NS
2025-09-15,7770.38,7645.09,7905.8,APOLLOHOSP.NS
2025-09-16,7751.9,7613.18,7876.88,APOLLOHOSP.NS
2025-09-17,7755.87,7625.72,7888.21,APOLLOHOSP.NS
2025-09-18,7731.17,7607.07,7862.12,APOLLOHOSP.NS
2025-09-19,7708.9,7580.8,7838.75,APOLLOHOSP.NS
2025-09-22,7640.98,7506.75,7767.09,APOLLOHOSP.NS
2025-09-23,7621.43,7492.89,7752.34,APOLLOHOSP.NS
2025-09-24,7626.39,7505.12,7758.72,APOLLOHOSP.NS
2025-09-25,7604.83,7473.29,7744.39,APOLLOHOSP.NS
2025-09-26,7587.92,7453.18,7718.04,APOLLOHOSP.NS
2025-09-29,7549.19,7424.53,7680.52,APOLLOHOSP.NS
2025-09-30,7543.47,7407.06,7676.55,APOLLOHOSP.NS
2025-10-01,7564.04,7430.5,7688.81,APOLLOHOSP.NS
2025-10-03,7561.22,7433.95,7696.8,APOLLOHOSP.NS
2025-10-06,7582.4,7449.1,7711.84,APOLLOHOSP.NS
2025-10-07,7596.92,7469.86,7724.92,APOLLOHOSP.NS
2025-10-08,7637.21,7499.62,7759.37,APOLLOHOSP.NS
2025-10-09,7651.63,7516.41,7779.76,APOLLOHOSP.NS
2025-10-10,7670.64,7543.03,7804.41,APOLLOHOSP.NS
2025-10-13,7732.59,7592.38,7859.91,APOLLOHOSP.NS
2025-10-14,7755.75,7627.81,7879.59,APOLLOHOSP.NS
2025-10-15,7801.79,7672.68,7926.11,APOLLOHOSP.NS
2025-10-16,7818.88,7686.6,7947.51,APOLLOHOSP.NS
2025-10-17,7837.39,7711.69,7953.74,APOLLOHOSP.NS
2025-10-20,7878.63,7755.03,8012.49,APOLLOHOSP.NS
2025-10-21,7888.79,7747.61,8008.75,APOLLOHOSP.NS
2025-10-23,7917.99,7784.0,8044.82,APOLLOHOSP.NS
2025-10-24,7916.19,7787.06,8045.75,APOLLOHOSP.NS
2025-10-27,7887.73,7760.42,8020.64,APOLLOHOSP.NS
2025-10-28,7873.22,7737.67,8000.79,APOLLOHOSP.NS
2025-10-29,7878.9,7748.31,8008.22,APOLLOHOSP.NS
2025-10-30,7853.7,7722.65,7979.01,APOLLOHOSP.NS
2025-10-31,7828.76,7695.95,7957.76,APOLLOHOSP.NS
2025-11-03,7740.75,7610.22,7864.64,APOLLOHOSP.NS
2025-11-04,7710.79,7580.08,7851.74,APOLLOHOSP.NS
2025-11-06,7668.39,7540.15,7795.99,APOLLOHOSP.NS
2025-11-07,7636.28,7512.33,7769.81,APOLLOHOSP.NS
2025-11-10,7543.74,7415.44,7681.2,APOLLOHOSP.NS
2025-11-11,7517.52,7379.21,7638.51,APOLLOHOSP.NS
2025-11-12,7516.39,7383.9,7652.15,APOLLOHOSP.NS
2025-11-13,7489.12,7356.52,7622.22,APOLLOHOSP.NS
2025-11-14,7466.61,7335.92,7603.24,APOLLOHOSP.NS
2025-11-17,7408.74,7277.56,7537.62,APOLLOHOSP.NS
2025-11-18,7394.68,7267.0,7530.0,APOLLOHOSP.NS
2025-11-19,7405.32,7281.09,7537.46,APOLLOHOSP.NS
2025-11-20,7389.08,7258.23,7524.11,APOLLOHOSP.NS
2025-11-21,7376.5,7246.46,7508.07,APOLLOHOSP.NS
2025-11-24,7339.12,7208.81,7467.68,APOLLOHOSP.NS
2025-11-25,7328.18,7197.54,7454.52,APOLLOHOSP.NS
2025-11-26,7339.93,7205.29,7469.42,APOLLOHOSP.NS
2025-11-27,7322.8,7192.07,7459.53,APOLLOHOSP.NS
2025-11-28,7307.43,7167.98,7441.71,APOLLOHOSP.NS
2025-12-01,7251.99,7124.78,7376.59,APOLLOHOSP.NS
2025-12-02,7232.69,7100.52,7358.31,APOLLOHOSP.NS
2025-12-03,7235.48,7110.6,7368.9,APOLLOHOSP.NS
2025-12-04,7209.16,7075.21,7335.74,APOLLOHOSP.NS
2025-12-05,7184.77,7053.13,7313.94,APOLLOHOSP.NS
2025-12-08,7107.39,6971.45,7238.89,APOLLOHOSP.NS
2025-12-09,7083.73,6942.26,7218.45,APOLLOHOSP.NS
2025-12-10,7084.2,6955.53,7224.17,APOLLOHOSP.NS
2025-12-11,7057.85,6928.55,7199.76,APOLLOHOSP.NS
2025-12-12,7035.92,6901.87,7162.41,APOLLOHOSP.NS
2025-12-15,6981.79,6862.65,7112.39,APOLLOHOSP.NS
2025-12-16,6971.11,6838.07,7105.46,APOLLOHOSP.NS
2025-12-17,6986.95,6861.19,7128.82,APOLLOHOSP.NS
2025-12-18,6978.12,6839.52,7101.16,APOLLOHOSP.NS
2025-12-19,6975.54,6844.66,7103.32,APOLLOHOSP.NS
2025-12-22,6986.48,6862.17,7115.21,APOLLOHOSP.NS
2025-12-23,6998.28,6872.61,7127.52,APOLLOHOSP.NS
2025-12-24,7036.14,6905.8,7164.6,APOLLOHOSP.NS
2025-12-26,7065.32,6936.94,7196.93,APOLLOHOSP.NS
2025-12-29,7121.25,6987.51,7249.49,APOLLOHOSP.NS
2025-12-30,7142.15,7012.16,7283.48,APOLLOHOSP.NS
2025-12-31,7185.65,7055.38,7319.15,APOLLOHOSP.NS
2026-01-01,7199.84,7068.31,7332.62,APOLLOHOSP.NS
2026-01-02,7215.03,7092.37,7343.61,APOLLOHOSP.NS
2026-01-05,7243.19,7116.88,7378.82,APOLLOHOSP.NS
2026-01-06,7247.9,7117.4,7377.9,APOLLOHOSP.NS
2026-01-07,7272.22,7144.54,7397.4,APOLLOHOSP.NS
2026-01-08,7264.66,7133.67,7388.85,APOLLOHOSP.NS
2026-01-09,7256.0,7123.61,7380.81,APOLLOHOSP.NS
2026-01-12,7205.65,7068.94,7344.53,APOLLOHOSP.NS
2026-01-13,7183.91,7059.65,7305.45,APOLLOHOSP.NS
2026-01-14,7182.7,7053.85,7316.28,APOLLOHOSP.NS
2026-01-15,7151.15,7023.28,7280.1,APOLLOHOSP.NS
2026-01-16,7120.64,7004.18,7258.73,APOLLOHOSP.NS
2026-01-19,7022.98,6889.39,7152.21,APOLLOHOSP.NS
2026-01-20,6992.99,6864.1,7123.28,APOLLOHOSP.NS
2026-01-21,6987.83,6859.64,7124.11,APOLLOHOSP.NS
2026-01-22,6956.84,6834.07,7083.34,APOLLOHOSP.NS
2026-01-23,6931.47,6792.97,7057.01,APOLLOHOSP.NS
2026-01-27,6868.68,6740.42,6994.18,APOLLOHOSP.NS
2026-01-28,6889.6,6755.87,7014.27,APOLLOHOSP.NS
2026-01-29,6887.83,6766.79,7027.04,APOLLOHOSP.NS
2026-01-30,6894.32,6761.7,7023.26,APOLLOHOSP.NS
2026-02-02,6944.46,6818.03,7072.37,APOLLOHOSP.NS
2026-02-03,6973.21,6844.54,7107.6,APOLLOHOSP.NS
2026-02-04,7029.88,6903.49,7151.76,APOLLOHOSP.NS
2026-02-05,7062.67,6931.39,7197.41,APOLLOHOSP.NS
2026-02-06,7101.94,6979.89,7231.87,APOLLOHOSP.NS
2026-02-09,7234.1,7099.82,7352.19,APOLLOHOSP.NS
2026-02-10,7283.22,7152.1,7421.33,APOLLOHOSP.NS
2026-02-11,7356.17,7222.33,7497.83,APOLLOHOSP.NS
2026-02-12,7400.95,7279.96,7526.29,APOLLOHOSP.NS
2026-02-13,7447.73,7307.92,7586.65,APOLLOHOSP.NS
2026-02-16,7575.55,7445.54,7710.33,APOLLOHOSP.NS
2026-02-17,7614.6,7486.34,7750.03,APOLLOHOSP.NS
2026-02-18,7673.56,7544.13,7797.78,APOLLOHOSP.NS
2026-02-19,7700.73,7573.17,7839.76,APOLLOHOSP.NS
2026-02-20,7726.68,7589.94,7859.29,APOLLOHOSP.NS
2026-02-23,7777.04,7643.55,7909.55,APOLLOHOSP.NS
2026-02-24,7786.91,7655.18,7910.78,APOLLOHOSP.NS
2026-02-25,7815.83,7683.72,7941.86,APOLLOHOSP.NS
2026-02-26,7812.61,7683.57,7945.43,APOLLOHOSP.NS
2026-02-27,7808.3,7668.64,7936.21,APOLLOHOSP.NS
2026-03-02,7772.95,7635.4,7904.98,APOLLOHOSP.NS
2026-03-04,7762.46,7631.0,7895.46,APOLLOHOSP.NS
2026-03-05,7737.79,7613.85,7873.32,APOLLOHOSP.NS
2026-03-06,7714.4,7580.24,7843.89,APOLLOHOSP.NS
2026-03-09,7637.01,7505.47,7768.55,APOLLOHOSP.NS
2026-03-10,7612.34,7476.84,7740.65,APOLLOHOSP.NS
2026-03-11,7611.17,7478.83,7736.12,APOLLOHOSP.NS
2026-03-12,7582.43,7450.34,7708.54,APOLLOHOSP.NS
2026-03-13,7557.18,7423.11,7690.53,APOLLOHOSP.NS
2026-03-16,7485.78,7357.54,7626.27,APOLLOHOSP.NS
2026-03-17,7466.32,7337.87,7595.61,APOLLOHOSP.NS
2026-03-18,7471.62,7338.89,7603.75,APOLLOHOSP.NS
2026-03-19,7450.41,7320.01,7581.43,APOLLOHOSP.NS
2026-03-20,7433.58,7298.7,7566.52,APOLLOHOSP.NS
2026-03-23,7390.97,7256.68,7514.74,APOLLOHOSP.NS
2026-03-24,7381.8,7261.28,7519.33,APOLLOHOSP.NS
2026-03-25,7397.56,7264.31,7534.7,APOLLOHOSP.NS
2026-03-27,7380.53,7253.14,7512.2,APOLLOHOSP.NS
2026-03-30,7368.85,7235.23,7517.58,APOLLOHOSP.NS
2026-04-01,7395.3,7260.28,7520.24,APOLLOHOSP.NS
2026-04-02,7394.25,7261.82,7539.73,APOLLOHOSP.NS
2026-04-06,7412.72,7279.29,7542.67,APOLLOHOSP.NS
2026-04-07,7422.07,7281.37,7550.82,APOLLOHOSP.NS
2026-04-08,7455.87,7330.35,7581.95,APOLLOHOSP.NS
2026-04-09,7462.69,7349.19,7577.92,APOLLOHOSP.NS
2026-04-10,7473.3,7348.94,7608.66,APOLLOHOSP.NS
2026-04-13,7508.37,7381.77,7638.51,APOLLOHOSP.NS
2026-04-15,7561.91,7437.4,7694.0,APOLLOHOSP.NS
2026-04-16,7572.96,7447.93,7703.3,APOLLOHOSP.NS
2026-04-17,7587.1,7465.12,7727.04,APOLLOHOSP.NS
2026-04-20,7628.5,7499.96,7761.12,APOLLOHOSP.NS
2026-04-21,7644.04,7504.0,7773.29,APOLLOHOSP.NS
2026-04-22,7682.74,7562.33,7814.73,APOLLOHOSP.NS
2026-04-23,7693.19,7565.96,7820.36,APOLLOHOSP.NS
2026-04-24,7706.19,7572.61,7843.71,APOLLOHOSP.NS
2026-04-27,7741.67,7613.58,7869.24,APOLLOHOSP.NS
2026-04-28,7754.76,7629.76,7885.53,APOLLOHOSP.NS
2026-04-29,7790.95,7650.96,7924.58,APOLLOHOSP.NS
2026-04-30,7798.95,7672.34,7928.3,APOLLOHOSP.NS
2026-05-01,7809.68,7686.5,7943.27,APOLLOHOSP.NS
2026-05-04,7840.49,7715.81,7967.44,APOLLOHOSP.NS
2026-05-05,7853.02,7726.69,7982.93,APOLLOHOSP.NS
2026-05-06,7889.26,7763.49,8024.29,APOLLOHOSP.NS
2026-05-07,7897.96,7768.48,8034.14,APOLLOHOSP.NS
2026-05-08,7910.04,7772.93,8029.21,APOLLOHOSP.NS
2026-05-11,7948.57,7815.28,8080.34,APOLLOHOSP.NS
2026-05-12,7964.7,7834.42,8089.89,APOLLOHOSP.NS
2026-05-13,8004.89,7878.3,8135.1,APOLLOHOSP.NS
2026-05-14,8017.78,7884.98,8140.2,APOLLOHOSP.NS
2026-05-15,8034.15,7909.93,8160.48,APOLLOHOSP.NS
2026-05-18,8084.64,7957.12,8214.69,APOLLOHOSP.NS
2026-05-19,8103.94,7974.67,8240.45,APOLLOHOSP.NS
2026-05-20,8146.65,8020.08,8278.54,APOLLOHOSP.NS
2026-05-21,8161.26,8035.19,8293.72,APOLLOHOSP.NS
2026-05-22,8178.44,8037.52,8309.02,APOLLOHOSP.NS
2026-05-25,8225.11,8085.31,8347.26,APOLLOHOSP.NS
2026-05-26,8240.92,8111.6,8370.32,APOLLOHOSP.NS
2026-05-27,8279.04,8145.41,8411.31,APOLLOHOSP.NS
2026-05-28,8288.02,8156.52,8419.02,APOLLOHOSP.NS
2026-05-29,8298.61,8167.15,8432.32,APOLLOHOSP.NS
2026-06-01,8321.12,8190.38,8456.97,APOLLOHOSP.NS
2026-06-02,8327.98,8192.75,8462.75,APOLLOHOSP.NS
2026-06-03,8357.04,8230.47,8484.72,APOLLOHOSP.NS
2026-06-04,8357.07,8237.68,8490.28,APOLLOHOSP.NS
2026-06-05,8359.06,8230.65,8483.95,APOLLOHOSP.NS
2026-06-08,8360.01,8227.64,8488.98,APOLLOHOSP.NS
2026-06-09,8361.79,8227.77,8492.7,APOLLOHOSP.NS
2026-06-10,8387.11,8256.57,8511.2,APOLLOHOSP.NS
2026-06-11,8384.89,8245.31,8515.5,APOLLOHOSP.NS
2026-06-12,8386.19,8256.14,8515.45,APOLLOHOSP.NS
2026-06-15,8394.93,8259.88,8519.6,APOLLOHOSP.NS
2026-06-16,8402.5,8275.11,8533.35,APOLLOHOSP.NS
2026-06-17,8435.07,8309.76,8565.62,APOLLOHOSP.NS
2026-06-18,8441.4,8316.89,8584.47,APOLLOHOSP.NS
2026-06-19,8452.38,8322.74,8586.47,APOLLOHOSP.NS
2026-06-22,8494.54,8371.31,8621.82,APOLLOHOSP.NS
2026-06-23,8513.83,8381.54,8655.11,APOLLOHOSP.NS
2026-06-24,8557.93,8429.34,8698.57,APOLLOHOSP.NS
2026-06-25,8575.3,8444.84,8708.04,APOLLOHOSP.NS
2026-06-26,8596.53,8474.4,8722.73,APOLLOHOSP.NS
2026-06-29,8662.15,8531.64,8785.1,APOLLOHOSP.NS
2026-06-30,8686.07,8555.64,8828.17,APOLLOHOSP.NS
2026-07-01,8732.9,8591.07,8856.12,APOLLOHOSP.NS
2026-07-02,8751.0,8625.4,8882.86,APOLLOHOSP.NS
2026-07-03,8770.89,8640.22,8902.61,APOLLOHOSP.NS
2026-07-06,8820.11,8691.28,8960.73,APOLLOHOSP.NS
2026-07-07,8834.69,8712.77,8970.15,APOLLOHOSP.NS
2026-07-08,8870.49,8744.35,9000.01,APOLLOHOSP.NS
2026-07-09,8876.07,8738.62,9007.58,APOLLOHOSP.NS
2026-07-10,8882.21,8756.88,9012.9,APOLLOHOSP.NS
2026-07-13,8885.56,8758.87,9013.85,APOLLOHOSP.NS
2026-07-14,8884.34,8761.48,9012.72,APOLLOHOSP.NS
2026-07-15,8904.62,8782.24,9033.44,APOLLOHOSP.NS
2026-07-16,8895.28,8763.56,9017.14,APOLLOHOSP.NS
2026-07-17,8887.39,8758.79,9023.92,APOLLOHOSP.NS
2026-07-20,8856.65,8732.37,8990.51,APOLLOHOSP.NS
2026-07-21,8847.46,8723.82,8971.65,APOLLOHOSP.NS
2026-07-22,8861.73,8730.79,8990.42,APOLLOHOSP.NS
2026-07-23,8848.43,8716.23,8972.05,APOLLOHOSP.NS
2026-07-24,8838.69,8715.85,8968.54,APOLLOHOSP.NS
2026-07-27,8814.85,8681.76,8953.85,APOLLOHOSP.NS
2026-07-28,8811.83,8676.75,8944.55,APOLLOHOSP.NS
2026-07-29,8833.98,8693.54,8965.31,APOLLOHOSP.NS
2026-07-30,8830.07,8703.9,8965.15,APOLLOHOSP.NS
2026-07-31,8831.02,8713.24,8956.5,APOLLOHOSP.NS
2026-08-03,8844.64,8710.46,8986.78,APOLLOHOSP.NS
2026-08-04,8855.05,8723.13,8983.24,APOLLOHOSP.NS
2026-08-05,8890.69,8770.69,9022.15,APOLLOHOSP.NS
2026-08-06,8900.08,8779.45,9023.74,APOLLOHOSP.NS
2026-08-07,8913.9,8786.98,9043.83,APOLLOHOSP.NS
2026-08-10,8961.7,8833.34,9091.75,APOLLOHOSP.NS
2026-08-11,8981.52,8850.03,9102.26,APOLLOHOSP.NS
2026-08-12,9025.37,8893.08,9160.19,APOLLOHOSP.NS
2026-08-13,9041.72,8915.99,9175.1,APOLLOHOSP.NS
2026-08-14,9061.22,8932.23,9189.33,APOLLOHOSP.NS
2026-08-17,9118.29,8990.4,9248.87,APOLLOHOSP.NS
2026-08-18,9138.73,9009.26,9269.09,APOLLOHOSP.NS
2026-08-19,9182.08,9050.86,9301.15,APOLLOHOSP.NS
2026-08-20,9196.86,9058.46,9326.76,APOLLOHOSP.NS
2026-08-21,9213.83,9079.68,9347.84,APOLLOHOSP.NS
2026-08-24,9258.39,9122.88,9387.21,APOLLOHOSP.NS
2026-08-25,9273.29,9132.44,9402.48,APOLLOHOSP.NS
2026-08-26,9310.54,9185.75,9448.62,APOLLOHOSP.NS
2026-08-27,9318.72,9183.72,9440.45,APOLLOHOSP.NS
2026-08-28,9328.61,9206.93,9456.21,APOLLOHOSP.NS
2026-08-31,9349.44,9223.26,9478.4,APOLLOHOSP.NS
2026-09-01,9355.63,9231.59,9488.82,APOLLOHOSP.NS
2026-09-02,9383.75,9260.59,9521.92,APOLLOHOSP.NS
2025-07-22,2317.57,2266.57,2371.51,ASIANPAINT.NS
2025-07-23,2333.98,2280.22,2386.0,ASIANPAINT.NS
2025-07-24,2330.51,2281.37,2383.54,ASIANPAINT.NS
2025-07-25,2343.01,2289.95,2397.11,ASIANPAINT.NS
2025-07-28,2359.4,2307.53,2415.46,ASIANPAINT.NS
2025-07-29,2368.97,2315.84,2416.88,ASIANPAINT.NS
2025-07-30,2389.19,2337.15,2444.48,ASIANPAINT.NS
2025-07-31,2388.96,2337.63,2440.57,ASIANPAINT.NS
2025-08-01,2404.07,2348.93,2455.93,ASIANPAINT.NS
2025-08-04,2424.14,2373.35,2477.46,ASIANPAINT.NS
2025-08-05,2433.51,2385.78,2488.45,ASIANPAINT.NS
2025-08-06,2452.84,2400.45,2503.67,ASIANPAINT.NS
2025-08-07,2451.05,2397.89,2504.66,ASIANPAINT.NS
2025-08-08,2464.01,2410.15,2517.32,ASIANPAINT.NS
2025-08-11,2474.7,2422.88,2525.66,ASIANPAINT.NS
2025-08-12,2480.27,2428.65,2534.91,ASIANPAINT.NS
2025-08-13,2495.6,2441.65,2547.62,ASIANPAINT.NS
2025-08-14,2489.74,2436.42,2543.28,ASIANPAINT.NS
2025-08-18,2498.05,2447.14,2548.06,ASIANPAINT.NS
2025-08-19,2500.42,2445.4,2551.19,ASIANPAINT.NS
2025-08-20,2512.94,2458.18,2567.63,ASIANPAINT.NS
2025-08-21,2504.66,2450.09,2557.92,ASIANPAINT.NS
2025-08-22,2511.56,2460.05,2565.72,ASIANPAINT.NS
2025-08-25,2507.5,2455.39,2559.81,ASIANPAINT.NS
2025-08-26,2509.44,2459.13,2560.28,ASIANPAINT.NS
2025-08-28,2513.56,2457.68,2566.99,ASIANPAINT.NS
2025-08-29,2520.63,2467.15,2573.45,ASIANPAINT.NS
2025-09-01,2516.96,2463.51,2572.75,ASIANPAINT.NS
2025-09-02,2518.68,2467.61,2567.72,ASIANPAINT.NS
2025-09-03,2530.51,2475.94,2581.9,ASIANPAINT.NS
2025-09-04,2521.36,2472.25,2571.5,ASIANPAINT.NS
2025-09-05,2527.06,2475.67,2576.57,ASIANPAINT.NS
2025-09-08,2516.12,2462.37,2570.64,ASIANPAINT.NS
2025-09-09,2514.31,2462.78,2564.09,ASIANPAINT.NS
2025-09-10,2522.06,2467.63,2571.71,ASIANPAINT.NS
2025-09-11,2508.34,2458.83,2562.24,ASIANPAINT.NS
2025-09-12,2509.01,2454.66,2564.01,ASIANPAINT.NS
2025-09-15,2481.14,2430.13,2538.78,ASIANPAINT.NS
2025-09-16,2473.4,2420.95,2528.23,ASIANPAINT.NS
2025-09-17,2475.28,2423.66,2523.64,ASIANPAINT.NS
2025-09-18,2455.86,2406.21,2507.07,ASIANPAINT.NS
2025-09-19,2451.16,2398.36,2499.45,ASIANPAINT.NS
2025-09-22,2410.31,2359.08,2463.15,ASIANPAINT.NS
2025-09-23,2399.68,2348.42,2450.3,ASIANPAINT.NS
2025-09-24,2399.55,2343.5,2451.42,ASIANPAINT.NS
2025-09-25,2379.08,2324.9,2432.87,ASIANPAINT.NS
2025-09-26,2374.33,2319.33,2422.5,ASIANPAINT.NS
2025-09-29,2339.59,2287.94,2391.0,ASIANPAINT.NS
2025-09-30,2333.06,2281.52,2386.77,ASIANPAINT.NS
2025-10-01,2337.97,2286.26,2389.82,ASIANPAINT.NS
2025-10-03,2325.39,2272.67,2379.96,ASIANPAINT.NS
2025-10-06,2314.34,2263.86,2368.56,ASIANPAINT.NS
2025-10-07,2316.43,2263.11,2369.54,ASIANPAINT.NS
2025-10-08,2330.11,2270.84,2384.02,ASIANPAINT.NS
2025-10-09,2324.31,2270.89,2374.27,ASIANPAINT.NS
2025-10-10,2334.87,2283.89,2387.32,ASIANPAINT.NS
2025-10-13,2347.42,2296.56,2402.78,ASIANPAINT.NS
2025-10-14,2356.3,2304.11,2413.16,ASIANPAINT.NS
2025-10-15,2376.09,2323.3,2429.2,ASIANPAINT.NS
2025-10-16,2375.69,2326.43,2427.68,ASIANPAINT.NS
2025-10-17,2390.88,2338.34,2446.62,ASIANPAINT.NS
2025-10-20,2412.88,2358.21,2468.41,ASIANPAINT.NS
2025-10-21,2423.55,2370.08,2477.68,ASIANPAINT.NS
2025-10-23,2444.89,2391.25,2495.69,ASIANPAINT.NS
2025-10-24,2460.45,2406.5,2515.12,ASIANPAINT.NS
2025-10-27,2482.4,2428.45,2534.41,ASIANPAINT.NS
2025-10-28,2493.06,2443.47,2543.68,ASIANPAINT.NS
2025-10-29,2514.26,2461.84,2566.09,ASIANPAINT.NS
2025-10-30,2515.06,2462.03,2564.97,ASIANPAINT.NS
2025-10-31,2531.47,2482.32,2584.99,ASIANPAINT.NS
2025-11-03,2558.8,2508.24,2611.83,ASIANPAINT.NS
2025-11-04,2572.29,2519.86,2625.7,ASIANPAINT.NS
2025-11-06,2601.4,2551.66,2651.82,ASIANPAINT.NS
2025-11-07,2621.98,2568.33,2674.33,ASIANPAINT.NS
2025-11-10,2663.21,2606.61,2716.67,ASIANPAINT.NS
2025-11-11,2681.37,2630.31,2734.69,ASIANPAINT.NS
2025-11-12,2710.34,2657.53,2764.21,ASIANPAINT.NS
2025-11-13,2719.01,2669.38,2773.48,ASIANPAINT.NS
2025-11-14,2743.12,2691.87,2797.45,ASIANPAINT.NS
2025-11-17,2790.2,2740.15,2842.79,ASIANPAINT.NS
2025-11-18,2808.27,2753.7,2860.34,ASIANPAINT.NS
2025-11-19,2835.94,2782.73,2889.82,ASIANPAINT.NS
2025-11-20,2842.03,2790.07,2890.51,ASIANPAINT.NS
2025-11-21,2862.22,2811.21,2913.92,ASIANPAINT.NS
2025-11-24,2889.39,2837.19,2939.29,ASIANPAINT.NS
2025-11-25,2898.24,2842.58,2951.92,ASIANPAINT.NS
2025-11-26,2915.54,2868.27,2969.36,ASIANPAINT.NS
2025-11-27,2910.21,2856.56,2960.38,ASIANPAINT.NS
2025-11-28,2918.13,2867.4,2973.2,ASIANPAINT.NS
2025-12-01,2905.15,2852.72,2956.16,ASIANPAINT.NS
2025-12-02,2900.22,2853.23,2951.47,ASIANPAINT.NS
2025-12-03,2903.93,2854.18,2955.56,ASIANPAINT.NS
2025-12-04,2885.45,2832.84,2939.63,ASIANPAINT.NS
2025-12-05,2880.87,2827.34,2934.69,ASIANPAINT.NS
2025-12-08,2836.51,2783.89,2888.23,ASIANPAINT.NS
2025-12-09,2823.78,2773.03,2878.06,ASIANPAINT.NS
2025-12-10,2821.28,2768.3,2874.96,ASIANPAINT.NS
2025-12-11,2798.28,2741.14,2851.59,ASIANPAINT.NS
2025-12-12,2790.93,2735.91,2843.79,ASIANPAINT.NS
2025-12-15,2749.01,2696.71,2800.57,ASIANPAINT.NS
2025-12-16,2740.54,2688.32,2789.39,ASIANPAINT.NS
2025-12-17,2743.85,2691.06,2793.84,ASIANPAINT.NS
2025-12-18,2728.08,2675.49,2781.91,ASIANPAINT.NS
2025-12-19,2729.21,2679.34,2780.03,ASIANPAINT.NS
2025-12-22,2718.02,2665.97,2769.39,ASIANPAINT.NS
2025-12-23,2720.76,2668.61,2777.89,ASIANPAINT.NS
2025-12-24,2735.34,2681.38,2782.19,ASIANPAINT.NS
2025-12-26,2742.36,2684.92,2790.96,ASIANPAINT.NS
2025-12-29,2757.81,2702.75,2808.43,ASIANPAINT.NS
2025-12-30,2767.01,2716.24,2819.66,ASIANPAINT.NS
2025-12-31,2786.57,2736.58,2839.36,ASIANPAINT.NS
2026-01-01,2785.22,2733.53,2838.06,ASIANPAINT.NS
2026-01-02,2798.6,2747.16,2853.61,ASIANPAINT.NS
2026-01-05,2808.45,2756.55,2862.61,ASIANPAINT.NS
2026-01-06,2812.34,2758.39,2863.3,ASIANPAINT.NS
2026-01-07,2824.98,2770.66,2875.63,ASIANPAINT.NS
2026-01-08,2815.23,2761.24,2866.92,ASIANPAINT.NS
2026-01-09,2818.89,2767.22,2875.41,ASIANPAINT.NS
2026-01-12,2793.53,2741.01,2843.45,ASIANPAINT.NS
2026-01-13,2784.39,2733.05,2840.51,ASIANPAINT.NS
2026-01-14,2783.73,2727.6,2835.48,ASIANPAINT.NS
2026-01-15,2760.68,2709.62,2813.4,ASIANPAINT.NS
2026-01-16,2751.26,2696.14,2803.74,ASIANPAINT.NS
2026-01-19,2690.19,2640.21,2742.84,ASIANPAINT.NS
2026-01-20,2670.99,2617.34,2723.16,ASIANPAINT.NS
2026-01-21,2661.49,2607.1,2709.92,ASIANPAINT.NS
2026-01-22,2630.92,2579.0,2683.57,ASIANPAINT.NS
2026-01-23,2615.42,2565.12,2671.84,ASIANPAINT.NS
2026-01-27,2526.26,2476.98,2583.46,ASIANPAINT.NS
2026-01-28,2518.37,2466.33,2571.09,ASIANPAINT.NS
2026-01-29,2490.85,2439.64,2544.41,ASIANPAINT.NS
2026-01-30,2479.73,2429.72,2532.87,ASIANPAINT.NS
2026-02-02,2429.52,2373.23,2481.67,ASIANPAINT.NS
2026-02-03,2418.78,2365.82,2468.69,ASIANPAINT.NS
2026-02-04,2419.83,2370.57,2468.87,ASIANPAINT.NS
2026-02-05,2401.65,2350.23,2453.54,ASIANPAINT.NS
2026-02-06,2400.1,2348.25,2452.3,ASIANPAINT.NS
2026-02-09,2378.2,2323.74,2428.12,ASIANPAINT.NS
2026-02-10,2376.24,2320.62,2425.03,ASIANPAINT.NS
2026-02-11,2385.49,2333.27,2440.08,ASIANPAINT.NS
2026-02-12,2374.82,2322.84,2427.65,ASIANPAINT.NS
2026-02-13,2379.97,2326.39,2433.45,ASIANPAINT.NS
2026-02-16,2372.66,2323.42,2427.34,ASIANPAINT.NS
2026-02-17,2373.57,2324.11,2427.1,ASIANPAINT.NS
2026-02-18,2384.66,2331.99,2435.97,ASIANPAINT.NS
2026-02-19,2374.82,2323.33,2426.05,ASIANPAINT.NS
2026-02-20,2379.82,2325.81,2435.65,ASIANPAINT.NS
2026-02-23,2366.69,2314.71,2417.35,ASIANPAINT.NS
2026-02-24,2364.11,2312.31,2416.13,ASIANPAINT.NS
2026-02-25,2371.09,2313.6,2423.98,ASIANPAINT.NS
2026-02-26,2356.62,2300.51,2410.76,ASIANPAINT.NS
2026-02-27,2356.58,2305.44,2409.49,ASIANPAINT.NS
2026-03-02,2326.94,2273.48,2378.25,ASIANPAINT.NS
2026-03-04,2320.31,2267.04,2372.69,ASIANPAINT.NS
2026-03-05,2300.64,2248.75,2352.37,ASIANPAINT.NS
2026-03-06,2295.74,2242.77,2346.8,ASIANPAINT.NS
2026-03-09,2254.47,2204.78,2304.24,ASIANPAINT.NS
2026-03-10,2243.67,2190.91,2292.79,ASIANPAINT.NS
2026-03-11,2243.28,2191.61,2296.18,ASIANPAINT.NS
2026-03-12,2222.45,2170.15,2273.73,ASIANPAINT.NS
2026-03-13,2217.21,2161.57,2272.37,ASIANPAINT.NS
2026-03-16,2179.96,2128.83,2232.65,ASIANPAINT.NS
2026-03-17,2172.19,2121.63,2223.72,ASIANPAINT.NS
2026-03-18,2175.68,2122.81,2230.75,ASIANPAINT.NS
2026-03-19,2159.54,2108.97,2208.38,ASIANPAINT.NS
2026-03-20,2159.76,2103.95,2210.82,ASIANPAINT.NS
2026-03-23,2143.0,2089.18,2198.98,ASIANPAINT.NS
2026-03-24,2143.23,2092.85,2199.53,ASIANPAINT.NS
2026-03-25,2155.16,2101.46,2206.35,ASIANPAINT.NS
2026-03-27,2157.12,2102.93,2208.05,ASIANPAINT.NS
2026-03-30,2168.23,2113.7,2218.53,ASIANPAINT.NS
2026-04-01,2198.44,2145.6,2248.72,ASIANPAINT.NS
2026-04-02,2199.67,2148.57,2249.16,ASIANPAINT.NS
2026-04-06,2248.95,2194.85,2302.84,ASIANPAINT.NS
2026-04-07,2263.79,2211.72,2313.35,ASIANPAINT.NS
2026-04-08,2289.27,2239.83,2342.56,ASIANPAINT.NS
2026-04-09,2294.26,2239.93,2345.96,ASIANPAINT.NS
2026-04-10,2314.52,2262.7,2366.03,ASIANPAINT.NS
2026-04-13,2349.38,2299.74,2400.89,ASIANPAINT.NS
2026-04-15,2387.19,2331.33,2437.33,ASIANPAINT.NS
2026-04-16,2389.7,2335.34,2441.61,ASIANPAINT.NS
2026-04-17,2406.74,2353.44,2459.76,ASIANPAINT.NS
2026-04-20,2428.37,2376.56,2480.09,ASIANPAINT.NS
2026-04-21,2437.12,2385.43,2491.01,ASIANPAINT.NS
2026-04-22,2455.4,2403.41,2503.17,ASIANPAINT.NS
2026-04-23,2452.25,2400.89,2503.81,ASIANPAINT.NS
2026-04-24,2463.61,2412.09,2516.09,ASIANPAINT.NS
2026-04-27,2469.19,2419.51,2521.33,ASIANPAINT.NS
2026-04-28,2473.24,2422.21,2522.57,ASIANPAINT.NS
2026-04-29,2487.3,2432.95,2544.31,ASIANPAINT.NS
2026-04-30,2480.47,2434.93,2538.04,ASIANPAINT.NS
2026-05-01,2488.76,2438.67,2538.45,ASIANPAINT.NS
2026-05-04,2489.05,2437.15,2544.24,ASIANPAINT.NS
2026-05-05,2492.68,2440.93,2544.38,ASIANPAINT.NS
2026-05-06,2506.98,2455.79,2557.46,ASIANPAINT.NS
2026-05-07,2501.0,2447.91,2554.26,ASIANPAINT.NS
2026-05-08,2510.69,2459.76,2562.68,ASIANPAINT.NS
2026-05-11,2517.88,2466.31,2570.72,ASIANPAINT.NS
2026-05-12,2524.43,2471.73,2575.73,ASIANPAINT.NS
2026-05-13,2541.8,2488.26,2590.05,ASIANPAINT.NS
2026-05-14,2538.94,2488.04,2590.27,ASIANPAINT.NS
2026-05-15,2551.73,2494.7,2601.55,ASIANPAINT.NS
2026-05-18,2567.04,2513.91,2619.36,ASIANPAINT.NS
2026-05-19,2575.65,2522.41,2630.29,ASIANPAINT.NS
2026-05-20,2594.65,2544.43,2650.52,ASIANPAINT.NS
2026-05-21,2592.94,2541.29,2645.55,ASIANPAINT.NS
2026-05-22,2606.36,2555.03,2654.71,ASIANPAINT.NS
2026-05-25,2620.36,2571.66,2673.57,ASIANPAINT.NS
2026-05-26,2627.5,2577.06,2681.88,ASIANPAINT.NS
2026-05-27,2644.54,2592.37,2694.68,ASIANPAINT.NS
2026-05-28,2640.46,2587.91,2694.87,ASIANPAINT.NS
2026-05-29,2651.14,2599.84,2704.21,ASIANPAINT.NS
2026-06-01,2655.41,2600.62,2708.76,ASIANPAINT.NS
2026-06-02,2659.06,2608.05,2713.78,ASIANPAINT.NS
2026-06-03,2672.61,2617.41,2724.98,ASIANPAINT.NS
2026-06-04,2665.13,2611.6,2714.39,ASIANPAINT.NS
2026-06-05,2672.56,2622.88,2722.98,ASIANPAINT.NS
2026-06-08,2668.59,2616.52,2721.55,ASIANPAINT.NS
2026-06-09,2670.15,2615.76,2722.19,ASIANPAINT.NS
2026-06-10,2681.99,2633.63,2732.9,ASIANPAINT.NS
2026-06-11,2673.17,2623.48,2727.03,ASIANPAINT.NS
2026-06-12,2679.64,2628.15,2731.44,ASIANPAINT.NS
2026-06-15,2674.86,2623.11,2730.06,ASIANPAINT.NS
2026-06-16,2676.71,2621.69,2727.83,ASIANPAINT.NS
2026-06-17,2689.03,2639.29,2742.88,ASIANPAINT.NS
2026-06-18,2680.84,2628.35,2735.31,ASIANPAINT.NS
2026-06-19,2688.01,2636.75,2739.27,ASIANPAINT.NS
2026-06-22,2685.14,2636.99,2740.42,ASIANPAINT.NS
2026-06-23,2687.36,2633.7,2742.11,ASIANPAINT.NS
2026-06-24,2699.85,2645.71,2749.03,ASIANPAINT.NS
2026-06-25,2691.55,2639.57,2746.23,ASIANPAINT.NS
2026-06-26,2698.33,2646.16,2755.02,ASIANPAINT.NS
2026-06-29,2692.49,2641.8,2744.25,ASIANPAINT.NS
2026-06-30,2693.14,2639.63,2744.95,ASIANPAINT.NS
2026-07-01,2703.8,2649.67,2754.0,ASIANPAINT.NS
2026-07-02,2693.5,2641.2,2749.21,ASIANPAINT.NS
2026-07-03,2698.12,2643.78,2750.15,ASIANPAINT.NS
2026-07-06,2685.63,2633.11,2734.91,ASIANPAINT.NS
2026-07-07,2684.25,2631.85,2737.38,ASIANPAINT.NS
2026-07-08,2693.13,2638.64,2747.99,ASIANPAINT.NS
2026-07-09,2681.33,2628.78,2735.11,ASIANPAINT.NS
2026-07-10,2684.84,2629.93,2738.06,ASIANPAINT.NS
2026-07-13,2671.89,2618.5,2724.78,ASIANPAINT.NS
2026-07-14,2671.47,2619.48,2729.49,ASIANPAINT.NS
2026-07-15,2681.9,2631.35,2734.2,ASIANPAINT.NS
2026-07-16,2672.26,2622.35,2723.75,ASIANPAINT.NS
2026-07-17,2678.52,2626.77,2734.04,ASIANPAINT.NS
2026-07-20,2677.0,2623.64,2730.47,ASIANPAINT.NS
2026-07-21,2681.28,2633.02,2734.04,ASIANPAINT.NS
2026-07-22,2696.71,2647.96,2750.39,ASIANPAINT.NS
2026-07-23,2692.3,2639.9,2748.6,ASIANPAINT.NS
2026-07-24,2703.91,2654.23,2755.18,ASIANPAINT.NS
2026-07-27,2718.16,2668.51,2772.85,ASIANPAINT.NS
2026-07-28,2727.23,2677.18,2776.91,ASIANPAINT.NS
2026-07-29,2747.08,2691.82,2799.08,ASIANPAINT.NS
2026-07-30,2746.61,2689.63,2800.37,ASIANPAINT.NS
2026-07-31,2761.62,2706.21,2818.51,ASIANPAINT.NS
2026-08-03,2782.15,2730.85,2838.37,ASIANPAINT.NS
2026-08-04,2791.92,2738.35,2842.47,ASIANPAINT.NS
2026-08-05,2811.74,2758.76,2865.0,ASIANPAINT.NS
2026-08-06,2810.55,2756.59,2863.47,ASIANPAINT.NS
2026-08-07,2824.16,2774.76,2875.62,ASIANPAINT.NS
2026-08-10,2837.08,2785.15,2890.91,ASIANPAINT.NS
2026-08-11,2843.41,2789.94,2894.98,ASIANPAINT.NS
2026-08-12,2859.48,2806.43,2912.64,ASIANPAINT.NS
2026-08-13,2854.33,2805.34,2906.64,ASIANPAINT.NS
2026-08-14,2863.88,2808.95,2916.14,ASIANPAINT.NS
2026-08-17,2864.88,2809.05,2914.86,ASIANPAINT.NS
2026-08-18,2867.62,2816.54,2917.1,ASIANPAINT.NS
2026-08-19,2880.41,2831.28,2935.66,ASIANPAINT.NS
2026-08-20,2872.34,2819.75,2926.48,ASIANPAINT.NS
2026-08-21,2879.37,2829.19,2933.17,ASIANPAINT.NS
2026-08-24,2875.35,2823.0,2928.79,ASIANPAINT.NS
2026-08-25,2877.23,2824.89,2927.2,ASIANPAINT.NS
2026-08-26,2889.51,2839.81,2939.73,ASIANPAINT.NS
2026-08-27,2881.22,2831.22,2935.44,ASIANPAINT.NS
2026-08-28,2888.25,2835.45,2939.49,ASIANPAINT.NS
2026-08-31,2884.77,2832.99,2939.23,ASIANPAINT.NS
2026-09-01,2886.7,2833.76,2937.7,ASIANPAINT.NS
2026-09-02,2898.84,2845.93,2953.6,ASIANPAINT.NS
2025-07-22,1084.36,1058.26,1109.52,AXISBANK.NS
2025-07-23,1085.91,1061.39,1111.52,AXISBANK.NS
2025-07-24,1081.3,1057.62,1108.32,AXISBANK.NS
2025-07-25,1078.85,1054.55,1104.91,AXISBANK.NS
2025-07-28,1072.65,1048.61,1098.4,AXISBANK.NS
2025-07-29,1071.54,1048.34,1097.08,AXISBANK.NS
2025-07-30,1076.51,1050.27,1101.72,AXISBANK.NS
2025-07-31,1075.03,1050.18,1100.25,AXISBANK.NS
2025-08-01,1075.37,1050.0,1100.59,AXISBANK.NS
2025-08-04,1075.07,1051.35,1102.81,AXISBANK.NS
2025-08-05,1075.03,1048.17,1099.84,AXISBANK.NS
2025-08-06,1080.58,1055.36,1105.51,AXISBANK.NS
2025-08-07,1079.23,1054.52,1103.46,AXISBANK.NS
2025-08-08,1079.27,1053.92,1106.5,AXISBANK.NS
2025-08-11,1075.87,1050.47,1101.46,AXISBANK.NS
2025-08-12,1074.24,1050.11,1100.12,AXISBANK.NS
2025-08-13,1078.03,1052.66,1101.56,AXISBANK.NS
2025-08-14,1074.81,1047.32,1101.72,AXISBANK.NS
2025-08-18,1064.32,1037.72,1087.4,AXISBANK.NS
2025-08-19,1061.33,1037.51,1085.67,AXISBANK.NS
2025-08-20,1064.04,1040.28,1090.06,AXISBANK.NS
2025-08-21,1060.08,1034.2,1085.91,AXISBANK.NS
2025-08-22,1057.84,1033.43,1080.09,AXISBANK.NS
2025-08-25,1050.49,1025.13,1075.71,AXISBANK.NS
2025-08-26,1048.74,1022.64,1075.36,AXISBANK.NS
2025-08-28,1051.12,1026.77,1078.18,AXISBANK.NS
2025-08-29,1051.2,1023.7,1076.79,AXISBANK.NS
2025-09-01,1052.33,1025.22,1077.81,AXISBANK.NS
2025-09-02,1053.72,1030.92,1080.47,AXISBANK.NS
2025-09-03,1061.27,1035.35,1085.0,AXISBANK.NS
2025-09-04,1062.5,1037.51,1089.12,AXISBANK.NS
2025-09-05,1065.72,1040.13,1091.84,AXISBANK.NS
2025-09-08,1075.32,1051.03,1100.69,AXISBANK.NS
2025-09-09,1079.06,1052.61,1104.62,AXISBANK.NS
2025-09-10,1088.66,1065.04,1114.35,AXISBANK.NS
2025-09-11,1091.62,1065.69,1115.91,AXISBANK.NS
2025-09-12,1096.22,1072.84,1121.95,AXISBANK.NS
2025-09-15,1107.87,1084.88,1133.87,AXISBANK.NS
2025-09-16,1111.63,1086.66,1137.18,AXISBANK.NS
2025-09-17,1120.94,1096.02,1146.6,AXISBANK.NS
2025-09-18,1123.34,1096.71,1150.58,AXISBANK.NS
2025-09-19,1127.16,1103.17,1154.39,AXISBANK.NS
2025-09-22,1135.46,1109.69,1160.94,AXISBANK.NS
2025-09-23,1137.92,1110.46,1163.01,AXISBANK.NS
2025-09-24,1145.93,1122.44,1172.45,AXISBANK.NS
2025-09-25,1147.06,1121.1,1173.08,AXISBANK.NS
2025-09-26,1149.67,1124.5,1175.6,AXISBANK.NS
2025-09-29,1155.11,1128.93,1179.14,AXISBANK.NS
2025-09-30,1156.94,1130.98,1182.15,AXISBANK.NS
2025-10-01,1164.5,1139.92,1190.71,AXISBANK.NS
2025-10-03,1167.91,1141.64,1192.6,AXISBANK.NS
2025-10-06,1174.07,1148.3,1201.25,AXISBANK.NS
2025-10-07,1176.39,1150.26,1201.09,AXISBANK.NS
2025-10-08,1184.51,1160.1,1208.6,AXISBANK.NS
2025-10-09,1185.98,1160.6,1213.88,AXISBANK.NS
2025-10-10,1189.12,1163.64,1213.48,AXISBANK.NS
2025-10-13,1196.78,1173.5,1222.83,AXISBANK.NS
2025-10-14,1199.39,1175.04,1224.79,AXISBANK.NS
2025-10-15,1207.64,1184.01,1232.19,AXISBANK.NS
2025-10-16,1209.07,1184.32,1234.92,AXISBANK.NS
2025-10-17,1211.98,1186.18,1237.15,AXISBANK.NS
2025-10-20,1217.77,1193.5,1242.61,AXISBANK.NS
2025-10-21,1219.36,1194.13,1244.44,AXISBANK.NS
2025-10-23,1226.53,1201.68,1251.74,AXISBANK.NS
2025-10-24,1227.98,1201.83,1253.47,AXISBANK.NS
2025-10-27,1228.98,1203.45,1256.43,AXISBANK.NS
2025-10-28,1228.97,1202.8,1253.64,AXISBANK.NS
2025-10-29,1234.49,1208.97,1257.7,AXISBANK.NS
2025-10-30,1233.14,1206.71,1258.86,AXISBANK.NS
2025-10-31,1233.27,1209.06,1259.55,AXISBANK.NS
2025-11-03,1231.43,1203.91,1255.56,AXISBANK.NS
2025-11-04,1230.91,1205.38,1258.55,AXISBANK.NS
2025-11-06,1234.85,1209.09,1258.89,AXISBANK.NS
2025-11-07,1235.24,1209.54,1259.64,AXISBANK.NS
2025-11-10,1235.61,1208.92,1260.15,AXISBANK.NS
2025-11-11,1236.24,1209.39,1261.91,AXISBANK.NS
2025-11-12,1242.81,1217.61,1270.74,AXISBANK.NS
2025-11-13,1242.87,1215.23,1268.54,AXISBANK.NS
2025-11-14,1244.75,1219.92,1270.59,AXISBANK.NS
2025-11-17,1249.56,1224.24,1277.27,AXISBANK.NS
2025-11-18,1251.51,1224.95,1275.9,AXISBANK.NS
2025-11-19,1259.25,1232.94,1286.52,AXISBANK.NS
2025-11-20,1260.3,1233.6,1285.19,AXISBANK.NS
2025-11-21,1262.94,1234.46,1286.38,AXISBANK.NS
2025-11-24,1268.36,1244.18,1292.23,AXISBANK.NS
2025-11-25,1269.92,1244.88,1296.57,AXISBANK.NS
2025-11-26,1276.94,1251.05,1299.91,AXISBANK.NS
2025-11-27,1276.94,1251.0,1300.68,AXISBANK.NS
2025-11-28,1278.23,1250.66,1302.29,AXISBANK.NS
2025-12-01,1278.0,1253.26,1303.32,AXISBANK.NS
2025-12-02,1277.23,1251.99,1301.41,AXISBANK.NS
2025-12-03,1281.77,1256.45,1306.65,AXISBANK.NS
2025-12-04,1279.19,1256.05,1304.49,AXISBANK.NS
2025-12-05,1277.83,1253.59,1304.61,AXISBANK.NS
2025-12-08,1269.8,1243.96,1294.08,AXISBANK.NS
2025-12-09,1266.65,1240.42,1289.9,AXISBANK.NS
2025-12-10,1269.0,1242.61,1293.7,AXISBANK.NS
2025-12-11,1264.47,1237.44,1290.61,AXISBANK.NS
2025-12-12,1261.43,1237.14,1286.96,AXISBANK.NS
2025-12-15,1250.33,1224.75,1276.45,AXISBANK.NS
2025-12-16,1246.87,1221.07,1273.31,AXISBANK.NS
2025-12-17,1249.31,1223.18,1275.67,AXISBANK.NS
2025-12-18,1245.24,1218.75,1269.97,AXISBANK.NS
2025-12-19,1243.03,1216.58,1267.66,AXISBANK.NS
2025-12-22,1236.51,1211.0,1264.23,AXISBANK.NS
2025-12-23,1235.17,1209.03,1261.71,AXISBANK.NS
2025-12-24,1239.97,1215.64,1266.12,AXISBANK.NS
2025-12-26,1238.98,1213.75,1263.98,AXISBANK.NS
2025-12-29,1241.03,1215.42,1267.18,AXISBANK.NS
2025-12-30,1242.55,1218.9,1267.69,AXISBANK.NS
2025-12-31,1250.1,1225.73,1275.48,AXISBANK.NS
2026-01-01,1251.22,1225.98,1277.74,AXISBANK.NS
2026-01-02,1254.19,1229.1,1279.67,AXISBANK.NS
2026-01-05,1262.23,1238.1,1288.78,AXISBANK.NS
2026-01-06,1265.19,1240.37,1293.15,AXISBANK.NS
2026-01-07,1273.89,1248.57,1299.81,AXISBANK.NS
2026-01-08,1275.83,1249.39,1300.08,AXISBANK.NS
2026-01-09,1279.31,1253.4,1303.28,AXISBANK.NS
2026-01-12,1287.07,1261.74,1311.67,AXISBANK.NS
2026-01-13,1289.38,1263.04,1315.25,AXISBANK.NS
2026-01-14,1297.19,1271.74,1322.66,AXISBANK.NS
2026-01-15,1298.04,1272.83,1322.87,AXISBANK.NS
2026-01-16,1300.26,1275.98,1325.64,AXISBANK.NS
2026-01-19,1303.6,1277.92,1329.92,AXISBANK.NS
2026-01-20,1304.36,1279.1,1329.42,AXISBANK.NS
2026-01-21,1310.66,1285.87,1339.71,AXISBANK.NS
2026-01-22,1310.08,1283.57,1333.41,AXISBANK.NS
2026-01-23,1310.97,1286.84,1335.14,AXISBANK.NS
2026-01-27,1311.57,1285.67,1337.96,AXISBANK.NS
2026-01-28,1317.57,1294.08,1343.01,AXISBANK.NS
2026-01-29,1316.95,1290.7,1341.53,AXISBANK.NS
2026-01-30,1318.07,1290.61,1342.55,AXISBANK.NS
2026-02-02,1320.68,1296.29,1347.06,AXISBANK.NS
2026-02-03,1322.1,1298.25,1347.65,AXISBANK.NS
2026-02-04,1329.49,1305.22,1355.08,AXISBANK.NS
2026-02-05,1330.42,1305.78,1356.91,AXISBANK.NS
2026-02-06,1333.21,1307.59,1359.16,AXISBANK.NS
2026-02-09,1341.04,1315.0,1365.62,AXISBANK.NS
2026-02-10,1344.1,1318.93,1370.16,AXISBANK.NS
2026-02-11,1352.98,1329.02,1378.2,AXISBANK.NS
2026-02-12,1355.2,1330.4,1381.27,AXISBANK.NS
2026-02-13,1359.03,1334.94,1383.07,AXISBANK.NS
2026-02-16,1367.9,1343.79,1391.78,AXISBANK.NS
2026-02-17,1370.46,1344.51,1397.16,AXISBANK.NS
2026-02-18,1378.37,1352.93,1401.73,AXISBANK.NS
2026-02-19,1379.1,1352.73,1403.88,AXISBANK.NS
2026-02-20,1380.91,1356.83,1405.0,AXISBANK.NS
2026-02-23,1380.51,1355.26,1406.18,AXISBANK.NS
2026-02-24,1378.95,1354.03,1406.48,AXISBANK.NS
2026-02-25,1382.27,1354.68,1405.96,AXISBANK.NS
2026-02-26,1377.99,1353.37,1405.86,AXISBANK.NS
2026-02-27,1374.41,1347.11,1400.19,AXISBANK.NS
2026-03-02,1356.31,1330.35,1381.02,AXISBANK.NS
2026-03-04,1345.81,1320.57,1369.92,AXISBANK.NS
2026-03-05,1335.54,1309.79,1359.3,AXISBANK.NS
2026-03-06,1326.2,1299.22,1351.91,AXISBANK.NS
2026-03-09,1293.18,1268.03,1318.06,AXISBANK.NS
2026-03-10,1281.61,1256.46,1307.15,AXISBANK.NS
2026-03-11,1275.65,1250.29,1301.03,AXISBANK.NS
2026-03-12,1262.98,1239.26,1287.71,AXISBANK.NS
2026-03-13,1252.09,1226.57,1277.13,AXISBANK.NS
2026-03-16,1219.93,1196.38,1244.72,AXISBANK.NS
2026-03-17,1210.57,1185.66,1235.19,AXISBANK.NS
2026-03-18,1207.78,1182.92,1233.51,AXISBANK.NS
2026-03-19,1199.22,1172.75,1223.82,AXISBANK.NS
2026-03-20,1193.34,1167.35,1218.0,AXISBANK.NS
2026-03-23,1180.98,1153.88,1207.69,AXISBANK.NS
2026-03-24,1179.52,1153.99,1204.44,AXISBANK.NS
2026-03-25,1185.1,1160.28,1210.11,AXISBANK.NS
2026-03-27,1188.35,1162.36,1213.66,AXISBANK.NS
2026-03-30,1202.83,1176.74,1227.71,AXISBANK.NS
2026-04-01,1223.45,1198.17,1247.7,AXISBANK.NS
2026-04-02,1231.05,1205.88,1258.21,AXISBANK.NS
2026-04-06,1270.27,1244.25,1294.91,AXISBANK.NS
2026-04-07,1280.28,1254.3,1304.4,AXISBANK.NS
2026-04-08,1295.78,1270.97,1319.86,AXISBANK.NS
2026-04-09,1304.17,1279.69,1328.8,AXISBANK.NS
2026-04-10,1313.65,1287.99,1339.53,AXISBANK.NS
2026-04-13,1335.72,1311.69,1361.81,AXISBANK.NS
2026-04-15,1351.55,1327.23,1377.76,AXISBANK.NS
2026-04-16,1353.95,1328.34,1377.8,AXISBANK.NS
2026-04-17,1356.8,1329.99,1382.98,AXISBANK.NS
2026-04-20,1356.45,1330.69,1382.23,AXISBANK.NS
2026-04-21,1354.19,1328.82,1380.51,AXISBANK.NS
2026-04-22,1356.61,1329.05,1381.52,AXISBANK.NS
2026-04-23,1351.35,1324.63,1377.98,AXISBANK.NS
2026-04-24,1346.85,1321.66,1372.54,AXISBANK.NS
2026-04-27,1327.36,1300.41,1352.61,AXISBANK.NS
2026-04-28,1320.01,1294.34,1346.09,AXISBANK.NS
2026-04-29,1318.11,1293.38,1342.6,AXISBANK.NS
2026-04-30,1309.35,1282.35,1335.31,AXISBANK.NS
2026-05-01,1302.19,1278.02,1327.48,AXISBANK.NS
2026-05-04,1279.89,1255.32,1305.07,AXISBANK.NS
2026-05-05,1273.25,1247.61,1298.78,AXISBANK.NS
2026-05-06,1272.81,1246.97,1296.75,AXISBANK.NS
2026-05-07,1266.2,1240.14,1292.81,AXISBANK.NS
2026-05-08,1261.8,1235.98,1287.58,AXISBANK.NS
2026-05-11,1250.58,1225.39,1276.09,AXISBANK.NS
2026-05-12,1248.24,1224.35,1275.32,AXISBANK.NS
2026-05-13,1252.25,1227.5,1277.24,AXISBANK.NS
2026-05-14,1250.14,1223.52,1275.75,AXISBANK.NS
2026-05-15,1250.2,1225.27,1275.26,AXISBANK.NS
2026-05-18,1251.28,1227.58,1278.46,AXISBANK.NS
2026-05-19,1252.48,1226.52,1278.51,AXISBANK.NS
2026-05-20,1259.66,1235.66,1285.19,AXISBANK.NS
2026-05-21,1260.32,1237.62,1284.38,AXISBANK.NS
2026-05-22,1262.74,1237.53,1287.89,AXISBANK.NS
2026-05-25,1268.46,1242.22,1291.88,AXISBANK.NS
2026-05-26,1270.44,1243.51,1294.9,AXISBANK.NS
2026-05-27,1278.09,1250.28,1304.28,AXISBANK.NS
2026-05-28,1278.94,1253.32,1304.83,AXISBANK.NS
2026-05-29,1281.33,1257.26,1307.49,AXISBANK.NS
2026-06-01,1286.16,1261.16,1312.44,AXISBANK.NS
2026-06-02,1287.77,1262.87,1312.34,AXISBANK.NS
2026-06-03,1295.09,1268.26,1319.5,AXISBANK.NS
2026-06-04,1295.71,1269.32,1318.69,AXISBANK.NS
2026-06-05,1297.99,1273.23,1321.22,AXISBANK.NS
2026-06-08,1303.56,1275.93,1329.92,AXISBANK.NS
2026-06-09,1305.79,1279.77,1330.98,AXISBANK.NS
2026-06-10,1313.92,1286.15,1339.08,AXISBANK.NS
2026-06-11,1315.51,1287.97,1341.5,AXISBANK.NS
2026-06-12,1318.88,1291.75,1344.55,AXISBANK.NS
2026-06-15,1328.1,1302.99,1351.35,AXISBANK.NS
2026-06-16,1331.51,1305.45,1357.86,AXISBANK.NS
2026-06-17,1340.7,1314.18,1366.53,AXISBANK.NS
2026-06-18,1343.16,1319.78,1367.45,AXISBANK.NS
2026-06-19,1347.18,1323.58,1373.79,AXISBANK.NS
2026-06-22,1356.38,1331.8,1381.34,AXISBANK.NS
2026-06-23,1358.98,1334.44,1384.11,AXISBANK.NS
2026-06-24,1366.91,1340.88,1391.34,AXISBANK.NS
2026-06-25,1367.65,1342.79,1393.39,AXISBANK.NS
2026-06-26,1369.47,1345.62,1396.43,AXISBANK.NS
2026-06-29,1369.35,1346.09,1394.03,AXISBANK.NS
2026-06-30,1368.04,1341.04,1392.56,AXISBANK.NS
2026-07-01,1371.72,1348.77,1397.75,AXISBANK.NS
2026-07-02,1367.95,1342.56,1393.0,AXISBANK.NS
2026-07-03,1365.07,1340.38,1390.49,AXISBANK.NS
2026-07-06,1350.42,1324.22,1374.76,AXISBANK.NS
2026-07-07,1344.41,1319.36,1369.9,AXISBANK.NS
2026-07-08,1343.61,1316.85,1369.02,AXISBANK.NS
2026-07-09,1335.65,1309.97,1362.32,AXISBANK.NS
2026-07-10,1328.93,1303.68,1355.52,AXISBANK.NS
2026-07-13,1305.66,1280.52,1332.33,AXISBANK.NS
2026-07-14,1297.89,1273.56,1324.38,AXISBANK.NS
2026-07-15,1295.94,1272.23,1320.43,AXISBANK.NS
2026-07-16,1287.45,1262.9,1314.31,AXISBANK.NS
2026-07-17,1280.84,1254.82,1305.75,AXISBANK.NS
2026-07-20,1261.44,1235.54,1286.74,AXISBANK.NS
2026-07-21,1256.02,1231.46,1281.17,AXISBANK.NS
2026-07-22,1256.85,1232.76,1280.01,AXISBANK.NS
2026-07-23,1251.53,1225.53,1277.26,AXISBANK.NS
2026-07-24,1248.37,1224.1,1273.64,AXISBANK.NS
2026-07-27,1240.26,1213.93,1264.37,AXISBANK.NS
2026-07-28,1238.63,1213.24,1263.22,AXISBANK.NS
2026-07-29,1243.14,1217.03,1268.4,AXISBANK.NS
2026-07-30,1241.29,1216.32,1267.12,AXISBANK.NS
2026-07-31,1241.35,1215.23,1268.35,AXISBANK.NS
2026-08-03,1240.71,1214.76,1265.02,AXISBANK.NS
2026-08-04,1240.72,1214.1,1267.36,AXISBANK.NS
2026-08-05,1246.4,1221.29,1273.96,AXISBANK.NS
2026-08-06,1245.26,1220.02,1271.41,AXISBANK.NS
2026-08-07,1245.56,1222.19,1271.92,AXISBANK.NS
2026-08-10,1243.16,1216.76,1266.62,AXISBANK.NS
2026-08-11,1241.89,1214.65,1266.84,AXISBANK.NS
2026-08-12,1246.03,1220.68,1272.6,AXISBANK.NS
2026-08-13,1243.16,1217.01,1270.15,AXISBANK.NS
2026-08-14,1241.61,1216.16,1266.31,AXISBANK.NS
2026-08-17,1233.62,1207.87,1258.64,AXISBANK.NS
2026-08-18,1230.71,1205.09,1255.48,AXISBANK.NS
2026-08-19,1233.44,1208.68,1257.53,AXISBANK.NS
2026-08-20,1229.41,1203.19,1256.03,AXISBANK.NS
2026-08-21,1227.03,1201.9,1252.18,AXISBANK.NS
2026-08-24,1218.81,1194.63,1245.21,AXISBANK.NS
2026-08-25,1216.64,1191.34,1241.32,AXISBANK.NS
2026-08-26,1220.51,1194.49,1245.35,AXISBANK.NS
2026-08-27,1218.02,1193.37,1244.0,AXISBANK.NS
2026-08-28,1217.54,1191.7,1242.86,AXISBANK.NS
2026-08-31,1216.9,1191.54,1244.38,AXISBANK.NS
2026-09-01,1217.7,1193.04,1243.16,AXISBANK.NS
2026-09-02,1224.69,1198.92,1250.26,AXISBANK.NS
2025-07-22,7945.45,7770.88,8118.46,BAJAJ-AUTO.NS
2025-07-23,8005.49,7826.72,8192.64,BAJAJ-AUTO.NS
2025-07-24,8021.2,7837.78,8206.71,BAJAJ-AUTO.NS
2025-07-25,8020.95,7849.13,8200.05,BAJAJ-AUTO.NS
2025-07-28,8063.88,7878.39,8239.54,BAJAJ-AUTO.NS
2025-07-29,8076.41,7888.02,8254.31,BAJAJ-AUTO.NS
2025-07-30,8118.42,7950.06,8297.89,BAJAJ-AUTO.NS
2025-07-31,8116.64,7957.72,8287.09,BAJAJ-AUTO.NS
2025-08-01,8099.81,7921.2,8273.95,BAJAJ-AUTO.NS
2025-08-04,8102.18,7933.01,8282.79,BAJAJ-AUTO.NS
2025-08-05,8105.36,7935.29,8285.37,BAJAJ-AUTO.NS
2025-08-06,8140.58,7961.13,8327.14,BAJAJ-AUTO.NS
2025-08-07,8134.79,7972.61,8306.48,BAJAJ-AUTO.NS
2025-08-08,8116.89,7935.97,8313.59,BAJAJ-AUTO.NS
2025-08-11,8134.52,7975.02,8317.95,BAJAJ-AUTO.NS
2025-08-12,8148.86,7976.36,8328.4,BAJAJ-AUTO.NS
2025-08-13,8198.07,8011.19,8371.93,BAJAJ-AUTO.NS
2025-08-14,8208.88,8019.6,8378.59,BAJAJ-AUTO.NS
2025-08-18,8294.3,8107.29,8467.9,BAJAJ-AUTO.NS
2025-08-19,8332.75,8150.25,8505.01,BAJAJ-AUTO.NS
2025-08-20,8406.14,8214.72,8593.21,BAJAJ-AUTO.NS
2025-08-21,8440.65,8262.67,8614.03,BAJAJ-AUTO.NS
2025-08-22,8464.34,8285.98,8654.29,BAJAJ-AUTO.NS
2025-08-25,8605.3,8426.51,8773.54,BAJAJ-AUTO.NS
2025-08-26,8657.1,8475.26,8829.44,BAJAJ-AUTO.NS
2025-08-28,8780.98,8613.36,8963.92,BAJAJ-AUTO.NS
2025-08-29,8806.67,8618.23,8991.57,BAJAJ-AUTO.NS
2025-09-01,8927.58,8758.62,9103.4,BAJAJ-AUTO.NS
2025-09-02,8963.97,8772.88,9135.92,BAJAJ-AUTO.NS
2025-09-03,9027.65,8843.74,9215.51,BAJAJ-AUTO.NS
2025-09-04,9044.73,8848.45,9233.42,BAJAJ-AUTO.NS
2025-09-05,9043.31,8871.42,9226.56,BAJAJ-AUTO.NS
2025-09-08,9065.98,8887.57,9238.88,BAJAJ-AUTO.NS
2025-09-09,9065.8,8881.36,9239.49,BAJAJ-AUTO.NS
2025-09-10,9092.05,8918.88,9262.76,BAJAJ-AUTO.NS
2025-09-11,9071.49,8897.37,9255.39,BAJAJ-AUTO.NS
2025-09-12,9032.94,8872.44,9207.79,BAJAJ-AUTO.NS
2025-09-15,8953.8,8780.22,9130.59,BAJAJ-AUTO.NS
2025-09-16,8924.96,8733.91,9097.99,BAJAJ-AUTO.NS
2025-09-17,8926.12,8750.11,9119.66,BAJAJ-AUTO.NS
2025-09-18,8884.47,8705.72,9052.1,BAJAJ-AUTO.NS
2025-09-19,8829.2,8652.97,8999.78,BAJAJ-AUTO.NS
2025-09-22,8728.45,8547.77,8914.46,BAJAJ-AUTO.NS
2025-09-23,8702.18,8509.85,8872.08,BAJAJ-AUTO.NS
2025-09-24,8710.68,8516.58,8893.35,BAJAJ-AUTO.NS
2025-09-25,8680.91,8501.02,8865.31,BAJAJ-AUTO.NS
2025-09-26,8641.73,8467.54,8829.88,BAJAJ-AUTO.NS
2025-09-29,8610.07,8427.48,8784.89,BAJAJ-AUTO.NS
2025-09-30,8611.94,8443.28,8791.72,BAJAJ-AUTO.NS
2025-10-01,8650.07,8474.39,8827.84,BAJAJ-AUTO.NS
2025-10-03,8642.15,8470.16,8816.72,BAJAJ-AUTO.NS
2025-10-06,8696.21,8521.25,8863.44,BAJAJ-AUTO.NS
2025-10-07,8722.56,8531.78,8895.29,BAJAJ-AUTO.NS
2025-10-08,8782.2,8586.53,8950.95,BAJAJ-AUTO.NS
2025-10-09,8800.98,8634.23,8968.96,BAJAJ-AUTO.NS
2025-10-10,8806.69,8633.45,8996.28,BAJAJ-AUTO.NS
2025-10-13,8878.77,8699.7,9051.05,BAJAJ-AUTO.NS
2025-10-14,8902.55,8718.71,9076.98,BAJAJ-AUTO.NS
2025-10-15,8955.46,8774.86,9132.76,BAJAJ-AUTO.NS
2025-10-16,8963.55,8789.73,9136.62,BAJAJ-AUTO.NS
2025-10-17,8954.95,8789.97,9142.27,BAJAJ-AUTO.NS
2025-10-20,8966.48,8788.73,9137.6,BAJAJ-AUTO.NS
2025-10-21,8965.93,8783.64,9147.26,BAJAJ-AUTO.NS
2025-10-23,8975.61,8788.67,9156.95,BAJAJ-AUTO.NS
2025-10-24,8941.25,8754.14,9130.44,BAJAJ-AUTO.NS
2025-10-27,8882.36,8701.97,9060.96,BAJAJ-AUTO.NS
2025-10-28,8862.44,8699.28,9037.08,BAJAJ-AUTO.NS
2025-10-29,8873.35,8700.87,9041.7,BAJAJ-AUTO.NS
2025-10-30,8842.15,8659.36,9035.85,BAJAJ-AUTO.NS
2025-10-31,8797.85,8621.74,8962.06,BAJAJ-AUTO.NS
2025-11-03,8731.26,8557.54,8922.13,BAJAJ-AUTO.NS
2025-11-04,8716.17,8518.63,8894.83,BAJAJ-AUTO.NS
2025-11-06,8715.79,8543.13,8905.0,BAJAJ-AUTO.NS
2025-11-07,8685.96,8494.13,8855.99,BAJAJ-AUTO.NS
2025-11-10,8676.05,8503.8,8866.55,BAJAJ-AUTO.NS
2025-11-11,8682.63,8501.7,8847.48,BAJAJ-AUTO.NS
2025-11-12,8724.05,8547.88,8903.31,BAJAJ-AUTO.NS
2025-11-13,8726.54,8563.86,8910.97,BAJAJ-AUTO.NS
2025-11-14,8718.26,8538.53,8889.56,BAJAJ-AUTO.NS
2025-11-17,8764.48,8584.27,8939.41,BAJAJ-AUTO.NS
2025-11-18,8785.51,8605.64,8958.56,BAJAJ-AUTO.NS
2025-11-19,8838.68,8660.03,9031.13,BAJAJ-AUTO.NS
2025-11-20,8849.98,8678.08,9033.49,BAJAJ-AUTO.NS
2025-11-21,8847.41,8670.06,9026.3,BAJAJ-AUTO.NS
2025-11-24,8891.83,8721.04,9065.04,BAJAJ-AUTO.NS
2025-11-25,8906.24,8716.89,9079.96,BAJAJ-AUTO.NS
2025-11-26,8950.11,8767.56,9141.4,BAJAJ-AUTO.NS
2025-11-27,8949.74,8787.81,9120.2,BAJAJ-AUTO.NS
2025-11-28,8933.5,8763.47,9108.94,BAJAJ-AUTO.NS
2025-12-01,8929.22,8737.06,9117.13,BAJAJ-AUTO.NS
2025-12-02,8926.44,8752.15,9094.52,BAJAJ-AUTO.NS
2025-12-03,8953.45,8782.44,9134.73,BAJAJ-AUTO.NS
2025-12-04,8937.06,8762.48,9111.22,BAJAJ-AUTO.NS
2025-12-05,8906.09,8729.89,9096.35,BAJAJ-AUTO.NS
2025-12-08,8869.53,8686.22,9052.9,BAJAJ-AUTO.NS
2025-12-09,8861.04,8678.13,9045.95,BAJAJ-AUTO.NS
2025-12-10,8885.28,8701.92,9070.95,BAJAJ-AUTO.NS
2025-12-11,8869.19,8677.19,9050.58,BAJAJ-AUTO.NS
2025-12-12,8841.64,8660.42,9017.33,BAJAJ-AUTO.NS
2025-12-15,8833.43,8660.92,9004.98,BAJAJ-AUTO.NS
2025-12-16,8839.88,8662.87,9017.81,BAJAJ-AUTO.NS
2025-12-17,8881.33,8708.09,9062.7,BAJAJ-AUTO.NS
2025-12-18,8884.37,8702.64,9064.1,BAJAJ-AUTO.NS
2025-12-19,8877.47,8690.44,9052.51,BAJAJ-AUTO.NS
2025-12-22,8935.73,8767.44,9123.81,BAJAJ-AUTO.NS
2025-12-23,8964.21,8776.14,9152.02,BAJAJ-AUTO.NS
2025-12-24,9026.84,8844.19,9193.13,BAJAJ-AUTO.NS
2025-12-26,9060.84,8893.03,9235.99,BAJAJ-AUTO.NS
2025-12-29,9158.71,8982.46,9348.01,BAJAJ-AUTO.NS
2025-12-30,9194.57,9022.3,9361.77,BAJAJ-AUTO.NS
2025-12-31,9261.32,9083.4,9434.55,BAJAJ-AUTO.NS
2026-01-01,9284.95,9117.95,9458.11,BAJAJ-AUTO.NS
2026-01-02,9293.46,9108.26,9461.82,BAJAJ-AUTO.NS
2026-01-05,9363.96,9183.79,9537.38,BAJAJ-AUTO.NS
2026-01-06,9384.8,9220.05,9566.59,BAJAJ-AUTO.NS
2026-01-07,9434.03,9257.84,9611.27,BAJAJ-AUTO.NS
2026-01-08,9438.03,9261.77,9607.41,BAJAJ-AUTO.NS
2026-01-09,9425.18,9244.27,9599.96,BAJAJ-AUTO.NS
2026-01-12,9425.77,9248.51,9611.14,BAJAJ-AUTO.NS
2026-01-13,9422.95,9255.97,9607.94,BAJAJ-AUTO.NS
2026-01-14,9449.16,9282.92,9610.33,BAJAJ-AUTO.NS
2026-01-15,9431.23,9252.88,9609.86,BAJAJ-AUTO.NS
2026-01-16,9398.0,9217.99,9563.95,BAJAJ-AUTO.NS
2026-01-19,9350.59,9190.41,9515.08,BAJAJ-AUTO.NS
2026-01-20,9337.23,9158.35,9513.5,BAJAJ-AUTO.NS
2026-01-21,9356.03,9181.88,9546.92,BAJAJ-AUTO.NS
2026-01-22,9333.96,9144.77,9501.12,BAJAJ-AUTO.NS
2026-01-23,9299.94,9122.82,9471.15,BAJAJ-AUTO.NS
2026-01-27,9268.86,9090.92,9453.24,BAJAJ-AUTO.NS
2026-01-28,9302.53,9128.39,9465.23,BAJAJ-AUTO.NS
2026-01-29,9297.81,9124.7,9472.71,BAJAJ-AUTO.NS
2026-01-30,9283.28,9116.03,9458.6,BAJAJ-AUTO.NS
2026-02-02,9320.67,9134.16,9482.1,BAJAJ-AUTO.NS
2026-02-03,9343.26,9172.39,9502.62,BAJAJ-AUTO.NS
2026-02-04,9400.7,9226.9,9574.68,BAJAJ-AUTO.NS
2026-02-05,9419.21,9243.97,9592.4,BAJAJ-AUTO.NS
2026-02-06,9426.89,9260.1,9610.3,BAJAJ-AUTO.NS
2026-02-09,9520.31,9348.04,9692.23,BAJAJ-AUTO.NS
2026-02-10,9556.72,9375.56,9730.35,BAJAJ-AUTO.NS
2026-02-11,9624.96,9445.43,9798.3,BAJAJ-AUTO.NS
2026-02-12,9650.99,9467.39,9838.28,BAJAJ-AUTO.NS
2026-02-13,9662.67,9480.63,9845.0,BAJAJ-AUTO.NS
2026-02-16,9745.71,9569.47,9923.73,BAJAJ-AUTO.NS
2026-02-17,9771.03,9596.59,9947.18,BAJAJ-AUTO.NS
2026-02-18,9824.47,9655.65,10006.6,BAJAJ-AUTO.NS
2026-02-19,9832.1,9652.17,10025.57,BAJAJ-AUTO.NS
2026-02-20,9821.99,9649.01,9991.06,BAJAJ-AUTO.NS
2026-02-23,9822.08,9641.46,10001.91,BAJAJ-AUTO.NS
2026-02-24,9815.05,9644.8,9993.83,BAJAJ-AUTO.NS
2026-02-25,9834.48,9644.51,10002.33,BAJAJ-AUTO.NS
2026-02-26,9806.89,9631.02,9976.16,BAJAJ-AUTO.NS
2026-02-27,9760.83,9583.11,9935.19,BAJAJ-AUTO.NS
2026-03-02,9653.64,9468.96,9824.1,BAJAJ-AUTO.NS
2026-03-04,9599.96,9415.38,9772.78,BAJAJ-AUTO.NS
2026-03-05,9542.38,9376.42,9713.06,BAJAJ-AUTO.NS
2026-03-06,9468.94,9300.83,9645.65,BAJAJ-AUTO.NS
2026-03-09,9298.95,9123.7,9471.69,BAJAJ-AUTO.NS
2026-03-10,9244.53,9068.2,9412.29,BAJAJ-AUTO.NS
2026-03-11,9222.39,9048.43,9397.11,BAJAJ-AUTO.NS
2026-03-12,9159.63,8984.47,9330.88,BAJAJ-AUTO.NS
2026-03-13,9085.32,8911.74,9280.85,BAJAJ-AUTO.NS
2026-03-16,8938.39,8763.45,9115.14,BAJAJ-AUTO.NS
2026-03-17,8899.85,8729.12,9076.09,BAJAJ-AUTO.NS
2026-03-18,8897.36,8703.11,9089.26,BAJAJ-AUTO.NS
2026-03-19,8857.76,8680.4,9041.0,BAJAJ-AUTO.NS
2026-03-20,8809.79,8627.2,8992.79,BAJAJ-AUTO.NS
2026-03-23,8757.09,8578.94,8937.64,BAJAJ-AUTO.NS
2026-03-24,8753.61,8578.61,8934.63,BAJAJ-AUTO.NS
2026-03-25,8787.24,8608.23,8969.58,BAJAJ-AUTO.NS
2026-03-27,8773.17,8605.85,8953.94,BAJAJ-AUTO.NS
2026-03-30,8826.93,8636.03,9007.36,BAJAJ-AUTO.NS
2026-04-01,8920.57,8749.2,9104.83,BAJAJ-AUTO.NS
2026-04-02,8946.08,8772.93,9123.1,BAJAJ-AUTO.NS
2026-04-06,9074.5,8903.05,9261.77,BAJAJ-AUTO.NS
2026-04-07,9117.57,8935.21,9293.44,BAJAJ-AUTO.NS
2026-04-08,9192.6,9016.9,9366.4,BAJAJ-AUTO.NS
2026-04-09,9225.71,9055.89,9405.9,BAJAJ-AUTO.NS
2026-04-10,9244.99,9077.56,9417.74,BAJAJ-AUTO.NS
2026-04-13,9356.65,9184.04,9542.1,BAJAJ-AUTO.NS
2026-04-15,9462.6,9283.97,9640.47,BAJAJ-AUTO.NS
2026-04-16,9487.31,9304.13,9667.27,BAJAJ-AUTO.NS
2026-04-17,9497.11,9312.97,9676.82,BAJAJ-AUTO.NS
2026-04-20,9577.25,9405.09,9750.14,BAJAJ-AUTO.NS
2026-04-21,9604.69,9418.52,9766.63,BAJAJ-AUTO.NS
2026-04-22,9662.89,9492.15,9840.56,BAJAJ-AUTO.NS
2026-04-23,9678.54,9494.61,9867.92,BAJAJ-AUTO.NS
2026-04-24,9680.32,9496.49,9861.37,BAJAJ-AUTO.NS
2026-04-27,9744.3,9567.98,9930.12,BAJAJ-AUTO.NS
2026-04-28,9769.33,9591.67,9937.89,BAJAJ-AUTO.NS
2026-04-29,9826.66,9653.52,10003.61,BAJAJ-AUTO.NS
2026-04-30,9842.93,9666.6,10022.43,BAJAJ-AUTO.NS
2026-05-01,9846.73,9658.82,10025.29,BAJAJ-AUTO.NS
2026-05-04,9923.77,9741.47,10096.03,BAJAJ-AUTO.NS
2026-05-05,9954.81,9776.46,10134.69,BAJAJ-AUTO.NS
2026-05-06,10018.58,9830.64,10191.16,BAJAJ-AUTO.NS
2026-05-07,10041.44,9861.18,10208.42,BAJAJ-AUTO.NS
2026-05-08,10051.72,9868.58,10225.82,BAJAJ-AUTO.NS
2026-05-11,10144.67,9972.26,10322.73,BAJAJ-AUTO.NS
2026-05-12,10178.96,10002.79,10354.54,BAJAJ-AUTO.NS
2026-05-13,10244.54,10072.04,10427.3,BAJAJ-AUTO.NS
2026-05-14,10267.58,10081.18,10440.0,BAJAJ-AUTO.NS
2026-05-15,10276.24,10102.57,10457.27,BAJAJ-AUTO.NS
2026-05-18,10352.39,10178.29,10537.12,BAJAJ-AUTO.NS
2026-05-19,10376.91,10204.38,10557.08,BAJAJ-AUTO.NS
2026-05-20,10430.66,10253.27,10600.64,BAJAJ-AUTO.NS
2026-05-21,10439.88,10258.43,10625.88,BAJAJ-AUTO.NS
2026-05-22,10432.84,10254.08,10600.01,BAJAJ-AUTO.NS
2026-05-25,10452.18,10274.94,10627.59,BAJAJ-AUTO.NS
2026-05-26,10455.23,10280.24,10625.04,BAJAJ-AUTO.NS
2026-05-27,10486.64,10307.23,10662.73,BAJAJ-AUTO.NS
2026-05-28,10472.94,10286.24,10659.74,BAJAJ-AUTO.NS
2026-05-29,10442.65,10275.83,10619.79,BAJAJ-AUTO.NS
2026-06-01,10393.17,10222.82,10576.63,BAJAJ-AUTO.NS
2026-06-02,10374.5,10188.42,10540.95,BAJAJ-AUTO.NS
2026-06-03,10385.23,10211.64,10561.32,BAJAJ-AUTO.NS
2026-06-04,10352.11,10163.31,10536.64,BAJAJ-AUTO.NS
2026-06-05,10303.88,10120.04,10472.4,BAJAJ-AUTO.NS
2026-06-08,10211.2,10032.3,10395.79,BAJAJ-AUTO.NS
2026-06-09,10182.1,9997.03,10358.7,BAJAJ-AUTO.NS
2026-06-10,10184.54,10001.69,10358.7,BAJAJ-AUTO.NS
2026-06-11,10145.32,9957.06,10318.56,BAJAJ-AUTO.NS
2026-06-12,10093.2,9920.79,10271.66,BAJAJ-AUTO.NS
2026-06-15,10001.99,9836.56,10163.42,BAJAJ-AUTO.NS
2026-06-16,9977.63,9794.74,10151.44,BAJAJ-AUTO.NS
2026-06-17,9986.8,9822.72,10165.09,BAJAJ-AUTO.NS
2026-06-18,9956.22,9781.08,10130.19,BAJAJ-AUTO.NS
2026-06-19,9914.56,9726.95,10096.07,BAJAJ-AUTO.NS
2026-06-22,9864.36,9668.99,10035.91,BAJAJ-AUTO.NS
2026-06-23,9856.46,9686.47,10044.76,BAJAJ-AUTO.NS
2026-06-24,9883.28,9721.58,10057.29,BAJAJ-AUTO.NS
2026-06-25,9871.38,9692.56,10045.11,BAJAJ-AUTO.NS
2026-06-26,9849.28,9679.69,10032.56,BAJAJ-AUTO.NS
2026-06-29,9861.72,9679.1,10043.6,BAJAJ-AUTO.NS
2026-06-30,9875.5,9681.94,10056.4,BAJAJ-AUTO.NS
2026-07-01,9924.13,9760.97,10108.65,BAJAJ-AUTO.NS
2026-07-02,9934.04,9746.93,10111.06,BAJAJ-AUTO.NS
2026-07-03,9933.56,9753.39,10112.63,BAJAJ-AUTO.NS
2026-07-06,10008.03,9814.59,10190.61,BAJAJ-AUTO.NS
2026-07-07,10040.96,9866.8,10206.14,BAJAJ-AUTO.NS
2026-07-08,10107.69,9937.68,10289.71,BAJAJ-AUTO.NS
2026-07-09,10134.45,9959.46,10314.93,BAJAJ-AUTO.NS
2026-07-10,10149.41,9970.25,10328.36,BAJAJ-AUTO.NS
2026-07-13,10260.08,10079.04,10437.13,BAJAJ-AUTO.NS
2026-07-14,10301.21,10131.97,10474.33,BAJAJ-AUTO.NS
2026-07-15,10374.0,10191.85,10552.44,BAJAJ-AUTO.NS
2026-07-16,10404.6,10229.86,10582.58,BAJAJ-AUTO.NS
2026-07-17,10421.11,10252.21,10603.55,BAJAJ-AUTO.NS
2026-07-20,10522.5,10348.02,10691.64,BAJAJ-AUTO.NS
2026-07-21,10556.02,10388.8,10726.39,BAJAJ-AUTO.NS
2026-07-22,10619.09,10447.11,10807.55,BAJAJ-AUTO.NS
2026-07-23,10638.02,10475.52,10822.22,BAJAJ-AUTO.NS
2026-07-24,10641.09,10467.45,10820.98,BAJAJ-AUTO.NS
2026-07-27,10694.04,10519.58,10872.89,BAJAJ-AUTO.NS
2026-07-28,10709.69,10524.73,10883.86,BAJAJ-AUTO.NS
2026-07-29,10754.6,10568.41,10933.5,BAJAJ-AUTO.NS
2026-07-30,10755.41,10569.37,10928.67,BAJAJ-AUTO.NS
2026-07-31,10740.82,10554.56,10914.96,BAJAJ-AUTO.NS
2026-08-03,10747.22,10552.66,10922.4,BAJAJ-AUTO.NS
2026-08-04,10750.7,10560.84,10943.02,BAJAJ-AUTO.NS
2026-08-05,10785.66,10626.53,10972.93,BAJAJ-AUTO.NS
2026-08-06,10779.02,10606.72,10961.47,BAJAJ-AUTO.NS
2026-08-07,10759.7,10588.3,10938.87,BAJAJ-AUTO.NS
2026-08-10,10769.82,10576.4,10949.12,BAJAJ-AUTO.NS
2026-08-11,10780.71,10594.7,10963.06,BAJAJ-AUTO.NS
2026-08-12,10826.1,10649.05,10995.47,BAJAJ-AUTO.NS
2026-08-13,10832.76,10662.08,11003.21,BAJAJ-AUTO.NS
2026-08-14,10829.42,10657.8,11008.01,BAJAJ-AUTO.NS
2026-08-17,10900.37,10728.29,11075.91,BAJAJ-AUTO.NS
2026-08-18,10934.54,10764.07,11107.47,BAJAJ-AUTO.NS
2026-08-19,11003.93,10827.08,11190.28,BAJAJ-AUTO.NS
2026-08-20,11034.8,10853.76,11208.66,BAJAJ-AUTO.NS
2026-08-21,11055.33,10876.35,11238.89,BAJAJ-AUTO.NS
2026-08-24,11190.43,11013.35,11364.49,BAJAJ-AUTO.NS
2026-08-25,11241.71,11055.59,11426.79,BAJAJ-AUTO.NS
2026-08-26,11325.25,11151.71,11502.74,BAJAJ-AUTO.NS
2026-08-27,11366.92,11187.64,11546.0,BAJAJ-AUTO.NS
2026-08-28,11394.52,11219.52,11560.76,BAJAJ-AUTO.NS
2026-08-31,11525.88,11349.04,11702.16,BAJAJ-AUTO.NS
2026-09-01,11567.17,11389.34,11740.85,BAJAJ-AUTO.NS
2026-09-02,11636.37,11460.26,11811.51,BAJAJ-AUTO.NS
2025-07-22,2013.97,1976.26,2052.01,BAJAJFINSV.NS
2025-07-23,2009.11,1972.59,2046.96,BAJAJFINSV.NS
2025-07-24,1998.31,1961.57,2038.09,BAJAJFINSV.NS
2025-07-25,1991.68,1956.11,2028.45,BAJAJFINSV.NS
2025-07-28,1976.42,1939.75,2013.98,BAJAJFINSV.NS
2025-07-29,1970.7,1932.48,2007.36,BAJAJFINSV.NS
2025-07-30,1968.0,1932.21,2003.66,BAJAJFINSV.NS
2025-07-31,1959.63,1921.98,1998.72,BAJAJFINSV.NS
2025-08-01,1955.6,1917.59,1991.14,BAJAJFINSV.NS
2025-08-04,1948.4,1910.54,1985.78,BAJAJFINSV.NS
2025-08-05,1945.21,1910.1,1980.7,BAJAJFINSV.NS
2025-08-06,1944.87,1907.26,1979.56,BAJAJFINSV.NS
2025-08-07,1938.66,1902.11,1976.98,BAJAJFINSV.NS
2025-08-08,1936.57,1898.97,1973.57,BAJAJFINSV.NS
2025-08-11,1933.89,1895.51,1969.61,BAJAJFINSV.NS
2025-08-12,1931.84,1895.34,1968.76,BAJAJFINSV.NS
2025-08-13,1932.53,1894.95,1969.81,BAJAJFINSV.NS
2025-08-14,1927.27,1892.85,1966.15,BAJAJFINSV.NS
2025-08-18,1926.84,1888.0,1960.99,BAJAJFINSV.NS
2025-08-19,1926.29,1888.78,1963.76,BAJAJFINSV.NS
2025-08-20,1928.74,1889.35,1967.34,BAJAJFINSV.NS
2025-08-21,1925.55,1887.22,1962.38,BAJAJFINSV.NS
2025-08-22,1926.82,1891.65,1960.98,BAJAJFINSV.NS
2025-08-25,1936.71,1897.88,1974.27,BAJAJFINSV.NS
2025-08-26,1939.84,1903.77,1973.92,BAJAJFINSV.NS
2025-08-28,1947.13,1914.57,1982.22,BAJAJFINSV.NS
2025-08-29,1952.59,1915.38,1990.05,BAJAJFINSV.NS
2025-09-01,1974.87,1938.86,2013.47,BAJAJFINSV.NS
2025-09-02,1981.72,1943.55,2021.84,BAJAJFINSV.NS
2025-09-03,1991.44,1955.11,2029.92,BAJAJFINSV.NS
2025-09-04,1995.24,1959.24,2034.98,BAJAJFINSV.NS
2025-09-05,2003.04,1966.74,2036.81,BAJAJFINSV.NS
2025-09-08,2028.21,1993.48,2066.33,BAJAJFINSV.NS
2025-09-09,2034.48,1997.02,2072.15,BAJAJFINSV.NS
2025-09-10,2042.81,2004.21,2077.71,BAJAJFINSV.NS
2025-09-11,2044.39,2009.22,2080.98,BAJAJFINSV.NS
2025-09-12,2049.18,2015.58,2089.99,BAJAJFINSV.NS
2025-09-15,2061.07,2023.47,2097.3,BAJAJFINSV.NS
2025-09-16,2061.77,2025.73,2096.02,BAJAJFINSV.NS
2025-09-17,2064.14,2029.18,2102.15,BAJAJFINSV.NS
2025-09-18,2059.5,2022.2,2096.94,BAJAJFINSV.NS
2025-09-19,2057.94,2020.12,2092.97,BAJAJFINSV.NS
2025-09-22,2051.53,2015.13,2086.48,BAJAJFINSV.NS
2025-09-23,2046.87,2009.33,2083.37,BAJAJFINSV.NS
2025-09-24,2044.47,2006.17,2083.58,BAJAJFINSV.NS
2025-09-25,2035.78,1997.86,2072.6,BAJAJFINSV.NS
2025-09-26,2031.01,1994.45,2068.36,BAJAJFINSV.NS
2025-09-29,2020.67,1982.07,2056.15,BAJAJFINSV.NS
2025-09-30,2016.76,1978.52,2054.58,BAJAJFINSV.NS
2025-10-01,2016.14,1981.18,2052.04,BAJAJFINSV.NS
2025-10-03,2009.21,1971.23,2048.82,BAJAJFINSV.NS
2025-10-06,2014.82,1976.74,2052.29,BAJAJFINSV.NS
2025-10-07,2017.39,1978.6,2054.71,BAJAJFINSV.NS
2025-10-08,2023.59,1984.88,2061.2,BAJAJFINSV.NS
2025-10-09,2024.68,1989.92,2063.63,BAJAJFINSV.NS
2025-10-10,2030.63,1992.39,2069.41,BAJAJFINSV.NS
2025-10-13,2055.47,2019.07,2091.9,BAJAJFINSV.NS
2025-10-14,2063.34,2027.6,2099.33,BAJAJFINSV.NS
2025-10-15,2074.04,2037.4,2108.67,BAJAJFINSV.NS
2025-10-16,2078.72,2041.34,2116.0,BAJAJFINSV.NS
2025-10-17,2087.24,2048.66,2123.36,BAJAJFINSV.NS
2025-10-20,2113.18,2076.13,2152.99,BAJAJFINSV.NS
2025-10-21,2119.14,2083.23,2155.44,BAJAJFINSV.NS
2025-10-23,2127.47,2090.74,2163.59,BAJAJFINSV.NS
2025-10-24,2131.0,2094.46,2165.73,BAJAJFINSV.NS
2025-10-27,2137.51,2098.16,2173.03,BAJAJFINSV.NS
2025-10-28,2135.99,2101.0,2170.58,BAJAJFINSV.NS
2025-10-29,2135.97,2096.16,2169.38,BAJAJFINSV.NS
2025-10-30,2128.86,2091.65,2166.96,BAJAJFINSV.NS
2025-10-31,2124.76,2090.13,2159.99,BAJAJFINSV.NS
2025-11-03,2110.73,2071.7,2148.51,BAJAJFINSV.NS
2025-11-04,2103.65,2066.24,2138.01,BAJAJFINSV.NS
2025-11-06,2088.01,2050.69,2124.68,BAJAJFINSV.NS
2025-11-07,2081.11,2042.63,2117.6,BAJAJFINSV.NS
2025-11-10,2064.97,2029.58,2103.04,BAJAJFINSV.NS
2025-11-11,2059.23,2024.79,2095.51,BAJAJFINSV.NS
2025-11-12,2056.77,2020.86,2091.5,BAJAJFINSV.NS
2025-11-13,2049.0,2011.96,2085.98,BAJAJFINSV.NS
2025-11-14,2045.98,2008.69,2079.13,BAJAJFINSV.NS
2025-11-17,2044.68,2009.14,2082.01,BAJAJFINSV.NS
2025-11-18,2044.48,2008.22,2081.15,BAJAJFINSV.NS
2025-11-19,2047.61,2010.51,2084.2,BAJAJFINSV.NS
2025-11-20,2045.31,2011.88,2082.25,BAJAJFINSV.NS
2025-11-21,2047.52,2012.33,2084.89,BAJAJFINSV.NS
2025-11-24,2059.14,2021.14,2096.02,BAJAJFINSV.NS
2025-11-25,2061.97,2022.67,2100.68,BAJAJFINSV.NS
2025-11-26,2067.39,2033.18,2101.37,BAJAJFINSV.NS
2025-11-27,2066.58,2028.59,2105.23,BAJAJFINSV.NS
2025-11-28,2069.47,2033.51,2107.41,BAJAJFINSV.NS
2025-12-01,2078.4,2041.81,2114.4,BAJAJFINSV.NS
2025-12-02,2078.92,2040.41,2115.42,BAJAJFINSV.NS
2025-12-03,2081.44,2044.09,2119.13,BAJAJFINSV.NS
2025-12-04,2077.26,2041.49,2111.82,BAJAJFINSV.NS
2025-12-05,2076.4,2040.23,2112.16,BAJAJFINSV.NS
2025-12-08,2073.05,2035.73,2110.71,BAJAJFINSV.NS
2025-12-09,2069.55,2031.77,2105.32,BAJAJFINSV.NS
2025-12-10,2068.27,2030.9,2104.34,BAJAJFINSV.NS
2025-12-11,2060.63,2021.7,2096.68,BAJAJFINSV.NS
2025-12-12,2056.74,2022.71,2091.44,BAJAJFINSV.NS
2025-12-15,2047.55,2009.58,2086.59,BAJAJFINSV.NS
2025-12-16,2043.32,2005.94,2079.06,BAJAJFINSV.NS
2025-12-17,2041.96,2004.37,2078.04,BAJAJFINSV.NS
2025-12-18,2034.84,1998.59,2070.53,BAJAJFINSV.NS
2025-12-19,2032.06,1994.87,2069.33,BAJAJFINSV.NS
2025-12-22,2029.08,1994.26,2062.86,BAJAJFINSV.NS
2025-12-23,2027.6,1989.6,2062.05,BAJAJFINSV.NS
2025-12-24,2029.17,1993.7,2066.82,BAJAJFINSV.NS
2025-12-26,2025.23,1987.78,2060.92,BAJAJFINSV.NS
2025-12-29,2029.85,1992.32,2064.61,BAJAJFINSV.NS
2025-12-30,2030.18,1992.23,2066.38,BAJAJFINSV.NS
2025-12-31,2033.05,1997.45,2069.58,BAJAJFINSV.NS
2026-01-01,2029.7,1992.64,2066.84,BAJAJFINSV.NS
2026-01-02,2030.06,1991.96,2068.13,BAJAJFINSV.NS
2026-01-05,2031.63,1995.19,2065.26,BAJAJFINSV.NS
2026-01-06,2029.81,1993.64,2066.26,BAJAJFINSV.NS
2026-01-07,2030.05,1991.08,2067.17,BAJAJFINSV.NS
2026-01-08,2023.65,1986.29,2060.77,BAJAJFINSV.NS
2026-01-09,2020.63,1983.22,2058.21,BAJAJFINSV.NS
2026-01-12,2011.14,1974.14,2047.37,BAJAJFINSV.NS
2026-01-13,2005.69,1970.52,2046.55,BAJAJFINSV.NS
2026-01-14,2002.53,1963.2,2038.52,BAJAJFINSV.NS
2026-01-15,1993.06,1957.58,2033.48,BAJAJFINSV.NS
2026-01-16,1987.43,1953.05,2027.28,BAJAJFINSV.NS
2026-01-19,1973.63,1939.94,2010.16,BAJAJFINSV.NS
2026-01-20,1968.17,1931.55,2007.15,BAJAJFINSV.NS
2026-01-21,1965.78,1929.76,2002.24,BAJAJFINSV.NS
2026-01-22,1957.87,1922.21,1996.2,BAJAJFINSV.NS
2026-01-23,1954.59,1917.62,1989.1,BAJAJFINSV.NS
2026-01-27,1951.88,1913.53,1988.94,BAJAJFINSV.NS
2026-01-28,1955.04,1920.8,1989.33,BAJAJFINSV.NS
2026-01-29,1953.07,1916.18,1991.04,BAJAJFINSV.NS
2026-01-30,1955.97,1918.21,1990.76,BAJAJFINSV.NS
2026-02-02,1972.39,1936.32,2009.67,BAJAJFINSV.NS
2026-02-03,1977.88,1938.6,2014.42,BAJAJFINSV.NS
2026-02-04,1986.5,1949.53,2024.0,BAJAJFINSV.NS
2026-02-05,1989.45,1952.73,2024.5,BAJAJFINSV.NS
2026-02-06,1996.62,1958.08,2031.44,BAJAJFINSV.NS
2026-02-09,2021.04,1982.98,2061.58,BAJAJFINSV.NS
2026-02-10,2027.35,1989.06,2065.25,BAJAJFINSV.NS
2026-02-11,2035.79,1999.82,2072.39,BAJAJFINSV.NS
2026-02-12,2037.55,1998.52,2076.34,BAJAJFINSV.NS
2026-02-13,2042.52,2005.57,2076.22,BAJAJFINSV.NS
2026-02-16,2054.52,2016.53,2091.9,BAJAJFINSV.NS
2026-02-17,2054.93,2014.33,2093.63,BAJAJFINSV.NS
2026-02-18,2056.73,2019.39,2092.4,BAJAJFINSV.NS
2026-02-19,2051.19,2014.24,2088.48,BAJAJFINSV.NS
2026-02-20,2048.3,2010.91,2086.17,BAJAJFINSV.NS
2026-02-23,2034.55,1997.41,2072.2,BAJAJFINSV.NS
2026-02-24,2026.04,1987.14,2065.79,BAJAJFINSV.NS
2026-02-25,2018.95,1983.23,2056.93,BAJAJFINSV.NS
2026-02-26,2004.65,1967.7,2042.46,BAJAJFINSV.NS
2026-02-27,1993.26,1953.81,2029.65,BAJAJFINSV.NS
2026-03-02,1956.48,1920.71,1995.55,BAJAJFINSV.NS
2026-03-04,1928.39,1894.36,1967.03,BAJAJFINSV.NS
2026-03-05,1908.91,1873.48,1943.96,BAJAJFINSV.NS
2026-03-06,1893.1,1855.25,1929.24,BAJAJFINSV.NS
2026-03-09,1847.91,1808.07,1884.31,BAJAJFINSV.NS
2026-03-10,1831.69,1793.8,1866.63,BAJAJFINSV.NS
2026-03-11,1818.39,1778.11,1855.89,BAJAJFINSV.NS
2026-03-12,1799.42,1763.17,1835.7,BAJAJFINSV.NS
2026-03-13,1784.92,1746.76,1820.46,BAJAJFINSV.NS
2026-03-16,1748.17,1710.27,1786.13,BAJAJFINSV.NS
2026-03-17,1736.15,1700.1,1773.97,BAJAJFINSV.NS
2026-03-18,1727.66,1691.46,1765.34,BAJAJFINSV.NS
2026-03-19,1714.09,1676.95,1750.8,BAJAJFINSV.NS
2026-03-20,1705.51,1671.11,1745.6,BAJAJFINSV.NS
2026-03-23,1689.13,1652.81,1723.79,BAJAJFINSV.NS
2026-03-24,1684.57,1646.18,1720.21,BAJAJFINSV.NS
2026-03-25,1683.78,1644.52,1720.07,BAJAJFINSV.NS
2026-03-27,1677.45,1640.26,1716.31,BAJAJFINSV.NS
2026-03-30,1684.81,1645.93,1722.06,BAJAJFINSV.NS
2026-04-01,1694.45,1657.0,1730.68,BAJAJFINSV.NS
2026-04-02,1695.76,1656.73,1730.86,BAJAJFINSV.NS
2026-04-06,1725.78,1687.87,1763.73,BAJAJFINSV.NS
2026-04-07,1733.15,1694.3,1769.3,BAJAJFINSV.NS
2026-04-08,1743.3,1708.05,1781.8,BAJAJFINSV.NS
2026-04-09,1747.43,1707.77,1785.25,BAJAJFINSV.NS
2026-04-10,1755.46,1714.17,1789.92,BAJAJFINSV.NS
2026-04-13,1780.75,1744.1,1820.08,BAJAJFINSV.NS
2026-04-15,1795.11,1757.88,1831.71,BAJAJFINSV.NS
2026-04-16,1796.55,1759.64,1836.23,BAJAJFINSV.NS
2026-04-17,1801.21,1764.3,1839.69,BAJAJFINSV.NS
2026-04-20,1813.07,1778.33,1849.12,BAJAJFINSV.NS
2026-04-21,1813.95,1775.84,1848.61,BAJAJFINSV.NS
2026-04-22,1816.59,1778.19,1852.95,BAJAJFINSV.NS
2026-04-23,1812.34,1775.2,1850.72,BAJAJFINSV.NS
2026-04-24,1811.29,1774.86,1843.45,BAJAJFINSV.NS
2026-04-27,1806.88,1771.54,1843.35,BAJAJFINSV.NS
2026-04-28,1802.97,1767.77,1839.54,BAJAJFINSV.NS
2026-04-29,1801.29,1766.54,1840.96,BAJAJFINSV.NS
2026-04-30,1793.28,1757.1,1828.57,BAJAJFINSV.NS
2026-05-01,1789.06,1751.69,1827.14,BAJAJFINSV.NS
2026-05-04,1779.22,1740.07,1815.26,BAJAJFINSV.NS
2026-05-05,1774.9,1739.01,1809.93,BAJAJFINSV.NS
2026-05-06,1773.51,1738.05,1812.88,BAJAJFINSV.NS
2026-05-07,1766.43,1730.59,1802.73,BAJAJFINSV.NS
2026-05-08,1763.74,1728.14,1799.04,BAJAJFINSV.NS
2026-05-11,1761.35,1724.88,1799.6,BAJAJFINSV.NS
2026-05-12,1760.17,1724.33,1797.97,BAJAJFINSV.NS
2026-05-13,1762.07,1724.32,1801.5,BAJAJFINSV.NS
2026-05-14,1758.33,1721.11,1795.9,BAJAJFINSV.NS
2026-05-15,1758.92,1719.35,1794.52,BAJAJFINSV.NS
2026-05-18,1764.96,1728.33,1804.09,BAJAJFINSV.NS
2026-05-19,1765.82,1727.74,1801.49,BAJAJFINSV.NS
2026-05-20,1769.23,1732.8,1808.57,BAJAJFINSV.NS
2026-05-21,1766.43,1730.56,1803.68,BAJAJFINSV.NS
2026-05-22,1767.36,1731.5,1802.0,BAJAJFINSV.NS
2026-05-25,1770.68,1731.72,1806.91,BAJAJFINSV.NS
2026-05-26,1769.45,1730.56,1806.85,BAJAJFINSV.NS
2026-05-27,1770.28,1734.4,1805.92,BAJAJFINSV.NS
2026-05-28,1764.45,1727.12,1800.8,BAJAJFINSV.NS
2026-05-29,1762.01,1727.34,1796.98,BAJAJFINSV.NS
2026-06-01,1754.24,1715.39,1792.6,BAJAJFINSV.NS
2026-06-02,1749.38,1714.44,1788.16,BAJAJFINSV.NS
2026-06-03,1746.81,1708.75,1784.57,BAJAJFINSV.NS
2026-06-04,1737.96,1702.82,1773.94,BAJAJFINSV.NS
2026-06-05,1732.98,1695.21,1769.09,BAJAJFINSV.NS
2026-06-08,1721.47,1685.46,1759.74,BAJAJFINSV.NS
2026-06-09,1716.92,1679.55,1754.56,BAJAJFINSV.NS
2026-06-10,1715.55,1678.49,1752.93,BAJAJFINSV.NS
2026-06-11,1708.78,1672.46,1747.53,BAJAJFINSV.NS
2026-06-12,1706.76,1669.82,1744.9,BAJAJFINSV.NS
2026-06-15,1709.16,1672.06,1746.8,BAJAJFINSV.NS
2026-06-16,1710.7,1676.72,1747.35,BAJAJFINSV.NS
2026-06-17,1715.97,1678.84,1750.9,BAJAJFINSV.NS
2026-06-18,1716.28,1681.54,1753.88,BAJAJFINSV.NS
2026-06-19,1721.65,1687.46,1758.23,BAJAJFINSV.NS
2026-06-22,1746.54,1711.07,1781.92,BAJAJFINSV.NS
2026-06-23,1755.17,1717.39,1791.6,BAJAJFINSV.NS
2026-06-24,1767.08,1730.44,1804.31,BAJAJFINSV.NS
2026-06-25,1773.43,1734.83,1811.17,BAJAJFINSV.NS
2026-06-26,1784.11,1746.15,1821.31,BAJAJFINSV.NS
2026-06-29,1819.49,1784.73,1859.54,BAJAJFINSV.NS
2026-06-30,1829.54,1789.93,1867.2,BAJAJFINSV.NS
2026-07-01,1841.75,1804.43,1878.0,BAJAJFINSV.NS
2026-07-02,1847.29,1810.74,1884.03,BAJAJFINSV.NS
2026-07-03,1856.04,1819.29,1893.41,BAJAJFINSV.NS
2026-07-06,1879.47,1842.84,1913.97,BAJAJFINSV.NS
2026-07-07,1883.75,1847.85,1922.02,BAJAJFINSV.NS
2026-07-08,1889.47,1851.09,1924.45,BAJAJFINSV.NS
2026-07-09,1887.93,1848.9,1922.74,BAJAJFINSV.NS
2026-07-10,1889.16,1852.46,1927.37,BAJAJFINSV.NS
2026-07-13,1888.78,1849.85,1925.32,BAJAJFINSV.NS
2026-07-14,1885.2,1849.75,1923.4,BAJAJFINSV.NS
2026-07-15,1883.34,1843.7,1918.01,BAJAJFINSV.NS
2026-07-16,1874.61,1840.18,1912.58,BAJAJFINSV.NS
2026-07-17,1869.17,1831.87,1905.62,BAJAJFINSV.NS
2026-07-20,1852.71,1816.97,1890.56,BAJAJFINSV.NS
2026-07-21,1845.29,1808.5,1884.51,BAJAJFINSV.NS
2026-07-22,1840.39,1805.52,1876.33,BAJAJFINSV.NS
2026-07-23,1829.43,1791.14,1866.66,BAJAJFINSV.NS
2026-07-24,1822.55,1786.39,1857.73,BAJAJFINSV.NS
2026-07-27,1806.07,1769.57,1842.4,BAJAJFINSV.NS
2026-07-28,1799.86,1764.79,1838.0,BAJAJFINSV.NS
2026-07-29,1796.64,1758.07,1837.71,BAJAJFINSV.NS
2026-07-30,1787.76,1750.32,1822.74,BAJAJFINSV.NS
2026-07-31,1783.24,1747.77,1819.37,BAJAJFINSV.NS
2026-08-03,1774.72,1741.12,1812.66,BAJAJFINSV.NS
2026-08-04,1771.18,1734.27,1807.14,BAJAJFINSV.NS
2026-08-05,1770.53,1731.3,1807.28,BAJAJFINSV.NS
2026-08-06,1764.05,1728.98,1801.99,BAJAJFINSV.NS
2026-08-07,1761.75,1726.39,1800.0,BAJAJFINSV.NS
2026-08-10,1758.55,1722.66,1796.48,BAJAJFINSV.NS
2026-08-11,1756.36,1718.33,1794.19,BAJAJFINSV.NS
2026-08-12,1756.89,1719.72,1792.86,BAJAJFINSV.NS
2026-08-13,1751.46,1713.51,1788.79,BAJAJFINSV.NS
2026-08-14,1750.13,1715.02,1787.59,BAJAJFINSV.NS
2026-08-17,1749.93,1714.71,1788.32,BAJAJFINSV.NS
2026-08-18,1748.97,1710.18,1783.68,BAJAJFINSV.NS
2026-08-19,1750.94,1712.84,1785.47,BAJAJFINSV.NS
2026-08-20,1747.21,1707.03,1782.64,BAJAJFINSV.NS
2026-08-21,1747.86,1709.25,1784.45,BAJAJFINSV.NS
2026-08-24,1755.62,1720.6,1793.11,BAJAJFINSV.NS
2026-08-25,1757.97,1721.55,1794.25,BAJAJFINSV.NS
2026-08-26,1763.55,1727.82,1797.48,BAJAJFINSV.NS
2026-08-27,1763.68,1727.19,1800.18,BAJAJFINSV.NS
2026-08-28,1768.4,1732.79,1806.07,BAJAJFINSV.NS
2026-08-31,1788.76,1753.9,1825.07,BAJAJFINSV.NS
2026-09-01,1795.15,1759.4,1830.33,BAJAJFINSV.NS
2026-09-02,1804.53,1769.46,1839.99,BAJAJFINSV.NS
2025-07-22,916.46,892.51,939.85,BAJFINANCE.NS
2025-07-23,916.67,892.01,938.44,BAJFINANCE.NS
2025-07-24,912.24,890.74,935.38,BAJFINANCE.NS
2025-07-25,912.83,888.93,936.64,BAJFINANCE.NS
2025-07-28,904.95,882.16,928.33,BAJFINANCE.NS
2025-07-29,902.05,877.75,925.94,BAJFINANCE.NS
2025-07-30,901.57,880.32,924.28,BAJFINANCE.NS
2025-07-31,896.52,875.54,919.75,BAJFINANCE.NS
2025-08-01,896.54,873.96,919.44,BAJFINANCE.NS
2025-08-04,887.43,865.2,909.31,BAJFINANCE.NS
2025-08-05,884.26,863.44,909.09,BAJFINANCE.NS
2025-08-06,883.61,859.47,907.02,BAJFINANCE.NS
2025-08-07,878.48,856.22,902.52,BAJFINANCE.NS
2025-08-08,878.55,854.38,901.09,BAJFINANCE.NS
2025-08-11,870.4,846.47,892.64,BAJFINANCE.NS
2025-08-12,867.91,846.27,890.9,BAJFINANCE.NS
2025-08-13,868.12,846.21,892.59,BAJFINANCE.NS
2025-08-14,864.06,840.34,887.79,BAJFINANCE.NS
2025-08-18,862.56,839.27,884.16,BAJFINANCE.NS
2025-08-19,862.29,838.75,884.33,BAJFINANCE.NS
2025-08-20,864.95,842.63,889.65,BAJFINANCE.NS
2025-08-21,863.54,841.03,885.63,BAJFINANCE.NS
2025-08-22,867.74,843.67,891.0,BAJFINANCE.NS
2025-08-25,874.21,852.03,896.83,BAJFINANCE.NS
2025-08-26,877.21,852.82,899.63,BAJFINANCE.NS
2025-08-28,885.01,860.68,907.09,BAJFINANCE.NS
2025-08-29,892.39,868.05,916.11,BAJFINANCE.NS
2025-09-01,907.46,884.65,929.76,BAJFINANCE.NS
2025-09-02,912.86,889.81,935.45,BAJFINANCE.NS
2025-09-03,920.9,897.78,944.44,BAJFINANCE.NS
2025-09-04,924.51,900.79,948.68,BAJFINANCE.NS
2025-09-05,933.28,909.46,956.25,BAJFINANCE.NS
2025-09-08,950.08,927.92,972.25,BAJFINANCE.NS
2025-09-09,955.21,934.18,978.85,BAJFINANCE.NS
2025-09-10,962.57,939.55,984.82,BAJFINANCE.NS
2025-09-11,965.09,940.83,986.96,BAJFINANCE.NS
2025-09-12,972.39,950.79,995.42,BAJFINANCE.NS
2025-09-15,982.84,960.02,1007.54,BAJFINANCE.NS
2025-09-16,985.35,964.35,1008.99,BAJFINANCE.NS
2025-09-17,989.93,967.17,1012.03,BAJFINANCE.NS
2025-09-18,989.57,966.31,1011.94,BAJFINANCE.NS
2025-09-19,993.95,970.9,1016.99,BAJFINANCE.NS
2025-09-22,996.0,974.37,1018.17,BAJFINANCE.NS
2025-09-23,996.05,972.6,1019.46,BAJFINANCE.NS
2025-09-24,998.4,975.63,1020.81,BAJFINANCE.NS
2025-09-25,996.12,972.91,1020.8,BAJFINANCE.NS
2025-09-26,998.92,975.76,1021.32,BAJFINANCE.NS
2025-09-29,998.53,977.14,1023.25,BAJFINANCE.NS
2025-09-30,998.57,974.78,1022.02,BAJFINANCE.NS
2025-10-01,1001.32,977.51,1022.88,BAJFINANCE.NS
2025-10-03,1003.77,980.36,1025.7,BAJFINANCE.NS
2025-10-06,1008.58,987.2,1031.87,BAJFINANCE.NS
2025-10-07,1010.78,987.43,1035.15,BAJFINANCE.NS
2025-10-08,1015.8,993.39,1039.91,BAJFINANCE.NS
2025-10-09,1016.62,993.83,1039.19,BAJFINANCE.NS
2025-10-10,1022.85,999.4,1046.44,BAJFINANCE.NS
2025-10-13,1033.74,1012.4,1056.28,BAJFINANCE.NS
2025-10-14,1037.49,1013.26,1059.94,BAJFINANCE.NS
2025-10-15,1043.72,1020.39,1068.55,BAJFINANCE.NS
2025-10-16,1045.38,1022.13,1068.46,BAJFINANCE.NS
2025-10-17,1052.04,1027.46,1076.62,BAJFINANCE.NS
2025-10-20,1061.47,1037.94,1084.9,BAJFINANCE.NS
2025-10-21,1063.79,1039.8,1086.62,BAJFINANCE.NS
2025-10-23,1067.51,1045.91,1089.86,BAJFINANCE.NS
2025-10-24,1071.47,1049.86,1094.61,BAJFINANCE.NS
2025-10-27,1070.91,1048.1,1093.19,BAJFINANCE.NS
2025-10-28,1069.47,1047.33,1091.88,BAJFINANCE.NS
2025-10-29,1069.96,1047.06,1093.0,BAJFINANCE.NS
2025-10-30,1065.41,1043.83,1088.3,BAJFINANCE.NS
2025-10-31,1065.5,1043.75,1086.88,BAJFINANCE.NS
2025-11-03,1054.29,1031.68,1077.38,BAJFINANCE.NS
2025-11-04,1049.83,1027.7,1071.52,BAJFINANCE.NS
2025-11-06,1040.86,1018.28,1064.13,BAJFINANCE.NS
2025-11-07,1039.14,1016.49,1062.48,BAJFINANCE.NS
2025-11-10,1025.38,1003.02,1047.77,BAJFINANCE.NS
2025-11-11,1021.06,997.96,1045.81,BAJFINANCE.NS
2025-11-12,1019.49,996.76,1042.7,BAJFINANCE.NS
2025-11-13,1013.74,989.99,1035.67,BAJFINANCE.NS
2025-11-14,1013.49,990.18,1035.11,BAJFINANCE.NS
2025-11-17,1006.15,983.34,1030.61,BAJFINANCE.NS
2025-11-18,1004.45,980.94,1027.43,BAJFINANCE.NS
2025-11-19,1005.65,981.67,1027.29,BAJFINANCE.NS
2025-11-20,1002.73,979.27,1026.26,BAJFINANCE.NS
2025-11-21,1005.33,982.01,1029.73,BAJFINANCE.NS
2025-11-24,1005.93,983.26,1028.22,BAJFINANCE.NS
2025-11-25,1006.49,983.21,1032.71,BAJFINANCE.NS
2025-11-26,1009.69,985.35,1031.85,BAJFINANCE.NS
2025-11-27,1008.46,985.67,1030.78,BAJFINANCE.NS
2025-11-28,1012.41,990.21,1034.15,BAJFINANCE.NS
2025-12-01,1014.93,992.33,1038.46,BAJFINANCE.NS
2025-12-02,1015.41,990.87,1039.41,BAJFINANCE.NS
2025-12-03,1018.18,995.21,1039.42,BAJFINANCE.NS
2025-12-04,1016.22,994.12,1038.89,BAJFINANCE.NS
2025-12-05,1019.15,997.47,1042.2,BAJFINANCE.NS
2025-12-08,1017.31,994.59,1040.28,BAJFINANCE.NS
2025-12-09,1016.05,994.85,1040.03,BAJFINANCE.NS
2025-12-10,1017.03,993.68,1038.75,BAJFINANCE.NS
2025-12-11,1013.26,990.02,1037.43,BAJFINANCE.NS
2025-12-12,1014.4,990.95,1037.31,BAJFINANCE.NS
2025-12-15,1007.82,984.59,1029.89,BAJFINANCE.NS
2025-12-16,1005.29,982.92,1028.69,BAJFINANCE.NS
2025-12-17,1005.19,981.09,1029.37,BAJFINANCE.NS
2025-12-18,1000.55,977.25,1023.65,BAJFINANCE.NS
2025-12-19,1001.05,977.78,1025.19,BAJFINANCE.NS
2025-12-22,993.77,969.99,1016.79,BAJFINANCE.NS
2025-12-23,991.39,967.69,1014.32,BAJFINANCE.NS
2025-12-24,991.58,969.58,1012.63,BAJFINANCE.NS
2025-12-26,988.33,965.96,1012.86,BAJFINANCE.NS
2025-12-29,982.65,959.34,1005.88,BAJFINANCE.NS
2025-12-30,980.72,957.64,1002.18,BAJFINANCE.NS
2025-12-31,981.28,957.73,1005.91,BAJFINANCE.NS
2026-01-01,977.3,953.6,999.11,BAJFINANCE.NS
2026-01-02,978.39,954.79,1000.15,BAJFINANCE.NS
2026-01-05,972.03,946.65,995.17,BAJFINANCE.NS
2026-01-06,969.53,946.92,994.5,BAJFINANCE.NS
2026-01-07,969.36,946.18,991.49,BAJFINANCE.NS
2026-01-08,964.49,942.26,988.51,BAJFINANCE.NS
2026-01-09,964.59,940.49,986.36,BAJFINANCE.NS
2026-01-12,954.84,933.0,976.81,BAJFINANCE.NS
2026-01-13,951.21,928.08,974.58,BAJFINANCE.NS
2026-01-14,949.99,927.23,974.58,BAJFINANCE.NS
2026-01-15,944.2,921.01,966.56,BAJFINANCE.NS
2026-01-16,943.55,921.72,965.42,BAJFINANCE.NS
2026-01-19,933.06,910.96,957.83,BAJFINANCE.NS
2026-01-20,929.82,906.34,951.6,BAJFINANCE.NS
2026-01-21,929.34,907.18,952.89,BAJFINANCE.NS
2026-01-22,924.68,899.97,949.29,BAJFINANCE.NS
2026-01-23,925.55,903.31,948.09,BAJFINANCE.NS
2026-01-27,921.75,898.26,944.42,BAJFINANCE.NS
2026-01-28,924.62,901.14,946.74,BAJFINANCE.NS
2026-01-29,923.56,900.8,946.12,BAJFINANCE.NS
2026-01-30,928.26,908.06,950.95,BAJFINANCE.NS
2026-02-02,936.8,913.85,958.89,BAJFINANCE.NS
2026-02-03,940.61,919.25,963.63,BAJFINANCE.NS
2026-02-04,947.37,924.67,969.32,BAJFINANCE.NS
2026-02-05,950.0,925.69,971.99,BAJFINANCE.NS
2026-02-06,958.1,934.05,980.48,BAJFINANCE.NS
2026-02-09,974.47,952.73,997.96,BAJFINANCE.NS
2026-02-10,979.88,957.17,1003.11,BAJFINANCE.NS
2026-02-11,987.66,966.02,1010.53,BAJFINANCE.NS
2026-02-12,990.69,968.37,1013.9,BAJFINANCE.NS
2026-02-13,998.54,975.69,1021.17,BAJFINANCE.NS
2026-02-16,1010.17,986.21,1032.07,BAJFINANCE.NS
2026-02-17,1012.71,989.64,1035.38,BAJFINANCE.NS
2026-02-18,1016.99,993.91,1040.1,BAJFINANCE.NS
2026-02-19,1015.96,994.23,1038.86,BAJFINANCE.NS
2026-02-20,1019.23,996.59,1041.86,BAJFINANCE.NS
2026-02-23,1014.66,991.29,1037.53,BAJFINANCE.NS
2026-02-24,1011.22,987.59,1033.2,BAJFINANCE.NS
2026-02-25,1009.38,987.42,1032.56,BAJFINANCE.NS
2026-02-26,1002.17,977.76,1024.22,BAJFINANCE.NS
2026-02-27,999.27,975.56,1021.69,BAJFINANCE.NS
2026-03-02,977.25,954.73,999.26,BAJFINANCE.NS
2026-03-04,962.0,940.31,983.15,BAJFINANCE.NS
2026-03-05,950.51,927.84,973.92,BAJFINANCE.NS
2026-03-06,943.89,921.2,965.09,BAJFINANCE.NS
2026-03-09,914.38,890.22,936.87,BAJFINANCE.NS
2026-03-10,904.56,882.11,927.47,BAJFINANCE.NS
2026-03-11,897.45,874.65,920.14,BAJFINANCE.NS
2026-03-12,886.14,863.99,909.2,BAJFINANCE.NS
2026-03-13,880.35,858.63,901.66,BAJFINANCE.NS
2026-03-16,857.0,835.31,880.81,BAJFINANCE.NS
2026-03-17,850.32,827.45,874.1,BAJFINANCE.NS
2026-03-18,846.82,824.44,870.33,BAJFINANCE.NS
2026-03-19,839.51,816.55,863.84,BAJFINANCE.NS
2026-03-20,838.07,812.39,859.93,BAJFINANCE.NS
2026-03-23,829.16,806.74,851.81,BAJFINANCE.NS
2026-03-24,827.55,802.88,849.73,BAJFINANCE.NS
2026-03-25,829.12,806.26,851.16,BAJFINANCE.NS
2026-03-27,830.34,808.01,852.27,BAJFINANCE.NS
2026-03-30,835.13,811.45,857.0,BAJFINANCE.NS
2026-04-01,842.89,821.83,865.64,BAJFINANCE.NS
2026-04-02,844.03,818.96,867.09,BAJFINANCE.NS
2026-04-06,862.34,839.17,885.24,BAJFINANCE.NS
2026-04-07,866.37,844.72,889.6,BAJFINANCE.NS
2026-04-08,872.91,851.36,897.93,BAJFINANCE.NS
2026-04-09,874.93,851.09,897.07,BAJFINANCE.NS
2026-04-10,882.04,858.36,902.78,BAJFINANCE.NS
2026-04-13,893.71,871.24,916.45,BAJFINANCE.NS
2026-04-15,903.02,878.55,926.11,BAJFINANCE.NS
2026-04-16,904.12,882.15,925.81,BAJFINANCE.NS
2026-04-17,910.16,887.33,933.39,BAJFINANCE.NS
2026-04-20,917.94,894.39,938.71,BAJFINANCE.NS
2026-04-21,919.99,897.68,943.14,BAJFINANCE.NS
2026-04-22,924.32,901.9,947.24,BAJFINANCE.NS
2026-04-23,923.9,900.58,946.47,BAJFINANCE.NS
2026-04-24,928.42,904.77,950.91,BAJFINANCE.NS
2026-04-27,931.67,907.88,955.15,BAJFINANCE.NS
2026-04-28,932.25,909.73,955.87,BAJFINANCE.NS
2026-04-29,935.13,911.7,959.14,BAJFINANCE.NS
2026-04-30,933.3,910.26,955.04,BAJFINANCE.NS
2026-05-01,936.42,913.73,958.51,BAJFINANCE.NS
2026-05-04,935.67,912.72,957.31,BAJFINANCE.NS
2026-05-05,934.96,910.44,956.9,BAJFINANCE.NS
2026-05-06,936.56,914.28,959.62,BAJFINANCE.NS
2026-05-07,933.47,911.15,957.01,BAJFINANCE.NS
2026-05-08,935.35,911.86,957.11,BAJFINANCE.NS
2026-05-11,930.92,908.84,955.03,BAJFINANCE.NS
2026-05-12,929.02,906.22,953.67,BAJFINANCE.NS
2026-05-13,929.44,908.87,952.06,BAJFINANCE.NS
2026-05-14,925.2,904.73,949.92,BAJFINANCE.NS
2026-05-15,925.96,902.08,948.49,BAJFINANCE.NS
2026-05-18,918.46,894.86,941.92,BAJFINANCE.NS
2026-05-19,915.66,891.72,938.24,BAJFINANCE.NS
2026-05-20,915.28,891.46,938.68,BAJFINANCE.NS
2026-05-21,910.34,887.69,934.04,BAJFINANCE.NS
2026-05-22,910.52,886.6,932.81,BAJFINANCE.NS
2026-05-25,902.16,879.53,924.27,BAJFINANCE.NS
2026-05-26,899.41,875.83,921.68,BAJFINANCE.NS
2026-05-27,899.27,877.67,921.33,BAJFINANCE.NS
2026-05-28,894.78,870.98,918.24,BAJFINANCE.NS
2026-05-29,895.61,871.29,919.01,BAJFINANCE.NS
2026-06-01,890.55,868.2,914.88,BAJFINANCE.NS
2026-06-02,889.34,867.72,913.73,BAJFINANCE.NS
2026-06-03,890.98,868.63,915.96,BAJFINANCE.NS
2026-06-04,888.46,866.35,911.45,BAJFINANCE.NS
2026-06-05,891.47,867.57,912.8,BAJFINANCE.NS
2026-06-08,893.97,870.2,918.34,BAJFINANCE.NS
2026-06-09,895.57,872.95,919.99,BAJFINANCE.NS
2026-06-10,900.09,876.42,924.76,BAJFINANCE.NS
2026-06-11,900.52,878.02,925.06,BAJFINANCE.NS
2026-06-12,906.52,884.09,930.19,BAJFINANCE.NS
2026-06-15,917.85,893.56,941.29,BAJFINANCE.NS
2026-06-16,922.23,897.18,944.57,BAJFINANCE.NS
2026-06-17,929.4,908.12,953.65,BAJFINANCE.NS
2026-06-18,932.32,908.6,954.23,BAJFINANCE.NS
2026-06-19,940.61,918.08,962.87,BAJFINANCE.NS
2026-06-22,957.33,934.45,979.74,BAJFINANCE.NS
2026-06-23,962.95,939.9,985.21,BAJFINANCE.NS
2026-06-24,971.05,948.95,992.12,BAJFINANCE.NS
2026-06-25,974.59,951.83,998.04,BAJFINANCE.NS
2026-06-26,983.16,959.66,1005.95,BAJFINANCE.NS
2026-06-29,998.84,976.36,1021.82,BAJFINANCE.NS
2026-06-30,1003.49,979.64,1024.5,BAJFINANCE.NS
2026-07-01,1010.34,987.21,1031.61,BAJFINANCE.NS
2026-07-02,1012.36,989.72,1037.67,BAJFINANCE.NS
2026-07-03,1019.18,995.31,1041.46,BAJFINANCE.NS
2026-07-06,1028.41,1005.32,1050.85,BAJFINANCE.NS
2026-07-07,1030.62,1009.57,1053.72,BAJFINANCE.NS
2026-07-08,1034.94,1011.77,1059.19,BAJFINANCE.NS
2026-07-09,1034.36,1010.39,1057.54,BAJFINANCE.NS
2026-07-10,1038.55,1015.0,1062.78,BAJFINANCE.NS
2026-07-13,1039.96,1016.83,1063.49,BAJFINANCE.NS
2026-07-14,1039.68,1016.22,1062.68,BAJFINANCE.NS
2026-07-15,1041.59,1018.08,1062.38,BAJFINANCE.NS
2026-07-16,1038.72,1015.87,1061.79,BAJFINANCE.NS
2026-07-17,1040.72,1017.14,1062.92,BAJFINANCE.NS
2026-07-20,1036.4,1013.21,1059.16,BAJFINANCE.NS
2026-07-21,1034.47,1012.69,1058.15,BAJFINANCE.NS
2026-07-22,1034.87,1013.17,1059.32,BAJFINANCE.NS
2026-07-23,1030.62,1006.82,1053.76,BAJFINANCE.NS
2026-07-24,1031.37,1007.49,1054.28,BAJFINANCE.NS
2026-07-27,1023.9,1001.11,1044.88,BAJFINANCE.NS
2026-07-28,1021.12,999.05,1044.3,BAJFINANCE.NS
2026-07-29,1020.74,997.96,1043.15,BAJFINANCE.NS
2026-07-30,1015.78,992.87,1040.13,BAJFINANCE.NS
2026-07-31,1015.89,993.09,1040.36,BAJFINANCE.NS
2026-08-03,1006.89,986.01,1028.25,BAJFINANCE.NS
2026-08-04,1003.73,980.8,1027.11,BAJFINANCE.NS
2026-08-05,1003.05,979.89,1026.45,BAJFINANCE.NS
2026-08-06,997.88,976.07,1020.66,BAJFINANCE.NS
2026-08-07,997.88,974.12,1020.81,BAJFINANCE.NS
2026-08-10,989.29,966.75,1011.58,BAJFINANCE.NS
2026-08-11,986.57,962.78,1009.18,BAJFINANCE.NS
2026-08-12,986.52,963.95,1009.3,BAJFINANCE.NS
2026-08-13,982.15,959.26,1005.49,BAJFINANCE.NS
2026-08-14,983.17,960.26,1004.42,BAJFINANCE.NS
2026-08-17,979.0,955.11,1000.71,BAJFINANCE.NS
2026-08-18,978.21,954.43,1000.59,BAJFINANCE.NS
2026-08-19,980.33,956.48,1002.06,BAJFINANCE.NS
2026-08-20,978.35,957.38,1002.46,BAJFINANCE.NS
2026-08-21,981.97,960.14,1005.16,BAJFINANCE.NS
2026-08-24,986.64,962.22,1008.31,BAJFINANCE.NS
2026-08-25,989.05,966.42,1013.0,BAJFINANCE.NS
2026-08-26,994.43,973.52,1018.24,BAJFINANCE.NS
2026-08-27,995.75,971.91,1019.17,BAJFINANCE.NS
2026-08-28,1002.63,980.25,1025.23,BAJFINANCE.NS
2026-08-31,1016.52,995.14,1040.32,BAJFINANCE.NS
2026-09-01,1021.66,998.54,1044.56,BAJFINANCE.NS
2026-09-02,1029.51,1007.59,1051.59,BAJFINANCE.NS
2025-07-22,1911.3,1876.15,1945.02,BHARTIARTL.NS
2025-07-23,1912.84,1873.94,1950.04,BHARTIARTL.NS
2025-07-24,1912.64,1874.2,1947.28,BHARTIARTL.NS
2025-07-25,1912.29,1878.15,1946.36,BHARTIARTL.NS
2025-07-28,1912.99,1876.48,1948.02,BHARTIARTL.NS
2025-07-29,1917.22,1882.58,1953.85,BHARTIARTL.NS
2025-07-30,1918.49,1887.1,1954.42,BHARTIARTL.NS
2025-07-31,1917.79,1879.05,1951.63,BHARTIARTL.NS
2025-08-01,1916.7,1880.59,1952.26,BHARTIARTL.NS
2025-08-04,1913.77,1878.78,1947.2,BHARTIARTL.NS
2025-08-05,1916.4,1881.18,1949.16,BHARTIARTL.NS
2025-08-06,1915.9,1880.25,1952.47,BHARTIARTL.NS
2025-08-07,1913.33,1880.93,1949.02,BHARTIARTL.NS
2025-08-08,1910.31,1875.96,1946.32,BHARTIARTL.NS
2025-08-11,1901.81,1864.73,1935.31,BHARTIARTL.NS
2025-08-12,1902.83,1868.29,1937.89,BHARTIARTL.NS
2025-08-13,1900.96,1865.99,1936.8,BHARTIARTL.NS
2025-08-14,1897.28,1861.0,1934.85,BHARTIARTL.NS
2025-08-18,1884.81,1847.61,1920.73,BHARTIARTL.NS
2025-08-19,1886.58,1850.44,1923.17,BHARTIARTL.NS
2025-08-20,1885.86,1848.24,1922.64,BHARTIARTL.NS
2025-08-21,1883.72,1849.57,1919.22,BHARTIARTL.NS
2025-08-22,1881.81,1846.92,1917.19,BHARTIARTL.NS
2025-08-25,1880.63,1847.57,1918.9,BHARTIARTL.NS
2025-08-26,1885.3,1850.12,1921.53,BHARTIARTL.NS
2025-08-28,1888.43,1854.19,1923.65,BHARTIARTL.NS
2025-08-29,1889.48,1856.14,1925.0,BHARTIARTL.NS
2025-09-01,1896.14,1860.95,1933.62,BHARTIARTL.NS
2025-09-02,1902.85,1866.66,1939.55,BHARTIARTL.NS
2025-09-03,1906.79,1873.94,1940.83,BHARTIARTL.NS
2025-09-04,1908.9,1876.21,1945.29,BHARTIARTL.NS
2025-09-05,1910.74,1873.67,1944.93,BHARTIARTL.NS
2025-09-08,1916.84,1881.37,1953.52,BHARTIARTL.NS
2025-09-09,1922.41,1886.19,1954.33,BHARTIARTL.NS
2025-09-10,1924.76,1888.21,1962.55,BHARTIARTL.NS
2025-09-11,1924.9,1889.35,1958.38,BHARTIARTL.NS
2025-09-12,1924.42,1889.07,1958.86,BHARTIARTL.NS
2025-09-15,1922.2,1886.67,1956.49,BHARTIARTL.NS
2025-09-16,1924.8,1890.07,1960.9,BHARTIARTL.NS
2025-09-17,1924.23,1887.95,1960.02,BHARTIARTL.NS
2025-09-18,1921.56,1886.42,1959.22,BHARTIARTL.NS
2025-09-19,1918.49,1881.69,1954.98,BHARTIARTL.NS
2025-09-22,1910.52,1875.93,1947.2,BHARTIARTL.NS
2025-09-23,1912.09,1877.36,1949.76,BHARTIARTL.NS
2025-09-24,1911.01,1878.72,1949.95,BHARTIARTL.NS
2025-09-25,1908.38,1873.07,1944.42,BHARTIARTL.NS
2025-09-26,1905.93,1868.34,1942.84,BHARTIARTL.NS
2025-09-29,1903.14,1867.22,1937.9,BHARTIARTL.NS
2025-09-30,1907.47,1873.54,1943.59,BHARTIARTL.NS
2025-10-01,1909.6,1876.32,1947.48,BHARTIARTL.NS
2025-10-03,1911.99,1878.37,1943.42,BHARTIARTL.NS
2025-10-06,1921.91,1887.19,1957.67,BHARTIARTL.NS
2025-10-07,1930.53,1896.0,1965.2,BHARTIARTL.NS
2025-10-08,1936.83,1901.1,1972.28,BHARTIARTL.NS
2025-10-09,1941.77,1907.03,1974.87,BHARTIARTL.NS
2025-10-10,1946.9,1912.14,1983.45,BHARTIARTL.NS
2025-10-13,1965.66,1928.53,2000.71,BHARTIARTL.NS
2025-10-14,1976.31,1941.75,2012.77,BHARTIARTL.NS
2025-10-15,1984.12,1947.81,2017.95,BHARTIARTL.NS
2025-10-16,1990.06,1957.9,2027.35,BHARTIARTL.NS
2025-10-17,1995.68,1963.49,2033.83,BHARTIARTL.NS
2025-10-20,2012.99,1976.31,2048.05,BHARTIARTL.NS
2025-10-21,2022.32,1986.7,2056.43,BHARTIARTL.NS
2025-10-23,2032.52,1998.63,2068.41,BHARTIARTL.NS
2025-10-24,2036.02,2003.34,2072.64,BHARTIARTL.NS
2025-10-27,2046.49,2011.95,2082.91,BHARTIARTL.NS
2025-10-28,2053.6,2018.99,2087.44,BHARTIARTL.NS
2025-10-29,2057.68,2021.57,2092.57,BHARTIARTL.NS
2025-10-30,2059.78,2025.17,2095.55,BHARTIARTL.NS
2025-10-31,2061.59,2027.58,2096.29,BHARTIARTL.NS
2025-11-03,2068.56,2033.26,2104.19,BHARTIARTL.NS
2025-11-04,2075.06,2039.61,2112.49,BHARTIARTL.NS
2025-11-06,2080.8,2043.45,2114.37,BHARTIARTL.NS
2025-11-07,2082.72,2047.99,2117.81,BHARTIARTL.NS
2025-11-10,2090.83,2055.72,2127.96,BHARTIARTL.NS
2025-11-11,2097.8,2060.35,2132.98,BHARTIARTL.NS
2025-11-12,2101.95,2062.76,2135.52,BHARTIARTL.NS
2025-11-13,2104.27,2072.07,2139.2,BHARTIARTL.NS
2025-11-14,2106.33,2071.81,2141.96,BHARTIARTL.NS
2025-11-17,2113.41,2078.77,2146.78,BHARTIARTL.NS
2025-11-18,2119.42,2083.11,2155.59,BHARTIARTL.NS
2025-11-19,2122.29,2085.93,2157.99,BHARTIARTL.NS
2025-11-20,2122.97,2089.04,2160.15,BHARTIARTL.NS
2025-11-21,2123.07,2087.79,2158.41,BHARTIARTL.NS
2025-11-24,2122.47,2086.96,2158.01,BHARTIARTL.NS
2025-11-25,2125.48,2089.47,2160.88,BHARTIARTL.NS
2025-11-26,2125.2,2090.57,2160.52,BHARTIARTL.NS
2025-11-27,2122.68,2087.66,2158.81,BHARTIARTL.NS
2025-11-28,2119.57,2081.62,2153.21,BHARTIARTL.NS
2025-12-01,2110.12,2070.64,2146.17,BHARTIARTL.NS
2025-12-02,2110.69,2077.43,2144.87,BHARTIARTL.NS
2025-12-03,2108.32,2072.21,2142.64,BHARTIARTL.NS
2025-12-04,2104.13,2070.42,2138.71,BHARTIARTL.NS
2025-12-05,2099.82,2063.02,2133.78,BHARTIARTL.NS
2025-12-08,2089.87,2055.73,2125.25,BHARTIARTL.NS
2025-12-09,2091.31,2054.6,2125.83,BHARTIARTL.NS
2025-12-10,2090.33,2056.0,2125.2,BHARTIARTL.NS
2025-12-11,2088.0,2053.93,2124.73,BHARTIARTL.NS
2025-12-12,2085.97,2050.27,2121.19,BHARTIARTL.NS
2025-12-15,2084.72,2050.37,2119.74,BHARTIARTL.NS
2025-12-16,2089.41,2053.66,2128.19,BHARTIARTL.NS
2025-12-17,2091.71,2057.0,2127.35,BHARTIARTL.NS
2025-12-18,2092.58,2056.84,2127.51,BHARTIARTL.NS
2025-12-19,2093.58,2058.55,2128.51,BHARTIARTL.NS
2025-12-22,2099.42,2064.89,2135.52,BHARTIARTL.NS
2025-12-23,2105.54,2069.88,2138.1,BHARTIARTL.NS
2025-12-24,2108.68,2074.2,2142.23,BHARTIARTL.NS
2025-12-26,2110.31,2072.41,2145.95,BHARTIARTL.NS
2025-12-29,2110.74,2073.96,2145.91,BHARTIARTL.NS
2025-12-30,2113.76,2079.78,2149.78,BHARTIARTL.NS
2025-12-31,2113.22,2078.52,2146.89,BHARTIARTL.NS
2026-01-01,2110.11,2075.59,2148.01,BHARTIARTL.NS
2026-01-02,2106.04,2070.94,2141.45,BHARTIARTL.NS
2026-01-05,2090.99,2057.46,2124.25,BHARTIARTL.NS
2026-01-06,2088.69,2055.15,2125.66,BHARTIARTL.NS
2026-01-07,2082.93,2048.65,2116.71,BHARTIARTL.NS
2026-01-08,2074.83,2041.4,2110.17,BHARTIARTL.NS
2026-01-09,2066.11,2031.76,2102.54,BHARTIARTL.NS
2026-01-12,2040.2,2004.19,2075.33,BHARTIARTL.NS
2026-01-13,2035.59,1999.53,2072.56,BHARTIARTL.NS
2026-01-14,2028.29,1990.9,2062.0,BHARTIARTL.NS
2026-01-15,2019.46,1984.44,2055.03,BHARTIARTL.NS
2026-01-16,2010.83,1974.92,2044.84,BHARTIARTL.NS
2026-01-19,1990.15,1951.44,2025.59,BHARTIARTL.NS
2026-01-20,1988.82,1953.87,2025.86,BHARTIARTL.NS
2026-01-21,1985.48,1949.98,2020.32,BHARTIARTL.NS
2026-01-22,1981.19,1947.34,2016.63,BHARTIARTL.NS
2026-01-23,1977.6,1942.23,2014.18,BHARTIARTL.NS
2026-01-27,1978.42,1943.4,2012.71,BHARTIARTL.NS
2026-01-28,1980.85,1945.5,2017.12,BHARTIARTL.NS
2026-01-29,1982.11,1943.38,2020.53,BHARTIARTL.NS
2026-01-30,1983.73,1947.35,2018.84,BHARTIARTL.NS
2026-02-02,1992.6,1955.64,2029.23,BHARTIARTL.NS
2026-02-03,2000.03,1965.54,2037.19,BHARTIARTL.NS
2026-02-04,2004.58,1970.32,2039.48,BHARTIARTL.NS
2026-02-05,2007.17,1971.65,2043.84,BHARTIARTL.NS
2026-02-06,2009.29,1973.06,2044.32,BHARTIARTL.NS
2026-02-09,2014.72,1978.05,2050.62,BHARTIARTL.NS
2026-02-10,2019.45,1985.14,2055.87,BHARTIARTL.NS
2026-02-11,2020.62,1985.37,2055.32,BHARTIARTL.NS
2026-02-12,2019.19,1982.53,2053.26,BHARTIARTL.NS
2026-02-13,2016.75,1982.47,2053.04,BHARTIARTL.NS
2026-02-16,2006.19,1969.08,2037.08,BHARTIARTL.NS
2026-02-17,2005.16,1967.99,2040.22,BHARTIARTL.NS
2026-02-18,2000.51,1967.08,2034.54,BHARTIARTL.NS
2026-02-19,1993.33,1958.91,2028.01,BHARTIARTL.NS
2026-02-20,1985.29,1950.18,2020.22,BHARTIARTL.NS
2026-02-23,1959.73,1923.44,1995.47,BHARTIARTL.NS
2026-02-24,1954.54,1918.07,1987.11,BHARTIARTL.NS
2026-02-25,1946.27,1910.08,1981.75,BHARTIARTL.NS
2026-02-26,1936.01,1902.94,1969.89,BHARTIARTL.NS
2026-02-27,1925.5,1891.88,1958.63,BHARTIARTL.NS
2026-03-02,1896.17,1859.19,1933.49,BHARTIARTL.NS
2026-03-04,1883.16,1845.84,1918.3,BHARTIARTL.NS
2026-03-05,1873.95,1838.03,1909.18,BHARTIARTL.NS
2026-03-06,1864.97,1830.22,1898.83,BHARTIARTL.NS
2026-03-09,1842.74,1804.85,1878.3,BHARTIARTL.NS
2026-03-10,1840.51,1805.79,1876.63,BHARTIARTL.NS
2026-03-11,1836.0,1801.44,1871.84,BHARTIARTL.NS
2026-03-12,1830.23,1793.05,1864.29,BHARTIARTL.NS
2026-03-13,1824.82,1789.6,1862.25,BHARTIARTL.NS
2026-03-16,1813.6,1777.05,1851.21,BHARTIARTL.NS
2026-03-17,1815.01,1782.16,1849.8,BHARTIARTL.NS
2026-03-18,1814.06,1777.29,1848.9,BHARTIARTL.NS
2026-03-19,1811.75,1775.73,1845.94,BHARTIARTL.NS
2026-03-20,1809.69,1774.45,1845.13,BHARTIARTL.NS
2026-03-23,1807.58,1774.06,1844.1,BHARTIARTL.NS
2026-03-24,1811.69,1775.61,1843.0,BHARTIARTL.NS
2026-03-25,1813.26,1775.45,1847.45,BHARTIARTL.NS
2026-03-27,1813.35,1777.76,1849.06,BHARTIARTL.NS
2026-03-30,1816.51,1781.05,1852.64,BHARTIARTL.NS
2026-04-01,1824.75,1788.77,1857.35,BHARTIARTL.NS
2026-04-02,1825.76,1791.53,1863.03,BHARTIARTL.NS
2026-04-06,1831.02,1793.45,1867.42,BHARTIARTL.NS
2026-04-07,1836.53,1800.13,1872.56,BHARTIARTL.NS
2026-04-08,1839.11,1804.12,1874.29,BHARTIARTL.NS
2026-04-09,1839.77,1802.09,1873.37,BHARTIARTL.NS
2026-04-10,1840.11,1805.95,1875.98,BHARTIARTL.NS
2026-04-13,1841.95,1803.1,1876.08,BHARTIARTL.NS
2026-04-15,1847.69,1809.08,1884.19,BHARTIARTL.NS
2026-04-16,1847.03,1812.97,1881.18,BHARTIARTL.NS
2026-04-17,1846.0,1812.56,1878.98,BHARTIARTL.NS
2026-04-20,1843.65,1806.46,1881.42,BHARTIARTL.NS
2026-04-21,1846.72,1810.38,1881.98,BHARTIARTL.NS
2026-04-22,1846.84,1811.89,1882.8,BHARTIARTL.NS
2026-04-23,1845.08,1808.92,1880.08,BHARTIARTL.NS
2026-04-24,1843.09,1807.85,1877.07,BHARTIARTL.NS
2026-04-27,1838.95,1802.64,1871.0,BHARTIARTL.NS
2026-04-28,1841.85,1805.1,1877.64,BHARTIARTL.NS
2026-04-29,1842.02,1805.78,1876.56,BHARTIARTL.NS
2026-04-30,1840.53,1803.55,1875.21,BHARTIARTL.NS
2026-05-01,1839.03,1804.99,1874.39,BHARTIARTL.NS
2026-05-04,1837.55,1801.73,1872.18,BHARTIARTL.NS
2026-05-05,1841.62,1805.94,1875.52,BHARTIARTL.NS
2026-05-06,1843.09,1809.71,1878.49,BHARTIARTL.NS
2026-05-07,1842.95,1809.35,1875.93,BHARTIARTL.NS
2026-05-08,1842.82,1806.88,1876.32,BHARTIARTL.NS
2026-05-11,1845.12,1807.33,1878.58,BHARTIARTL.NS
2026-05-12,1850.21,1814.76,1885.86,BHARTIARTL.NS
2026-05-13,1852.49,1815.25,1889.9,BHARTIARTL.NS
2026-05-14,1852.94,1814.26,1890.88,BHARTIARTL.NS
2026-05-15,1853.14,1812.87,1889.26,BHARTIARTL.NS
2026-05-18,1854.69,1818.55,1889.18,BHARTIARTL.NS
2026-05-19,1858.92,1826.81,1893.87,BHARTIARTL.NS
2026-05-20,1860.04,1823.47,1895.87,BHARTIARTL.NS
2026-05-21,1859.06,1825.65,1894.52,BHARTIARTL.NS
2026-05-22,1857.56,1822.76,1892.97,BHARTIARTL.NS
2026-05-25,1852.88,1817.36,1889.58,BHARTIARTL.NS
2026-05-26,1854.81,1819.21,1892.75,BHARTIARTL.NS
2026-05-27,1853.61,1818.46,1887.62,BHARTIARTL.NS
2026-05-28,1850.34,1812.92,1886.37,BHARTIARTL.NS
2026-05-29,1846.67,1809.92,1881.06,BHARTIARTL.NS
2026-06-01,1836.65,1801.25,1873.83,BHARTIARTL.NS
2026-06-02,1837.39,1801.94,1873.16,BHARTIARTL.NS
2026-06-03,1835.37,1799.07,1871.18,BHARTIARTL.NS
2026-06-04,1831.69,1794.81,1869.11,BHARTIARTL.NS
2026-06-05,1828.04,1792.86,1863.37,BHARTIARTL.NS
2026-06-08,1820.82,1785.95,1857.76,BHARTIARTL.NS
2026-06-09,1823.39,1788.82,1857.41,BHARTIARTL.NS
2026-06-10,1823.62,1789.4,1859.57,BHARTIARTL.NS
2026-06-11,1822.57,1787.22,1857.22,BHARTIARTL.NS
2026-06-12,1821.88,1788.74,1856.84,BHARTIARTL.NS
2026-06-15,1825.01,1788.84,1856.81,BHARTIARTL.NS
2026-06-16,1831.29,1797.85,1866.2,BHARTIARTL.NS
2026-06-17,1835.25,1798.36,1869.76,BHARTIARTL.NS
2026-06-18,1837.87,1802.3,1872.61,BHARTIARTL.NS
2026-06-19,1840.72,1807.13,1878.16,BHARTIARTL.NS
2026-06-22,1853.03,1817.45,1890.42,BHARTIARTL.NS
2026-06-23,1861.71,1825.51,1895.16,BHARTIARTL.NS
2026-06-24,1867.65,1829.04,1902.45,BHARTIARTL.NS
2026-06-25,1871.8,1835.59,1905.97,BHARTIARTL.NS
2026-06-26,1875.74,1841.91,1912.1,BHARTIARTL.NS
2026-06-29,1888.48,1851.4,1924.28,BHARTIARTL.NS
2026-06-30,1896.4,1860.88,1931.44,BHARTIARTL.NS
2026-07-01,1901.18,1866.61,1935.45,BHARTIARTL.NS
2026-07-02,1903.83,1869.7,1937.92,BHARTIARTL.NS
2026-07-03,1905.94,1869.22,1941.25,BHARTIARTL.NS
2026-07-06,1911.92,1873.99,1946.88,BHARTIARTL.NS
2026-07-07,1917.36,1880.57,1954.57,BHARTIARTL.NS
2026-07-08,1919.66,1882.99,1954.9,BHARTIARTL.NS
2026-07-09,1919.87,1885.43,1956.04,BHARTIARTL.NS
2026-07-10,1919.65,1884.55,1955.5,BHARTIARTL.NS
2026-07-13,1919.72,1883.44,1957.66,BHARTIARTL.NS
2026-07-14,1923.67,1886.97,1957.82,BHARTIARTL.NS
2026-07-15,1924.75,1888.93,1957.68,BHARTIARTL.NS
2026-07-16,1924.02,1887.68,1958.27,BHARTIARTL.NS
2026-07-17,1923.13,1887.52,1958.16,BHARTIARTL.NS
2026-07-20,1922.69,1888.09,1958.32,BHARTIARTL.NS
2026-07-21,1926.87,1888.81,1962.68,BHARTIARTL.NS
2026-07-22,1928.31,1895.64,1961.39,BHARTIARTL.NS
2026-07-23,1928.02,1894.76,1962.24,BHARTIARTL.NS
2026-07-24,1927.62,1892.25,1961.46,BHARTIARTL.NS
2026-07-27,1928.4,1894.48,1963.36,BHARTIARTL.NS
2026-07-28,1932.75,1896.57,1968.24,BHARTIARTL.NS
2026-07-29,1934.19,1896.45,1969.31,BHARTIARTL.NS
2026-07-30,1933.69,1899.32,1971.54,BHARTIARTL.NS
2026-07-31,1932.85,1895.69,1968.94,BHARTIARTL.NS
2026-08-03,1930.87,1893.0,1964.83,BHARTIARTL.NS
2026-08-04,1933.84,1899.35,1972.1,BHARTIARTL.NS
2026-08-05,1933.71,1900.9,1969.22,BHARTIARTL.NS
2026-08-06,1931.48,1895.45,1968.45,BHARTIARTL.NS
2026-08-07,1928.8,1893.97,1965.42,BHARTIARTL.NS
2026-08-10,1921.06,1887.5,1957.65,BHARTIARTL.NS
2026-08-11,1922.24,1887.05,1956.24,BHARTIARTL.NS
2026-08-12,1920.45,1884.32,1956.75,BHARTIARTL.NS
2026-08-13,1916.79,1881.16,1951.54,BHARTIARTL.NS
2026-08-14,1912.92,1878.15,1949.77,BHARTIARTL.NS
2026-08-17,1903.63,1863.7,1939.38,BHARTIARTL.NS
2026-08-18,1905.04,1870.16,1940.56,BHARTIARTL.NS
2026-08-19,1903.9,1870.55,1939.56,BHARTIARTL.NS
2026-08-20,1901.29,1867.92,1933.86,BHARTIARTL.NS
2026-08-21,1898.87,1862.35,1933.56,BHARTIARTL.NS
2026-08-24,1895.99,1858.96,1933.4,BHARTIARTL.NS
2026-08-25,1900.09,1864.26,1935.76,BHARTIARTL.NS
2026-08-26,1901.82,1866.32,1937.47,BHARTIARTL.NS
2026-08-27,1902.18,1866.2,1936.78,BHARTIARTL.NS
2026-08-28,1902.78,1866.55,1938.66,BHARTIARTL.NS
2026-08-31,1908.47,1875.2,1943.55,BHARTIARTL.NS
2026-09-01,1915.02,1879.75,1947.85,BHARTIARTL.NS
2026-09-02,1918.89,1882.71,1955.16,BHARTIARTL.NS
2025-07-22,314.86,307.32,322.13,BPCL.NS
2025-07-23,317.06,309.55,324.62,BPCL.NS
2025-07-24,315.1,308.14,322.29,BPCL.NS
2025-07-25,314.01,306.59,321.34,BPCL.NS
2025-07-28,312.74,305.47,320.32,BPCL.NS
2025-07-29,312.03,304.78,319.36,BPCL.NS
2025-07-30,313.85,306.68,320.77,BPCL.NS
2025-07-31,311.52,303.88,318.82,BPCL.NS
2025-08-01,310.09,302.56,317.78,BPCL.NS
2025-08-04,308.02,300.63,315.74,BPCL.NS
2025-08-05,307.13,299.04,314.72,BPCL.NS
2025-08-06,308.82,301.3,316.04,BPCL.NS
2025-08-07,306.41,298.54,313.72,BPCL.NS
2025-08-08,304.96,297.57,312.28,BPCL.NS
2025-08-11,303.14,295.79,311.12,BPCL.NS
2025-08-12,302.44,294.91,309.86,BPCL.NS
2025-08-13,304.35,297.32,312.17,BPCL.NS
2025-08-14,302.21,295.3,310.08,BPCL.NS
2025-08-18,300.19,292.26,308.0,BPCL.NS
2025-08-19,299.82,292.47,307.04,BPCL.NS
2025-08-20,302.06,294.97,309.51,BPCL.NS
2025-08-21,300.23,293.2,307.44,BPCL.NS
2025-08-22,299.36,292.21,307.47,BPCL.NS
2025-08-25,299.24,292.01,307.05,BPCL.NS
2025-08-26,299.05,291.26,306.09,BPCL.NS
2025-08-28,299.75,292.14,306.77,BPCL.NS
2025-08-29,298.99,291.58,306.34,BPCL.NS
2025-09-01,299.13,291.74,307.17,BPCL.NS
2025-09-02,299.03,291.51,306.09,BPCL.NS
2025-09-03,301.52,293.36,309.52,BPCL.NS
2025-09-04,299.94,292.57,307.33,BPCL.NS
2025-09-05,299.32,291.93,306.4,BPCL.NS
2025-09-08,300.11,292.95,306.93,BPCL.NS
2025-09-09,300.32,292.64,307.54,BPCL.NS
2025-09-10,303.17,295.91,310.82,BPCL.NS
2025-09-11,302.0,294.83,309.37,BPCL.NS
2025-09-12,301.84,293.28,309.21,BPCL.NS
2025-09-15,304.23,296.71,311.43,BPCL.NS
2025-09-16,305.02,297.42,312.27,BPCL.NS
2025-09-17,308.47,301.38,315.46,BPCL.NS
2025-09-18,307.89,300.73,315.4,BPCL.NS
2025-09-19,308.3,300.15,316.58,BPCL.NS
2025-09-22,312.15,304.45,319.44,BPCL.NS
2025-09-23,313.3,305.99,321.46,BPCL.NS
2025-09-24,317.02,309.66,324.84,BPCL.NS
2025-09-25,316.6,309.18,324.17,BPCL.NS
2025-09-26,317.08,310.09,324.68,BPCL.NS
2025-09-29,320.43,313.48,327.6,BPCL.NS
2025-09-30,321.17,313.64,328.22,BPCL.NS
2025-10-01,324.37,316.72,331.92,BPCL.NS
2025-10-03,323.09,315.71,330.2,BPCL.NS
2025-10-06,323.89,316.25,331.37,BPCL.NS
2025-10-07,323.72,316.12,331.23,BPCL.NS
2025-10-08,326.0,318.11,333.28,BPCL.NS
2025-10-09,324.08,316.6,331.34,BPCL.NS
2025-10-10,323.0,315.63,330.49,BPCL.NS
2025-10-13,321.83,314.64,329.69,BPCL.NS
2025-10-14,321.25,313.8,328.44,BPCL.NS
2025-10-15,323.28,315.99,330.83,BPCL.NS
2025-10-16,321.27,314.2,329.11,BPCL.NS
2025-10-17,320.3,312.6,327.3,BPCL.NS
2025-10-20,320.53,313.3,328.23,BPCL.NS
2025-10-21,320.77,313.51,328.25,BPCL.NS
2025-10-23,322.93,315.72,330.04,BPCL.NS
2025-10-24,323.21,315.83,330.73,BPCL.NS
2025-10-27,327.72,320.63,335.57,BPCL.NS
2025-10-28,329.45,321.51,337.42,BPCL.NS
2025-10-29,333.94,327.08,340.89,BPCL.NS
2025-10-30,334.47,327.44,342.63,BPCL.NS
2025-10-31,336.07,328.38,343.57,BPCL.NS
2025-11-03,343.65,336.37,351.28,BPCL.NS
2025-11-04,346.02,338.52,352.96,BPCL.NS
2025-11-06,351.63,344.32,359.47,BPCL.NS
2025-11-07,353.15,345.31,360.6,BPCL.NS
2025-11-10,358.95,351.29,366.44,BPCL.NS
2025-11-11,360.24,352.99,367.52,BPCL.NS
2025-11-12,363.84,356.08,370.66,BPCL.NS
2025-11-13,363.05,355.4,370.59,BPCL.NS
2025-11-14,362.9,355.66,370.04,BPCL.NS
2025-11-17,363.03,355.51,370.93,BPCL.NS
2025-11-18,362.34,355.06,369.26,BPCL.NS
2025-11-19,363.97,356.4,371.07,BPCL.NS
2025-11-20,361.27,353.42,367.99,BPCL.NS
2025-11-21,359.3,351.53,366.33,BPCL.NS
2025-11-24,354.93,347.04,362.8,BPCL.NS
2025-11-25,353.15,345.95,360.95,BPCL.NS
2025-11-26,353.94,346.74,361.55,BPCL.NS
2025-11-27,350.66,343.57,358.26,BPCL.NS
2025-11-28,348.4,341.25,355.61,BPCL.NS
2025-12-01,344.77,336.87,352.44,BPCL.NS
2025-12-02,343.75,336.12,350.88,BPCL.NS
2025-12-03,345.54,338.32,352.75,BPCL.NS
2025-12-04,343.47,335.58,350.84,BPCL.NS
2025-12-05,342.58,335.15,350.36,BPCL.NS
2025-12-08,343.78,335.81,351.53,BPCL.NS
2025-12-09,344.48,336.54,351.61,BPCL.NS
2025-12-10,347.97,340.69,355.6,BPCL.NS
2025-12-11,347.53,339.78,354.83,BPCL.NS
2025-12-12,348.19,340.32,355.49,BPCL.NS
2025-12-15,353.13,344.92,360.46,BPCL.NS
2025-12-16,354.69,347.03,361.74,BPCL.NS
2025-12-17,358.79,350.58,366.25,BPCL.NS
2025-12-18,358.74,351.12,365.97,BPCL.NS
2025-12-19,359.52,351.77,366.71,BPCL.NS
2025-12-22,363.35,356.2,371.17,BPCL.NS
2025-12-23,364.07,356.64,371.62,BPCL.NS
2025-12-24,367.15,359.72,373.85,BPCL.NS
2025-12-26,365.32,357.68,372.51,BPCL.NS
2025-12-29,364.55,356.25,371.92,BPCL.NS
2025-12-30,363.68,356.28,371.05,BPCL.NS
2025-12-31,365.19,357.96,372.94,BPCL.NS
2026-01-01,362.42,355.53,370.17,BPCL.NS
2026-01-02,360.45,353.34,367.97,BPCL.NS
2026-01-05,356.32,348.51,363.84,BPCL.NS
2026-01-06,354.68,347.03,361.61,BPCL.NS
2026-01-07,355.64,347.92,363.09,BPCL.NS
2026-01-08,352.54,344.46,359.82,BPCL.NS
2026-01-09,350.44,343.68,358.47,BPCL.NS
2026-01-12,347.25,339.71,354.16,BPCL.NS
2026-01-13,346.33,338.87,353.28,BPCL.NS
2026-01-14,348.17,340.64,355.68,BPCL.NS
2026-01-15,346.1,338.28,353.99,BPCL.NS
2026-01-16,345.18,337.47,352.88,BPCL.NS
2026-01-19,346.02,339.04,354.16,BPCL.NS
2026-01-20,346.53,338.86,354.44,BPCL.NS
2026-01-21,349.81,342.11,357.35,BPCL.NS
2026-01-22,349.15,341.89,356.28,BPCL.NS
2026-01-23,349.59,342.28,356.87,BPCL.NS
2026-01-27,355.56,347.74,363.7,BPCL.NS
2026-01-28,359.71,352.01,366.91,BPCL.NS
2026-01-29,359.8,352.58,366.96,BPCL.NS
2026-01-30,360.86,353.8,367.82,BPCL.NS
2026-02-02,366.35,358.86,374.24,BPCL.NS
2026-02-03,367.95,360.39,375.05,BPCL.NS
2026-02-04,372.07,364.56,378.89,BPCL.NS
2026-02-05,372.02,365.03,380.05,BPCL.NS
2026-02-06,372.83,364.72,380.49,BPCL.NS
2026-02-09,377.05,369.18,384.88,BPCL.NS
2026-02-10,378.06,370.3,386.07,BPCL.NS
2026-02-11,381.53,373.97,388.62,BPCL.NS
2026-02-12,380.76,373.22,387.6,BPCL.NS
2026-02-13,380.79,373.4,388.58,BPCL.NS
2026-02-16,382.31,374.61,389.92,BPCL.NS
2026-02-17,382.3,375.04,389.81,BPCL.NS
2026-02-18,384.67,376.85,392.48,BPCL.NS
2026-02-19,382.75,375.46,390.01,BPCL.NS
2026-02-20,381.55,374.36,389.28,BPCL.NS
2026-02-23,378.94,372.02,386.68,BPCL.NS
2026-02-24,377.41,370.33,385.0,BPCL.NS
2026-02-25,378.19,370.58,385.41,BPCL.NS
2026-02-26,374.6,367.35,382.17,BPCL.NS
2026-02-27,371.68,363.85,379.35,BPCL.NS
2026-03-02,363.64,356.79,371.06,BPCL.NS
2026-03-04,359.21,352.26,366.47,BPCL.NS
2026-03-05,353.82,346.72,361.35,BPCL.NS
2026-03-06,349.15,341.38,357.29,BPCL.NS
2026-03-09,336.44,328.9,343.68,BPCL.NS
2026-03-10,331.79,324.25,339.4,BPCL.NS
2026-03-11,329.63,321.9,336.82,BPCL.NS
2026-03-12,323.34,315.3,330.64,BPCL.NS
2026-03-13,318.0,310.63,325.66,BPCL.NS
2026-03-16,304.79,297.26,312.65,BPCL.NS
2026-03-17,300.5,292.88,308.23,BPCL.NS
2026-03-18,299.0,292.1,306.92,BPCL.NS
2026-03-19,293.65,286.07,301.06,BPCL.NS
2026-03-20,289.51,282.34,297.28,BPCL.NS
2026-03-23,281.45,274.27,288.81,BPCL.NS
2026-03-24,279.32,271.55,286.25,BPCL.NS
2026-03-25,280.17,272.87,287.85,BPCL.NS
2026-03-27,275.77,268.59,283.44,BPCL.NS
2026-03-30,275.85,268.8,282.92,BPCL.NS
2026-04-01,279.89,272.81,287.59,BPCL.NS
2026-04-02,279.55,272.0,286.95,BPCL.NS
2026-04-06,286.45,278.84,293.43,BPCL.NS
2026-04-07,288.54,280.41,296.08,BPCL.NS
2026-04-08,293.27,285.61,300.41,BPCL.NS
2026-04-09,293.91,286.09,301.46,BPCL.NS
2026-04-10,295.47,287.75,302.97,BPCL.NS
2026-04-13,301.98,294.94,309.5,BPCL.NS
2026-04-15,307.83,299.77,314.99,BPCL.NS
2026-04-16,307.65,300.32,314.95,BPCL.NS
2026-04-17,308.19,300.57,315.85,BPCL.NS
2026-04-20,310.81,302.94,318.33,BPCL.NS
2026-04-21,311.05,303.17,318.8,BPCL.NS
2026-04-22,313.64,306.65,321.33,BPCL.NS
2026-04-23,311.91,304.75,319.25,BPCL.NS
2026-04-24,310.92,304.14,318.42,BPCL.NS
2026-04-27,309.28,301.88,316.37,BPCL.NS
2026-04-28,308.29,301.16,315.79,BPCL.NS
2026-04-29,309.77,302.21,317.18,BPCL.NS
2026-04-30,307.07,300.03,314.75,BPCL.NS
2026-05-01,305.26,297.95,312.79,BPCL.NS
2026-05-04,302.04,295.23,309.62,BPCL.NS
2026-05-05,300.82,293.55,308.71,BPCL.NS
2026-05-06,302.21,294.77,309.73,BPCL.NS
2026-05-07,299.55,291.84,307.51,BPCL.NS
2026-05-08,297.89,290.79,305.34,BPCL.NS
2026-05-11,295.73,288.04,303.37,BPCL.NS
2026-05-12,295.0,287.81,302.47,BPCL.NS
2026-05-13,296.93,289.58,304.84,BPCL.NS
2026-05-14,294.84,287.53,302.44,BPCL.NS
2026-05-15,293.78,285.63,301.53,BPCL.NS
2026-05-18,293.37,285.45,300.57,BPCL.NS
2026-05-19,293.2,286.15,301.39,BPCL.NS
2026-05-20,295.65,287.91,303.15,BPCL.NS
2026-05-21,294.05,286.76,301.73,BPCL.NS
2026-05-22,293.43,286.09,300.95,BPCL.NS
2026-05-25,294.12,286.54,301.48,BPCL.NS
2026-05-26,294.23,286.33,301.69,BPCL.NS
2026-05-27,296.93,288.99,303.99,BPCL.NS
2026-05-28,295.55,288.42,303.54,BPCL.NS
2026-05-29,295.12,288.25,302.99,BPCL.NS
2026-06-01,296.26,288.96,303.23,BPCL.NS
2026-06-02,296.49,288.82,303.67,BPCL.NS
2026-06-03,299.31,291.56,307.42,BPCL.NS
2026-06-04,298.04,290.38,305.77,BPCL.NS
2026-06-05,297.71,290.79,304.95,BPCL.NS
2026-06-08,299.16,291.86,306.68,BPCL.NS
2026-06-09,299.48,292.17,306.86,BPCL.NS
2026-06-10,302.39,294.46,309.97,BPCL.NS
2026-06-11,301.21,293.85,308.5,BPCL.NS
2026-06-12,300.96,294.04,308.35,BPCL.NS
2026-06-15,302.57,294.83,309.89,BPCL.NS
2026-06-16,302.93,295.66,310.0,BPCL.NS
2026-06-17,305.85,298.6,313.52,BPCL.NS
2026-06-18,304.65,296.62,312.06,BPCL.NS
2026-06-19,304.38,297.15,311.68,BPCL.NS
2026-06-22,305.8,298.09,312.84,BPCL.NS
2026-06-23,306.06,298.49,313.83,BPCL.NS
2026-06-24,308.87,301.26,316.4,BPCL.NS
2026-06-25,307.55,300.09,314.98,BPCL.NS
2026-06-26,307.15,299.75,315.15,BPCL.NS
2026-06-29,308.16,300.47,315.99,BPCL.NS
2026-06-30,308.29,301.2,315.33,BPCL.NS
2026-07-01,310.97,303.98,318.05,BPCL.NS
2026-07-02,309.54,301.78,316.82,BPCL.NS
2026-07-03,309.03,302.39,317.07,BPCL.NS
2026-07-06,309.8,302.5,317.63,BPCL.NS
2026-07-07,309.87,302.71,316.98,BPCL.NS
2026-07-08,312.5,305.2,319.72,BPCL.NS
2026-07-09,311.02,303.5,317.75,BPCL.NS
2026-07-10,310.47,302.96,318.45,BPCL.NS
2026-07-13,311.09,303.5,318.47,BPCL.NS
2026-07-14,311.09,303.31,318.05,BPCL.NS
2026-07-15,313.64,306.27,321.29,BPCL.NS
2026-07-16,312.05,304.55,319.2,BPCL.NS
2026-07-17,311.37,304.17,318.75,BPCL.NS
2026-07-20,311.42,304.3,319.48,BPCL.NS
2026-07-21,311.17,303.39,318.71,BPCL.NS
2026-07-22,313.44,305.65,321.12,BPCL.NS
2026-07-23,311.54,303.97,319.4,BPCL.NS
2026-07-24,310.53,303.06,317.61,BPCL.NS
2026-07-27,309.47,302.08,317.27,BPCL.NS
2026-07-28,308.82,301.43,315.79,BPCL.NS
2026-07-29,310.7,303.25,317.94,BPCL.NS
2026-07-30,308.43,301.51,316.35,BPCL.NS
2026-07-31,307.04,299.87,313.77,BPCL.NS
2026-08-03,305.04,298.08,312.45,BPCL.NS
2026-08-04,304.16,296.61,311.45,BPCL.NS
2026-08-05,305.84,298.56,313.58,BPCL.NS
2026-08-06,303.42,295.96,310.7,BPCL.NS
2026-08-07,301.95,293.56,309.26,BPCL.NS
2026-08-10,300.0,292.78,307.36,BPCL.NS
2026-08-11,299.24,291.84,307.09,BPCL.NS
2026-08-12,301.1,293.94,308.83,BPCL.NS
2026-08-13,298.89,291.16,306.81,BPCL.NS
2026-08-14,297.67,290.28,305.16,BPCL.NS
2026-08-17,296.64,289.21,303.58,BPCL.NS
2026-08-18,296.21,288.8,303.91,BPCL.NS
2026-08-19,298.4,290.97,305.84,BPCL.NS
2026-08-20,296.53,288.63,303.88,BPCL.NS
2026-08-21,295.62,288.31,303.15,BPCL.NS
2026-08-24,295.41,288.35,302.83,BPCL.NS
2026-08-25,295.21,287.3,302.74,BPCL.NS
2026-08-26,297.59,290.46,304.84,BPCL.NS
2026-08-27,295.88,288.01,302.78,BPCL.NS
2026-08-28,295.11,287.92,302.46,BPCL.NS
2026-08-31,295.2,287.92,302.45,BPCL.NS
2026-09-01,295.07,288.13,302.7,BPCL.NS
2026-09-02,297.54,290.0,304.6,BPCL.NS
2025-07-22,5639.01,5535.58,5729.38,BRITANNIA.NS
2025-07-23,5638.05,5534.2,5735.9,BRITANNIA.NS
2025-07-24,5635.18,5535.93,5738.9,BRITANNIA.NS
2025-07-25,5636.41,5540.28,5739.6,BRITANNIA.NS
2025-07-28,5618.78,5513.27,5716.59,BRITANNIA.NS
2025-07-29,5620.98,5518.67,5727.17,BRITANNIA.NS
2025-07-30,5607.57,5513.27,5708.37,BRITANNIA.NS
2025-07-31,5592.4,5496.09,5693.14,BRITANNIA.NS
2025-08-01,5581.73,5475.75,5676.96,BRITANNIA.NS
2025-08-04,5533.66,5431.02,5625.65,BRITANNIA.NS
2025-08-05,5528.43,5436.48,5627.32,BRITANNIA.NS
2025-08-06,5509.41,5407.0,5601.58,BRITANNIA.NS
2025-08-07,5490.65,5395.22,5586.57,BRITANNIA.NS
2025-08-08,5478.62,5376.95,5578.95,BRITANNIA.NS
2025-08-11,5441.31,5340.64,5538.81,BRITANNIA.NS
2025-08-12,5444.81,5346.5,5547.79,BRITANNIA.NS
2025-08-13,5437.07,5340.36,5535.53,BRITANNIA.NS
2025-08-14,5432.05,5334.32,5531.3,BRITANNIA.NS
2025-08-18,5458.75,5362.5,5558.52,BRITANNIA.NS
2025-08-19,5485.19,5382.53,5581.97,BRITANNIA.NS
2025-08-20,5501.29,5400.82,5599.86,BRITANNIA.NS
2025-08-21,5520.62,5428.94,5618.55,BRITANNIA.NS
2025-08-22,5549.09,5451.91,5644.37,BRITANNIA.NS
2025-08-25,5641.32,5547.29,5741.43,BRITANNIA.NS
2025-08-26,5688.29,5589.7,5781.21,BRITANNIA.NS
2025-08-28,5758.48,5663.04,5850.38,BRITANNIA.NS
2025-08-29,5800.49,5693.82,5900.07,BRITANNIA.NS
2025-09-01,5914.94,5814.06,6016.1,BRITANNIA.NS
2025-09-02,5962.67,5864.38,6057.83,BRITANNIA.NS
2025-09-03,5994.63,5890.31,6090.55,BRITANNIA.NS
2025-09-04,6024.06,5926.89,6121.23,BRITANNIA.NS
2025-09-05,6056.65,5958.24,6156.43,BRITANNIA.NS
2025-09-08,6124.79,6029.53,6225.07,BRITANNIA.NS
2025-09-09,6151.96,6046.88,6251.87,BRITANNIA.NS
2025-09-10,6161.35,6061.17,6262.62,BRITANNIA.NS
2025-09-11,6166.63,6067.74,6272.46,BRITANNIA.NS
2025-09-12,6173.9,6078.23,6275.84,BRITANNIA.NS
2025-09-15,6163.49,6059.93,6258.92,BRITANNIA.NS
2025-09-16,6165.11,6068.21,6262.05,BRITANNIA.NS
2025-09-17,6149.99,6052.96,6250.93,BRITANNIA.NS
2025-09-18,6132.17,6030.65,6233.5,BRITANNIA.NS
2025-09-19,6118.13,6015.28,6221.22,BRITANNIA.NS
2025-09-22,6057.39,5958.14,6158.7,BRITANNIA.NS
2025-09-23,6047.47,5949.27,6151.8,BRITANNIA.NS
2025-09-24,6023.65,5918.84,6117.98,BRITANNIA.NS
2025-09-25,6000.02,5899.83,6094.39,BRITANNIA.NS
2025-09-26,5983.02,5882.9,6084.31,BRITANNIA.NS
2025-09-29,5929.52,5831.19,6026.59,BRITANNIA.NS
2025-09-30,5926.79,5833.49,6026.29,BRITANNIA.NS
2025-10-01,5912.15,5810.37,6006.17,BRITANNIA.NS
2025-10-03,5894.61,5793.39,5999.41,BRITANNIA.NS
2025-10-06,5882.65,5785.13,5979.2,BRITANNIA.NS
2025-10-07,5894.25,5802.98,6000.7,BRITANNIA.NS
2025-10-08,5893.61,5795.0,5994.29,BRITANNIA.NS
2025-10-09,5894.25,5789.8,5987.88,BRITANNIA.NS
2025-10-10,5901.99,5792.91,6002.3,BRITANNIA.NS
2025-10-13,5920.08,5815.45,6025.17,BRITANNIA.NS
2025-10-14,5938.65,5844.03,6037.84,BRITANNIA.NS
2025-10-15,5943.31,5843.2,6046.03,BRITANNIA.NS
2025-10-16,5947.52,5844.75,6043.88,BRITANNIA.NS
2025-10-17,5957.13,5864.57,6057.28,BRITANNIA.NS
2025-10-20,5971.23,5873.09,6060.86,BRITANNIA.NS
2025-10-21,5985.67,5888.74,6087.22,BRITANNIA.NS
2025-10-23,5983.05,5882.47,6077.17,BRITANNIA.NS
2025-10-24,5985.7,5887.21,6085.97,BRITANNIA.NS
2025-10-27,5976.52,5880.31,6072.03,BRITANNIA.NS
2025-10-28,5983.09,5892.17,6070.48,BRITANNIA.NS
2025-10-29,5974.85,5879.29,6074.15,BRITANNIA.NS
2025-10-30,5965.63,5871.32,6065.5,BRITANNIA.NS
2025-10-31,5961.62,5872.91,6061.44,BRITANNIA.NS
2025-11-03,5936.83,5834.57,6037.72,BRITANNIA.NS
2025-11-04,5939.86,5834.89,6038.85,BRITANNIA.NS
2025-11-06,5917.96,5820.36,6016.38,BRITANNIA.NS
2025-11-07,5913.0,5813.45,5999.38,BRITANNIA.NS
2025-11-10,5889.73,5786.72,5992.75,BRITANNIA.NS
2025-11-11,5894.45,5793.93,5992.93,BRITANNIA.NS
2025-11-12,5885.69,5785.41,5983.1,BRITANNIA.NS
2025-11-13,5877.14,5785.05,5973.81,BRITANNIA.NS
2025-11-14,5874.87,5776.04,5970.68,BRITANNIA.NS
2025-11-17,5860.24,5759.47,5957.61,BRITANNIA.NS
2025-11-18,5867.78,5762.3,5968.04,BRITANNIA.NS
2025-11-19,5861.72,5759.53,5954.61,BRITANNIA.NS
2025-11-20,5855.74,5758.87,5950.98,BRITANNIA.NS
2025-11-21,5855.9,5762.28,5959.98,BRITANNIA.NS
2025-11-24,5847.73,5745.12,5938.85,BRITANNIA.NS
2025-11-25,5857.28,5759.52,5960.01,BRITANNIA.NS
2025-11-26,5853.24,5747.13,5949.19,BRITANNIA.NS
2025-11-27,5849.33,5759.95,5954.93,BRITANNIA.NS
2025-11-28,5851.69,5746.0,5948.99,BRITANNIA.NS
2025-12-01,5851.5,5749.16,5936.28,BRITANNIA.NS
2025-12-02,5864.34,5772.59,5964.89,BRITANNIA.NS
2025-12-03,5863.97,5767.46,5957.82,BRITANNIA.NS
2025-12-04,5864.13,5767.41,5966.18,BRITANNIA.NS
2025-12-05,5870.96,5766.0,5969.91,BRITANNIA.NS
2025-12-08,5886.36,5790.48,5983.39,BRITANNIA.NS
2025-12-09,5904.94,5799.72,5999.34,BRITANNIA.NS
2025-12-10,5910.47,5815.88,6014.29,BRITANNIA.NS
2025-12-11,5916.58,5809.72,6017.11,BRITANNIA.NS
2025-12-12,5929.28,5828.35,6027.88,BRITANNIA.NS
2025-12-15,5960.64,5863.34,6059.56,BRITANNIA.NS
2025-12-16,5983.55,5883.03,6083.16,BRITANNIA.NS
2025-12-17,5992.68,5890.21,6088.33,BRITANNIA.NS
2025-12-18,6001.54,5897.43,6099.23,BRITANNIA.NS
2025-12-19,6016.05,5922.37,6116.13,BRITANNIA.NS
2025-12-22,6046.17,5946.95,6143.41,BRITANNIA.NS
2025-12-23,6066.25,5967.72,6165.72,BRITANNIA.NS
2025-12-24,6071.3,5978.29,6167.86,BRITANNIA.NS
2025-12-26,6082.83,5988.72,6180.08,BRITANNIA.NS
2025-12-29,6086.92,5992.62,6183.63,BRITANNIA.NS
2025-12-30,6096.53,6000.35,6191.28,BRITANNIA.NS
2025-12-31,6090.45,5993.32,6191.8,BRITANNIA.NS
2026-01-01,6082.39,5983.73,6175.08,BRITANNIA.NS
2026-01-02,6078.45,5981.38,6179.24,BRITANNIA.NS
2026-01-05,6046.83,5949.04,6139.29,BRITANNIA.NS
2026-01-06,6045.22,5948.22,6144.51,BRITANNIA.NS
2026-01-07,6028.56,5931.21,6130.16,BRITANNIA.NS
2026-01-08,6010.73,5914.72,6117.18,BRITANNIA.NS
2026-01-09,5998.02,5899.36,6097.91,BRITANNIA.NS
2026-01-12,5947.31,5854.79,6044.14,BRITANNIA.NS
2026-01-13,5942.08,5846.67,6043.62,BRITANNIA.NS
2026-01-14,5923.27,5835.32,6021.15,BRITANNIA.NS
2026-01-15,5904.79,5806.81,6008.01,BRITANNIA.NS
2026-01-16,5892.92,5789.1,5989.71,BRITANNIA.NS
2026-01-19,5853.32,5758.81,5954.39,BRITANNIA.NS
2026-01-20,5854.39,5753.74,5943.44,BRITANNIA.NS
2026-01-21,5843.04,5745.71,5943.59,BRITANNIA.NS
2026-01-22,5833.01,5737.08,5933.3,BRITANNIA.NS
2026-01-23,5830.47,5733.9,5934.68,BRITANNIA.NS
2026-01-27,5834.83,5742.77,5937.21,BRITANNIA.NS
2026-01-28,5834.8,5735.2,5938.55,BRITANNIA.NS
2026-01-29,5836.05,5731.73,5933.93,BRITANNIA.NS
2026-01-30,5844.58,5739.75,5950.0,BRITANNIA.NS
2026-02-02,5867.34,5767.71,5966.47,BRITANNIA.NS
2026-02-03,5888.71,5782.56,5980.8,BRITANNIA.NS
2026-02-04,5896.99,5800.69,5991.12,BRITANNIA.NS
2026-02-05,5905.74,5801.11,5997.52,BRITANNIA.NS
2026-02-06,5920.89,5820.6,6019.24,BRITANNIA.NS
2026-02-09,5957.95,5855.4,6054.53,BRITANNIA.NS
2026-02-10,5982.16,5888.59,6082.19,BRITANNIA.NS
2026-02-11,5992.3,5887.87,6088.35,BRITANNIA.NS
2026-02-12,6001.93,5909.28,6094.57,BRITANNIA.NS
2026-02-13,6016.99,5911.04,6125.95,BRITANNIA.NS
2026-02-16,6048.14,5950.41,6154.0,BRITANNIA.NS
2026-02-17,6068.55,5969.71,6165.23,BRITANNIA.NS
2026-02-18,6074.01,5974.44,6161.71,BRITANNIA.NS
2026-02-19,6078.1,5978.7,6173.72,BRITANNIA.NS
2026-02-20,6086.8,5994.77,6184.08,BRITANNIA.NS
2026-02-23,6094.1,5996.09,6192.51,BRITANNIA.NS
2026-02-24,6105.08,6014.66,6203.1,BRITANNIA.NS
2026-02-25,6100.44,6001.82,6198.01,BRITANNIA.NS
2026-02-26,6093.79,5998.26,6192.63,BRITANNIA.NS
2026-02-27,6091.17,5990.27,6185.14,BRITANNIA.NS
2026-03-02,6061.65,5966.3,6153.85,BRITANNIA.NS
2026-03-04,6041.87,5945.33,6137.22,BRITANNIA.NS
2026-03-05,6021.99,5924.0,6120.6,BRITANNIA.NS
2026-03-06,6006.15,5899.57,6101.07,BRITANNIA.NS
2026-03-09,5938.51,5839.39,6040.16,BRITANNIA.NS
2026-03-10,5924.77,5831.09,6023.41,BRITANNIA.NS
2026-03-11,5895.95,5801.87,6000.73,BRITANNIA.NS
2026-03-12,5865.9,5768.13,5961.06,BRITANNIA.NS
2026-03-13,5840.92,5738.66,5944.79,BRITANNIA.NS
2026-03-16,5753.21,5660.49,5853.5,BRITANNIA.NS
2026-03-17,5735.65,5638.83,5833.11,BRITANNIA.NS
2026-03-18,5704.59,5602.85,5808.33,BRITANNIA.NS
2026-03-19,5673.96,5575.49,5767.92,BRITANNIA.NS
2026-03-20,5650.1,5550.38,5751.96,BRITANNIA.NS
2026-03-23,5576.15,5470.79,5679.4,BRITANNIA.NS
2026-03-24,5566.55,5470.36,5664.26,BRITANNIA.NS
2026-03-25,5545.04,5438.51,5652.5,BRITANNIA.NS
2026-03-27,5514.0,5409.54,5608.49,BRITANNIA.NS
2026-03-30,5483.9,5393.28,5585.74,BRITANNIA.NS
2026-04-01,5485.7,5385.33,5582.17,BRITANNIA.NS
2026-04-02,5483.04,5387.65,5581.99,BRITANNIA.NS
2026-04-06,5507.28,5410.67,5604.68,BRITANNIA.NS
2026-04-07,5528.8,5434.26,5625.2,BRITANNIA.NS
2026-04-08,5537.85,5446.22,5643.5,BRITANNIA.NS
2026-04-09,5547.88,5450.24,5650.89,BRITANNIA.NS
2026-04-10,5564.72,5469.72,5661.85,BRITANNIA.NS
2026-04-13,5608.24,5516.21,5703.6,BRITANNIA.NS
2026-04-15,5646.86,5555.05,5749.34,BRITANNIA.NS
2026-04-16,5658.29,5569.28,5757.28,BRITANNIA.NS
2026-04-17,5674.8,5579.69,5774.12,BRITANNIA.NS
2026-04-20,5707.4,5603.54,5806.91,BRITANNIA.NS
2026-04-21,5727.17,5634.18,5831.34,BRITANNIA.NS
2026-04-22,5731.39,5629.97,5830.85,BRITANNIA.NS
2026-04-23,5733.64,5633.55,5834.99,BRITANNIA.NS
2026-04-24,5739.92,5636.15,5840.22,BRITANNIA.NS
2026-04-27,5737.02,5633.8,5830.02,BRITANNIA.NS
2026-04-28,5743.87,5645.08,5839.73,BRITANNIA.NS
2026-04-29,5734.88,5634.93,5831.14,BRITANNIA.NS
2026-04-30,5723.79,5625.67,5827.7,BRITANNIA.NS
2026-05-01,5716.72,5616.71,5817.17,BRITANNIA.NS
2026-05-04,5675.07,5573.35,5772.96,BRITANNIA.NS
2026-05-05,5669.81,5568.36,5765.14,BRITANNIA.NS
2026-05-06,5649.29,5549.14,5751.76,BRITANNIA.NS
2026-05-07,5627.31,5539.94,5726.86,BRITANNIA.NS
2026-05-08,5610.08,5508.16,5709.92,BRITANNIA.NS
2026-05-11,5542.85,5443.43,5634.54,BRITANNIA.NS
2026-05-12,5530.85,5428.72,5623.85,BRITANNIA.NS
2026-05-13,5504.51,5412.07,5607.91,BRITANNIA.NS
2026-05-14,5477.68,5370.19,5575.63,BRITANNIA.NS
2026-05-15,5456.58,5351.08,5556.06,BRITANNIA.NS
2026-05-18,5383.61,5283.81,5480.32,BRITANNIA.NS
2026-05-19,5371.64,5274.08,5466.84,BRITANNIA.NS
2026-05-20,5346.3,5245.56,5445.52,BRITANNIA.NS
2026-05-21,5321.4,5222.98,5417.41,BRITANNIA.NS
2026-05-22,5303.15,5206.89,5405.18,BRITANNIA.NS
2026-05-25,5243.92,5148.16,5339.45,BRITANNIA.NS
2026-05-26,5238.12,5140.67,5335.91,BRITANNIA.NS
2026-05-27,5219.67,5119.85,5318.64,BRITANNIA.NS
2026-05-28,5202.31,5105.53,5305.6,BRITANNIA.NS
2026-05-29,5192.18,5095.48,5292.91,BRITANNIA.NS
2026-06-01,5160.05,5060.54,5253.28,BRITANNIA.NS
2026-06-02,5163.92,5071.03,5259.41,BRITANNIA.NS
2026-06-03,5155.28,5054.26,5257.44,BRITANNIA.NS
2026-06-04,5147.8,5049.33,5250.65,BRITANNIA.NS
2026-06-05,5147.49,5049.17,5241.09,BRITANNIA.NS
2026-06-08,5143.6,5041.17,5234.78,BRITANNIA.NS
2026-06-09,5156.14,5060.93,5254.8,BRITANNIA.NS
2026-06-10,5155.66,5051.08,5248.15,BRITANNIA.NS
2026-06-11,5155.74,5056.87,5254.87,BRITANNIA.NS
2026-06-12,5162.36,5070.6,5265.18,BRITANNIA.NS
2026-06-15,5174.85,5070.64,5265.76,BRITANNIA.NS
2026-06-16,5191.32,5085.13,5284.73,BRITANNIA.NS
2026-06-17,5194.02,5096.13,5286.18,BRITANNIA.NS
2026-06-18,5196.55,5101.34,5296.96,BRITANNIA.NS
2026-06-19,5204.91,5104.39,5305.25,BRITANNIA.NS
2026-06-22,5219.13,5118.48,5315.16,BRITANNIA.NS
2026-06-23,5235.27,5140.32,5336.11,BRITANNIA.NS
2026-06-24,5237.35,5139.6,5333.1,BRITANNIA.NS
2026-06-25,5239.06,5141.63,5334.17,BRITANNIA.NS
2026-06-26,5246.53,5147.58,5350.67,BRITANNIA.NS
2026-06-29,5258.58,5161.76,5353.08,BRITANNIA.NS
2026-06-30,5274.48,5166.61,5377.91,BRITANNIA.NS
2026-07-01,5276.66,5186.37,5373.47,BRITANNIA.NS
2026-07-02,5278.9,5178.41,5371.78,BRITANNIA.NS
2026-07-03,5287.33,5189.47,5386.17,BRITANNIA.NS
2026-07-06,5304.93,5201.28,5400.73,BRITANNIA.NS
2026-07-07,5323.47,5218.84,5423.75,BRITANNIA.NS
2026-07-08,5328.59,5236.65,5429.53,BRITANNIA.NS
2026-07-09,5333.95,5234.98,5429.26,BRITANNIA.NS
2026-07-10,5345.6,5249.71,5446.64,BRITANNIA.NS
2026-07-13,5372.09,5270.51,5473.35,BRITANNIA.NS
2026-07-14,5392.85,5295.02,5486.3,BRITANNIA.NS
2026-07-15,5399.58,5298.27,5495.05,BRITANNIA.NS
2026-07-16,5405.8,5303.65,5501.65,BRITANNIA.NS
2026-07-17,5417.41,5315.21,5517.71,BRITANNIA.NS
2026-07-20,5437.38,5337.92,5542.44,BRITANNIA.NS
2026-07-21,5453.58,5351.7,5553.59,BRITANNIA.NS
2026-07-22,5454.5,5367.28,5543.88,BRITANNIA.NS
2026-07-23,5453.68,5356.62,5548.01,BRITANNIA.NS
2026-07-24,5457.06,5356.41,5554.69,BRITANNIA.NS
2026-07-27,5446.22,5346.76,5541.23,BRITANNIA.NS
2026-07-28,5450.61,5361.04,5553.01,BRITANNIA.NS
2026-07-29,5439.29,5338.2,5532.93,BRITANNIA.NS
2026-07-30,5426.04,5326.04,5526.16,BRITANNIA.NS
2026-07-31,5417.05,5316.83,5513.43,BRITANNIA.NS
2026-08-03,5372.31,5273.3,5471.63,BRITANNIA.NS
2026-08-04,5367.43,5274.37,5461.1,BRITANNIA.NS
2026-08-05,5348.32,5245.83,5444.18,BRITANNIA.NS
2026-08-06,5329.01,5227.34,5425.17,BRITANNIA.NS
2026-08-07,5315.95,5211.01,5414.23,BRITANNIA.NS
2026-08-10,5272.7,5169.45,5374.91,BRITANNIA.NS
2026-08-11,5273.31,5172.59,5370.94,BRITANNIA.NS
2026-08-12,5262.27,5162.56,5360.51,BRITANNIA.NS
2026-08-13,5253.61,5159.7,5355.65,BRITANNIA.NS
2026-08-14,5253.69,5162.42,5354.33,BRITANNIA.NS
2026-08-17,5263.27,5165.94,5361.38,BRITANNIA.NS
2026-08-18,5285.19,5185.55,5390.19,BRITANNIA.NS
2026-08-19,5296.82,5193.71,5389.86,BRITANNIA.NS
2026-08-20,5311.81,5215.68,5410.95,BRITANNIA.NS
2026-08-21,5336.15,5232.04,5439.14,BRITANNIA.NS
2026-08-24,5417.96,5315.74,5522.84,BRITANNIA.NS
2026-08-25,5462.36,5365.81,5563.14,BRITANNIA.NS
2026-08-26,5494.96,5401.8,5596.63,BRITANNIA.NS
2026-08-27,5529.03,5425.4,5627.73,BRITANNIA.NS
2026-08-28,5570.19,5474.46,5673.17,BRITANNIA.NS
2026-08-31,5685.87,5590.89,5784.55,BRITANNIA.NS
2026-09-01,5735.27,5632.54,5832.84,BRITANNIA.NS
2026-09-02,5769.48,5668.94,5870.71,BRITANNIA.NS
2025-07-22,1493.62,1467.32,1521.0,CIPLA.NS
2025-07-23,1492.52,1465.61,1519.51,CIPLA.NS
2025-07-24,1497.17,1470.96,1523.64,CIPLA.NS
2025-07-25,1494.32,1466.49,1519.81,CIPLA.NS
2025-07-28,1497.26,1471.32,1524.48,CIPLA.NS
2025-07-29,1493.51,1465.79,1519.83,CIPLA.NS
2025-07-30,1495.26,1468.76,1521.15,CIPLA.NS
2025-07-31,1502.6,1477.39,1530.44,CIPLA.NS
2025-08-01,1502.24,1474.25,1526.5,CIPLA.NS
2025-08-04,1511.02,1483.74,1538.79,CIPLA.NS
2025-08-05,1508.6,1480.19,1534.62,CIPLA.NS
2025-08-06,1511.37,1485.95,1540.26,CIPLA.NS
2025-08-07,1519.41,1493.0,1546.77,CIPLA.NS
2025-08-08,1519.45,1490.82,1547.47,CIPLA.NS
2025-08-11,1528.0,1502.61,1553.68,CIPLA.NS
2025-08-12,1525.13,1499.82,1551.74,CIPLA.NS
2025-08-13,1527.35,1503.17,1553.85,CIPLA.NS
2025-08-14,1534.78,1506.76,1560.8,CIPLA.NS
2025-08-18,1541.11,1515.78,1567.73,CIPLA.NS
2025-08-19,1537.89,1511.36,1565.2,CIPLA.NS
2025-08-20,1539.87,1514.87,1569.06,CIPLA.NS
2025-08-21,1547.2,1520.84,1572.03,CIPLA.NS
2025-08-22,1546.64,1519.51,1574.84,CIPLA.NS
2025-08-25,1554.22,1529.38,1581.95,CIPLA.NS
2025-08-26,1551.32,1523.86,1578.96,CIPLA.NS
2025-08-28,1561.18,1531.85,1585.53,CIPLA.NS
2025-08-29,1560.76,1532.95,1585.81,CIPLA.NS
2025-09-01,1567.66,1540.9,1595.54,CIPLA.NS
2025-09-02,1564.02,1536.34,1590.21,CIPLA.NS
2025-09-03,1565.27,1540.6,1592.87,CIPLA.NS
2025-09-04,1571.46,1546.19,1597.69,CIPLA.NS
2025-09-05,1569.32,1541.84,1596.15,CIPLA.NS
2025-09-08,1569.01,1541.96,1596.06,CIPLA.NS
2025-09-09,1562.38,1535.73,1588.84,CIPLA.NS
2025-09-10,1560.39,1532.58,1587.45,CIPLA.NS
2025-09-11,1563.17,1535.91,1590.16,CIPLA.NS
2025-09-12,1557.5,1531.46,1584.83,CIPLA.NS
2025-09-15,1546.71,1521.21,1574.54,CIPLA.NS
2025-09-16,1536.9,1510.14,1563.46,CIPLA.NS
2025-09-17,1532.02,1504.26,1558.37,CIPLA.NS
2025-09-18,1532.31,1504.52,1558.92,CIPLA.NS
2025-09-19,1524.6,1499.3,1553.05,CIPLA.NS
2025-09-22,1511.13,1484.39,1540.41,CIPLA.NS
2025-09-23,1501.72,1474.32,1529.03,CIPLA.NS
2025-09-24,1497.95,1472.59,1525.68,CIPLA.NS
2025-09-25,1500.04,1472.65,1526.56,CIPLA.NS
2025-09-26,1494.82,1467.7,1521.85,CIPLA.NS
2025-09-29,1492.57,1465.01,1519.76,CIPLA.NS
2025-09-30,1487.94,1461.86,1514.03,CIPLA.NS
2025-10-01,1489.32,1463.54,1515.95,CIPLA.NS
2025-10-03,1497.2,1472.0,1525.71,CIPLA.NS
2025-10-06,1511.48,1483.86,1538.79,CIPLA.NS
2025-10-07,1511.87,1485.53,1537.52,CIPLA.NS
2025-10-08,1517.84,1491.19,1544.38,CIPLA.NS
2025-10-09,1529.39,1501.41,1555.86,CIPLA.NS
2025-10-10,1533.16,1506.63,1559.38,CIPLA.NS
2025-10-13,1553.05,1526.45,1578.01,CIPLA.NS
2025-10-14,1553.62,1526.79,1580.75,CIPLA.NS
2025-10-15,1558.9,1532.71,1585.94,CIPLA.NS
2025-10-16,1568.89,1539.85,1594.6,CIPLA.NS
2025-10-17,1570.26,1543.9,1597.29,CIPLA.NS
2025-10-20,1578.53,1552.74,1605.74,CIPLA.NS
2025-10-21,1574.04,1548.3,1601.59,CIPLA.NS
2025-10-23,1578.05,1553.14,1604.52,CIPLA.NS
2025-10-24,1573.47,1546.73,1600.57,CIPLA.NS
2025-10-27,1564.21,1536.49,1592.27,CIPLA.NS
2025-10-28,1554.4,1529.51,1582.03,CIPLA.NS
2025-10-29,1549.33,1523.55,1577.59,CIPLA.NS
2025-10-30,1549.24,1522.33,1574.59,CIPLA.NS
2025-10-31,1541.0,1514.56,1568.93,CIPLA.NS
2025-11-03,1525.24,1499.96,1553.2,CIPLA.NS
2025-11-04,1514.86,1486.12,1541.15,CIPLA.NS
2025-11-06,1510.93,1485.84,1538.9,CIPLA.NS
2025-11-07,1504.43,1479.97,1530.21,CIPLA.NS
2025-11-10,1497.49,1472.06,1525.71,CIPLA.NS
2025-11-11,1490.95,1462.7,1517.78,CIPLA.NS
2025-11-12,1490.24,1461.9,1517.61,CIPLA.NS
2025-11-13,1495.44,1467.23,1521.58,CIPLA.NS
2025-11-14,1493.26,1466.66,1519.38,CIPLA.NS
2025-11-17,1498.42,1473.13,1525.66,CIPLA.NS
2025-11-18,1495.3,1468.98,1520.96,CIPLA.NS
2025-11-19,1497.54,1471.79,1523.86,CIPLA.NS
2025-11-20,1505.16,1478.69,1532.94,CIPLA.NS
2025-11-21,1504.84,1478.39,1533.49,CIPLA.NS
2025-11-24,1511.94,1485.18,1539.95,CIPLA.NS
2025-11-25,1508.25,1481.69,1537.07,CIPLA.NS
2025-11-26,1509.38,1483.34,1537.61,CIPLA.NS
2025-11-27,1515.4,1489.74,1541.88,CIPLA.NS
2025-11-28,1513.05,1486.07,1540.48,CIPLA.NS
2025-12-01,1512.32,1484.6,1538.3,CIPLA.NS
2025-12-02,1505.76,1477.41,1532.4,CIPLA.NS
2025-12-03,1504.04,1476.01,1532.06,CIPLA.NS
2025-12-04,1507.34,1479.85,1535.45,CIPLA.NS
2025-12-05,1502.48,1476.87,1527.87,CIPLA.NS
2025-12-08,1496.29,1468.65,1525.72,CIPLA.NS
2025-12-09,1488.8,1461.3,1515.73,CIPLA.NS
2025-12-10,1486.65,1459.97,1512.76,CIPLA.NS
2025-12-11,1490.04,1464.67,1517.13,CIPLA.NS
2025-12-12,1485.78,1459.44,1513.54,CIPLA.NS
2025-12-15,1484.2,1455.39,1510.41,CIPLA.NS
2025-12-16,1479.0,1450.28,1505.49,CIPLA.NS
2025-12-17,1479.41,1452.44,1505.37,CIPLA.NS
2025-12-18,1485.53,1458.57,1512.8,CIPLA.NS
2025-12-19,1484.09,1456.48,1511.8,CIPLA.NS
2025-12-22,1490.47,1465.33,1516.52,CIPLA.NS
2025-12-23,1487.44,1459.36,1515.03,CIPLA.NS
2025-12-24,1489.62,1462.57,1517.03,CIPLA.NS
2025-12-26,1496.35,1469.08,1523.7,CIPLA.NS
2025-12-29,1501.27,1474.87,1526.84,CIPLA.NS
2025-12-30,1496.43,1470.09,1523.24,CIPLA.NS
2025-12-31,1496.16,1469.49,1522.55,CIPLA.NS
2026-01-01,1500.5,1474.31,1527.21,CIPLA.NS
2026-01-02,1496.15,1467.95,1521.77,CIPLA.NS
2026-01-05,1487.3,1461.68,1512.12,CIPLA.NS
2026-01-06,1477.22,1452.09,1504.15,CIPLA.NS
2026-01-07,1471.55,1443.83,1498.99,CIPLA.NS
2026-01-08,1470.44,1444.02,1497.38,CIPLA.NS
2026-01-09,1460.71,1434.32,1488.14,CIPLA.NS
2026-01-12,1437.12,1408.81,1463.44,CIPLA.NS
2026-01-13,1422.95,1395.44,1449.36,CIPLA.NS
2026-01-14,1413.73,1387.97,1442.25,CIPLA.NS
2026-01-15,1409.69,1382.53,1436.28,CIPLA.NS
2026-01-16,1397.71,1369.3,1426.01,CIPLA.NS
2026-01-19,1371.79,1345.59,1399.24,CIPLA.NS
2026-01-20,1358.33,1331.69,1384.46,CIPLA.NS
2026-01-21,1350.55,1322.7,1377.53,CIPLA.NS
2026-01-22,1348.64,1322.63,1374.43,CIPLA.NS
2026-01-23,1339.42,1312.6,1364.71,CIPLA.NS
2026-01-27,1316.01,1288.84,1341.7,CIPLA.NS
2026-01-28,1313.04,1286.47,1339.26,CIPLA.NS
2026-01-29,1316.08,1288.14,1343.69,CIPLA.NS
2026-01-30,1311.86,1284.53,1339.44,CIPLA.NS
2026-02-02,1311.79,1285.79,1339.14,CIPLA.NS
2026-02-03,1307.28,1282.8,1334.52,CIPLA.NS
2026-02-04,1308.36,1281.36,1334.93,CIPLA.NS
2026-02-05,1315.07,1286.92,1342.67,CIPLA.NS
2026-02-06,1314.11,1285.07,1341.6,CIPLA.NS
2026-02-09,1321.1,1293.79,1345.64,CIPLA.NS
2026-02-10,1318.04,1289.45,1344.24,CIPLA.NS
2026-02-11,1320.12,1293.98,1347.12,CIPLA.NS
2026-02-12,1327.43,1300.58,1354.86,CIPLA.NS
2026-02-13,1326.68,1297.45,1351.39,CIPLA.NS
2026-02-16,1332.41,1305.07,1356.72,CIPLA.NS
2026-02-17,1328.43,1301.35,1354.9,CIPLA.NS
2026-02-18,1329.43,1303.85,1357.37,CIPLA.NS
2026-02-19,1335.52,1308.5,1362.0,CIPLA.NS
2026-02-20,1333.46,1305.69,1360.04,CIPLA.NS
2026-02-23,1335.0,1308.31,1364.03,CIPLA.NS
2026-02-24,1329.63,1301.92,1355.39,CIPLA.NS
2026-02-25,1329.24,1300.99,1355.73,CIPLA.NS
2026-02-26,1333.96,1305.22,1359.29,CIPLA.NS
2026-02-27,1330.56,1303.38,1358.92,CIPLA.NS
2026-03-02,1328.12,1301.72,1354.52,CIPLA.NS
2026-03-04,1319.58,1294.54,1345.71,CIPLA.NS
2026-03-05,1322.85,1296.5,1349.9,CIPLA.NS
2026-03-06,1317.9,1291.17,1343.95,CIPLA.NS
2026-03-09,1310.3,1284.93,1340.76,CIPLA.NS
2026-03-10,1301.65,1274.4,1328.77,CIPLA.NS
2026-03-11,1297.85,1271.65,1325.11,CIPLA.NS
2026-03-12,1299.04,1269.99,1327.09,CIPLA.NS
2026-03-13,1291.96,1264.41,1319.53,CIPLA.NS
2026-03-16,1277.92,1252.34,1302.34,CIPLA.NS
2026-03-17,1267.23,1239.12,1295.19,CIPLA.NS
2026-03-18,1261.51,1235.43,1288.88,CIPLA.NS
2026-03-19,1260.95,1232.85,1287.0,CIPLA.NS
2026-03-20,1252.35,1224.67,1278.56,CIPLA.NS
2026-03-23,1235.47,1207.76,1262.77,CIPLA.NS
2026-03-24,1224.55,1195.5,1251.25,CIPLA.NS
2026-03-25,1219.01,1192.19,1245.53,CIPLA.NS
2026-03-27,1211.53,1185.81,1238.08,CIPLA.NS
2026-03-30,1200.53,1174.91,1228.79,CIPLA.NS
2026-04-01,1190.09,1165.98,1216.62,CIPLA.NS
2026-04-02,1193.69,1166.69,1222.15,CIPLA.NS
2026-04-06,1191.77,1164.58,1217.84,CIPLA.NS
2026-04-07,1188.13,1159.79,1215.06,CIPLA.NS
2026-04-08,1190.27,1164.44,1215.48,CIPLA.NS
2026-04-09,1198.27,1168.67,1227.11,CIPLA.NS
2026-04-10,1198.85,1171.58,1224.81,CIPLA.NS
2026-04-13,1212.16,1185.9,1239.92,CIPLA.NS
2026-04-15,1216.85,1192.04,1245.18,CIPLA.NS
2026-04-16,1227.42,1201.27,1254.95,CIPLA.NS
2026-04-17,1230.19,1204.15,1256.4,CIPLA.NS
2026-04-20,1247.87,1220.85,1274.94,CIPLA.NS
2026-04-21,1248.27,1221.99,1275.98,CIPLA.NS
2026-04-22,1253.82,1227.23,1281.72,CIPLA.NS
2026-04-23,1264.61,1236.89,1291.04,CIPLA.NS
2026-04-24,1267.4,1240.8,1295.45,CIPLA.NS
2026-04-27,1284.27,1258.7,1308.18,CIPLA.NS
2026-04-28,1284.26,1258.27,1311.41,CIPLA.NS
2026-04-29,1289.4,1262.35,1315.12,CIPLA.NS
2026-04-30,1299.81,1274.39,1328.04,CIPLA.NS
2026-05-01,1302.27,1274.9,1329.87,CIPLA.NS
2026-05-04,1318.7,1289.08,1345.39,CIPLA.NS
2026-05-05,1318.74,1290.47,1344.7,CIPLA.NS
2026-05-06,1324.0,1296.32,1351.61,CIPLA.NS
2026-05-07,1334.61,1306.17,1361.19,CIPLA.NS
2026-05-08,1337.31,1309.62,1363.27,CIPLA.NS
2026-05-11,1354.36,1326.49,1380.62,CIPLA.NS
2026-05-12,1354.45,1326.97,1381.81,CIPLA.NS
2026-05-13,1359.62,1332.13,1386.82,CIPLA.NS
2026-05-14,1369.94,1341.93,1397.98,CIPLA.NS
2026-05-15,1372.13,1344.9,1398.1,CIPLA.NS
2026-05-18,1386.01,1360.87,1414.57,CIPLA.NS
2026-05-19,1384.43,1357.97,1413.28,CIPLA.NS
2026-05-20,1387.6,1361.14,1416.97,CIPLA.NS
2026-05-21,1395.63,1368.87,1423.4,CIPLA.NS
2026-05-22,1395.22,1368.26,1422.03,CIPLA.NS
2026-05-25,1399.88,1373.32,1427.83,CIPLA.NS
2026-05-26,1394.91,1368.47,1422.29,CIPLA.NS
2026-05-27,1394.63,1366.85,1420.42,CIPLA.NS
2026-05-28,1399.2,1373.37,1424.55,CIPLA.NS
2026-05-29,1395.42,1366.45,1422.14,CIPLA.NS
2026-06-01,1391.14,1365.82,1418.99,CIPLA.NS
2026-06-02,1383.81,1357.43,1409.65,CIPLA.NS
2026-06-03,1381.59,1353.33,1406.65,CIPLA.NS
2026-06-04,1384.7,1358.74,1410.9,CIPLA.NS
2026-06-05,1379.96,1350.99,1408.85,CIPLA.NS
2026-06-08,1376.17,1348.79,1403.03,CIPLA.NS
2026-06-09,1370.14,1342.14,1398.16,CIPLA.NS
2026-06-10,1369.77,1343.95,1399.04,CIPLA.NS
2026-06-11,1375.23,1349.08,1404.37,CIPLA.NS
2026-06-12,1373.31,1346.75,1400.14,CIPLA.NS
2026-06-15,1380.09,1354.94,1408.06,CIPLA.NS
2026-06-16,1378.03,1349.74,1406.21,CIPLA.NS
2026-06-17,1381.71,1354.54,1407.44,CIPLA.NS
2026-06-18,1391.19,1364.6,1420.02,CIPLA.NS
2026-06-19,1393.19,1367.03,1421.78,CIPLA.NS
2026-06-22,1410.09,1381.6,1437.47,CIPLA.NS
2026-06-23,1410.59,1384.21,1437.52,CIPLA.NS
2026-06-24,1416.3,1389.39,1442.34,CIPLA.NS
2026-06-25,1427.26,1399.52,1455.39,CIPLA.NS
2026-06-26,1430.11,1404.0,1457.82,CIPLA.NS
2026-06-29,1445.75,1419.25,1473.31,CIPLA.NS
2026-06-30,1444.57,1417.19,1471.79,CIPLA.NS
2026-07-01,1448.03,1422.15,1476.62,CIPLA.NS
2026-07-02,1456.2,1428.34,1483.08,CIPLA.NS
2026-07-03,1455.79,1428.39,1479.9,CIPLA.NS
2026-07-06,1459.63,1432.32,1486.51,CIPLA.NS
2026-07-07,1454.14,1426.33,1479.07,CIPLA.NS
2026-07-08,1453.25,1426.0,1479.36,CIPLA.NS
2026-07-09,1457.13,1432.01,1486.51,CIPLA.NS
2026-07-10,1452.58,1426.58,1481.42,CIPLA.NS
2026-07-13,1445.77,1420.24,1470.93,CIPLA.NS
2026-07-14,1437.55,1410.61,1464.31,CIPLA.NS
2026-07-15,1434.42,1409.57,1462.77,CIPLA.NS
2026-07-16,1436.6,1410.31,1462.95,CIPLA.NS
2026-07-17,1430.93,1404.75,1459.45,CIPLA.NS
2026-07-20,1424.06,1396.67,1449.89,CIPLA.NS
2026-07-21,1416.88,1391.49,1442.25,CIPLA.NS
2026-07-22,1415.26,1387.75,1441.92,CIPLA.NS
2026-07-23,1419.36,1391.93,1447.27,CIPLA.NS
2026-07-24,1415.95,1388.36,1440.94,CIPLA.NS
2026-07-27,1417.29,1390.34,1445.5,CIPLA.NS
2026-07-28,1413.07,1385.21,1440.34,CIPLA.NS
2026-07-29,1414.4,1386.86,1441.22,CIPLA.NS
2026-07-30,1421.38,1393.94,1449.22,CIPLA.NS
2026-07-31,1420.7,1395.43,1448.52,CIPLA.NS
2026-08-03,1428.92,1403.52,1457.72,CIPLA.NS
2026-08-04,1426.43,1399.03,1454.07,CIPLA.NS
2026-08-05,1429.17,1406.02,1458.09,CIPLA.NS
2026-08-06,1437.24,1409.39,1464.73,CIPLA.NS
2026-08-07,1437.34,1410.37,1465.62,CIPLA.NS
2026-08-10,1446.21,1420.83,1473.6,CIPLA.NS
2026-08-11,1443.47,1418.22,1470.47,CIPLA.NS
2026-08-12,1445.81,1418.1,1472.15,CIPLA.NS
2026-08-13,1453.34,1427.19,1479.62,CIPLA.NS
2026-08-14,1452.85,1426.36,1480.35,CIPLA.NS
2026-08-17,1459.89,1433.55,1487.08,CIPLA.NS
2026-08-18,1456.67,1430.63,1483.16,CIPLA.NS
2026-08-19,1458.62,1432.11,1484.32,CIPLA.NS
2026-08-20,1465.89,1440.84,1492.7,CIPLA.NS
2026-08-21,1465.26,1440.74,1491.3,CIPLA.NS
2026-08-24,1472.62,1446.36,1499.2,CIPLA.NS
2026-08-25,1469.68,1441.56,1495.01,CIPLA.NS
2026-08-26,1471.95,1445.43,1500.33,CIPLA.NS
2026-08-27,1479.54,1452.35,1506.54,CIPLA.NS
2026-08-28,1479.18,1453.85,1505.55,CIPLA.NS
2026-08-31,1486.59,1461.07,1514.18,CIPLA.NS
2026-09-01,1483.25,1455.84,1508.75,CIPLA.NS
2026-09-02,1484.86,1459.22,1512.9,CIPLA.NS
2025-07-22,358.14,349.03,366.81,COALINDIA.NS
2025-07-23,358.27,349.39,366.7,COALINDIA.NS
2025-07-24,358.45,349.5,366.42,COALINDIA.NS
2025-07-25,356.8,348.82,365.43,COALINDIA.NS
2025-07-28,356.61,348.37,365.12,COALINDIA.NS
2025-07-29,356.5,348.18,365.04,COALINDIA.NS
2025-07-30,356.94,348.45,365.6,COALINDIA.NS
2025-07-31,357.46,349.11,365.9,COALINDIA.NS
2025-08-01,356.17,348.19,364.76,COALINDIA.NS
2025-08-04,357.08,348.65,365.43,COALINDIA.NS
2025-08-05,357.33,349.09,365.65,COALINDIA.NS
2025-08-06,358.1,350.25,366.29,COALINDIA.NS
2025-08-07,358.93,350.47,367.77,COALINDIA.NS
2025-08-08,357.91,349.64,365.98,COALINDIA.NS
2025-08-11,359.43,350.79,367.56,COALINDIA.NS
2025-08-12,359.8,351.51,368.01,COALINDIA.NS
2025-08-13,360.66,351.54,368.87,COALINDIA.NS
2025-08-14,361.54,353.05,369.56,COALINDIA.NS
2025-08-18,361.98,354.18,370.86,COALINDIA.NS
2025-08-19,362.3,353.45,370.06,COALINDIA.NS
2025-08-20,363.11,355.05,371.27,COALINDIA.NS
2025-08-21,363.95,355.55,372.38,COALINDIA.NS
2025-08-22,362.93,354.26,371.09,COALINDIA.NS
2025-08-25,364.44,355.83,372.7,COALINDIA.NS
2025-08-26,364.86,356.7,373.43,COALINDIA.NS
2025-08-28,366.8,358.38,374.8,COALINDIA.NS
2025-08-29,365.97,356.98,374.85,COALINDIA.NS
2025-09-01,368.23,359.56,376.62,COALINDIA.NS
2025-09-02,368.93,360.45,377.28,COALINDIA.NS
2025-09-03,370.15,361.66,378.52,COALINDIA.NS
2025-09-04,371.43,363.31,379.86,COALINDIA.NS
2025-09-05,370.86,362.28,378.86,COALINDIA.NS
2025-09-08,373.71,364.36,381.66,COALINDIA.NS
2025-09-09,374.5,366.49,382.83,COALINDIA.NS
2025-09-10,375.75,367.58,385.16,COALINDIA.NS
2025-09-11,376.98,367.7,385.36,COALINDIA.NS
2025-09-12,376.3,367.15,384.72,COALINDIA.NS
2025-09-15,378.31,370.59,386.69,COALINDIA.NS
2025-09-16,378.66,370.37,387.28,COALINDIA.NS
2025-09-17,379.4,371.32,387.68,COALINDIA.NS
2025-09-18,380.07,370.87,388.67,COALINDIA.NS
2025-09-19,378.75,369.8,387.91,COALINDIA.NS
2025-09-22,378.64,369.95,386.88,COALINDIA.NS
2025-09-23,378.26,369.12,386.77,COALINDIA.NS
2025-09-24,378.27,369.79,387.31,COALINDIA.NS
2025-09-25,378.22,369.89,386.86,COALINDIA.NS
2025-09-26,376.24,367.71,384.63,COALINDIA.NS
2025-09-29,374.47,366.31,383.23,COALINDIA.NS
2025-09-30,373.68,365.09,381.83,COALINDIA.NS
2025-10-01,373.39,365.0,382.14,COALINDIA.NS
2025-10-03,371.07,362.27,379.58,COALINDIA.NS
2025-10-06,369.64,361.19,378.29,COALINDIA.NS
2025-10-07,369.17,360.84,377.07,COALINDIA.NS
2025-10-08,369.28,360.52,378.14,COALINDIA.NS
2025-10-09,369.51,360.83,377.76,COALINDIA.NS
2025-10-10,367.98,359.21,376.47,COALINDIA.NS
2025-10-13,368.46,359.86,376.87,COALINDIA.NS
2025-10-14,368.66,359.94,377.15,COALINDIA.NS
2025-10-15,369.44,360.4,377.74,COALINDIA.NS
2025-10-16,370.33,361.69,379.32,COALINDIA.NS
2025-10-17,369.41,361.36,377.79,COALINDIA.NS
2025-10-20,371.42,363.38,380.09,COALINDIA.NS
2025-10-21,372.0,364.09,381.01,COALINDIA.NS
2025-10-23,374.16,365.61,382.52,COALINDIA.NS
2025-10-24,373.36,364.49,381.97,COALINDIA.NS
2025-10-27,375.22,367.0,384.32,COALINDIA.NS
2025-10-28,375.6,367.21,384.03,COALINDIA.NS
2025-10-29,376.41,367.98,384.9,COALINDIA.NS
2025-10-30,377.18,368.55,385.44,COALINDIA.NS
2025-10-31,376.02,367.48,384.36,COALINDIA.NS
2025-11-03,376.64,368.45,385.37,COALINDIA.NS
2025-11-04,376.6,367.52,384.85,COALINDIA.NS
2025-11-06,377.37,369.4,386.66,COALINDIA.NS
2025-11-07,375.84,367.27,384.38,COALINDIA.NS
2025-11-10,375.61,367.35,384.37,COALINDIA.NS
2025-11-11,375.37,366.79,383.71,COALINDIA.NS
2025-11-12,375.61,367.3,383.26,COALINDIA.NS
2025-11-13,375.89,367.6,384.94,COALINDIA.NS
2025-11-14,374.31,365.81,382.45,COALINDIA.NS
2025-11-17,374.15,365.84,382.58,COALINDIA.NS
2025-11-18,373.99,365.33,382.23,COALINDIA.NS
2025-11-19,374.34,366.1,382.73,COALINDIA.NS
2025-11-20,374.73,365.94,382.82,COALINDIA.NS
2025-11-21,373.27,364.34,381.52,COALINDIA.NS
2025-11-24,373.46,364.59,382.5,COALINDIA.NS
2025-11-25,373.4,364.73,382.77,COALINDIA.NS
2025-11-26,373.84,365.05,382.03,COALINDIA.NS
2025-11-27,374.31,365.27,382.89,COALINDIA.NS
2025-11-28,372.91,365.01,381.73,COALINDIA.NS
2025-12-01,373.25,365.07,381.73,COALINDIA.NS
2025-12-02,373.24,364.44,381.6,COALINDIA.NS
2025-12-03,373.74,365.26,383.21,COALINDIA.NS
2025-12-04,374.29,366.03,382.95,COALINDIA.NS
2025-12-05,373.0,364.44,381.89,COALINDIA.NS
2025-12-08,373.88,366.07,382.23,COALINDIA.NS
2025-12-09,374.15,365.64,383.05,COALINDIA.NS
2025-12-10,374.98,366.91,383.53,COALINDIA.NS
2025-12-11,375.93,367.43,384.18,COALINDIA.NS
2025-12-12,375.09,366.58,383.4,COALINDIA.NS
2025-12-15,377.71,369.05,386.38,COALINDIA.NS
2025-12-16,378.67,370.29,386.79,COALINDIA.NS
2025-12-17,380.24,371.96,388.65,COALINDIA.NS
2025-12-18,381.96,373.05,389.6,COALINDIA.NS
2025-12-19,381.92,373.76,390.11,COALINDIA.NS
2025-12-22,386.97,378.43,395.62,COALINDIA.NS
2025-12-23,388.71,380.05,396.79,COALINDIA.NS
2025-12-24,391.02,382.71,399.66,COALINDIA.NS
2025-12-26,394.02,385.61,402.09,COALINDIA.NS
2025-12-29,400.45,391.67,408.27,COALINDIA.NS
2025-12-30,402.45,394.19,410.64,COALINDIA.NS
2025-12-31,404.91,396.4,413.2,COALINDIA.NS
2026-01-01,407.36,398.31,415.3,COALINDIA.NS
2026-01-02,407.88,399.29,416.37,COALINDIA.NS
2026-01-05,413.45,404.82,421.52,COALINDIA.NS
2026-01-06,414.96,406.74,423.26,COALINDIA.NS
2026-01-07,416.85,408.56,425.6,COALINDIA.NS
2026-01-08,418.65,409.86,426.84,COALINDIA.NS
2026-01-09,418.46,409.88,427.41,COALINDIA.NS
2026-01-12,421.65,413.48,431.07,COALINDIA.NS
2026-01-13,422.33,414.31,431.21,COALINDIA.NS
2026-01-14,423.39,414.43,431.29,COALINDIA.NS
2026-01-15,424.38,416.07,433.07,COALINDIA.NS
2026-01-16,423.41,414.16,432.53,COALINDIA.NS
2026-01-19,424.5,415.71,433.23,COALINDIA.NS
2026-01-20,424.59,415.7,433.4,COALINDIA.NS
2026-01-21,425.12,416.23,433.66,COALINDIA.NS
2026-01-22,425.64,417.44,434.77,COALINDIA.NS
2026-01-23,424.25,415.59,432.78,COALINDIA.NS
2026-01-27,424.32,415.57,432.61,COALINDIA.NS
2026-01-28,424.69,416.28,433.87,COALINDIA.NS
2026-01-29,425.07,416.71,433.02,COALINDIA.NS
2026-01-30,423.57,414.58,431.69,COALINDIA.NS
2026-02-02,423.49,415.27,432.31,COALINDIA.NS
2026-02-03,423.3,415.33,431.81,COALINDIA.NS
2026-02-04,423.58,414.96,432.05,COALINDIA.NS
2026-02-05,423.89,415.25,431.87,COALINDIA.NS
2026-02-06,422.31,413.54,430.67,COALINDIA.NS
2026-02-09,422.02,413.63,430.89,COALINDIA.NS
2026-02-10,421.78,413.03,430.49,COALINDIA.NS
2026-02-11,422.04,413.4,430.92,COALINDIA.NS
2026-02-12,422.35,414.1,429.85,COALINDIA.NS
2026-02-13,420.81,412.44,429.12,COALINDIA.NS
2026-02-16,421.0,413.04,429.43,COALINDIA.NS
2026-02-17,421.05,412.48,429.49,COALINDIA.NS
2026-02-18,421.69,413.48,430.39,COALINDIA.NS
2026-02-19,422.46,413.9,430.75,COALINDIA.NS
2026-02-20,421.48,412.71,429.89,COALINDIA.NS
2026-02-23,423.81,416.06,432.44,COALINDIA.NS
2026-02-24,424.74,416.42,432.9,COALINDIA.NS
2026-02-25,426.31,418.05,434.54,COALINDIA.NS
2026-02-26,428.06,419.65,437.39,COALINDIA.NS
2026-02-27,428.08,419.88,436.93,COALINDIA.NS
2026-03-02,433.47,425.2,442.5,COALINDIA.NS
2026-03-04,437.82,429.29,446.76,COALINDIA.NS
2026-03-05,440.37,432.26,449.47,COALINDIA.NS
2026-03-06,441.09,432.84,448.98,COALINDIA.NS
2026-03-09,447.72,439.13,456.03,COALINDIA.NS
2026-03-10,449.68,440.84,457.98,COALINDIA.NS
2026-03-11,452.03,442.91,460.17,COALINDIA.NS
2026-03-12,454.29,444.9,462.84,COALINDIA.NS
2026-03-13,454.52,445.55,463.42,COALINDIA.NS
2026-03-16,458.54,450.25,467.13,COALINDIA.NS
2026-03-17,459.29,451.11,468.19,COALINDIA.NS
2026-03-18,460.29,451.68,468.86,COALINDIA.NS
2026-03-19,461.08,452.68,470.2,COALINDIA.NS
2026-03-20,459.74,450.94,468.8,COALINDIA.NS
2026-03-23,458.77,450.89,467.1,COALINDIA.NS
2026-03-24,457.87,449.39,466.23,COALINDIA.NS
2026-03-25,457.27,449.1,466.0,COALINDIA.NS
2026-03-27,453.81,445.2,462.07,COALINDIA.NS
2026-03-30,449.65,440.88,458.15,COALINDIA.NS
2026-04-01,447.05,438.08,455.07,COALINDIA.NS
2026-04-02,446.11,437.83,454.42,COALINDIA.NS
2026-04-06,440.74,432.15,448.87,COALINDIA.NS
2026-04-07,440.1,431.32,448.7,COALINDIA.NS
2026-04-08,440.16,431.94,447.95,COALINDIA.NS
2026-04-09,440.5,432.15,449.18,COALINDIA.NS
2026-04-10,439.19,430.85,447.95,COALINDIA.NS
2026-04-13,441.19,432.69,449.97,COALINDIA.NS
2026-04-15,443.8,435.34,453.04,COALINDIA.NS
2026-04-16,445.64,436.98,453.88,COALINDIA.NS
2026-04-17,445.76,436.6,454.41,COALINDIA.NS
2026-04-20,451.17,442.81,460.18,COALINDIA.NS
2026-04-21,452.93,444.5,461.41,COALINDIA.NS
2026-04-22,455.16,446.36,463.49,COALINDIA.NS
2026-04-23,457.39,449.2,466.12,COALINDIA.NS
2026-04-24,457.68,449.12,466.63,COALINDIA.NS
2026-04-27,462.39,453.69,471.39,COALINDIA.NS
2026-04-28,463.54,454.63,471.85,COALINDIA.NS
2026-04-29,465.02,456.0,473.69,COALINDIA.NS
2026-04-30,466.35,457.61,475.26,COALINDIA.NS
2026-05-01,465.63,457.15,473.91,COALINDIA.NS
2026-05-04,466.94,458.34,475.39,COALINDIA.NS
2026-05-05,466.91,457.84,474.87,COALINDIA.NS
2026-05-06,467.24,458.87,476.01,COALINDIA.NS
2026-05-07,467.48,459.04,476.04,COALINDIA.NS
2026-05-08,465.75,457.69,474.08,COALINDIA.NS
2026-05-11,464.67,456.15,473.25,COALINDIA.NS
2026-05-12,464.11,455.18,472.73,COALINDIA.NS
2026-05-13,464.05,456.29,472.77,COALINDIA.NS
2026-05-14,464.04,455.62,472.01,COALINDIA.NS
2026-05-15,462.21,453.99,470.48,COALINDIA.NS
2026-05-18,461.6,453.08,469.69,COALINDIA.NS
2026-05-19,461.42,452.17,470.02,COALINDIA.NS
2026-05-20,461.81,453.34,470.82,COALINDIA.NS
2026-05-21,462.32,453.87,470.94,COALINDIA.NS
2026-05-22,461.03,452.27,469.49,COALINDIA.NS
2026-05-25,462.06,453.91,469.93,COALINDIA.NS
2026-05-26,462.35,453.37,470.77,COALINDIA.NS
2026-05-27,463.15,454.43,471.19,COALINDIA.NS
2026-05-28,463.97,455.44,472.27,COALINDIA.NS
2026-05-29,462.91,454.66,471.4,COALINDIA.NS
2026-06-01,463.93,455.55,472.58,COALINDIA.NS
2026-06-02,463.98,454.94,472.58,COALINDIA.NS
2026-06-03,464.41,455.75,472.77,COALINDIA.NS
2026-06-04,464.77,456.0,473.06,COALINDIA.NS
2026-06-05,463.13,454.52,472.08,COALINDIA.NS
2026-06-08,461.94,452.8,470.79,COALINDIA.NS
2026-06-09,461.14,453.12,470.14,COALINDIA.NS
2026-06-10,460.71,452.13,469.53,COALINDIA.NS
2026-06-11,460.19,452.09,469.16,COALINDIA.NS
2026-06-12,457.69,449.18,466.17,COALINDIA.NS
2026-06-15,454.19,445.53,462.71,COALINDIA.NS
2026-06-16,452.75,444.4,461.25,COALINDIA.NS
2026-06-17,451.78,443.43,460.74,COALINDIA.NS
2026-06-18,450.82,442.84,459.14,COALINDIA.NS
2026-06-19,448.0,439.36,456.46,COALINDIA.NS
2026-06-22,444.17,435.39,452.53,COALINDIA.NS
2026-06-23,442.84,434.73,451.07,COALINDIA.NS
2026-06-24,442.08,433.16,450.26,COALINDIA.NS
2026-06-25,441.42,432.26,449.57,COALINDIA.NS
2026-06-26,438.97,430.52,447.6,COALINDIA.NS
2026-06-29,436.61,428.15,444.79,COALINDIA.NS
2026-06-30,435.85,426.73,444.4,COALINDIA.NS
2026-07-01,435.66,427.3,444.05,COALINDIA.NS
2026-07-02,435.56,426.96,444.03,COALINDIA.NS
2026-07-03,433.66,424.79,441.96,COALINDIA.NS
2026-07-06,432.74,424.43,441.06,COALINDIA.NS
2026-07-07,432.35,423.92,440.3,COALINDIA.NS
2026-07-08,432.48,423.66,440.94,COALINDIA.NS
2026-07-09,432.65,423.96,441.09,COALINDIA.NS
2026-07-10,430.96,422.55,439.75,COALINDIA.NS
2026-07-13,430.32,421.23,439.21,COALINDIA.NS
2026-07-14,429.95,422.24,438.67,COALINDIA.NS
2026-07-15,430.05,422.4,438.8,COALINDIA.NS
2026-07-16,430.16,422.2,439.0,COALINDIA.NS
2026-07-17,428.4,419.87,436.48,COALINDIA.NS
2026-07-20,427.57,418.66,435.87,COALINDIA.NS
2026-07-21,427.17,418.8,435.65,COALINDIA.NS
2026-07-22,427.26,418.25,435.68,COALINDIA.NS
2026-07-23,427.41,418.91,435.86,COALINDIA.NS
2026-07-24,425.71,416.98,433.84,COALINDIA.NS
2026-07-27,425.35,416.48,433.73,COALINDIA.NS
2026-07-28,425.17,417.04,433.85,COALINDIA.NS
2026-07-29,425.55,416.5,434.49,COALINDIA.NS
2026-07-30,426.0,417.64,434.29,COALINDIA.NS
2026-07-31,424.64,415.8,432.93,COALINDIA.NS
2026-08-03,425.36,416.42,434.33,COALINDIA.NS
2026-08-04,425.55,417.16,434.14,COALINDIA.NS
2026-08-05,426.28,417.59,434.77,COALINDIA.NS
2026-08-06,427.08,419.07,435.72,COALINDIA.NS
2026-08-07,426.03,417.36,434.73,COALINDIA.NS
2026-08-10,427.5,418.99,435.8,COALINDIA.NS
2026-08-11,427.87,419.42,436.05,COALINDIA.NS
2026-08-12,428.73,420.17,437.27,COALINDIA.NS
2026-08-13,429.62,421.39,438.33,COALINDIA.NS
2026-08-14,428.63,420.09,436.86,COALINDIA.NS
2026-08-17,430.1,421.65,439.05,COALINDIA.NS
2026-08-18,430.43,421.73,439.08,COALINDIA.NS
2026-08-19,431.24,422.55,439.88,COALINDIA.NS
2026-08-20,432.08,423.72,440.68,COALINDIA.NS
2026-08-21,431.05,422.51,439.53,COALINDIA.NS
2026-08-24,432.5,424.3,441.16,COALINDIA.NS
2026-08-25,432.88,423.98,441.8,COALINDIA.NS
2026-08-26,433.77,424.08,441.79,COALINDIA.NS
2026-08-27,434.73,426.25,443.45,COALINDIA.NS
2026-08-28,433.85,425.61,442.72,COALINDIA.NS
2026-08-31,435.95,427.42,445.18,COALINDIA.NS
2026-09-01,436.6,428.44,444.98,COALINDIA.NS
2026-09-02,437.77,428.49,446.15,COALINDIA.NS
2025-07-22,6565.16,6438.33,6694.65,DIVISLAB.NS
2025-07-23,6585.65,6463.77,6713.32,DIVISLAB.NS
2025-07-24,6610.99,6485.95,6738.84,DIVISLAB.NS
2025-07-25,6592.78,6480.71,6718.11,DIVISLAB.NS
2025-07-28,6559.32,6430.17,6685.76,DIVISLAB.NS
2025-07-29,6555.45,6422.83,6682.73,DIVISLAB.NS
2025-07-30,6542.14,6411.15,6682.54,DIVISLAB.NS
2025-07-31,6534.37,6401.17,6655.77,DIVISLAB.NS
2025-08-01,6484.35,6360.43,6610.24,DIVISLAB.NS
2025-08-04,6368.65,6238.91,6491.82,DIVISLAB.NS
2025-08-05,6343.4,6211.66,6477.24,DIVISLAB.NS
2025-08-06,6312.39,6179.11,6434.97,DIVISLAB.NS
2025-08-07,6290.92,6159.07,6423.86,DIVISLAB.NS
2025-08-08,6231.41,6101.74,6357.95,DIVISLAB.NS
2025-08-11,6113.43,5988.84,6237.25,DIVISLAB.NS
2025-08-12,6096.0,5967.56,6216.92,DIVISLAB.NS
2025-08-13,6076.82,5948.33,6203.08,DIVISLAB.NS
2025-08-14,6070.87,5942.0,6201.11,DIVISLAB.NS
2025-08-18,5983.83,5850.11,6127.73,DIVISLAB.NS
2025-08-19,5993.49,5863.48,6119.64,DIVISLAB.NS
2025-08-20,6002.01,5871.19,6131.2,DIVISLAB.NS
2025-08-21,6023.74,5888.18,6139.21,DIVISLAB.NS
2025-08-22,6010.13,5886.01,6144.57,DIVISLAB.NS
2025-08-25,6035.5,5914.15,6163.2,DIVISLAB.NS
2025-08-26,6064.21,5941.74,6201.13,DIVISLAB.NS
2025-08-28,6122.84,5994.29,6249.44,DIVISLAB.NS
2025-08-29,6118.01,5986.94,6253.61,DIVISLAB.NS
2025-09-01,6146.63,6013.84,6271.95,DIVISLAB.NS
2025-09-02,6168.85,6046.15,6292.56,DIVISLAB.NS
2025-09-03,6183.26,6054.65,6309.88,DIVISLAB.NS
2025-09-04,6204.24,6077.87,6337.56,DIVISLAB.NS
2025-09-05,6183.33,6059.11,6308.72,DIVISLAB.NS
2025-09-08,6151.23,6025.93,6278.73,DIVISLAB.NS
2025-09-09,6150.79,6019.81,6279.37,DIVISLAB.NS
2025-09-10,6142.32,6012.52,6271.6,DIVISLAB.NS
2025-09-11,6140.73,6021.35,6262.02,DIVISLAB.NS
2025-09-12,6098.18,5977.32,6223.67,DIVISLAB.NS
2025-09-15,6012.03,5880.69,6138.77,DIVISLAB.NS
2025-09-16,5998.79,5875.18,6133.45,DIVISLAB.NS
2025-09-17,5980.76,5850.28,6111.04,DIVISLAB.NS
2025-09-18,5973.16,5844.05,6095.99,DIVISLAB.NS
2025-09-19,5928.34,5793.59,6047.77,DIVISLAB.NS
2025-09-22,5858.68,5729.29,5983.85,DIVISLAB.NS
2025-09-23,5858.55,5734.48,5982.04,DIVISLAB.NS
2025-09-24,5857.16,5737.86,5985.36,DIVISLAB.NS
2025-09-25,5869.45,5741.91,5993.28,DIVISLAB.NS
2025-09-26,5847.42,5717.03,5974.03,DIVISLAB.NS
2025-09-29,5859.25,5728.27,5984.45,DIVISLAB.NS
2025-09-30,5889.03,5757.35,6026.28,DIVISLAB.NS
2025-10-01,5918.04,5784.36,6043.03,DIVISLAB.NS
2025-10-03,5968.43,5842.88,6091.72,DIVISLAB.NS
2025-10-06,6061.11,5925.05,6190.8,DIVISLAB.NS
2025-10-07,6113.54,5980.04,6229.96,DIVISLAB.NS
2025-10-08,6162.42,6038.32,6290.84,DIVISLAB.NS
2025-10-09,6221.88,6099.23,6350.35,DIVISLAB.NS
2025-10-10,6243.17,6118.97,6368.85,DIVISLAB.NS
2025-10-13,6355.63,6231.34,6480.21,DIVISLAB.NS
2025-10-14,6407.65,6278.5,6527.09,DIVISLAB.NS
2025-10-15,6452.77,6326.2,6581.27,DIVISLAB.NS
2025-10-16,6505.29,6381.46,6631.4,DIVISLAB.NS
2025-10-17,6516.66,6383.15,6647.57,DIVISLAB.NS
2025-10-20,6584.58,6454.91,6708.63,DIVISLAB.NS
2025-10-21,6617.94,6490.36,6742.36,DIVISLAB.NS
2025-10-23,6674.77,6548.02,6798.68,DIVISLAB.NS
2025-10-24,6664.76,6531.95,6789.55,DIVISLAB.NS
2025-10-27,6668.91,6544.2,6799.85,DIVISLAB.NS
2025-10-28,6682.2,6553.69,6808.19,DIVISLAB.NS
2025-10-29,6688.36,6565.87,6814.88,DIVISLAB.NS
2025-10-30,6702.25,6578.8,6841.1,DIVISLAB.NS
2025-10-31,6675.91,6548.85,6813.99,DIVISLAB.NS
2025-11-03,6640.68,6517.99,6766.51,DIVISLAB.NS
2025-11-04,6644.19,6515.7,6777.65,DIVISLAB.NS
2025-11-06,6649.52,6514.43,6775.61,DIVISLAB.NS
2025-11-07,6618.07,6496.93,6744.26,DIVISLAB.NS
2025-11-10,6574.92,6449.85,6707.53,DIVISLAB.NS
2025-11-11,6577.74,6450.3,6704.26,DIVISLAB.NS
2025-11-12,6575.75,6437.51,6717.37,DIVISLAB.NS
2025-11-13,6583.58,6457.56,6720.93,DIVISLAB.NS
2025-11-14,6553.01,6430.12,6692.66,DIVISLAB.NS
2025-11-17,6513.23,6382.06,6638.68,DIVISLAB.NS
2025-11-18,6517.04,6378.58,6652.54,DIVISLAB.NS
2025-11-19,6515.83,6376.09,6638.27,DIVISLAB.NS
2025-11-20,6524.21,6402.97,6660.79,DIVISLAB.NS
2025-11-21,6493.9,6355.68,6618.94,DIVISLAB.NS
2025-11-24,6453.42,6323.96,6585.1,DIVISLAB.NS
2025-11-25,6456.64,6331.18,6588.56,DIVISLAB.NS
2025-11-26,6454.78,6323.85,6582.57,DIVISLAB.NS
2025-11-27,6462.53,6338.15,6591.75,DIVISLAB.NS
2025-11-28,6431.71,6297.38,6555.06,DIVISLAB.NS
2025-12-01,6391.43,6261.05,6516.84,DIVISLAB.NS
2025-12-02,6395.6,6258.04,6506.09,DIVISLAB.NS
2025-12-03,6395.28,6278.0,6528.51,DIVISLAB.NS
2025-12-04,6405.2,6272.04,6532.21,DIVISLAB.NS
2025-12-05,6377.26,6251.44,6510.52,DIVISLAB.NS
2025-12-08,6349.93,6223.79,6476.73,DIVISLAB.NS
2025-12-09,6359.82,6228.51,6484.7,DIVISLAB.NS
2025-12-10,6365.86,6247.16,6492.54,DIVISLAB.NS
2025-12-11,6382.7,6251.95,6516.12,DIVISLAB.NS
2025-12-12,6362.14,6225.43,6491.95,DIVISLAB.NS
2025-12-15,6358.62,6230.87,6483.35,DIVISLAB.NS
2025-12-16,6376.55,6246.78,6506.1,DIVISLAB.NS
2025-12-17,6390.42,6263.34,6521.01,DIVISLAB.NS
2025-12-18,6414.75,6295.14,6541.9,DIVISLAB.NS
2025-12-19,6401.16,6275.69,6525.31,DIVISLAB.NS
2025-12-22,6414.08,6291.89,6538.45,DIVISLAB.NS
2025-12-23,6435.55,6307.96,6564.95,DIVISLAB.NS
2025-12-24,6451.82,6324.83,6581.77,DIVISLAB.NS
2025-12-26,6463.57,6333.82,6598.4,DIVISLAB.NS
2025-12-29,6467.9,6338.73,6604.42,DIVISLAB.NS
2025-12-30,6483.8,6360.11,6616.5,DIVISLAB.NS
2025-12-31,6493.19,6359.51,6615.53,DIVISLAB.NS
2026-01-01,6510.57,6374.93,6631.75,DIVISLAB.NS
2026-01-02,6487.61,6358.01,6617.55,DIVISLAB.NS
2026-01-05,6458.61,6329.38,6588.06,DIVISLAB.NS
2026-01-06,6462.01,6329.73,6588.89,DIVISLAB.NS
2026-01-07,6458.48,6330.02,6584.74,DIVISLAB.NS
2026-01-08,6462.7,6347.14,6591.77,DIVISLAB.NS
2026-01-09,6426.52,6304.84,6554.32,DIVISLAB.NS
2026-01-12,6359.42,6228.01,6487.67,DIVISLAB.NS
2026-01-13,6351.27,6217.38,6473.75,DIVISLAB.NS
2026-01-14,6337.06,6211.07,6463.78,DIVISLAB.NS
2026-01-15,6331.64,6197.37,6460.81,DIVISLAB.NS
2026-01-16,6287.0,6151.6,6421.71,DIVISLAB.NS
2026-01-19,6203.02,6066.43,6334.62,DIVISLAB.NS
2026-01-20,6192.4,6070.37,6324.23,DIVISLAB.NS
2026-01-21,6177.43,6050.93,6302.94,DIVISLAB.NS
2026-01-22,6172.99,6040.79,6292.46,DIVISLAB.NS
2026-01-23,6131.11,5994.26,6251.09,DIVISLAB.NS
2026-01-27,6064.71,5937.67,6188.67,DIVISLAB.NS
2026-01-28,6060.76,5939.32,6185.8,DIVISLAB.NS
2026-01-29,6068.74,5941.62,6206.45,DIVISLAB.NS
2026-01-30,6040.51,5915.07,6167.63,DIVISLAB.NS
2026-02-02,6021.91,5892.81,6154.5,DIVISLAB.NS
2026-02-03,6037.68,5897.85,6154.98,DIVISLAB.NS
2026-02-04,6050.89,5921.39,6178.48,DIVISLAB.NS
2026-02-05,6076.1,5950.01,6200.15,DIVISLAB.NS
2026-02-06,6064.95,5932.97,6185.45,DIVISLAB.NS
2026-02-09,6094.46,5965.29,6217.4,DIVISLAB.NS
2026-02-10,6124.5,6003.73,6251.24,DIVISLAB.NS
2026-02-11,6150.76,6028.24,6279.9,DIVISLAB.NS
2026-02-12,6187.61,6060.49,6305.1,DIVISLAB.NS
2026-02-13,6186.54,6068.88,6316.53,DIVISLAB.NS
2026-02-16,6235.57,6102.47,6366.57,DIVISLAB.NS
2026-02-17,6268.22,6141.72,6392.25,DIVISLAB.NS
2026-02-18,6295.05,6168.69,6429.43,DIVISLAB.NS
2026-02-19,6330.43,6198.4,6458.67,DIVISLAB.NS
2026-02-20,6325.86,6195.1,6449.26,DIVISLAB.NS
2026-02-23,6352.84,6218.89,6479.44,DIVISLAB.NS
2026-02-24,6374.63,6252.13,6495.72,DIVISLAB.NS
2026-02-25,6389.1,6253.83,6509.14,DIVISLAB.NS
2026-02-26,6410.77,6286.62,6539.24,DIVISLAB.NS
2026-02-27,6391.34,6259.2,6526.87,DIVISLAB.NS
2026-03-02,6369.05,6252.38,6512.47,DIVISLAB.NS
2026-03-04,6370.85,6244.8,6501.73,DIVISLAB.NS
2026-03-05,6375.52,6247.3,6496.77,DIVISLAB.NS
2026-03-06,6339.54,6215.01,6457.09,DIVISLAB.NS
2026-03-09,6272.35,6147.02,6398.59,DIVISLAB.NS
2026-03-10,6264.15,6146.07,6390.05,DIVISLAB.NS
2026-03-11,6249.97,6132.09,6379.73,DIVISLAB.NS
2026-03-12,6244.69,6118.54,6375.76,DIVISLAB.NS
2026-03-13,6200.31,6071.33,6330.87,DIVISLAB.NS
2026-03-16,6117.81,5982.52,6246.82,DIVISLAB.NS
2026-03-17,6107.84,5984.45,6238.06,DIVISLAB.NS
2026-03-18,6093.51,5964.67,6232.12,DIVISLAB.NS
2026-03-19,6089.66,5957.46,6216.36,DIVISLAB.NS
2026-03-20,6048.21,5915.85,6168.59,DIVISLAB.NS
2026-03-23,5982.51,5848.46,6103.62,DIVISLAB.NS
2026-03-24,5980.43,5859.44,6108.89,DIVISLAB.NS
2026-03-25,5974.93,5842.87,6093.68,DIVISLAB.NS
2026-03-27,5949.61,5824.43,6069.31,DIVISLAB.NS
2026-03-30,5917.9,5787.38,6040.51,DIVISLAB.NS
2026-04-01,5934.47,5808.02,6057.53,DIVISLAB.NS
2026-04-02,5952.53,5821.01,6079.99,DIVISLAB.NS
2026-04-06,5938.93,5807.07,6071.76,DIVISLAB.NS
2026-04-07,5961.01,5826.42,6088.34,DIVISLAB.NS
2026-04-08,5979.79,5855.26,6114.88,DIVISLAB.NS
2026-04-09,6009.87,5891.01,6134.98,DIVISLAB.NS
2026-04-10,6003.02,5870.26,6133.34,DIVISLAB.NS
2026-04-13,6043.4,5908.57,6169.06,DIVISLAB.NS
2026-04-15,6107.06,5979.99,6235.01,DIVISLAB.NS
2026-04-16,6148.25,6026.24,6274.08,DIVISLAB.NS
2026-04-17,6152.24,6033.23,6278.46,DIVISLAB.NS
2026-04-20,6222.92,6093.16,6353.32,DIVISLAB.NS
2026-04-21,6265.55,6137.26,6405.58,DIVISLAB.NS
2026-04-22,6304.02,6179.98,6440.15,DIVISLAB.NS
2026-04-23,6352.8,6220.18,6478.91,DIVISLAB.NS
2026-04-24,6363.48,6231.82,6488.16,DIVISLAB.NS
2026-04-27,6447.61,6315.79,6577.39,DIVISLAB.NS
2026-04-28,6492.18,6359.68,6617.83,DIVISLAB.NS
2026-04-29,6531.15,6400.44,6660.46,DIVISLAB.NS
2026-04-30,6578.93,6457.28,6707.19,DIVISLAB.NS
2026-05-04,6654.04,6517.73,6777.38,DIVISLAB.NS
2026-05-05,6689.78,6555.72,6804.28,DIVISLAB.NS
2026-05-06,6718.47,6585.42,6842.9,DIVISLAB.NS
2026-05-07,6754.62,6624.96,6879.49,DIVISLAB.NS
2026-05-08,6749.88,6619.63,6880.32,DIVISLAB.NS
2026-05-11,6772.49,6649.12,6901.36,DIVISLAB.NS
2026-05-12,6792.16,6668.92,6919.97,DIVISLAB.NS
2026-05-13,6804.49,6676.13,6922.65,DIVISLAB.NS
2026-05-14,6824.21,6693.18,6950.24,DIVISLAB.NS
2026-05-15,6803.22,6673.16,6933.41,DIVISLAB.NS
2026-05-18,6780.31,6644.7,6906.9,DIVISLAB.NS
2026-05-19,6786.58,6661.46,6919.96,DIVISLAB.NS
2026-05-20,6786.69,6663.82,6911.62,DIVISLAB.NS
2026-05-21,6795.51,6673.55,6913.77,DIVISLAB.NS
2026-05-22,6765.05,6626.77,6904.73,DIVISLAB.NS
2026-05-25,6723.0,6579.41,6852.4,DIVISLAB.NS
2026-05-26,6726.0,6593.63,6851.85,DIVISLAB.NS
2026-05-27,6724.36,6604.26,6861.72,DIVISLAB.NS
2026-05-28,6732.83,6604.82,6853.07,DIVISLAB.NS
2026-05-29,6703.32,6573.68,6828.77,DIVISLAB.NS
2026-06-01,6670.34,6536.97,6799.22,DIVISLAB.NS
2026-06-02,6677.84,6543.65,6800.85,DIVISLAB.NS
2026-06-03,6681.1,6567.17,6813.06,DIVISLAB.NS
2026-06-04,6694.69,6565.76,6822.99,DIVISLAB.NS
2026-06-05,6670.31,6549.27,6806.4,DIVISLAB.NS
2026-06-08,6651.1,6525.01,6776.51,DIVISLAB.NS
2026-06-09,6662.19,6535.11,6784.96,DIVISLAB.NS
2026-06-10,6668.36,6530.73,6795.35,DIVISLAB.NS
2026-06-11,6684.15,6556.58,6808.67,DIVISLAB.NS
2026-06-12,6661.24,6533.63,6798.36,DIVISLAB.NS
2026-06-15,6642.47,6518.49,6767.3,DIVISLAB.NS
2026-06-16,6652.7,6522.91,6789.6,DIVISLAB.NS
2026-06-17,6657.75,6527.86,6774.12,DIVISLAB.NS
2026-06-18,6672.34,6554.28,6808.9,DIVISLAB.NS
2026-06-19,6648.34,6519.29,6776.68,DIVISLAB.NS
2026-06-22,6629.21,6500.67,6768.21,DIVISLAB.NS
2026-06-23,6641.0,6513.58,6772.47,DIVISLAB.NS
2026-06-24,6648.8,6520.04,6773.95,DIVISLAB.NS
2026-06-25,6667.49,6535.96,6796.48,DIVISLAB.NS
2026-06-26,6649.1,6522.09,6779.98,DIVISLAB.NS
2026-06-29,6656.64,6527.74,6788.32,DIVISLAB.NS
2026-06-30,6680.68,6547.72,6802.79,DIVISLAB.NS
2026-07-01,6702.31,6582.91,6827.41,DIVISLAB.NS
2026-07-02,6736.28,6605.3,6861.09,DIVISLAB.NS
2026-07-03,6734.45,6607.58,6864.26,DIVISLAB.NS
2026-07-06,6796.72,6671.71,6933.7,DIVISLAB.NS
2026-07-07,6839.64,6700.2,6963.82,DIVISLAB.NS
2026-07-08,6879.85,6747.56,7010.94,DIVISLAB.NS
2026-07-09,6931.7,6794.51,7054.98,DIVISLAB.NS
2026-07-10,6946.62,6813.97,7073.87,DIVISLAB.NS
2026-07-13,7048.44,6926.47,7181.94,DIVISLAB.NS
2026-07-14,7099.69,6970.11,7228.79,DIVISLAB.NS
2026-07-15,7145.24,7012.44,7275.37,DIVISLAB.NS
2026-07-16,7199.2,7072.37,7328.68,DIVISLAB.NS
2026-07-17,7212.77,7081.96,7340.22,DIVISLAB.NS
2026-07-20,7288.64,7158.88,7415.16,DIVISLAB.NS
2026-07-21,7323.94,7202.46,7457.29,DIVISLAB.NS
2026-07-22,7350.08,7221.79,7481.35,DIVISLAB.NS
2026-07-23,7381.36,7254.78,7507.43,DIVISLAB.NS
2026-07-24,7369.31,7231.77,7493.28,DIVISLAB.NS
2026-07-27,7354.52,7222.06,7491.27,DIVISLAB.NS
2026-07-28,7356.58,7224.0,7488.9,DIVISLAB.NS
2026-07-29,7348.86,7223.89,7483.45,DIVISLAB.NS
2026-07-30,7346.26,7215.9,7476.33,DIVISLAB.NS
2026-07-31,7300.87,7158.79,7425.5,DIVISLAB.NS
2026-08-03,7195.19,7073.67,7324.23,DIVISLAB.NS
2026-08-04,7171.79,7044.05,7292.57,DIVISLAB.NS
2026-08-05,7141.82,7013.05,7275.13,DIVISLAB.NS
2026-08-06,7120.57,6986.83,7254.8,DIVISLAB.NS
2026-08-07,7060.46,6926.88,7198.72,DIVISLAB.NS
2026-08-10,6936.14,6819.13,7067.81,DIVISLAB.NS
2026-08-11,6915.26,6785.54,7050.42,DIVISLAB.NS
2026-08-12,6892.08,6759.05,7018.41,DIVISLAB.NS
2026-08-13,6881.68,6761.91,7009.79,DIVISLAB.NS
2026-08-14,6836.2,6711.03,6961.69,DIVISLAB.NS
2026-08-17,6774.47,6637.97,6902.84,DIVISLAB.NS
2026-08-18,6779.06,6650.91,6901.87,DIVISLAB.NS
2026-08-19,6782.72,6658.89,6913.32,DIVISLAB.NS
2026-08-20,6799.92,6675.28,6924.95,DIVISLAB.NS
2026-08-21,6782.19,6644.76,6916.23,DIVISLAB.NS
2026-08-24,6798.52,6668.88,6919.99,DIVISLAB.NS
2026-08-25,6825.52,6703.01,6951.77,DIVISLAB.NS
2026-08-26,6848.96,6728.66,6978.2,DIVISLAB.NS
2026-08-27,6882.89,6754.08,7003.11,DIVISLAB.NS
2026-08-28,6878.51,6754.96,7012.89,DIVISLAB.NS
2026-08-31,6912.53,6783.24,7039.42,DIVISLAB.NS
2026-09-01,6937.71,6802.11,7062.17,DIVISLAB.NS
2026-09-02,6955.55,6829.01,7086.01,DIVISLAB.NS
2025-07-22,1273.21,1246.05,1298.33,DRREDDY.NS
2025-07-23,1264.33,1236.69,1289.7,DRREDDY.NS
2025-07-24,1259.57,1232.78,1285.61,DRREDDY.NS
2025-07-25,1253.88,1228.8,1280.59,DRREDDY.NS
2025-07-28,1238.19,1210.6,1264.92,DRREDDY.NS
2025-07-29,1233.96,1207.14,1260.69,DRREDDY.NS
2025-07-30,1230.8,1204.06,1257.42,DRREDDY.NS
2025-07-31,1231.65,1203.63,1258.47,DRREDDY.NS
2025-08-01,1231.35,1204.86,1258.31,DRREDDY.NS
2025-08-04,1229.65,1204.03,1257.92,DRREDDY.NS
2025-08-05,1229.13,1201.8,1256.27,DRREDDY.NS
2025-08-06,1229.15,1202.53,1256.99,DRREDDY.NS
2025-08-07,1232.62,1207.19,1258.64,DRREDDY.NS
2025-08-08,1234.38,1207.25,1259.65,DRREDDY.NS
2025-08-11,1235.8,1210.29,1262.07,DRREDDY.NS
2025-08-12,1235.46,1206.54,1263.74,DRREDDY.NS
2025-08-13,1235.32,1208.73,1263.94,DRREDDY.NS
2025-08-14,1238.38,1213.91,1264.83,DRREDDY.NS
2025-08-18,1238.97,1213.82,1266.34,DRREDDY.NS
2025-08-19,1238.11,1209.68,1263.46,DRREDDY.NS
2025-08-20,1237.65,1208.97,1263.86,DRREDDY.NS
2025-08-21,1240.62,1213.76,1267.96,DRREDDY.NS
2025-08-22,1241.99,1215.24,1268.42,DRREDDY.NS
2025-08-25,1243.79,1216.46,1271.43,DRREDDY.NS
2025-08-26,1244.32,1215.77,1270.98,DRREDDY.NS
2025-08-28,1250.33,1222.47,1279.27,DRREDDY.NS
2025-08-29,1253.7,1226.03,1279.24,DRREDDY.NS
2025-09-01,1261.8,1236.19,1287.94,DRREDDY.NS
2025-09-02,1264.28,1238.0,1290.48,DRREDDY.NS
2025-09-03,1267.21,1241.21,1294.57,DRREDDY.NS
2025-09-04,1273.5,1246.63,1299.98,DRREDDY.NS
2025-09-05,1278.0,1249.49,1304.92,DRREDDY.NS
2025-09-08,1286.91,1258.71,1312.72,DRREDDY.NS
2025-09-09,1288.67,1262.28,1313.61,DRREDDY.NS
2025-09-10,1290.37,1264.85,1315.53,DRREDDY.NS
2025-09-11,1294.93,1267.39,1320.75,DRREDDY.NS
2025-09-12,1297.2,1269.01,1324.13,DRREDDY.NS
2025-09-15,1296.88,1268.57,1322.92,DRREDDY.NS
2025-09-16,1294.93,1267.76,1322.56,DRREDDY.NS
2025-09-17,1292.72,1266.85,1316.76,DRREDDY.NS
2025-09-18,1293.26,1266.67,1320.2,DRREDDY.NS
2025-09-19,1291.51,1263.5,1319.76,DRREDDY.NS
2025-09-22,1279.95,1254.61,1307.31,DRREDDY.NS
2025-09-23,1274.84,1249.61,1303.02,DRREDDY.NS
2025-09-24,1269.89,1243.38,1297.55,DRREDDY.NS
2025-09-25,1268.17,1241.54,1294.65,DRREDDY.NS
2025-09-26,1264.7,1238.39,1290.55,DRREDDY.NS
2025-09-29,1251.51,1226.08,1276.63,DRREDDY.NS
2025-09-30,1247.05,1220.62,1273.29,DRREDDY.NS
2025-10-01,1243.31,1218.7,1270.55,DRREDDY.NS
2025-10-03,1242.09,1215.38,1267.92,DRREDDY.NS
2025-10-06,1237.66,1210.75,1265.57,DRREDDY.NS
2025-10-07,1236.54,1210.74,1261.12,DRREDDY.NS
2025-10-08,1236.2,1209.15,1263.79,DRREDDY.NS
2025-10-09,1239.57,1215.86,1265.32,DRREDDY.NS
2025-10-10,1241.51,1214.13,1269.13,DRREDDY.NS
2025-10-13,1244.99,1218.05,1272.16,DRREDDY.NS
2025-10-14,1245.68,1218.9,1272.54,DRREDDY.NS
2025-10-15,1246.66,1220.77,1272.81,DRREDDY.NS
2025-10-16,1250.83,1224.97,1276.05,DRREDDY.NS
2025-10-17,1253.01,1225.76,1279.43,DRREDDY.NS
2025-10-20,1253.97,1225.98,1280.24,DRREDDY.NS
2025-10-21,1252.85,1225.1,1279.36,DRREDDY.NS
2025-10-23,1253.2,1226.0,1279.52,DRREDDY.NS
2025-10-24,1252.56,1226.03,1279.13,DRREDDY.NS
2025-10-27,1244.38,1214.38,1271.67,DRREDDY.NS
2025-10-28,1240.29,1213.85,1266.19,DRREDDY.NS
2025-10-29,1236.28,1210.38,1262.93,DRREDDY.NS
2025-10-30,1235.39,1208.0,1261.81,DRREDDY.NS
2025-10-31,1232.62,1207.01,1261.11,DRREDDY.NS
2025-11-03,1220.8,1194.67,1248.91,DRREDDY.NS
2025-11-04,1216.55,1190.4,1244.47,DRREDDY.NS
2025-11-06,1212.99,1187.21,1238.24,DRREDDY.NS
2025-11-07,1211.72,1185.37,1239.19,DRREDDY.NS
2025-11-10,1207.16,1179.62,1235.1,DRREDDY.NS
2025-11-11,1206.08,1178.84,1234.09,DRREDDY.NS
2025-11-12,1205.88,1181.28,1232.6,DRREDDY.NS
2025-11-13,1209.53,1185.01,1238.41,DRREDDY.NS
2025-11-14,1211.91,1184.36,1240.04,DRREDDY.NS
2025-11-17,1217.98,1192.31,1245.18,DRREDDY.NS
2025-11-18,1220.04,1194.31,1245.85,DRREDDY.NS
2025-11-19,1222.67,1193.57,1249.56,DRREDDY.NS
2025-11-20,1228.76,1202.49,1257.92,DRREDDY.NS
2025-11-21,1233.17,1205.85,1259.26,DRREDDY.NS
2025-11-24,1242.51,1214.77,1268.62,DRREDDY.NS
2025-11-25,1244.71,1218.03,1269.55,DRREDDY.NS
2025-11-26,1247.01,1217.91,1273.9,DRREDDY.NS
2025-11-27,1252.36,1223.85,1277.9,DRREDDY.NS
2025-11-28,1255.65,1230.55,1283.17,DRREDDY.NS
2025-12-01,1259.87,1233.74,1287.19,DRREDDY.NS
2025-12-02,1260.0,1233.34,1284.97,DRREDDY.NS
2025-12-03,1260.16,1231.56,1287.86,DRREDDY.NS
2025-12-04,1263.37,1235.78,1288.41,DRREDDY.NS
2025-12-05,1264.58,1238.56,1291.43,DRREDDY.NS
2025-12-08,1263.52,1235.8,1290.71,DRREDDY.NS
2025-12-09,1262.33,1236.07,1288.49,DRREDDY.NS
2025-12-10,1261.45,1234.89,1287.28,DRREDDY.NS
2025-12-11,1263.9,1237.23,1291.35,DRREDDY.NS
2025-12-12,1264.62,1236.55,1292.77,DRREDDY.NS
2025-12-15,1263.55,1237.41,1291.77,DRREDDY.NS
2025-12-16,1262.73,1236.55,1289.81,DRREDDY.NS
2025-12-17,1262.33,1234.88,1288.1,DRREDDY.NS
2025-12-18,1265.3,1238.0,1292.53,DRREDDY.NS
2025-12-19,1266.54,1237.4,1292.9,DRREDDY.NS
2025-12-22,1266.36,1239.86,1292.09,DRREDDY.NS
2025-12-23,1265.43,1239.26,1293.1,DRREDDY.NS
2025-12-24,1264.63,1238.86,1292.09,DRREDDY.NS
2025-12-26,1267.09,1239.17,1294.86,DRREDDY.NS
2025-12-29,1261.68,1232.34,1287.75,DRREDDY.NS
2025-12-30,1258.36,1232.15,1284.6,DRREDDY.NS
2025-12-31,1254.9,1227.26,1281.26,DRREDDY.NS
2026-01-01,1254.28,1227.28,1279.35,DRREDDY.NS
2026-01-02,1251.43,1223.41,1279.37,DRREDDY.NS
2026-01-05,1236.65,1210.29,1262.39,DRREDDY.NS
2026-01-06,1230.4,1205.96,1256.86,DRREDDY.NS
2026-01-07,1224.25,1197.86,1252.61,DRREDDY.NS
2026-01-08,1221.25,1193.82,1249.32,DRREDDY.NS
2026-01-09,1216.43,1186.52,1240.95,DRREDDY.NS
2026-01-12,1198.76,1172.29,1224.69,DRREDDY.NS
2026-01-13,1192.72,1165.71,1219.87,DRREDDY.NS
2026-01-14,1187.42,1160.75,1213.57,DRREDDY.NS
2026-01-15,1185.92,1157.34,1212.17,DRREDDY.NS
2026-01-16,1183.23,1158.04,1210.83,DRREDDY.NS
2026-01-19,1175.49,1147.39,1202.09,DRREDDY.NS
2026-01-20,1173.76,1146.24,1200.19,DRREDDY.NS
2026-01-21,1173.14,1147.68,1199.1,DRREDDY.NS
2026-01-22,1176.62,1149.06,1203.9,DRREDDY.NS
2026-01-23,1179.1,1151.86,1206.6,DRREDDY.NS
2026-01-27,1190.23,1165.04,1217.66,DRREDDY.NS
2026-01-28,1194.24,1166.97,1221.48,DRREDDY.NS
2026-01-29,1201.96,1173.56,1228.67,DRREDDY.NS
2026-01-30,1208.21,1181.85,1234.94,DRREDDY.NS
2026-02-02,1224.06,1196.89,1250.57,DRREDDY.NS
2026-02-03,1228.66,1203.26,1254.28,DRREDDY.NS
2026-02-04,1233.43,1207.54,1260.11,DRREDDY.NS
2026-02-05,1241.27,1212.2,1266.51,DRREDDY.NS
2026-02-06,1247.04,1220.32,1272.93,DRREDDY.NS
2026-02-09,1258.34,1233.22,1285.07,DRREDDY.NS
2026-02-10,1260.6,1237.0,1285.42,DRREDDY.NS
2026-02-11,1262.76,1236.25,1288.37,DRREDDY.NS
2026-02-12,1267.8,1242.26,1294.75,DRREDDY.NS
2026-02-13,1270.67,1242.82,1297.76,DRREDDY.NS
2026-02-16,1273.55,1249.7,1300.97,DRREDDY.NS
2026-02-17,1273.36,1248.87,1301.27,DRREDDY.NS
2026-02-18,1273.35,1247.69,1299.56,DRREDDY.NS
2026-02-19,1276.56,1250.16,1303.14,DRREDDY.NS
2026-02-20,1277.97,1250.39,1304.22,DRREDDY.NS
2026-02-23,1278.85,1252.45,1306.83,DRREDDY.NS
2026-02-24,1278.76,1251.95,1306.05,DRREDDY.NS
2026-02-25,1279.18,1254.04,1303.72,DRREDDY.NS
2026-02-26,1283.1,1257.86,1309.67,DRREDDY.NS
2026-02-27,1285.45,1260.63,1312.76,DRREDDY.NS
2026-03-02,1289.76,1261.55,1315.35,DRREDDY.NS
2026-03-04,1292.11,1265.41,1319.81,DRREDDY.NS
2026-03-05,1296.73,1268.52,1324.85,DRREDDY.NS
2026-03-06,1299.47,1274.46,1325.59,DRREDDY.NS
2026-03-09,1302.56,1276.07,1327.92,DRREDDY.NS
2026-03-10,1302.24,1274.96,1328.86,DRREDDY.NS
2026-03-11,1301.78,1276.26,1327.05,DRREDDY.NS
2026-03-12,1304.1,1275.42,1329.61,DRREDDY.NS
2026-03-13,1304.09,1276.4,1331.6,DRREDDY.NS
2026-03-16,1296.61,1268.31,1324.17,DRREDDY.NS
2026-03-17,1292.2,1266.34,1318.58,DRREDDY.NS
2026-03-18,1287.52,1261.95,1315.08,DRREDDY.NS
2026-03-19,1285.57,1258.4,1312.71,DRREDDY.NS
2026-03-20,1281.33,1253.46,1308.4,DRREDDY.NS
2026-03-23,1262.48,1235.74,1290.43,DRREDDY.NS
2026-03-24,1255.04,1228.09,1280.88,DRREDDY.NS
2026-03-25,1247.83,1221.74,1274.56,DRREDDY.NS
2026-03-27,1238.45,1213.23,1265.51,DRREDDY.NS
2026-03-30,1220.04,1192.54,1248.37,DRREDDY.NS
2026-04-01,1209.31,1181.03,1233.68,DRREDDY.NS
2026-04-02,1208.42,1181.23,1235.87,DRREDDY.NS
2026-04-06,1201.81,1173.88,1229.78,DRREDDY.NS
2026-04-07,1201.22,1173.82,1227.62,DRREDDY.NS
2026-04-08,1201.74,1175.91,1227.68,DRREDDY.NS
2026-04-09,1206.32,1179.7,1233.38,DRREDDY.NS
2026-04-10,1209.83,1180.97,1236.36,DRREDDY.NS
2026-04-13,1220.12,1191.24,1246.94,DRREDDY.NS
2026-04-15,1228.1,1200.68,1255.12,DRREDDY.NS
2026-04-16,1235.91,1210.3,1263.62,DRREDDY.NS
2026-04-17,1242.07,1214.3,1267.8,DRREDDY.NS
2026-04-20,1256.65,1229.9,1283.55,DRREDDY.NS
2026-04-21,1260.55,1234.31,1287.51,DRREDDY.NS
2026-04-22,1264.51,1239.12,1291.33,DRREDDY.NS
2026-04-23,1271.48,1243.14,1297.54,DRREDDY.NS
2026-04-24,1276.34,1250.21,1304.17,DRREDDY.NS
2026-04-27,1284.99,1259.07,1309.81,DRREDDY.NS
2026-04-28,1286.49,1259.79,1314.64,DRREDDY.NS
2026-04-29,1287.97,1262.8,1314.93,DRREDDY.NS
2026-04-30,1292.45,1264.76,1321.02,DRREDDY.NS
2026-05-01,1294.87,1270.3,1322.07,DRREDDY.NS
2026-05-04,1297.12,1270.05,1323.91,DRREDDY.NS
2026-05-05,1296.92,1269.15,1323.05,DRREDDY.NS
2026-05-06,1296.96,1269.06,1322.65,DRREDDY.NS
2026-05-07,1300.27,1273.2,1326.32,DRREDDY.NS
2026-05-08,1301.78,1275.16,1329.46,DRREDDY.NS
2026-05-11,1302.64,1275.84,1329.87,DRREDDY.NS
2026-05-12,1302.3,1275.22,1330.55,DRREDDY.NS
2026-05-13,1302.3,1277.29,1331.61,DRREDDY.NS
2026-05-14,1305.59,1278.15,1332.4,DRREDDY.NS
2026-05-15,1307.07,1279.43,1334.11,DRREDDY.NS
2026-05-18,1307.19,1280.67,1332.71,DRREDDY.NS
2026-05-19,1306.26,1279.14,1330.71,DRREDDY.NS
2026-05-20,1305.43,1277.42,1330.61,DRREDDY.NS
2026-05-21,1307.65,1280.32,1334.27,DRREDDY.NS
2026-05-22,1307.8,1280.35,1333.73,DRREDDY.NS
2026-05-25,1302.54,1276.91,1331.83,DRREDDY.NS
2026-05-26,1299.45,1272.09,1325.0,DRREDDY.NS
2026-05-27,1296.35,1270.35,1323.28,DRREDDY.NS
2026-05-28,1296.25,1270.8,1322.23,DRREDDY.NS
2026-05-29,1294.1,1267.59,1320.3,DRREDDY.NS
2026-06-01,1282.81,1256.74,1307.02,DRREDDY.NS
2026-06-02,1278.24,1251.48,1305.07,DRREDDY.NS
2026-06-03,1274.06,1246.63,1301.19,DRREDDY.NS
2026-06-04,1273.32,1245.54,1299.8,DRREDDY.NS
2026-06-05,1271.04,1246.39,1298.38,DRREDDY.NS
2026-06-08,1262.71,1237.17,1288.78,DRREDDY.NS
2026-06-09,1260.29,1233.34,1285.93,DRREDDY.NS
2026-06-10,1258.82,1232.28,1287.16,DRREDDY.NS
2026-06-11,1261.33,1233.53,1288.03,DRREDDY.NS
2026-06-12,1262.76,1238.28,1290.12,DRREDDY.NS
2026-06-15,1267.69,1241.12,1293.74,DRREDDY.NS
2026-06-16,1270.07,1242.99,1297.61,DRREDDY.NS
2026-06-17,1273.42,1247.68,1300.17,DRREDDY.NS
2026-06-18,1280.62,1254.73,1308.17,DRREDDY.NS
2026-06-19,1286.53,1260.27,1312.3,DRREDDY.NS
2026-06-22,1302.31,1275.45,1329.02,DRREDDY.NS
2026-06-23,1307.09,1280.64,1332.45,DRREDDY.NS
2026-06-24,1312.06,1283.36,1336.87,DRREDDY.NS
2026-06-25,1320.07,1293.72,1346.31,DRREDDY.NS
2026-06-26,1325.88,1298.1,1351.11,DRREDDY.NS
2026-06-29,1335.77,1309.42,1362.4,DRREDDY.NS
2026-06-30,1336.75,1312.17,1364.18,DRREDDY.NS
2026-07-01,1337.06,1310.0,1363.39,DRREDDY.NS
2026-07-02,1339.62,1313.49,1366.3,DRREDDY.NS
2026-07-03,1339.28,1311.34,1365.66,DRREDDY.NS
2026-07-06,1327.64,1304.24,1354.19,DRREDDY.NS
2026-07-07,1320.85,1293.08,1348.34,DRREDDY.NS
2026-07-08,1313.33,1286.23,1340.35,DRREDDY.NS
2026-07-09,1308.14,1280.88,1335.13,DRREDDY.NS
2026-07-10,1300.3,1273.63,1326.01,DRREDDY.NS
2026-07-13,1268.88,1243.39,1295.75,DRREDDY.NS
2026-07-14,1256.82,1231.96,1282.6,DRREDDY.NS
2026-07-15,1244.86,1217.47,1272.51,DRREDDY.NS
2026-07-16,1236.11,1209.83,1264.96,DRREDDY.NS
2026-07-17,1225.67,1198.28,1250.97,DRREDDY.NS
2026-07-20,1192.32,1169.0,1218.15,DRREDDY.NS
2026-07-21,1181.54,1154.44,1211.2,DRREDDY.NS
2026-07-22,1171.74,1145.4,1197.64,DRREDDY.NS
2026-07-23,1165.98,1138.22,1192.73,DRREDDY.NS
2026-07-24,1159.25,1130.46,1185.43,DRREDDY.NS
2026-07-27,1140.38,1113.83,1167.54,DRREDDY.NS
2026-07-28,1135.13,1108.79,1161.7,DRREDDY.NS
2026-07-29,1131.03,1105.2,1158.44,DRREDDY.NS
2026-07-30,1131.01,1105.15,1155.87,DRREDDY.NS
2026-07-31,1129.92,1102.75,1156.25,DRREDDY.NS
2026-08-03,1126.46,1102.24,1153.56,DRREDDY.NS
2026-08-04,1125.57,1100.52,1152.02,DRREDDY.NS
2026-08-05,1125.32,1100.89,1153.85,DRREDDY.NS
2026-08-06,1128.61,1104.41,1157.14,DRREDDY.NS
2026-08-07,1130.28,1102.43,1156.04,DRREDDY.NS
2026-08-10,1131.84,1107.19,1161.02,DRREDDY.NS
2026-08-11,1131.62,1105.48,1157.51,DRREDDY.NS
2026-08-12,1131.64,1105.37,1158.72,DRREDDY.NS
2026-08-13,1134.84,1107.39,1160.42,DRREDDY.NS
2026-08-14,1136.16,1110.09,1163.1,DRREDDY.NS
2026-08-17,1135.81,1109.5,1162.59,DRREDDY.NS
2026-08-18,1134.93,1107.49,1157.57,DRREDDY.NS
2026-08-19,1134.4,1107.3,1159.39,DRREDDY.NS
2026-08-20,1137.23,1111.16,1163.7,DRREDDY.NS
2026-08-21,1138.41,1112.21,1167.34,DRREDDY.NS
2026-08-24,1139.3,1111.49,1165.7,DRREDDY.NS
2026-08-25,1139.45,1111.49,1168.06,DRREDDY.NS
2026-08-26,1140.24,1114.76,1168.51,DRREDDY.NS
2026-08-27,1144.65,1119.71,1171.03,DRREDDY.NS
2026-08-28,1147.63,1121.24,1173.28,DRREDDY.NS
2026-08-31,1154.71,1130.3,1183.59,DRREDDY.NS
2026-09-01,1156.96,1130.26,1183.71,DRREDDY.NS
2026-09-02,1159.73,1133.96,1187.47,DRREDDY.NS
2025-07-22,5257.08,5102.11,5408.31,EICHERMOT.NS
2025-07-23,5298.77,5143.87,5446.73,EICHERMOT.NS
2025-07-24,5304.67,5168.28,5457.9,EICHERMOT.NS
2025-07-25,5352.78,5199.78,5500.66,EICHERMOT.NS
2025-07-28,5418.08,5266.19,5571.51,EICHERMOT.NS
2025-07-29,5463.98,5309.74,5605.44,EICHERMOT.NS
2025-07-30,5503.07,5343.7,5654.08,EICHERMOT.NS
2025-07-31,5504.81,5346.87,5670.49,EICHERMOT.NS
2025-08-01,5547.36,5397.15,5704.24,EICHERMOT.NS
2025-08-04,5589.8,5445.9,5752.92,EICHERMOT.NS
2025-08-05,5626.83,5491.41,5776.78,EICHERMOT.NS
2025-08-06,5656.85,5493.89,5803.98,EICHERMOT.NS
2025-08-07,5649.62,5488.48,5801.0,EICHERMOT.NS
2025-08-08,5683.56,5529.28,5836.48,EICHERMOT.NS
2025-08-11,5704.89,5556.64,5861.55,EICHERMOT.NS
2025-08-12,5737.24,5583.27,5898.44,EICHERMOT.NS
2025-08-13,5764.08,5617.62,5919.96,EICHERMOT.NS
2025-08-14,5755.32,5593.22,5898.13,EICHERMOT.NS
2025-08-18,5822.73,5673.28,5980.48,EICHERMOT.NS
2025-08-19,5862.76,5703.2,6022.16,EICHERMOT.NS
2025-08-20,5899.02,5741.2,6044.55,EICHERMOT.NS
2025-08-21,5901.29,5745.08,6049.94,EICHERMOT.NS
2025-08-22,5947.96,5785.63,6091.29,EICHERMOT.NS
2025-08-25,6025.11,5876.23,6178.04,EICHERMOT.NS
2025-08-26,6081.07,5925.11,6225.96,EICHERMOT.NS
2025-08-28,6151.59,6005.4,6299.14,EICHERMOT.NS
2025-08-29,6213.69,6056.1,6358.17,EICHERMOT.NS
2025-09-01,6331.06,6179.37,6482.52,EICHERMOT.NS
2025-09-02,6397.41,6253.72,6560.85,EICHERMOT.NS
2025-09-03,6458.21,6297.57,6599.85,EICHERMOT.NS
2025-09-04,6482.69,6336.54,6643.73,EICHERMOT.NS
2025-09-05,6548.73,6398.85,6706.95,EICHERMOT.NS
2025-09-08,6662.7,6511.59,6817.37,EICHERMOT.NS
2025-09-09,6722.67,6564.73,6876.39,EICHERMOT.NS
2025-09-10,6774.5,6618.57,6916.69,EICHERMOT.NS
2025-09-11,6787.53,6647.93,6946.08,EICHERMOT.NS
2025-09-12,6839.78,6680.1,6988.1,EICHERMOT.NS
2025-09-15,6900.38,6751.76,7062.16,EICHERMOT.NS
2025-09-16,6939.45,6803.28,7083.39,EICHERMOT.NS
2025-09-17,6969.33,6817.58,7115.92,EICHERMOT.NS
2025-09-18,6959.7,6805.13,7106.97,EICHERMOT.NS
2025-09-19,6988.94,6833.7,7132.99,EICHERMOT.NS
2025-09-22,6981.91,6830.7,7138.44,EICHERMOT.NS
2025-09-23,7000.04,6845.95,7163.14,EICHERMOT.NS
2025-09-24,7010.29,6868.59,7152.44,EICHERMOT.NS
2025-09-25,6982.61,6835.47,7136.51,EICHERMOT.NS
2025-09-26,6995.61,6835.02,7153.04,EICHERMOT.NS
2025-09-29,6952.38,6804.81,7091.19,EICHERMOT.NS
2025-09-30,6962.91,6806.98,7111.38,EICHERMOT.NS
2025-10-01,6967.84,6814.47,7117.61,EICHERMOT.NS
2025-10-03,6949.06,6787.3,7099.15,EICHERMOT.NS
2025-10-06,6913.79,6756.62,7062.92,EICHERMOT.NS
2025-10-07,6929.88,6777.92,7080.69,EICHERMOT.NS
2025-10-08,6941.37,6790.28,7098.34,EICHERMOT.NS
2025-10-09,6917.85,6756.27,7072.87,EICHERMOT.NS
2025-10-10,6937.52,6778.28,7088.82,EICHERMOT.NS
2025-10-13,6924.69,6779.18,7080.89,EICHERMOT.NS
2025-10-14,6947.14,6790.12,7098.64,EICHERMOT.NS
2025-10-15,6964.02,6813.11,7116.7,EICHERMOT.NS
2025-10-16,6944.73,6787.06,7098.66,EICHERMOT.NS
2025-10-17,6967.31,6804.47,7118.19,EICHERMOT.NS
2025-10-20,6954.44,6814.68,7113.95,EICHERMOT.NS
2025-10-21,6973.9,6826.25,7138.9,EICHERMOT.NS
2025-10-23,6961.48,6804.15,7106.0,EICHERMOT.NS
2025-10-24,6977.34,6830.52,7125.92,EICHERMOT.NS
2025-10-27,6939.98,6787.28,7090.55,EICHERMOT.NS
2025-10-28,6950.72,6798.05,7109.29,EICHERMOT.NS
2025-10-29,6954.7,6800.42,7103.25,EICHERMOT.NS
2025-10-30,6921.74,6762.71,7081.05,EICHERMOT.NS
2025-10-31,6930.34,6780.59,7080.04,EICHERMOT.NS
2025-11-03,6878.45,6736.42,7027.65,EICHERMOT.NS
2025-11-04,6887.48,6731.95,7032.01,EICHERMOT.NS
2025-11-06,6860.67,6713.31,7010.87,EICHERMOT.NS
2025-11-07,6873.27,6716.99,7014.45,EICHERMOT.NS
2025-11-10,6844.78,6692.7,7004.46,EICHERMOT.NS
2025-11-11,6864.99,6713.82,7007.6,EICHERMOT.NS
2025-11-12,6881.66,6734.36,7036.03,EICHERMOT.NS
2025-11-13,6864.42,6709.52,7018.58,EICHERMOT.NS
2025-11-14,6891.52,6727.73,7040.94,EICHERMOT.NS
2025-11-17,6908.15,6754.35,7064.24,EICHERMOT.NS
2025-11-18,6942.79,6794.33,7088.94,EICHERMOT.NS
2025-11-19,6972.98,6829.66,7130.54,EICHERMOT.NS
2025-11-20,6968.06,6810.01,7129.13,EICHERMOT.NS
2025-11-21,7005.95,6856.54,7157.25,EICHERMOT.NS
2025-11-24,7043.39,6895.97,7205.25,EICHERMOT.NS
2025-11-25,7080.53,6925.65,7234.46,EICHERMOT.NS
2025-11-26,7110.87,6963.16,7255.19,EICHERMOT.NS
2025-11-27,7103.72,6951.4,7252.72,EICHERMOT.NS
2025-11-28,7137.09,6977.45,7295.98,EICHERMOT.NS
2025-12-01,7148.7,7002.61,7306.85,EICHERMOT.NS
2025-12-02,7173.94,7025.28,7342.74,EICHERMOT.NS
2025-12-03,7191.25,7045.91,7358.99,EICHERMOT.NS
2025-12-04,7170.31,7015.43,7330.32,EICHERMOT.NS
2025-12-05,7189.51,7046.37,7344.98,EICHERMOT.NS
2025-12-08,7160.46,7018.81,7323.11,EICHERMOT.NS
2025-12-09,7174.09,7032.31,7334.49,EICHERMOT.NS
2025-12-10,7181.36,7031.77,7337.74,EICHERMOT.NS
2025-12-11,7152.27,7006.37,7303.94,EICHERMOT.NS
2025-12-12,7165.5,6999.86,7322.75,EICHERMOT.NS
2025-12-15,7133.2,6980.13,7282.94,EICHERMOT.NS
2025-12-16,7150.89,6988.9,7308.78,EICHERMOT.NS
2025-12-17,7164.74,7013.5,7339.97,EICHERMOT.NS
2025-12-18,7144.6,6994.48,7299.03,EICHERMOT.NS
2025-12-19,7168.92,7003.59,7325.8,EICHERMOT.NS
2025-12-22,7179.66,7019.27,7326.53,EICHERMOT.NS
2025-12-23,7213.61,7054.19,7363.34,EICHERMOT.NS
2025-12-24,7243.92,7086.59,7389.47,EICHERMOT.NS
2025-12-26,7279.61,7134.09,7441.68,EICHERMOT.NS
2025-12-29,7326.59,7165.64,7476.83,EICHERMOT.NS
2025-12-30,7367.88,7204.98,7518.15,EICHERMOT.NS
2025-12-31,7402.51,7244.24,7550.16,EICHERMOT.NS
2026-01-01,7399.57,7244.32,7555.61,EICHERMOT.NS
2026-01-02,7436.78,7289.11,7595.92,EICHERMOT.NS
2026-01-05,7454.68,7294.84,7606.52,EICHERMOT.NS
2026-01-06,7479.23,7331.18,7647.04,EICHERMOT.NS
2026-01-07,7493.96,7333.5,7651.74,EICHERMOT.NS
2026-01-08,7468.26,7316.45,7624.1,EICHERMOT.NS
2026-01-09,7480.3,7322.48,7621.38,EICHERMOT.NS
2026-01-12,7413.51,7259.12,7568.66,EICHERMOT.NS
2026-01-13,7408.83,7263.99,7558.73,EICHERMOT.NS
2026-01-14,7394.93,7244.75,7537.25,EICHERMOT.NS
2026-01-15,7341.92,7188.31,7507.32,EICHERMOT.NS
2026-01-16,7328.66,7173.63,7477.15,EICHERMOT.NS
2026-01-19,7204.46,7064.57,7345.2,EICHERMOT.NS
2026-01-20,7188.71,7038.3,7341.29,EICHERMOT.NS
2026-01-21,7168.55,7018.61,7316.36,EICHERMOT.NS
2026-01-22,7114.43,6953.42,7269.29,EICHERMOT.NS
2026-01-23,7105.41,6949.1,7259.74,EICHERMOT.NS
2026-01-27,7036.63,6876.45,7190.79,EICHERMOT.NS
2026-01-28,7046.91,6883.6,7193.54,EICHERMOT.NS
2026-01-29,7027.53,6877.46,7167.13,EICHERMOT.NS
2026-01-30,7056.97,6914.44,7213.62,EICHERMOT.NS
2026-02-02,7109.03,6953.8,7264.37,EICHERMOT.NS
2026-02-03,7165.02,7008.65,7326.58,EICHERMOT.NS
2026-02-04,7221.14,7074.94,7372.58,EICHERMOT.NS
2026-02-05,7246.49,7087.44,7393.97,EICHERMOT.NS
2026-02-06,7318.66,7165.39,7485.88,EICHERMOT.NS
2026-02-09,7478.43,7325.67,7622.48,EICHERMOT.NS
2026-02-10,7560.95,7412.19,7709.92,EICHERMOT.NS
2026-02-11,7637.86,7486.66,7782.92,EICHERMOT.NS
2026-02-12,7677.74,7530.61,7831.97,EICHERMOT.NS
2026-02-13,7757.81,7591.3,7910.09,EICHERMOT.NS
2026-02-16,7899.52,7746.16,8050.67,EICHERMOT.NS
2026-02-17,7962.1,7804.11,8109.51,EICHERMOT.NS
2026-02-18,8012.42,7861.28,8160.25,EICHERMOT.NS
2026-02-19,8019.45,7873.72,8170.29,EICHERMOT.NS
2026-02-20,8060.91,7904.29,8204.3,EICHERMOT.NS
2026-02-23,8058.65,7905.46,8210.9,EICHERMOT.NS
2026-02-24,8066.42,7905.51,8230.18,EICHERMOT.NS
2026-02-25,8059.97,7899.61,8209.42,EICHERMOT.NS
2026-02-26,8009.15,7861.62,8175.22,EICHERMOT.NS
2026-02-27,7992.63,7845.99,8139.97,EICHERMOT.NS
2026-03-02,7824.59,7676.22,7970.08,EICHERMOT.NS
2026-03-04,7730.5,7574.56,7883.12,EICHERMOT.NS
2026-03-05,7638.67,7481.9,7793.47,EICHERMOT.NS
2026-03-06,7586.34,7423.3,7740.71,EICHERMOT.NS
2026-03-09,7346.02,7194.25,7506.28,EICHERMOT.NS
2026-03-10,7292.43,7135.88,7441.9,EICHERMOT.NS
2026-03-11,7234.95,7089.18,7386.98,EICHERMOT.NS
2026-03-12,7143.97,6989.86,7297.73,EICHERMOT.NS
2026-03-13,7098.47,6940.36,7255.79,EICHERMOT.NS
2026-03-16,6910.95,6759.74,7073.43,EICHERMOT.NS
2026-03-17,6884.16,6729.43,7030.31,EICHERMOT.NS
2026-03-18,6857.12,6711.88,7004.47,EICHERMOT.NS
2026-03-19,6799.62,6639.19,6947.16,EICHERMOT.NS
2026-03-20,6789.98,6631.42,6935.57,EICHERMOT.NS
2026-03-23,6717.73,6572.13,6876.59,EICHERMOT.NS
2026-03-24,6729.81,6577.95,6877.27,EICHERMOT.NS
2026-03-25,6740.89,6594.86,6899.38,EICHERMOT.NS
2026-03-27,6745.67,6585.58,6905.16,EICHERMOT.NS
2026-03-30,6764.48,6618.56,6910.97,EICHERMOT.NS
2026-04-01,6834.03,6679.74,6981.26,EICHERMOT.NS
2026-04-02,6831.88,6680.28,6984.52,EICHERMOT.NS
2026-04-06,6919.81,6774.03,7079.28,EICHERMOT.NS
2026-04-07,6960.62,6810.15,7103.8,EICHERMOT.NS
2026-04-08,6995.0,6843.68,7137.74,EICHERMOT.NS
2026-04-09,6992.4,6829.23,7151.03,EICHERMOT.NS
2026-04-10,7030.95,6877.14,7175.78,EICHERMOT.NS
2026-04-13,7062.88,6910.64,7218.9,EICHERMOT.NS
2026-04-15,7123.6,6973.19,7276.08,EICHERMOT.NS
2026-04-16,7113.13,6945.72,7251.48,EICHERMOT.NS
2026-04-17,7143.62,6983.27,7287.34,EICHERMOT.NS
2026-04-20,7151.56,6995.59,7306.61,EICHERMOT.NS
2026-04-21,7177.75,7024.62,7332.28,EICHERMOT.NS
2026-04-22,7197.2,7045.05,7345.57,EICHERMOT.NS
2026-04-23,7179.54,7022.58,7321.45,EICHERMOT.NS
2026-04-24,7203.06,7041.13,7346.03,EICHERMOT.NS
2026-04-27,7191.04,7038.01,7340.8,EICHERMOT.NS
2026-04-28,7210.73,7059.66,7356.38,EICHERMOT.NS
2026-04-29,7223.65,7066.94,7373.13,EICHERMOT.NS
2026-04-30,7199.41,7047.91,7348.77,EICHERMOT.NS
2026-05-01,7216.25,7073.63,7367.29,EICHERMOT.NS
2026-05-04,7183.52,7034.92,7335.1,EICHERMOT.NS
2026-05-05,7196.12,7049.7,7344.46,EICHERMOT.NS
2026-05-06,7201.96,7047.11,7342.46,EICHERMOT.NS
2026-05-07,7170.7,7018.54,7320.28,EICHERMOT.NS
2026-05-08,7180.69,7020.91,7327.79,EICHERMOT.NS
2026-05-11,7129.55,6979.08,7294.1,EICHERMOT.NS
2026-05-12,7137.19,6991.24,7293.06,EICHERMOT.NS
2026-05-13,7138.88,6984.58,7286.12,EICHERMOT.NS
2026-05-14,7104.43,6951.87,7259.96,EICHERMOT.NS
2026-05-15,7112.33,6963.0,7270.1,EICHERMOT.NS
2026-05-18,7062.62,6907.32,7219.05,EICHERMOT.NS
2026-05-19,7073.58,6912.38,7233.07,EICHERMOT.NS
2026-05-20,7080.1,6916.68,7231.82,EICHERMOT.NS
2026-05-21,7051.99,6904.12,7203.78,EICHERMOT.NS
2026-05-22,7067.7,6908.4,7220.82,EICHERMOT.NS
2026-05-25,7049.58,6898.84,7208.07,EICHERMOT.NS
2026-05-26,7073.36,6916.11,7233.15,EICHERMOT.NS
2026-05-27,7093.57,6944.8,7235.14,EICHERMOT.NS
2026-05-28,7079.81,6912.62,7234.14,EICHERMOT.NS
2026-05-29,7110.3,6966.32,7276.15,EICHERMOT.NS
2026-06-01,7136.57,6994.86,7289.96,EICHERMOT.NS
2026-06-02,7174.31,7017.91,7329.14,EICHERMOT.NS
2026-06-03,7207.6,7050.35,7350.8,EICHERMOT.NS
2026-06-04,7205.81,7055.39,7357.2,EICHERMOT.NS
2026-06-05,7246.93,7094.91,7398.84,EICHERMOT.NS
2026-06-08,7295.06,7139.29,7450.77,EICHERMOT.NS
2026-06-09,7336.23,7177.8,7470.9,EICHERMOT.NS
2026-06-10,7370.85,7221.18,7523.09,EICHERMOT.NS
2026-06-11,7368.26,7211.54,7530.25,EICHERMOT.NS
2026-06-12,7406.43,7248.91,7564.39,EICHERMOT.NS
2026-06-15,7433.46,7271.71,7580.13,EICHERMOT.NS
2026-06-16,7463.91,7297.1,7611.98,EICHERMOT.NS
2026-06-17,7486.27,7345.87,7645.19,EICHERMOT.NS
2026-06-18,7470.08,7321.32,7618.86,EICHERMOT.NS
2026-06-19,7493.59,7351.66,7669.32,EICHERMOT.NS
2026-06-22,7472.97,7323.88,7622.5,EICHERMOT.NS
2026-06-23,7487.33,7344.73,7641.38,EICHERMOT.NS
2026-06-24,7493.99,7338.64,7648.24,EICHERMOT.NS
2026-06-25,7462.82,7304.37,7612.2,EICHERMOT.NS
2026-06-26,7472.32,7317.67,7621.2,EICHERMOT.NS
2026-06-29,7418.22,7269.69,7563.15,EICHERMOT.NS
2026-06-30,7424.96,7274.45,7591.93,EICHERMOT.NS
2026-07-01,7426.08,7278.71,7598.41,EICHERMOT.NS
2026-07-02,7391.52,7249.25,7548.86,EICHERMOT.NS
2026-07-03,7399.9,7251.19,7542.48,EICHERMOT.NS
2026-07-06,7355.97,7191.31,7499.94,EICHERMOT.NS
2026-07-07,7370.46,7223.44,7523.47,EICHERMOT.NS
2026-07-08,7381.32,7235.66,7532.81,EICHERMOT.NS
2026-07-09,7358.34,7204.41,7517.88,EICHERMOT.NS
2026-07-10,7379.93,7229.57,7531.36,EICHERMOT.NS
2026-07-13,7383.07,7237.17,7542.21,EICHERMOT.NS
2026-07-14,7414.85,7259.61,7572.13,EICHERMOT.NS
2026-07-15,7443.33,7277.62,7588.87,EICHERMOT.NS
2026-07-16,7438.0,7289.18,7580.8,EICHERMOT.NS
2026-07-17,7476.99,7317.86,7631.26,EICHERMOT.NS
2026-07-20,7528.12,7360.51,7676.06,EICHERMOT.NS
2026-07-21,7573.68,7421.95,7717.53,EICHERMOT.NS
2026-07-22,7614.48,7461.08,7760.97,EICHERMOT.NS
2026-07-23,7619.85,7464.27,7782.23,EICHERMOT.NS
2026-07-24,7667.77,7522.23,7825.08,EICHERMOT.NS
2026-07-27,7734.48,7579.84,7892.64,EICHERMOT.NS
2026-07-28,7781.42,7635.21,7930.97,EICHERMOT.NS
2026-07-29,7821.77,7670.23,7973.88,EICHERMOT.NS
2026-07-30,7824.95,7662.6,7970.37,EICHERMOT.NS
2026-07-31,7869.09,7713.65,8018.76,EICHERMOT.NS
2026-08-03,7916.62,7760.71,8067.57,EICHERMOT.NS
2026-08-04,7955.3,7813.11,8110.24,EICHERMOT.NS
2026-08-05,7986.86,7828.41,8141.07,EICHERMOT.NS
2026-08-06,7981.0,7822.86,8134.02,EICHERMOT.NS
2026-08-07,8016.12,7852.22,8163.19,EICHERMOT.NS
2026-08-10,8039.41,7882.79,8188.29,EICHERMOT.NS
2026-08-11,8071.78,7924.26,8223.43,EICHERMOT.NS
2026-08-12,8098.31,7946.28,8249.4,EICHERMOT.NS
2026-08-13,8088.88,7930.59,8235.93,EICHERMOT.NS
2026-08-14,8122.05,7977.53,8276.17,EICHERMOT.NS
2026-08-17,8150.23,8002.0,8304.11,EICHERMOT.NS
2026-08-18,8187.99,8039.95,8359.32,EICHERMOT.NS
2026-08-19,8221.74,8063.34,8365.13,EICHERMOT.NS
2026-08-20,8221.31,8072.22,8372.4,EICHERMOT.NS
2026-08-21,8265.12,8121.2,8422.87,EICHERMOT.NS
2026-08-24,8333.37,8183.84,8490.45,EICHERMOT.NS
2026-08-25,8386.44,8234.2,8534.22,EICHERMOT.NS
2026-08-26,8436.04,8285.83,8594.54,EICHERMOT.NS
2026-08-27,8451.67,8296.0,8593.31,EICHERMOT.NS
2026-08-28,8511.47,8368.19,8667.57,EICHERMOT.NS
2026-08-31,8623.98,8458.5,8775.67,EICHERMOT.NS
2026-09-01,8689.52,8536.12,8834.78,EICHERMOT.NS
2026-09-02,8749.96,8597.74,8905.79,EICHERMOT.NS
2025-07-22,2703.01,2655.77,2752.4,GRASIM.NS
2025-07-23,2708.49,2659.83,2756.62,GRASIM.NS
2025-07-24,2706.26,2659.19,2756.8,GRASIM.NS
2025-07-25,2698.26,2647.27,2745.39,GRASIM.NS
2025-07-28,2710.64,2660.17,2760.84,GRASIM.NS
2025-07-29,2714.96,2667.96,2765.02,GRASIM.NS
2025-07-30,2725.47,2675.41,2776.25,GRASIM.NS
2025-07-31,2728.01,2675.97,2776.96,GRASIM.NS
2025-08-01,2724.43,2674.25,2771.7,GRASIM.NS
2025-08-04,2747.01,2701.61,2797.75,GRASIM.NS
2025-08-05,2753.48,2702.58,2803.14,GRASIM.NS
2025-08-06,2765.43,2718.45,2813.92,GRASIM.NS
2025-08-07,2768.71,2720.27,2818.27,GRASIM.NS
2025-08-08,2765.14,2718.89,2813.17,GRASIM.NS
2025-08-11,2783.78,2735.88,2831.33,GRASIM.NS
2025-08-12,2787.79,2741.33,2835.53,GRASIM.NS
2025-08-13,2796.85,2749.82,2849.05,GRASIM.NS
2025-08-14,2796.88,2745.44,2847.99,GRASIM.NS
2025-08-18,2797.57,2747.51,2850.22,GRASIM.NS
2025-08-19,2798.16,2749.09,2847.67,GRASIM.NS
2025-08-20,2804.05,2753.12,2856.28,GRASIM.NS
2025-08-21,2801.26,2752.31,2844.29,GRASIM.NS
2025-08-22,2791.79,2743.38,2838.79,GRASIM.NS
2025-08-25,2795.22,2750.9,2847.18,GRASIM.NS
2025-08-26,2795.41,2744.74,2844.45,GRASIM.NS
2025-08-28,2799.24,2752.64,2846.75,GRASIM.NS
2025-08-29,2790.81,2742.58,2839.01,GRASIM.NS
2025-09-01,2799.35,2747.78,2847.41,GRASIM.NS
2025-09-02,2801.63,2750.57,2850.05,GRASIM.NS
2025-09-03,2809.77,2759.6,2856.67,GRASIM.NS
2025-09-04,2809.66,2761.01,2858.53,GRASIM.NS
2025-09-05,2803.16,2751.31,2849.28,GRASIM.NS
2025-09-08,2815.75,2766.22,2863.9,GRASIM.NS
2025-09-09,2818.56,2768.4,2866.45,GRASIM.NS
2025-09-10,2826.74,2777.29,2872.76,GRASIM.NS
2025-09-11,2826.15,2776.22,2874.28,GRASIM.NS
2025-09-12,2818.64,2770.96,2866.98,GRASIM.NS
2025-09-15,2825.12,2779.53,2874.61,GRASIM.NS
2025-09-16,2825.02,2776.9,2873.0,GRASIM.NS
2025-09-17,2829.95,2781.4,2881.4,GRASIM.NS
2025-09-18,2825.86,2776.51,2872.8,GRASIM.NS
2025-09-19,2814.69,2762.42,2864.58,GRASIM.NS
2025-09-22,2810.35,2759.41,2853.53,GRASIM.NS
2025-09-23,2807.05,2758.15,2854.34,GRASIM.NS
2025-09-24,2809.16,2757.25,2858.2,GRASIM.NS
2025-09-25,2802.74,2756.13,2850.06,GRASIM.NS
2025-09-26,2789.81,2739.74,2839.53,GRASIM.NS
2025-09-29,2784.27,2736.2,2834.86,GRASIM.NS
2025-09-30,2782.07,2732.67,2831.86,GRASIM.NS
2025-10-01,2786.06,2736.19,2833.33,GRASIM.NS
2025-10-03,2772.69,2725.99,2823.1,GRASIM.NS
2025-10-06,2780.85,2734.29,2831.18,GRASIM.NS
2025-10-07,2784.14,2734.58,2831.67,GRASIM.NS
2025-10-08,2793.88,2748.01,2843.52,GRASIM.NS
2025-10-09,2795.98,2745.71,2843.75,GRASIM.NS
2025-10-10,2792.31,2739.51,2840.25,GRASIM.NS
2025-10-13,2816.84,2766.2,2867.63,GRASIM.NS
2025-10-14,2824.69,2774.55,2873.17,GRASIM.NS
2025-10-15,2838.35,2791.61,2886.24,GRASIM.NS
2025-10-16,2843.62,2791.77,2891.03,GRASIM.NS
2025-10-17,2842.27,2794.27,2890.57,GRASIM.NS
2025-10-20,2868.15,2813.78,2914.24,GRASIM.NS
2025-10-21,2874.47,2826.0,2922.49,GRASIM.NS
2025-10-23,2887.42,2840.71,2938.01,GRASIM.NS
2025-10-24,2881.7,2833.73,2932.12,GRASIM.NS
2025-10-27,2889.93,2839.84,2939.91,GRASIM.NS
2025-10-28,2889.21,2841.26,2938.1,GRASIM.NS
2025-10-29,2892.94,2843.49,2940.64,GRASIM.NS
2025-10-30,2887.09,2838.64,2937.19,GRASIM.NS
2025-10-31,2873.62,2825.04,2924.72,GRASIM.NS
2025-11-03,2859.43,2809.65,2906.06,GRASIM.NS
2025-11-04,2851.94,2803.66,2902.26,GRASIM.NS
2025-11-06,2838.04,2788.12,2886.91,GRASIM.NS
2025-11-07,2819.75,2775.87,2871.14,GRASIM.NS
2025-11-10,2796.08,2747.57,2849.29,GRASIM.NS
2025-11-11,2787.21,2739.02,2839.89,GRASIM.NS
2025-11-12,2784.24,2735.64,2834.99,GRASIM.NS
2025-11-13,2773.21,2726.34,2823.59,GRASIM.NS
2025-11-14,2756.14,2708.4,2803.34,GRASIM.NS
2025-11-17,2740.58,2690.88,2790.42,GRASIM.NS
2025-11-18,2735.65,2686.91,2781.22,GRASIM.NS
2025-11-19,2737.09,2690.75,2791.13,GRASIM.NS
2025-11-20,2730.85,2683.39,2777.27,GRASIM.NS
2025-11-21,2718.87,2664.53,2765.99,GRASIM.NS
2025-11-24,2719.37,2669.75,2766.44,GRASIM.NS
2025-11-25,2719.78,2669.12,2769.61,GRASIM.NS
2025-11-26,2726.43,2673.05,2773.19,GRASIM.NS
2025-11-27,2725.23,2674.08,2774.46,GRASIM.NS
2025-11-28,2718.04,2670.46,2765.4,GRASIM.NS
2025-12-01,2731.13,2680.76,2778.18,GRASIM.NS
2025-12-02,2735.08,2686.98,2786.69,GRASIM.NS
2025-12-03,2744.93,2697.88,2792.77,GRASIM.NS
2025-12-04,2746.58,2699.76,2795.69,GRASIM.NS
2025-12-05,2741.91,2691.35,2786.58,GRASIM.NS
2025-12-08,2760.77,2710.55,2809.36,GRASIM.NS
2025-12-09,2766.11,2714.41,2813.08,GRASIM.NS
2025-12-10,2777.12,2730.52,2828.61,GRASIM.NS
2025-12-11,2779.72,2731.35,2828.0,GRASIM.NS
2025-12-12,2775.81,2728.3,2825.67,GRASIM.NS
2025-12-15,2795.87,2747.97,2843.3,GRASIM.NS
2025-12-16,2801.26,2751.47,2848.45,GRASIM.NS
2025-12-17,2812.14,2765.69,2859.84,GRASIM.NS
2025-12-18,2814.42,2765.08,2861.64,GRASIM.NS
2025-12-19,2809.98,2759.5,2859.04,GRASIM.NS
2025-12-22,2827.07,2774.59,2875.76,GRASIM.NS
2025-12-23,2830.95,2783.38,2878.51,GRASIM.NS
2025-12-24,2840.03,2790.78,2886.02,GRASIM.NS
2025-12-26,2833.39,2783.89,2879.49,GRASIM.NS
2025-12-29,2841.55,2792.28,2889.68,GRASIM.NS
2025-12-30,2841.92,2795.44,2889.44,GRASIM.NS
2025-12-31,2847.29,2797.29,2895.71,GRASIM.NS
2026-01-01,2843.58,2796.16,2889.63,GRASIM.NS
2026-01-02,2832.73,2781.19,2879.86,GRASIM.NS
2026-01-05,2828.71,2776.55,2878.73,GRASIM.NS
2026-01-06,2825.22,2776.89,2874.88,GRASIM.NS
2026-01-07,2826.93,2781.0,2880.54,GRASIM.NS
2026-01-08,2819.88,2773.04,2868.64,GRASIM.NS
2026-01-09,2806.06,2757.75,2853.53,GRASIM.NS
2026-01-12,2796.11,2748.98,2846.2,GRASIM.NS
2026-01-13,2791.84,2749.94,2838.7,GRASIM.NS
2026-01-14,2793.45,2746.05,2843.65,GRASIM.NS
2026-01-15,2786.99,2737.29,2834.7,GRASIM.NS
2026-01-16,2774.49,2721.28,2821.25,GRASIM.NS
2026-01-19,2772.77,2723.85,2820.42,GRASIM.NS
2026-01-20,2772.56,2723.52,2821.83,GRASIM.NS
2026-01-21,2778.83,2729.67,2824.76,GRASIM.NS
2026-01-22,2777.53,2727.62,2827.29,GRASIM.NS
2026-01-23,2770.62,2721.83,2818.6,GRASIM.NS
2026-01-27,2793.24,2744.79,2842.32,GRASIM.NS
2026-01-28,2805.62,2756.18,2853.95,GRASIM.NS
2026-01-29,2810.21,2758.04,2859.51,GRASIM.NS
2026-01-30,2808.81,2760.05,2856.49,GRASIM.NS
2026-02-02,2838.68,2790.62,2887.76,GRASIM.NS
2026-02-03,2847.75,2798.49,2896.62,GRASIM.NS
2026-02-04,2862.34,2813.53,2908.93,GRASIM.NS
2026-02-05,2868.24,2823.48,2916.07,GRASIM.NS
2026-02-06,2867.23,2818.37,2921.45,GRASIM.NS
2026-02-09,2892.59,2842.36,2939.33,GRASIM.NS
2026-02-10,2898.28,2852.11,2949.84,GRASIM.NS
2026-02-11,2908.62,2855.92,2956.13,GRASIM.NS
2026-02-12,2909.46,2857.24,2955.35,GRASIM.NS
2026-02-13,2902.65,2852.46,2951.34,GRASIM.NS
2026-02-16,2907.0,2858.89,2956.96,GRASIM.NS
2026-02-17,2904.84,2860.52,2959.03,GRASIM.NS
2026-02-18,2907.08,2858.27,2953.3,GRASIM.NS
2026-02-19,2899.68,2847.8,2950.57,GRASIM.NS
2026-02-20,2884.61,2836.62,2933.99,GRASIM.NS
2026-02-23,2865.15,2814.35,2912.33,GRASIM.NS
2026-02-24,2855.69,2807.76,2907.46,GRASIM.NS
2026-02-25,2851.09,2799.93,2898.63,GRASIM.NS
2026-02-26,2837.4,2785.37,2886.8,GRASIM.NS
2026-02-27,2816.62,2768.2,2865.66,GRASIM.NS
2026-03-02,2784.04,2734.62,2835.05,GRASIM.NS
2026-03-04,2764.81,2716.59,2813.04,GRASIM.NS
2026-03-05,2749.6,2701.42,2798.53,GRASIM.NS
2026-03-06,2728.03,2676.8,2778.82,GRASIM.NS
2026-03-09,2697.02,2650.24,2747.74,GRASIM.NS
2026-03-10,2686.35,2636.56,2737.14,GRASIM.NS
2026-03-11,2681.8,2634.42,2733.93,GRASIM.NS
2026-03-12,2669.37,2618.38,2717.26,GRASIM.NS
2026-03-13,2651.02,2600.97,2699.9,GRASIM.NS
2026-03-16,2631.97,2580.12,2682.02,GRASIM.NS
2026-03-17,2625.89,2577.87,2678.56,GRASIM.NS
2026-03-18,2626.19,2578.33,2675.85,GRASIM.NS
2026-03-19,2618.8,2571.97,2664.28,GRASIM.NS
2026-03-20,2605.67,2553.6,2657.28,GRASIM.NS
2026-03-23,2602.93,2556.07,2649.76,GRASIM.NS
2026-03-24,2602.42,2550.48,2652.23,GRASIM.NS
2026-03-25,2608.29,2563.87,2660.03,GRASIM.NS
2026-03-27,2598.84,2550.63,2647.28,GRASIM.NS
2026-03-30,2612.08,2561.31,2660.93,GRASIM.NS
2026-04-01,2627.31,2577.35,2676.93,GRASIM.NS
2026-04-02,2630.1,2585.14,2680.42,GRASIM.NS
2026-04-06,2651.28,2605.77,2702.86,GRASIM.NS
2026-04-07,2658.85,2607.67,2708.67,GRASIM.NS
2026-04-08,2672.22,2621.92,2718.13,GRASIM.NS
2026-04-09,2677.28,2627.76,2724.55,GRASIM.NS
2026-04-10,2675.87,2626.88,2722.82,GRASIM.NS
2026-04-13,2703.54,2652.27,2751.02,GRASIM.NS
2026-04-15,2724.77,2671.67,2772.97,GRASIM.NS
2026-04-16,2729.5,2680.22,2776.48,GRASIM.NS
2026-04-17,2727.52,2680.75,2780.42,GRASIM.NS
2026-04-20,2752.4,2704.52,2799.71,GRASIM.NS
2026-04-21,2759.21,2708.89,2810.13,GRASIM.NS
2026-04-22,2771.51,2722.77,2820.82,GRASIM.NS
2026-04-23,2775.28,2729.2,2823.56,GRASIM.NS
2026-04-24,2772.5,2722.37,2821.87,GRASIM.NS
2026-04-27,2796.49,2743.96,2843.74,GRASIM.NS
2026-04-28,2803.66,2755.22,2851.33,GRASIM.NS
2026-04-29,2816.71,2767.78,2864.83,GRASIM.NS
2026-04-30,2821.66,2773.06,2866.48,GRASIM.NS
2026-05-01,2820.46,2769.58,2870.93,GRASIM.NS
2026-05-04,2851.65,2801.57,2901.92,GRASIM.NS
2026-05-05,2861.93,2813.58,2908.74,GRASIM.NS
2026-05-06,2878.37,2828.28,2926.67,GRASIM.NS
2026-05-07,2886.91,2834.52,2934.02,GRASIM.NS
2026-05-08,2889.45,2841.96,2937.82,GRASIM.NS
2026-05-11,2931.78,2879.62,2980.19,GRASIM.NS
2026-05-12,2945.45,2895.42,2992.4,GRASIM.NS
2026-05-13,2964.96,2916.33,3018.9,GRASIM.NS
2026-05-14,2976.14,2928.53,3025.04,GRASIM.NS
2026-05-15,2980.82,2927.73,3029.0,GRASIM.NS
2026-05-18,3025.8,2974.43,3072.35,GRASIM.NS
2026-05-19,3038.9,2987.79,3090.36,GRASIM.NS
2026-05-20,3057.05,3009.45,3104.92,GRASIM.NS
2026-05-21,3066.09,3016.21,3116.75,GRASIM.NS
2026-05-22,3067.83,3016.76,3119.08,GRASIM.NS
2026-05-25,3099.57,3055.9,3149.48,GRASIM.NS
2026-05-26,3106.98,3054.57,3157.65,GRASIM.NS
2026-05-27,3118.94,3069.56,3166.28,GRASIM.NS
2026-05-28,3121.37,3071.45,3172.23,GRASIM.NS
2026-05-29,3116.23,3067.72,3163.35,GRASIM.NS
2026-06-01,3126.78,3077.65,3174.28,GRASIM.NS
2026-06-02,3127.38,3078.23,3173.29,GRASIM.NS
2026-06-03,3132.85,3086.02,3178.77,GRASIM.NS
2026-06-04,3129.25,3081.0,3177.82,GRASIM.NS
2026-06-05,3118.62,3069.97,3168.48,GRASIM.NS
2026-06-08,3116.91,3067.06,3165.9,GRASIM.NS
2026-06-09,3115.01,3066.33,3163.25,GRASIM.NS
2026-06-10,3118.84,3069.55,3171.21,GRASIM.NS
2026-06-11,3114.47,3066.98,3159.38,GRASIM.NS
2026-06-12,3103.9,3054.67,3153.81,GRASIM.NS
2026-06-15,3106.94,3058.44,3156.07,GRASIM.NS
2026-06-16,3107.92,3061.41,3153.53,GRASIM.NS
2026-06-17,3115.11,3065.59,3164.49,GRASIM.NS
2026-06-18,3114.45,3068.07,3159.9,GRASIM.NS
2026-06-19,3107.84,3057.88,3158.85,GRASIM.NS
2026-06-22,3122.97,3074.5,3171.78,GRASIM.NS
2026-06-23,3127.61,3081.26,3173.51,GRASIM.NS
2026-06-24,3138.1,3091.44,3183.86,GRASIM.NS
2026-06-25,3140.26,3088.13,3189.6,GRASIM.NS
2026-06-26,3135.91,3085.41,3185.2,GRASIM.NS
2026-06-29,3153.79,3103.95,3204.33,GRASIM.NS
2026-06-30,3157.9,3108.55,3206.08,GRASIM.NS
2026-07-01,3167.12,3118.79,3216.42,GRASIM.NS
2026-07-02,3167.3,3117.31,3217.96,GRASIM.NS
2026-07-03,3160.32,3112.15,3207.54,GRASIM.NS
2026-07-06,3167.08,3119.39,3215.2,GRASIM.NS
2026-07-07,3166.73,3121.81,3221.61,GRASIM.NS
2026-07-08,3171.3,3121.83,3221.0,GRASIM.NS
2026-07-09,3166.77,3119.96,3214.81,GRASIM.NS
2026-07-10,3155.13,3105.21,3203.36,GRASIM.NS
2026-07-13,3149.51,3096.96,3199.78,GRASIM.NS
2026-07-14,3145.93,3097.88,3196.75,GRASIM.NS
2026-07-15,3147.88,3100.67,3195.88,GRASIM.NS
2026-07-16,3141.42,3095.33,3192.51,GRASIM.NS
2026-07-17,3128.58,3079.12,3180.14,GRASIM.NS
2026-07-20,3124.05,3076.16,3172.29,GRASIM.NS
2026-07-21,3122.39,3070.64,3172.35,GRASIM.NS
2026-07-22,3126.97,3072.7,3174.14,GRASIM.NS
2026-07-23,3123.8,3071.97,3171.52,GRASIM.NS
2026-07-24,3114.84,3067.0,3162.17,GRASIM.NS
2026-07-27,3124.4,3075.97,3177.14,GRASIM.NS
2026-07-28,3127.89,3081.76,3177.27,GRASIM.NS
2026-07-29,3137.64,3087.45,3186.58,GRASIM.NS
2026-07-30,3139.54,3089.38,3185.53,GRASIM.NS
2026-07-31,3135.42,3088.7,3183.73,GRASIM.NS
2026-08-03,3157.16,3111.35,3206.5,GRASIM.NS
2026-08-04,3163.62,3115.49,3210.51,GRASIM.NS
2026-08-05,3175.69,3127.47,3229.86,GRASIM.NS
2026-08-06,3179.21,3132.67,3229.39,GRASIM.NS
2026-08-07,3176.0,3127.06,3221.45,GRASIM.NS
2026-08-10,3196.25,3149.27,3245.28,GRASIM.NS
2026-08-11,3200.92,3153.23,3247.75,GRASIM.NS
2026-08-12,3210.66,3162.72,3257.73,GRASIM.NS
2026-08-13,3211.39,3165.31,3262.99,GRASIM.NS
2026-08-14,3205.01,3157.03,3254.12,GRASIM.NS
2026-08-17,3214.55,3165.3,3265.33,GRASIM.NS
2026-08-18,3215.6,3168.27,3261.23,GRASIM.NS
2026-08-19,3221.86,3172.36,3270.07,GRASIM.NS
2026-08-20,3219.35,3170.12,3269.49,GRASIM.NS
2026-08-21,3210.06,3158.53,3261.1,GRASIM.NS
2026-08-24,3213.43,3161.52,3258.54,GRASIM.NS
2026-08-25,3213.43,3166.22,3264.89,GRASIM.NS
2026-08-26,3219.16,3171.9,3267.36,GRASIM.NS
2026-08-27,3216.65,3169.16,3264.77,GRASIM.NS
2026-08-28,3207.85,3156.57,3257.24,GRASIM.NS
2026-08-31,3215.16,3166.83,3264.66,GRASIM.NS
2026-09-01,3217.06,3167.12,3266.36,GRASIM.NS
2026-09-02,3224.86,3179.31,3275.03,GRASIM.NS
2025-07-22,1411.07,1378.77,1440.71,HCLTECH.NS
2025-07-23,1415.75,1384.38,1445.14,HCLTECH.NS
2025-07-24,1417.66,1385.62,1449.89,HCLTECH.NS
2025-07-25,1417.95,1385.29,1448.76,HCLTECH.NS
2025-07-28,1431.1,1400.96,1461.32,HCLTECH.NS
2025-07-29,1432.7,1400.18,1465.5,HCLTECH.NS
2025-07-30,1433.61,1401.73,1466.2,HCLTECH.NS
2025-07-31,1431.72,1401.76,1465.39,HCLTECH.NS
2025-08-01,1428.22,1396.49,1457.97,HCLTECH.NS
2025-08-04,1430.79,1399.54,1461.45,HCLTECH.NS
2025-08-05,1429.29,1397.18,1463.2,HCLTECH.NS
2025-08-06,1427.4,1397.94,1460.09,HCLTECH.NS
2025-08-07,1423.05,1390.59,1456.38,HCLTECH.NS
2025-08-08,1417.46,1385.31,1447.73,HCLTECH.NS
2025-08-11,1416.16,1385.54,1449.01,HCLTECH.NS
2025-08-12,1414.21,1381.82,1443.49,HCLTECH.NS
2025-08-13,1412.28,1382.09,1444.34,HCLTECH.NS
2025-08-14,1408.28,1375.68,1438.06,HCLTECH.NS
2025-08-18,1406.02,1374.27,1436.65,HCLTECH.NS
2025-08-19,1405.79,1375.01,1439.05,HCLTECH.NS
2025-08-20,1405.7,1374.06,1436.43,HCLTECH.NS
2025-08-21,1403.59,1371.63,1436.76,HCLTECH.NS
2025-08-22,1400.6,1365.55,1432.01,HCLTECH.NS
2025-08-25,1408.22,1377.07,1440.71,HCLTECH.NS
2025-08-26,1409.26,1379.38,1441.27,HCLTECH.NS
2025-08-28,1408.75,1377.18,1440.97,HCLTECH.NS
2025-08-29,1406.12,1374.75,1437.07,HCLTECH.NS
2025-09-01,1412.72,1381.45,1444.2,HCLTECH.NS
2025-09-02,1412.73,1384.71,1445.6,HCLTECH.NS
2025-09-03,1412.3,1380.22,1443.15,HCLTECH.NS
2025-09-04,1409.25,1377.07,1442.57,HCLTECH.NS
2025-09-05,1404.75,1370.74,1435.65,HCLTECH.NS
2025-09-08,1404.77,1373.69,1436.98,HCLTECH.NS
2025-09-09,1402.46,1369.95,1434.62,HCLTECH.NS
2025-09-10,1399.74,1366.0,1431.15,HCLTECH.NS
2025-09-11,1394.5,1363.12,1424.18,HCLTECH.NS
2025-09-12,1387.96,1356.6,1418.97,HCLTECH.NS
2025-09-15,1383.33,1351.72,1416.28,HCLTECH.NS
2025-09-16,1380.12,1349.54,1410.92,HCLTECH.NS
2025-09-17,1376.87,1344.78,1408.77,HCLTECH.NS
2025-09-18,1371.5,1339.31,1404.08,HCLTECH.NS
2025-09-19,1365.25,1331.33,1395.66,HCLTECH.NS
2025-09-22,1363.97,1332.8,1395.93,HCLTECH.NS
2025-09-23,1362.64,1330.19,1394.02,HCLTECH.NS
2025-09-24,1361.63,1330.1,1395.86,HCLTECH.NS
2025-09-25,1358.8,1325.17,1390.39,HCLTECH.NS
2025-09-26,1355.35,1324.42,1386.07,HCLTECH.NS
2025-09-29,1363.54,1333.22,1395.79,HCLTECH.NS
2025-09-30,1365.55,1334.45,1397.46,HCLTECH.NS
2025-10-01,1367.86,1333.47,1397.04,HCLTECH.NS
2025-10-03,1368.02,1339.16,1401.63,HCLTECH.NS
2025-10-06,1384.66,1353.29,1416.94,HCLTECH.NS
2025-10-07,1389.01,1356.55,1419.16,HCLTECH.NS
2025-10-08,1393.4,1360.35,1423.36,HCLTECH.NS
2025-10-09,1395.63,1364.66,1426.72,HCLTECH.NS
2025-10-10,1396.84,1367.0,1429.64,HCLTECH.NS
2025-10-13,1416.22,1383.57,1449.6,HCLTECH.NS
2025-10-14,1420.95,1387.54,1450.01,HCLTECH.NS
2025-10-15,1425.48,1393.59,1455.33,HCLTECH.NS
2025-10-16,1427.65,1394.65,1461.51,HCLTECH.NS
2025-10-17,1428.62,1398.9,1458.08,HCLTECH.NS
2025-10-20,1446.48,1415.86,1479.46,HCLTECH.NS
2025-10-21,1450.55,1419.48,1481.88,HCLTECH.NS
2025-10-23,1455.85,1424.97,1488.83,HCLTECH.NS
2025-10-24,1456.13,1424.87,1487.3,HCLTECH.NS
2025-10-27,1472.17,1440.55,1503.21,HCLTECH.NS
2025-10-28,1475.75,1443.45,1510.4,HCLTECH.NS
2025-10-29,1479.16,1448.74,1513.21,HCLTECH.NS
2025-10-30,1480.27,1447.02,1513.03,HCLTECH.NS
2025-10-31,1480.24,1450.61,1514.06,HCLTECH.NS
2025-11-03,1495.67,1464.38,1527.22,HCLTECH.NS
2025-11-04,1499.11,1466.26,1530.65,HCLTECH.NS
2025-11-06,1503.39,1471.37,1532.65,HCLTECH.NS
2025-11-07,1503.25,1472.65,1534.08,HCLTECH.NS
2025-11-10,1518.3,1487.73,1551.85,HCLTECH.NS
2025-11-11,1521.59,1488.01,1551.7,HCLTECH.NS
2025-11-12,1524.73,1492.72,1556.35,HCLTECH.NS
2025-11-13,1525.56,1493.22,1558.63,HCLTECH.NS
2025-11-14,1525.27,1493.03,1554.89,HCLTECH.NS
2025-11-17,1539.98,1508.4,1570.45,HCLTECH.NS
2025-11-18,1543.23,1511.36,1574.72,HCLTECH.NS
2025-11-19,1546.38,1515.24,1576.5,HCLTECH.NS
2025-11-20,1547.28,1516.19,1577.41,HCLTECH.NS
2025-11-21,1547.12,1515.09,1579.64,HCLTECH.NS
2025-11-24,1562.61,1529.76,1594.2,HCLTECH.NS
2025-11-25,1566.24,1533.45,1595.59,HCLTECH.NS
2025-11-26,1569.79,1538.94,1601.98,HCLTECH.NS
2025-11-27,1571.13,1537.31,1603.07,HCLTECH.NS
2025-11-28,1571.4,1535.22,1603.78,HCLTECH.NS
2025-12-01,1587.89,1554.14,1619.74,HCLTECH.NS
2025-12-02,1591.66,1558.29,1623.59,HCLTECH.NS
2025-12-03,1595.2,1563.71,1626.07,HCLTECH.NS
2025-12-04,1596.35,1563.73,1627.85,HCLTECH.NS
2025-12-05,1596.21,1561.7,1627.91,HCLTECH.NS
2025-12-08,1609.97,1578.65,1642.94,HCLTECH.NS
2025-12-09,1612.26,1579.29,1644.85,HCLTECH.NS
2025-12-10,1614.02,1582.57,1645.81,HCLTECH.NS
2025-12-11,1613.09,1579.51,1645.9,HCLTECH.NS
2025-12-12,1610.59,1579.23,1642.06,HCLTECH.NS
2025-12-15,1615.8,1583.12,1646.96,HCLTECH.NS
2025-12-16,1614.88,1581.84,1648.18,HCLTECH.NS
2025-12-17,1613.33,1581.61,1643.08,HCLTECH.NS
2025-12-18,1609.05,1575.33,1639.56,HCLTECH.NS
2025-12-19,1603.24,1570.52,1635.46,HCLTECH.NS
2025-12-22,1599.39,1568.0,1629.66,HCLTECH.NS
2025-12-23,1595.99,1563.89,1625.02,HCLTECH.NS
2025-12-24,1592.36,1562.27,1624.66,HCLTECH.NS
2025-12-26,1579.52,1548.2,1612.01,HCLTECH.NS
2025-12-29,1575.82,1543.46,1605.87,HCLTECH.NS
2025-12-30,1573.73,1541.71,1603.42,HCLTECH.NS
2025-12-31,1572.04,1538.33,1602.65,HCLTECH.NS
2026-01-01,1568.7,1536.39,1601.61,HCLTECH.NS
2026-01-02,1564.93,1534.37,1597.17,HCLTECH.NS
2026-01-05,1573.73,1541.63,1604.84,HCLTECH.NS
2026-01-06,1576.56,1545.63,1608.47,HCLTECH.NS
2026-01-07,1580.03,1548.42,1611.74,HCLTECH.NS
2026-01-08,1581.95,1550.34,1612.75,HCLTECH.NS
2026-01-09,1583.45,1550.02,1614.86,HCLTECH.NS
2026-01-12,1606.85,1576.43,1638.27,HCLTECH.NS
2026-01-13,1613.75,1580.95,1646.03,HCLTECH.NS
2026-01-14,1620.69,1589.72,1652.14,HCLTECH.NS
2026-01-15,1625.4,1592.26,1654.34,HCLTECH.NS
2026-01-16,1628.89,1597.27,1659.79,HCLTECH.NS
2026-01-19,1652.87,1619.4,1682.89,HCLTECH.NS
2026-01-20,1658.01,1626.77,1690.75,HCLTECH.NS
2026-01-21,1662.19,1630.0,1696.43,HCLTECH.NS
2026-01-22,1663.14,1632.17,1693.61,HCLTECH.NS
2026-01-23,1661.93,1631.4,1694.29,HCLTECH.NS
2026-01-27,1663.99,1632.19,1695.15,HCLTECH.NS
2026-01-28,1659.83,1626.86,1692.01,HCLTECH.NS
2026-01-29,1652.05,1620.34,1686.17,HCLTECH.NS
2026-01-30,1641.85,1609.82,1673.85,HCLTECH.NS
2026-02-02,1619.6,1585.69,1650.54,HCLTECH.NS
2026-02-03,1608.37,1577.37,1638.71,HCLTECH.NS
2026-02-04,1596.11,1565.4,1627.51,HCLTECH.NS
2026-02-05,1580.82,1548.35,1611.98,HCLTECH.NS
2026-02-06,1563.8,1530.47,1594.2,HCLTECH.NS
2026-02-09,1526.06,1494.27,1556.81,HCLTECH.NS
2026-02-10,1511.53,1480.47,1546.46,HCLTECH.NS
2026-02-11,1496.97,1465.04,1530.57,HCLTECH.NS
2026-02-12,1480.36,1448.46,1514.21,HCLTECH.NS
2026-02-13,1462.98,1432.94,1494.08,HCLTECH.NS
2026-02-16,1429.56,1399.02,1461.92,HCLTECH.NS
2026-02-17,1418.03,1387.6,1447.61,HCLTECH.NS
2026-02-18,1407.1,1374.29,1439.11,HCLTECH.NS
2026-02-19,1394.65,1364.09,1426.91,HCLTECH.NS
2026-02-20,1381.86,1352.7,1415.07,HCLTECH.NS
2026-02-23,1363.61,1333.08,1394.63,HCLTECH.NS
2026-02-24,1357.27,1326.65,1387.95,HCLTECH.NS
2026-02-25,1351.41,1318.42,1380.42,HCLTECH.NS
2026-02-26,1343.84,1310.82,1376.3,HCLTECH.NS
2026-02-27,1335.67,1302.9,1367.2,HCLTECH.NS
2026-03-02,1329.22,1299.64,1361.42,HCLTECH.NS
2026-03-04,1322.91,1291.21,1356.8,HCLTECH.NS
2026-03-05,1317.72,1284.75,1348.57,HCLTECH.NS
2026-03-06,1311.58,1279.15,1344.95,HCLTECH.NS
2026-03-09,1309.6,1278.3,1343.74,HCLTECH.NS
2026-03-10,1307.57,1275.92,1340.01,HCLTECH.NS
2026-03-11,1305.59,1273.64,1337.14,HCLTECH.NS
2026-03-12,1301.53,1268.39,1333.36,HCLTECH.NS
2026-03-13,1296.63,1265.32,1329.85,HCLTECH.NS
2026-03-16,1299.52,1268.29,1331.22,HCLTECH.NS
2026-03-17,1299.65,1269.89,1329.69,HCLTECH.NS
2026-03-18,1300.14,1270.58,1332.26,HCLTECH.NS
2026-03-19,1298.9,1266.26,1332.34,HCLTECH.NS
2026-03-20,1297.13,1263.75,1328.46,HCLTECH.NS
2026-03-23,1311.08,1278.77,1344.06,HCLTECH.NS
2026-03-24,1315.28,1283.23,1348.41,HCLTECH.NS
2026-03-25,1319.91,1288.23,1352.05,HCLTECH.NS
2026-03-27,1325.06,1293.94,1354.87,HCLTECH.NS
2026-03-30,1349.44,1316.68,1381.56,HCLTECH.NS
2026-04-01,1362.85,1331.77,1395.76,HCLTECH.NS
2026-04-02,1367.02,1335.24,1399.23,HCLTECH.NS
2026-04-06,1390.58,1357.69,1421.02,HCLTECH.NS
2026-04-07,1394.36,1361.15,1426.34,HCLTECH.NS
2026-04-08,1397.06,1365.95,1429.52,HCLTECH.NS
2026-04-09,1396.44,1366.11,1426.8,HCLTECH.NS
2026-04-10,1393.58,1361.96,1424.42,HCLTECH.NS
2026-04-13,1393.19,1359.19,1422.14,HCLTECH.NS
2026-04-15,1383.04,1350.37,1416.35,HCLTECH.NS
2026-04-16,1373.72,1342.55,1407.78,HCLTECH.NS
2026-04-17,1362.1,1331.36,1395.67,HCLTECH.NS
2026-04-20,1336.54,1303.5,1367.8,HCLTECH.NS
2026-04-21,1324.62,1293.93,1355.72,HCLTECH.NS
2026-04-22,1311.93,1279.31,1343.84,HCLTECH.NS
2026-04-23,1296.47,1266.91,1327.48,HCLTECH.NS
2026-04-24,1279.57,1247.27,1311.69,HCLTECH.NS
2026-04-27,1244.14,1211.4,1274.92,HCLTECH.NS
2026-04-28,1231.09,1198.29,1262.54,HCLTECH.NS
2026-04-29,1218.37,1188.3,1249.03,HCLTECH.NS
2026-04-30,1203.99,1171.31,1236.13,HCLTECH.NS
2026-05-01,1189.23,1156.82,1221.99,HCLTECH.NS
2026-05-04,1165.99,1134.96,1197.57,HCLTECH.NS
2026-05-05,1158.63,1126.36,1189.54,HCLTECH.NS
2026-05-06,1152.24,1119.84,1185.13,HCLTECH.NS
2026-05-07,1144.69,1110.61,1174.89,HCLTECH.NS
2026-05-08,1137.15,1105.94,1169.51,HCLTECH.NS
2026-05-11,1136.47,1104.98,1168.67,HCLTECH.NS
2026-05-12,1136.5,1105.4,1168.91,HCLTECH.NS
2026-05-13,1137.21,1105.61,1167.97,HCLTECH.NS
2026-05-14,1136.37,1103.86,1168.7,HCLTECH.NS
2026-05-15,1135.04,1100.84,1165.46,HCLTECH.NS
2026-05-18,1149.22,1118.18,1181.15,HCLTECH.NS
2026-05-19,1152.74,1122.76,1183.12,HCLTECH.NS
2026-05-20,1156.17,1123.91,1186.97,HCLTECH.NS
2026-05-21,1157.25,1126.12,1186.28,HCLTECH.NS
2026-05-22,1157.05,1125.69,1186.21,HCLTECH.NS
2026-05-25,1170.21,1137.91,1203.86,HCLTECH.NS
2026-05-26,1172.07,1142.61,1201.68,HCLTECH.NS
2026-05-27,1173.29,1142.07,1206.05,HCLTECH.NS
2026-05-28,1171.69,1139.07,1202.11,HCLTECH.NS
2026-05-29,1168.42,1137.34,1202.52,HCLTECH.NS
2026-06-01,1170.84,1139.8,1202.17,HCLTECH.NS
2026-06-02,1168.91,1137.64,1199.29,HCLTECH.NS
2026-06-03,1166.35,1132.66,1197.87,HCLTECH.NS
2026-06-04,1161.08,1129.4,1192.72,HCLTECH.NS
2026-06-05,1154.31,1122.25,1187.57,HCLTECH.NS
2026-06-08,1147.81,1116.27,1181.82,HCLTECH.NS
2026-06-09,1143.59,1113.47,1174.56,HCLTECH.NS
2026-06-10,1139.13,1106.27,1169.3,HCLTECH.NS
2026-06-11,1132.35,1100.29,1166.24,HCLTECH.NS
2026-06-12,1124.5,1091.23,1156.04,HCLTECH.NS
2026-06-15,1117.26,1085.44,1149.02,HCLTECH.NS
2026-06-16,1113.59,1082.36,1142.57,HCLTECH.NS
2026-06-17,1110.06,1077.05,1141.92,HCLTECH.NS
2026-06-18,1104.57,1073.47,1136.79,HCLTECH.NS
2026-06-19,1098.32,1068.19,1130.59,HCLTECH.NS
2026-06-22,1097.58,1065.76,1129.59,HCLTECH.NS
2026-06-23,1096.54,1065.05,1128.03,HCLTECH.NS
2026-06-24,1095.83,1064.14,1129.31,HCLTECH.NS
2026-06-25,1093.32,1063.53,1125.28,HCLTECH.NS
2026-06-26,1090.19,1058.3,1122.95,HCLTECH.NS
2026-06-29,1099.4,1068.17,1129.19,HCLTECH.NS
2026-06-30,1101.79,1066.41,1132.45,HCLTECH.NS
2026-07-01,1104.53,1072.66,1138.51,HCLTECH.NS
2026-07-02,1105.48,1073.14,1134.12,HCLTECH.NS
2026-07-03,1105.79,1073.91,1137.83,HCLTECH.NS
2026-07-06,1124.92,1091.93,1154.72,HCLTECH.NS
2026-07-07,1130.42,1099.05,1159.53,HCLTECH.NS
2026-07-08,1136.12,1105.49,1168.76,HCLTECH.NS
2026-07-09,1139.86,1106.78,1171.89,HCLTECH.NS
2026-07-10,1142.75,1107.99,1174.15,HCLTECH.NS
2026-07-13,1168.13,1134.67,1199.95,HCLTECH.NS
2026-07-14,1175.13,1143.72,1206.78,HCLTECH.NS
2026-07-15,1181.99,1148.83,1211.48,HCLTECH.NS
2026-07-16,1186.51,1154.89,1218.13,HCLTECH.NS
2026-07-17,1189.81,1155.27,1219.39,HCLTECH.NS
2026-07-20,1214.03,1181.4,1249.76,HCLTECH.NS
2026-07-21,1219.81,1190.03,1251.91,HCLTECH.NS
2026-07-22,1225.06,1193.88,1255.79,HCLTECH.NS
2026-07-23,1227.6,1196.13,1258.41,HCLTECH.NS
2026-07-24,1228.54,1197.16,1260.97,HCLTECH.NS
2026-07-27,1243.81,1213.27,1273.83,HCLTECH.NS
2026-07-28,1246.12,1213.26,1278.32,HCLTECH.NS
2026-07-29,1247.73,1219.27,1278.76,HCLTECH.NS
2026-07-30,1246.51,1215.29,1278.03,HCLTECH.NS
2026-07-31,1243.65,1212.3,1276.46,HCLTECH.NS
2026-08-03,1247.8,1216.57,1281.31,HCLTECH.NS
2026-08-04,1246.69,1216.54,1277.32,HCLTECH.NS
2026-08-05,1245.12,1212.36,1273.62,HCLTECH.NS
2026-08-06,1241.01,1210.88,1272.28,HCLTECH.NS
2026-08-07,1235.58,1206.39,1266.59,HCLTECH.NS
2026-08-10,1234.31,1203.81,1267.6,HCLTECH.NS
2026-08-11,1232.23,1202.61,1264.34,HCLTECH.NS
2026-08-12,1230.11,1199.28,1261.36,HCLTECH.NS
2026-08-13,1225.86,1194.72,1257.71,HCLTECH.NS
2026-08-14,1220.69,1188.61,1252.54,HCLTECH.NS
2026-08-17,1222.27,1190.11,1254.23,HCLTECH.NS
2026-08-18,1221.69,1191.13,1253.57,HCLTECH.NS
2026-08-19,1221.25,1188.44,1252.07,HCLTECH.NS
2026-08-20,1218.81,1190.23,1250.83,HCLTECH.NS
2026-08-21,1215.53,1182.9,1247.44,HCLTECH.NS
2026-08-24,1222.56,1189.61,1252.74,HCLTECH.NS
2026-08-25,1223.53,1191.26,1253.33,HCLTECH.NS
2026-08-26,1224.43,1192.09,1258.72,HCLTECH.NS
2026-08-27,1223.06,1192.16,1255.53,HCLTECH.NS
2026-08-28,1220.55,1188.49,1251.4,HCLTECH.NS
2026-08-31,1227.87,1194.31,1259.56,HCLTECH.NS
2026-09-01,1228.23,1195.16,1260.04,HCLTECH.NS
2026-09-02,1228.18,1195.02,1259.41,HCLTECH.NS
2025-07-22,993.44,978.7,1007.65,HDFCBANK.NS
2025-07-23,992.71,978.02,1007.19,HDFCBANK.NS
2025-07-24,990.92,975.98,1005.43,HDFCBANK.NS
2025-07-25,987.71,973.84,1001.36,HDFCBANK.NS
2025-07-28,986.36,972.22,1001.39,HDFCBANK.NS
2025-07-29,985.44,970.65,999.69,HDFCBANK.NS
2025-07-30,986.39,972.0,999.87,HDFCBANK.NS
2025-07-31,986.11,971.65,1000.47,HDFCBANK.NS
2025-08-01,984.2,969.67,998.07,HDFCBANK.NS
2025-08-04,985.31,972.23,998.88,HDFCBANK.NS
2025-08-05,984.68,971.24,999.02,HDFCBANK.NS
2025-08-06,985.63,971.4,1000.15,HDFCBANK.NS
2025-08-07,985.09,970.34,998.8,HDFCBANK.NS
2025-08-08,982.68,968.85,996.36,HDFCBANK.NS
2025-08-11,981.11,966.46,994.79,HDFCBANK.NS
2025-08-12,979.32,964.79,993.76,HDFCBANK.NS
2025-08-13,979.04,965.39,993.46,HDFCBANK.NS
2025-08-14,977.26,963.36,990.76,HDFCBANK.NS
2025-08-18,968.91,954.05,982.24,HDFCBANK.NS
2025-08-19,966.36,952.48,980.42,HDFCBANK.NS
2025-08-20,965.51,952.05,980.56,HDFCBANK.NS
2025-08-21,963.36,949.44,978.28,HDFCBANK.NS
2025-08-22,959.58,946.38,972.97,HDFCBANK.NS
2025-08-25,955.69,942.13,969.95,HDFCBANK.NS
2025-08-26,953.8,940.55,968.3,HDFCBANK.NS
2025-08-28,952.59,938.54,966.93,HDFCBANK.NS
2025-08-29,949.87,935.46,963.84,HDFCBANK.NS
2025-09-01,949.46,935.45,963.27,HDFCBANK.NS
2025-09-02,948.71,934.44,962.42,HDFCBANK.NS
2025-09-03,949.76,935.09,964.56,HDFCBANK.NS
2025-09-04,949.54,935.15,964.46,HDFCBANK.NS
2025-09-05,947.68,932.67,961.65,HDFCBANK.NS
2025-09-08,948.91,935.19,962.96,HDFCBANK.NS
2025-09-09,948.38,933.99,962.71,HDFCBANK.NS
2025-09-10,949.48,936.09,963.69,HDFCBANK.NS
2025-09-11,949.16,934.61,964.04,HDFCBANK.NS
2025-09-12,947.06,932.64,961.21,HDFCBANK.NS
2025-09-15,946.96,932.25,960.86,HDFCBANK.NS
2025-09-16,945.87,931.19,959.67,HDFCBANK.NS
2025-09-17,946.43,931.68,960.38,HDFCBANK.NS
2025-09-18,945.6,931.86,960.23,HDFCBANK.NS
2025-09-19,943.04,928.92,957.16,HDFCBANK.NS
2025-09-22,942.33,929.04,957.13,HDFCBANK.NS
2025-09-23,941.36,927.14,956.18,HDFCBANK.NS
2025-09-24,942.23,927.17,956.92,HDFCBANK.NS
2025-09-25,941.9,927.63,955.68,HDFCBANK.NS
2025-09-26,940.06,926.1,954.1,HDFCBANK.NS
2025-09-29,942.63,929.23,956.79,HDFCBANK.NS
2025-09-30,943.08,929.23,956.86,HDFCBANK.NS
2025-10-01,945.48,932.47,959.15,HDFCBANK.NS
2025-10-03,946.62,931.74,961.06,HDFCBANK.NS
2025-10-06,954.13,939.64,968.38,HDFCBANK.NS
2025-10-07,956.06,942.57,970.45,HDFCBANK.NS
2025-10-08,959.79,945.2,973.86,HDFCBANK.NS
2025-10-09,962.24,947.62,976.71,HDFCBANK.NS
2025-10-10,963.0,949.26,976.81,HDFCBANK.NS
2025-10-13,971.78,958.53,985.5,HDFCBANK.NS
2025-10-14,973.58,960.42,987.11,HDFCBANK.NS
2025-10-15,976.91,963.75,990.83,HDFCBANK.NS
2025-10-16,978.68,965.77,993.11,HDFCBANK.NS
2025-10-17,978.5,964.48,993.58,HDFCBANK.NS
2025-10-20,983.17,968.92,996.95,HDFCBANK.NS
2025-10-21,983.27,968.8,997.65,HDFCBANK.NS
2025-10-23,984.72,970.18,999.77,HDFCBANK.NS
2025-10-24,982.69,968.41,996.6,HDFCBANK.NS
2025-10-27,982.14,967.86,996.34,HDFCBANK.NS
2025-10-28,980.77,967.54,995.04,HDFCBANK.NS
2025-10-29,981.0,967.28,995.0,HDFCBANK.NS
2025-10-30,979.83,964.83,994.4,HDFCBANK.NS
2025-10-31,976.94,963.17,991.81,HDFCBANK.NS
2025-11-03,975.3,961.89,988.69,HDFCBANK.NS
2025-11-04,974.06,960.18,988.61,HDFCBANK.NS
2025-11-06,974.06,960.42,988.63,HDFCBANK.NS
2025-11-07,971.92,958.1,984.77,HDFCBANK.NS
2025-11-10,973.36,958.53,987.77,HDFCBANK.NS
2025-11-11,973.28,959.08,986.96,HDFCBANK.NS
2025-11-12,975.05,960.92,989.5,HDFCBANK.NS
2025-11-13,975.61,961.22,989.9,HDFCBANK.NS
2025-11-14,974.57,960.34,989.66,HDFCBANK.NS
2025-11-17,978.58,964.7,991.84,HDFCBANK.NS
2025-11-18,979.06,965.85,992.7,HDFCBANK.NS
2025-11-19,981.21,966.09,994.13,HDFCBANK.NS
2025-11-20,981.95,967.28,997.1,HDFCBANK.NS
2025-11-21,980.91,966.97,995.11,HDFCBANK.NS
2025-11-24,983.88,968.76,997.42,HDFCBANK.NS
2025-11-25,983.71,969.39,998.19,HDFCBANK.NS
2025-11-26,985.1,972.44,999.7,HDFCBANK.NS
2025-11-27,985.01,970.91,998.34,HDFCBANK.NS
2025-11-28,983.08,969.21,998.15,HDFCBANK.NS
2025-12-01,983.4,969.45,997.3,HDFCBANK.NS
2025-12-02,982.45,968.28,997.05,HDFCBANK.NS
2025-12-03,983.15,968.47,998.02,HDFCBANK.NS
2025-12-04,982.49,968.0,997.05,HDFCBANK.NS
2025-12-05,980.11,965.84,993.74,HDFCBANK.NS
2025-12-08,979.96,964.95,994.2,HDFCBANK.NS
2025-12-09,979.13,965.38,993.2,HDFCBANK.NS
2025-12-10,980.09,965.96,994.89,HDFCBANK.NS
2025-12-11,979.79,964.89,994.08,HDFCBANK.NS
2025-12-12,977.86,963.17,992.56,HDFCBANK.NS
2025-12-15,979.29,964.81,993.55,HDFCBANK.NS
2025-12-16,978.97,963.92,993.52,HDFCBANK.NS
2025-12-17,980.36,966.03,994.92,HDFCBANK.NS
2025-12-18,980.39,965.74,995.06,HDFCBANK.NS
2025-12-19,978.67,965.16,992.44,HDFCBANK.NS
2025-12-22,979.65,965.32,994.72,HDFCBANK.NS
2025-12-23,978.78,963.81,992.31,HDFCBANK.NS
2025-12-24,979.4,965.24,993.13,HDFCBANK.NS
2025-12-26,975.51,960.44,988.51,HDFCBANK.NS
2025-12-29,971.8,958.66,985.83,HDFCBANK.NS
2025-12-30,969.09,954.87,983.72,HDFCBANK.NS
2025-12-31,967.79,953.04,981.88,HDFCBANK.NS
2026-01-01,964.87,949.71,978.47,HDFCBANK.NS
2026-01-02,960.0,944.91,974.59,HDFCBANK.NS
2026-01-05,950.93,936.53,964.26,HDFCBANK.NS
2026-01-06,946.74,932.0,960.66,HDFCBANK.NS
2026-01-07,944.19,930.33,958.35,HDFCBANK.NS
2026-01-08,940.28,926.38,954.73,HDFCBANK.NS
2026-01-09,934.7,921.38,948.62,HDFCBANK.NS
2026-01-12,925.43,911.67,939.93,HDFCBANK.NS
2026-01-13,921.84,907.16,936.17,HDFCBANK.NS
2026-01-14,920.22,906.35,935.25,HDFCBANK.NS
2026-01-15,917.54,904.46,931.44,HDFCBANK.NS
2026-01-16,913.48,897.97,928.35,HDFCBANK.NS
2026-01-19,910.18,896.03,924.85,HDFCBANK.NS
2026-01-20,908.91,894.4,923.38,HDFCBANK.NS
2026-01-21,909.68,894.99,923.77,HDFCBANK.NS
2026-01-22,909.44,894.22,923.58,HDFCBANK.NS
2026-01-23,907.79,894.43,921.93,HDFCBANK.NS
2026-01-27,911.73,897.44,927.13,HDFCBANK.NS
2026-01-28,914.13,899.82,928.9,HDFCBANK.NS
2026-01-29,915.25,901.55,928.74,HDFCBANK.NS
2026-01-30,914.68,899.77,928.53,HDFCBANK.NS
2026-02-02,919.36,904.55,934.41,HDFCBANK.NS
2026-02-03,919.78,906.3,934.44,HDFCBANK.NS
2026-02-04,921.7,907.01,935.56,HDFCBANK.NS
2026-02-05,922.07,907.56,936.67,HDFCBANK.NS
2026-02-06,920.5,906.12,934.25,HDFCBANK.NS
2026-02-09,921.0,907.78,935.64,HDFCBANK.NS
2026-02-10,919.75,904.17,934.35,HDFCBANK.NS
2026-02-11,919.93,906.58,933.94,HDFCBANK.NS
2026-02-12,918.52,904.25,933.43,HDFCBANK.NS
2026-02-13,915.16,900.61,929.1,HDFCBANK.NS
2026-02-16,910.61,895.24,923.97,HDFCBANK.NS
2026-02-17,907.84,893.45,922.06,HDFCBANK.NS
2026-02-18,906.63,892.1,919.79,HDFCBANK.NS
2026-02-19,903.95,888.98,919.46,HDFCBANK.NS
2026-02-20,899.44,885.46,913.08,HDFCBANK.NS
2026-02-23,892.12,877.99,906.84,HDFCBANK.NS
2026-02-24,888.61,875.22,902.93,HDFCBANK.NS
2026-02-25,886.72,871.71,901.11,HDFCBANK.NS
2026-02-26,883.39,868.98,898.12,HDFCBANK.NS
2026-02-27,878.26,864.13,892.49,HDFCBANK.NS
2026-03-02,868.94,855.12,882.41,HDFCBANK.NS
2026-03-04,861.92,847.25,876.15,HDFCBANK.NS
2026-03-05,857.67,843.09,870.8,HDFCBANK.NS
2026-03-06,851.52,836.24,864.43,HDFCBANK.NS
2026-03-09,838.72,824.42,852.17,HDFCBANK.NS
2026-03-10,833.19,818.92,847.28,HDFCBANK.NS
2026-03-11,829.2,815.48,843.31,HDFCBANK.NS
2026-03-12,823.72,810.02,838.53,HDFCBANK.NS
2026-03-13,816.41,801.34,830.66,HDFCBANK.NS
2026-03-16,800.86,788.0,815.68,HDFCBANK.NS
2026-03-17,794.81,781.95,809.0,HDFCBANK.NS
2026-03-18,790.55,775.73,805.04,HDFCBANK.NS
2026-03-19,785.08,770.67,799.61,HDFCBANK.NS
2026-03-20,778.11,764.46,792.49,HDFCBANK.NS
2026-03-23,765.72,751.44,779.64,HDFCBANK.NS
2026-03-24,761.45,746.58,776.03,HDFCBANK.NS
2026-03-25,759.34,745.45,774.61,HDFCBANK.NS
2026-03-27,752.22,737.82,765.54,HDFCBANK.NS
2026-03-30,749.84,735.8,763.67,HDFCBANK.NS
2026-04-01,750.92,737.47,764.85,HDFCBANK.NS
2026-04-02,751.74,736.47,765.33,HDFCBANK.NS
2026-04-06,759.2,745.71,773.33,HDFCBANK.NS
2026-04-07,761.51,746.53,775.34,HDFCBANK.NS
2026-04-08,765.7,752.33,780.07,HDFCBANK.NS
2026-04-09,768.65,753.59,782.18,HDFCBANK.NS
2026-04-10,769.92,755.63,784.5,HDFCBANK.NS
2026-04-13,779.97,765.48,795.09,HDFCBANK.NS
2026-04-15,785.48,771.96,799.58,HDFCBANK.NS
2026-04-16,787.25,773.1,800.88,HDFCBANK.NS
2026-04-17,786.92,772.85,801.64,HDFCBANK.NS
2026-04-20,790.13,775.98,804.3,HDFCBANK.NS
2026-04-21,789.43,774.44,803.98,HDFCBANK.NS
2026-04-22,790.0,774.92,804.52,HDFCBANK.NS
2026-04-23,788.82,774.46,802.4,HDFCBANK.NS
2026-04-24,785.55,771.75,800.12,HDFCBANK.NS
2026-04-27,780.66,765.63,795.17,HDFCBANK.NS
2026-04-28,777.7,764.38,791.04,HDFCBANK.NS
2026-04-29,776.3,761.11,790.4,HDFCBANK.NS
2026-04-30,773.49,758.58,788.01,HDFCBANK.NS
2026-05-01,768.96,754.09,783.51,HDFCBANK.NS
2026-05-04,762.58,747.91,776.05,HDFCBANK.NS
2026-05-05,759.86,745.06,774.3,HDFCBANK.NS
2026-05-06,759.06,745.28,772.77,HDFCBANK.NS
2026-05-07,757.16,742.4,770.94,HDFCBANK.NS
2026-05-08,753.8,740.96,767.2,HDFCBANK.NS
2026-05-11,752.08,737.42,766.52,HDFCBANK.NS
2026-05-12,751.1,736.75,766.61,HDFCBANK.NS
2026-05-13,752.05,737.23,766.09,HDFCBANK.NS
2026-05-14,751.83,736.83,765.73,HDFCBANK.NS
2026-05-15,750.05,735.92,763.83,HDFCBANK.NS
2026-05-18,751.98,737.68,766.54,HDFCBANK.NS
2026-05-19,751.76,737.52,766.76,HDFCBANK.NS
2026-05-20,753.19,739.15,765.89,HDFCBANK.NS
2026-05-21,753.18,737.95,767.32,HDFCBANK.NS
2026-05-22,751.35,737.29,765.5,HDFCBANK.NS
2026-05-25,751.69,737.85,766.42,HDFCBANK.NS
2026-05-26,750.56,735.69,764.6,HDFCBANK.NS
2026-05-27,750.97,736.89,764.91,HDFCBANK.NS
2026-05-28,749.87,735.18,763.21,HDFCBANK.NS
2026-05-29,746.94,732.4,761.06,HDFCBANK.NS
2026-06-01,744.47,731.77,758.66,HDFCBANK.NS
2026-06-02,742.74,728.42,757.32,HDFCBANK.NS
2026-06-03,742.8,728.6,756.83,HDFCBANK.NS
2026-06-04,741.64,727.64,755.22,HDFCBANK.NS
2026-06-05,738.97,724.09,752.87,HDFCBANK.NS
2026-06-08,739.35,724.57,752.89,HDFCBANK.NS
2026-06-09,739.28,724.83,753.39,HDFCBANK.NS
2026-06-10,741.32,726.96,755.19,HDFCBANK.NS
2026-06-11,742.44,727.79,756.73,HDFCBANK.NS
2026-06-12,742.31,727.86,756.73,HDFCBANK.NS
2026-06-15,751.37,737.45,765.75,HDFCBANK.NS
2026-06-16,754.35,739.26,768.2,HDFCBANK.NS
2026-06-17,759.39,745.48,773.16,HDFCBANK.NS
2026-06-18,763.41,750.25,777.98,HDFCBANK.NS
2026-06-19,766.0,750.11,779.48,HDFCBANK.NS
2026-06-22,781.53,766.36,795.74,HDFCBANK.NS
2026-06-23,785.9,771.81,800.81,HDFCBANK.NS
2026-06-24,791.89,777.56,805.44,HDFCBANK.NS
2026-06-25,796.38,782.47,810.06,HDFCBANK.NS
2026-06-26,798.94,784.4,813.28,HDFCBANK.NS
2026-06-29,811.32,797.44,826.18,HDFCBANK.NS
2026-06-30,813.69,799.46,828.25,HDFCBANK.NS
2026-07-01,817.25,803.33,831.63,HDFCBANK.NS
2026-07-02,818.92,805.3,833.5,HDFCBANK.NS
2026-07-03,818.33,804.3,833.74,HDFCBANK.NS
2026-07-06,819.98,805.04,833.25,HDFCBANK.NS
2026-07-07,818.56,804.45,833.21,HDFCBANK.NS
2026-07-08,818.37,804.37,832.81,HDFCBANK.NS
2026-07-09,816.38,802.08,830.68,HDFCBANK.NS
2026-07-10,812.3,798.39,826.26,HDFCBANK.NS
2026-07-13,805.06,789.56,819.76,HDFCBANK.NS
2026-07-14,801.39,786.7,815.83,HDFCBANK.NS
2026-07-15,799.33,785.48,812.99,HDFCBANK.NS
2026-07-16,795.92,781.29,810.29,HDFCBANK.NS
2026-07-17,790.85,776.38,805.49,HDFCBANK.NS
2026-07-20,783.22,768.46,796.57,HDFCBANK.NS
2026-07-21,780.19,765.78,795.13,HDFCBANK.NS
2026-07-22,779.12,765.34,793.95,HDFCBANK.NS
2026-07-23,776.98,761.93,791.29,HDFCBANK.NS
2026-07-24,773.41,759.5,787.48,HDFCBANK.NS
2026-07-27,771.13,756.52,785.55,HDFCBANK.NS
2026-07-28,769.97,754.84,783.75,HDFCBANK.NS
2026-07-29,770.71,756.65,784.75,HDFCBANK.NS
2026-07-30,770.27,756.48,784.99,HDFCBANK.NS
2026-07-31,768.26,754.19,782.75,HDFCBANK.NS
2026-08-03,769.36,755.48,781.97,HDFCBANK.NS
2026-08-04,768.82,754.13,783.38,HDFCBANK.NS
2026-08-05,769.9,756.27,783.23,HDFCBANK.NS
2026-08-06,769.54,755.93,783.61,HDFCBANK.NS
2026-08-07,767.33,752.6,781.19,HDFCBANK.NS
2026-08-10,766.46,752.24,780.84,HDFCBANK.NS
2026-08-11,764.9,751.24,778.26,HDFCBANK.NS
2026-08-12,764.84,749.72,779.82,HDFCBANK.NS
2026-08-13,763.27,749.8,777.61,HDFCBANK.NS
2026-08-14,759.81,746.85,774.09,HDFCBANK.NS
2026-08-17,755.44,740.96,770.09,HDFCBANK.NS
2026-08-18,752.91,738.34,767.47,HDFCBANK.NS
2026-08-19,752.06,737.07,766.86,HDFCBANK.NS
2026-08-20,749.86,736.9,763.87,HDFCBANK.NS
2026-08-21,745.99,732.1,760.88,HDFCBANK.NS
2026-08-24,741.64,727.75,755.66,HDFCBANK.NS
2026-08-25,739.55,724.81,753.83,HDFCBANK.NS
2026-08-26,739.31,725.69,754.57,HDFCBANK.NS
2026-08-27,737.9,723.81,752.37,HDFCBANK.NS
2026-08-28,734.96,720.66,749.69,HDFCBANK.NS
2026-08-31,733.95,720.68,747.79,HDFCBANK.NS
2026-09-01,733.03,717.13,747.17,HDFCBANK.NS
2026-09-02,733.94,719.06,748.04,HDFCBANK.NS
2025-07-22,750.44,735.67,764.73,HDFCLIFE.NS
2025-07-23,752.03,738.36,766.66,HDFCLIFE.NS
2025-07-24,750.35,737.04,764.24,HDFCLIFE.NS
2025-07-25,748.11,733.49,761.72,HDFCLIFE.NS
2025-07-28,749.89,736.18,764.19,HDFCLIFE.NS
2025-07-29,750.01,735.57,763.62,HDFCLIFE.NS
2025-07-30,753.05,738.69,767.7,HDFCLIFE.NS
2025-07-31,752.79,738.32,767.23,HDFCLIFE.NS
2025-08-01,751.91,737.91,767.36,HDFCLIFE.NS
2025-08-04,757.24,742.86,771.98,HDFCLIFE.NS
2025-08-05,758.32,744.54,773.51,HDFCLIFE.NS
2025-08-06,762.19,748.08,776.95,HDFCLIFE.NS
2025-08-07,762.62,748.56,776.53,HDFCLIFE.NS
2025-08-08,762.29,747.42,775.81,HDFCLIFE.NS
2025-08-11,768.38,753.79,781.8,HDFCLIFE.NS
2025-08-12,769.42,755.4,783.59,HDFCLIFE.NS
2025-08-13,773.12,758.7,787.89,HDFCLIFE.NS
2025-08-14,773.25,758.47,785.8,HDFCLIFE.NS
2025-08-18,776.7,762.09,791.16,HDFCLIFE.NS
2025-08-19,776.94,762.35,791.3,HDFCLIFE.NS
2025-08-20,779.78,765.41,793.41,HDFCLIFE.NS
2025-08-21,779.01,764.84,793.15,HDFCLIFE.NS
2025-08-22,777.31,763.32,790.77,HDFCLIFE.NS
2025-08-25,778.65,763.74,794.29,HDFCLIFE.NS
2025-08-26,777.97,764.07,792.43,HDFCLIFE.NS
2025-08-28,778.31,764.08,791.73,HDFCLIFE.NS
2025-08-29,775.83,761.71,789.28,HDFCLIFE.NS
2025-09-01,775.27,761.35,788.79,HDFCLIFE.NS
2025-09-02,774.13,760.2,787.75,HDFCLIFE.NS
2025-09-03,775.71,761.64,789.98,HDFCLIFE.NS
2025-09-04,773.82,760.06,787.64,HDFCLIFE.NS
2025-09-05,771.16,756.79,784.8,HDFCLIFE.NS
2025-09-08,770.59,757.26,784.96,HDFCLIFE.NS
2025-09-09,769.6,755.82,783.37,HDFCLIFE.NS
2025-09-10,771.4,756.47,786.08,HDFCLIFE.NS
2025-09-11,769.78,756.73,784.14,HDFCLIFE.NS
2025-09-12,767.44,753.29,781.04,HDFCLIFE.NS
2025-09-15,767.96,753.91,782.78,HDFCLIFE.NS
2025-09-16,767.34,752.69,780.82,HDFCLIFE.NS
2025-09-17,769.49,755.9,784.75,HDFCLIFE.NS
2025-09-18,768.18,754.41,782.52,HDFCLIFE.NS
2025-09-19,766.11,752.04,779.95,HDFCLIFE.NS
2025-09-22,767.05,753.99,781.09,HDFCLIFE.NS
2025-09-23,766.42,751.52,779.64,HDFCLIFE.NS
2025-09-24,768.47,754.92,782.99,HDFCLIFE.NS
2025-09-25,766.97,751.98,780.62,HDFCLIFE.NS
2025-09-26,764.62,750.89,778.18,HDFCLIFE.NS
2025-09-29,764.2,750.67,778.96,HDFCLIFE.NS
2025-09-30,762.97,748.35,777.86,HDFCLIFE.NS
2025-10-01,764.35,750.09,778.72,HDFCLIFE.NS
2025-10-03,759.06,744.55,773.0,HDFCLIFE.NS
2025-10-06,756.42,742.12,770.65,HDFCLIFE.NS
2025-10-07,754.48,741.65,770.07,HDFCLIFE.NS
2025-10-08,755.23,740.98,769.42,HDFCLIFE.NS
2025-10-09,752.46,739.59,767.76,HDFCLIFE.NS
2025-10-10,748.88,733.73,763.43,HDFCLIFE.NS
2025-10-13,745.44,730.68,760.04,HDFCLIFE.NS
2025-10-14,743.5,729.0,757.41,HDFCLIFE.NS
2025-10-15,744.38,730.85,758.98,HDFCLIFE.NS
2025-10-16,741.89,726.65,755.58,HDFCLIFE.NS
2025-10-17,738.74,725.76,752.8,HDFCLIFE.NS
2025-10-20,737.41,723.02,752.0,HDFCLIFE.NS
2025-10-21,736.43,721.26,750.22,HDFCLIFE.NS
2025-10-23,737.03,722.23,751.53,HDFCLIFE.NS
2025-10-24,735.11,719.99,749.33,HDFCLIFE.NS
2025-10-27,737.72,723.6,751.91,HDFCLIFE.NS
2025-10-28,738.07,722.43,751.34,HDFCLIFE.NS
2025-10-29,741.31,726.98,756.09,HDFCLIFE.NS
2025-10-30,741.23,726.36,755.7,HDFCLIFE.NS
2025-10-31,740.49,726.77,753.96,HDFCLIFE.NS
2025-11-03,746.09,731.68,760.82,HDFCLIFE.NS
2025-11-04,747.2,732.32,761.09,HDFCLIFE.NS
2025-11-06,751.47,738.84,766.93,HDFCLIFE.NS
2025-11-07,751.07,737.16,765.14,HDFCLIFE.NS
2025-11-10,756.83,742.21,770.58,HDFCLIFE.NS
2025-11-11,757.73,743.97,771.3,HDFCLIFE.NS
2025-11-12,761.26,746.39,774.93,HDFCLIFE.NS
2025-11-13,761.22,746.19,775.43,HDFCLIFE.NS
2025-11-14,760.29,744.9,773.77,HDFCLIFE.NS
2025-11-17,764.01,749.59,779.35,HDFCLIFE.NS
2025-11-18,764.13,750.05,778.51,HDFCLIFE.NS
2025-11-19,766.88,752.92,780.15,HDFCLIFE.NS
2025-11-20,766.06,751.99,779.96,HDFCLIFE.NS
2025-11-21,764.35,750.31,777.99,HDFCLIFE.NS
2025-11-24,765.93,751.83,779.91,HDFCLIFE.NS
2025-11-25,765.44,751.06,780.11,HDFCLIFE.NS
2025-11-26,767.63,752.53,781.43,HDFCLIFE.NS
2025-11-27,766.29,752.58,780.9,HDFCLIFE.NS
2025-11-28,764.15,750.3,778.01,HDFCLIFE.NS
2025-12-01,764.78,751.03,779.19,HDFCLIFE.NS
2025-12-02,764.07,750.23,778.6,HDFCLIFE.NS
2025-12-03,766.09,752.32,780.41,HDFCLIFE.NS
2025-12-04,764.64,750.06,779.39,HDFCLIFE.NS
2025-12-05,762.39,748.47,777.01,HDFCLIFE.NS
2025-12-08,762.86,748.34,776.67,HDFCLIFE.NS
2025-12-09,762.11,747.32,775.22,HDFCLIFE.NS
2025-12-10,764.09,749.99,778.39,HDFCLIFE.NS
2025-12-11,762.59,748.73,776.82,HDFCLIFE.NS
2025-12-12,760.29,745.88,774.43,HDFCLIFE.NS
2025-12-15,760.52,746.55,774.62,HDFCLIFE.NS
2025-12-16,759.67,745.26,773.31,HDFCLIFE.NS
2025-12-17,761.55,745.98,775.72,HDFCLIFE.NS
2025-12-18,759.93,746.23,773.72,HDFCLIFE.NS
2025-12-19,757.51,744.32,772.09,HDFCLIFE.NS
2025-12-22,757.43,742.74,771.66,HDFCLIFE.NS
2025-12-23,756.5,742.42,771.16,HDFCLIFE.NS
2025-12-24,758.31,744.05,772.52,HDFCLIFE.NS
2025-12-26,754.21,739.46,768.69,HDFCLIFE.NS
2025-12-29,754.16,740.48,770.03,HDFCLIFE.NS
2025-12-30,753.27,739.18,768.23,HDFCLIFE.NS
2025-12-31,755.12,742.06,768.81,HDFCLIFE.NS
2026-01-01,753.5,738.66,766.56,HDFCLIFE.NS
2026-01-02,751.1,737.81,765.96,HDFCLIFE.NS
2026-01-05,751.0,736.99,764.69,HDFCLIFE.NS
2026-01-06,750.01,735.19,764.73,HDFCLIFE.NS
2026-01-07,751.72,736.2,765.8,HDFCLIFE.NS
2026-01-08,749.89,736.37,764.41,HDFCLIFE.NS
2026-01-09,747.21,732.67,761.77,HDFCLIFE.NS
2026-01-12,745.84,731.58,759.72,HDFCLIFE.NS
2026-01-13,744.29,729.58,759.26,HDFCLIFE.NS
2026-01-14,745.36,731.24,760.22,HDFCLIFE.NS
2026-01-15,742.83,728.15,757.37,HDFCLIFE.NS
2026-01-16,739.4,725.01,753.4,HDFCLIFE.NS
2026-01-19,735.62,721.67,750.31,HDFCLIFE.NS
2026-01-20,733.26,719.15,747.17,HDFCLIFE.NS
2026-01-21,733.56,719.27,747.25,HDFCLIFE.NS
2026-01-22,730.32,715.93,744.53,HDFCLIFE.NS
2026-01-23,726.24,712.41,739.58,HDFCLIFE.NS
2026-01-27,718.71,703.53,733.5,HDFCLIFE.NS
2026-01-28,719.03,706.05,734.07,HDFCLIFE.NS
2026-01-29,716.0,701.52,728.98,HDFCLIFE.NS
2026-01-30,712.32,697.47,726.96,HDFCLIFE.NS
2026-02-02,709.6,695.58,724.46,HDFCLIFE.NS
2026-02-03,708.23,694.0,723.0,HDFCLIFE.NS
2026-02-04,709.84,695.83,724.51,HDFCLIFE.NS
2026-02-05,708.23,694.46,723.1,HDFCLIFE.NS
2026-02-06,706.09,693.13,720.93,HDFCLIFE.NS
2026-02-09,708.31,694.46,724.08,HDFCLIFE.NS
2026-02-10,708.6,693.78,722.94,HDFCLIFE.NS
2026-02-11,711.8,697.1,726.51,HDFCLIFE.NS
2026-02-12,711.66,698.36,726.39,HDFCLIFE.NS
2026-02-13,710.86,696.03,725.14,HDFCLIFE.NS
2026-02-16,715.85,701.67,730.35,HDFCLIFE.NS
2026-02-17,716.53,701.36,730.3,HDFCLIFE.NS
2026-02-18,719.81,705.88,733.94,HDFCLIFE.NS
2026-02-19,719.44,705.83,733.98,HDFCLIFE.NS
2026-02-20,718.05,702.35,731.38,HDFCLIFE.NS
2026-02-23,719.2,705.17,733.26,HDFCLIFE.NS
2026-02-24,717.94,703.67,732.16,HDFCLIFE.NS
2026-02-25,718.97,704.27,732.96,HDFCLIFE.NS
2026-02-26,716.07,702.03,730.62,HDFCLIFE.NS
2026-02-27,711.92,698.0,725.94,HDFCLIFE.NS
2026-03-02,703.78,689.68,716.65,HDFCLIFE.NS
2026-03-04,697.03,682.24,710.49,HDFCLIFE.NS
2026-03-05,690.93,675.94,705.28,HDFCLIFE.NS
2026-03-06,683.71,669.65,698.42,HDFCLIFE.NS
2026-03-09,667.64,654.84,682.43,HDFCLIFE.NS
2026-03-10,661.05,646.38,675.49,HDFCLIFE.NS
2026-03-11,657.14,641.99,671.01,HDFCLIFE.NS
2026-03-12,649.74,635.13,664.08,HDFCLIFE.NS
2026-03-13,641.64,627.33,654.62,HDFCLIFE.NS
2026-03-16,625.57,611.29,638.76,HDFCLIFE.NS
2026-03-17,619.86,605.55,633.05,HDFCLIFE.NS
2026-03-18,617.24,602.13,632.06,HDFCLIFE.NS
2026-03-19,611.54,596.6,625.75,HDFCLIFE.NS
2026-03-20,605.49,590.63,620.08,HDFCLIFE.NS
2026-03-23,597.33,582.63,611.28,HDFCLIFE.NS
2026-03-24,594.69,580.48,609.19,HDFCLIFE.NS
2026-03-25,595.25,580.81,611.12,HDFCLIFE.NS
2026-03-27,589.99,575.02,603.34,HDFCLIFE.NS
2026-03-30,591.06,576.35,604.12,HDFCLIFE.NS
2026-04-01,594.21,580.01,608.79,HDFCLIFE.NS
2026-04-02,593.98,580.97,608.48,HDFCLIFE.NS
2026-04-06,598.01,582.69,611.51,HDFCLIFE.NS
2026-04-07,598.71,585.17,613.15,HDFCLIFE.NS
2026-04-08,602.07,588.39,615.51,HDFCLIFE.NS
2026-04-09,601.83,587.41,615.82,HDFCLIFE.NS
2026-04-10,600.67,587.01,615.87,HDFCLIFE.NS
2026-04-13,603.39,589.48,618.01,HDFCLIFE.NS
2026-04-15,605.28,591.27,619.93,HDFCLIFE.NS
2026-04-16,603.87,589.43,618.99,HDFCLIFE.NS
2026-04-17,601.54,586.85,615.28,HDFCLIFE.NS
2026-04-20,601.15,586.14,615.9,HDFCLIFE.NS
2026-04-21,600.02,586.83,615.18,HDFCLIFE.NS
2026-04-22,601.63,587.76,616.61,HDFCLIFE.NS
2026-04-23,599.78,585.66,614.11,HDFCLIFE.NS
2026-04-24,597.21,582.29,610.96,HDFCLIFE.NS
2026-04-27,597.34,584.42,611.88,HDFCLIFE.NS
2026-04-28,596.77,583.46,611.22,HDFCLIFE.NS
2026-04-29,599.09,584.71,612.43,HDFCLIFE.NS
2026-04-30,598.11,583.36,611.89,HDFCLIFE.NS
2026-05-01,596.52,582.44,610.67,HDFCLIFE.NS
2026-05-04,599.93,587.02,614.0,HDFCLIFE.NS
2026-05-05,600.45,586.91,616.58,HDFCLIFE.NS
2026-05-06,603.8,589.88,617.63,HDFCLIFE.NS
2026-05-07,603.75,589.78,617.73,HDFCLIFE.NS
2026-05-08,602.96,589.45,616.81,HDFCLIFE.NS
2026-05-11,607.7,593.5,621.44,HDFCLIFE.NS
2026-05-12,608.24,593.55,623.03,HDFCLIFE.NS
2026-05-13,611.38,597.13,624.78,HDFCLIFE.NS
2026-05-14,610.88,597.43,624.4,HDFCLIFE.NS
2026-05-15,609.41,595.22,623.19,HDFCLIFE.NS
2026-05-18,610.79,596.59,625.66,HDFCLIFE.NS
2026-05-19,609.85,595.87,623.33,HDFCLIFE.NS
2026-05-20,611.37,596.93,625.46,HDFCLIFE.NS
2026-05-21,609.14,595.49,625.03,HDFCLIFE.NS
2026-05-22,605.87,591.8,620.8,HDFCLIFE.NS
2026-05-25,601.84,587.86,616.66,HDFCLIFE.NS
2026-05-26,599.21,584.85,613.33,HDFCLIFE.NS
2026-05-27,599.16,583.75,613.77,HDFCLIFE.NS
2026-05-28,595.53,581.89,610.34,HDFCLIFE.NS
2026-05-29,591.04,576.75,605.8,HDFCLIFE.NS
2026-06-01,584.71,570.25,599.33,HDFCLIFE.NS
2026-06-02,581.82,567.93,594.96,HDFCLIFE.NS
2026-06-03,581.79,568.08,595.14,HDFCLIFE.NS
2026-06-04,578.44,564.23,592.56,HDFCLIFE.NS
2026-06-05,574.49,560.88,588.18,HDFCLIFE.NS
2026-06-08,571.22,556.64,584.21,HDFCLIFE.NS
2026-06-09,569.75,554.67,584.83,HDFCLIFE.NS
2026-06-10,571.28,556.86,585.7,HDFCLIFE.NS
2026-06-11,569.61,555.69,584.45,HDFCLIFE.NS
2026-06-12,567.43,553.34,582.01,HDFCLIFE.NS
2026-06-15,569.54,555.86,584.33,HDFCLIFE.NS
2026-06-16,569.77,555.57,583.44,HDFCLIFE.NS
2026-06-17,572.91,558.89,587.31,HDFCLIFE.NS
2026-06-18,572.7,557.47,587.28,HDFCLIFE.NS
2026-06-19,571.81,558.29,586.7,HDFCLIFE.NS
2026-06-22,576.6,562.34,590.14,HDFCLIFE.NS
2026-06-23,577.27,564.5,591.95,HDFCLIFE.NS
2026-06-24,580.6,566.2,594.43,HDFCLIFE.NS
2026-06-25,580.34,566.05,594.67,HDFCLIFE.NS
2026-06-26,579.17,564.83,592.92,HDFCLIFE.NS
2026-06-29,581.8,567.0,596.73,HDFCLIFE.NS
2026-06-30,581.38,566.72,594.9,HDFCLIFE.NS
2026-07-01,583.47,568.36,597.19,HDFCLIFE.NS
2026-07-02,581.86,567.64,595.9,HDFCLIFE.NS
2026-07-03,579.24,566.24,594.41,HDFCLIFE.NS
2026-07-06,577.33,563.45,591.5,HDFCLIFE.NS
2026-07-07,575.43,560.95,589.2,HDFCLIFE.NS
2026-07-08,576.11,562.29,589.71,HDFCLIFE.NS
2026-07-09,573.18,559.5,587.38,HDFCLIFE.NS
2026-07-10,569.37,554.32,582.98,HDFCLIFE.NS
2026-07-13,564.8,551.12,579.66,HDFCLIFE.NS
2026-07-14,562.37,548.08,577.68,HDFCLIFE.NS
2026-07-15,562.72,548.05,577.74,HDFCLIFE.NS
2026-07-16,559.66,545.17,572.92,HDFCLIFE.NS
2026-07-17,555.92,542.39,570.04,HDFCLIFE.NS
2026-07-20,552.74,539.73,566.26,HDFCLIFE.NS
2026-07-21,551.13,536.35,565.47,HDFCLIFE.NS
2026-07-22,552.45,538.87,566.01,HDFCLIFE.NS
2026-07-23,550.51,535.9,564.2,HDFCLIFE.NS
2026-07-24,547.99,534.14,561.7,HDFCLIFE.NS
2026-07-27,548.97,534.46,563.56,HDFCLIFE.NS
2026-07-28,548.84,534.12,563.1,HDFCLIFE.NS
2026-07-29,551.65,537.29,566.64,HDFCLIFE.NS
2026-07-30,551.17,537.06,565.79,HDFCLIFE.NS
2026-07-31,550.09,536.38,565.26,HDFCLIFE.NS
2026-08-03,554.96,540.75,569.18,HDFCLIFE.NS
2026-08-04,555.94,541.33,570.18,HDFCLIFE.NS
2026-08-05,559.73,545.26,573.75,HDFCLIFE.NS
2026-08-06,560.12,545.94,575.09,HDFCLIFE.NS
2026-08-07,559.76,544.8,574.65,HDFCLIFE.NS
2026-08-10,565.94,552.15,580.89,HDFCLIFE.NS
2026-08-11,567.06,554.13,582.24,HDFCLIFE.NS
2026-08-12,570.86,557.46,585.49,HDFCLIFE.NS
2026-08-13,571.1,557.25,585.54,HDFCLIFE.NS
2026-08-14,570.48,555.91,584.46,HDFCLIFE.NS
2026-08-17,575.15,561.22,589.19,HDFCLIFE.NS
2026-08-18,575.56,561.77,590.11,HDFCLIFE.NS
2026-08-19,578.58,564.32,592.94,HDFCLIFE.NS
2026-08-20,577.98,564.2,593.11,HDFCLIFE.NS
2026-08-21,576.46,562.75,590.92,HDFCLIFE.NS
2026-08-24,578.29,563.98,593.06,HDFCLIFE.NS
2026-08-25,577.75,564.01,592.03,HDFCLIFE.NS
2026-08-26,579.84,565.93,594.35,HDFCLIFE.NS
2026-08-27,578.34,563.85,592.6,HDFCLIFE.NS
2026-08-28,575.97,561.62,590.12,HDFCLIFE.NS
2026-08-31,575.61,561.43,589.89,HDFCLIFE.NS
2026-09-01,574.51,559.1,589.88,HDFCLIFE.NS
2026-09-02,576.11,562.09,590.62,HDFCLIFE.NS
2025-07-22,4102.52,3973.22,4221.4,HEROMOTOCO.NS
2025-07-23,4120.89,4000.23,4244.92,HEROMOTOCO.NS
2025-07-24,4127.67,4012.28,4255.83,HEROMOTOCO.NS
2025-07-25,4138.32,4021.97,4254.16,HEROMOTOCO.NS
2025-07-28,4212.55,4092.53,4334.82,HEROMOTOCO.NS
2025-07-29,4253.96,4134.59,4376.71,HEROMOTOCO.NS
2025-07-30,4281.43,4156.16,4409.02,HEROMOTOCO.NS
2025-07-31,4296.39,4171.95,4416.65,HEROMOTOCO.NS
2025-08-01,4314.22,4182.26,4436.41,HEROMOTOCO.NS
2025-08-04,4403.88,4279.94,4518.87,HEROMOTOCO.NS
2025-08-05,4448.49,4321.56,4559.41,HEROMOTOCO.NS
2025-08-06,4478.28,4361.35,4608.64,HEROMOTOCO.NS
2025-08-07,4494.78,4365.61,4613.84,HEROMOTOCO.NS
2025-08-08,4513.46,4390.01,4628.38,HEROMOTOCO.NS
2025-08-11,4602.78,4476.62,4714.56,HEROMOTOCO.NS
2025-08-12,4646.7,4524.38,4773.57,HEROMOTOCO.NS
2025-08-13,4675.71,4558.67,4804.98,HEROMOTOCO.NS
2025-08-14,4691.43,4564.99,4816.49,HEROMOTOCO.NS
2025-08-18,4797.7,4683.63,4916.66,HEROMOTOCO.NS
2025-08-19,4841.68,4716.53,4958.79,HEROMOTOCO.NS
2025-08-20,4870.9,4749.65,5002.5,HEROMOTOCO.NS
2025-08-21,4886.94,4769.97,5004.64,HEROMOTOCO.NS
2025-08-22,4905.28,4781.31,5025.73,HEROMOTOCO.NS
2025-08-25,4993.63,4868.25,5112.2,HEROMOTOCO.NS
2025-08-26,5036.87,4917.69,5144.83,HEROMOTOCO.NS
2025-08-28,5078.69,4972.02,5211.72,HEROMOTOCO.NS
2025-08-29,5094.04,4973.02,5214.56,HEROMOTOCO.NS
2025-09-01,5167.04,5036.9,5293.37,HEROMOTOCO.NS
2025-09-02,5202.79,5070.42,5323.55,HEROMOTOCO.NS
2025-09-03,5221.95,5099.71,5341.88,HEROMOTOCO.NS
2025-09-04,5225.94,5103.93,5349.32,HEROMOTOCO.NS
2025-09-05,5230.18,5114.46,5357.03,HEROMOTOCO.NS
2025-09-08,5264.08,5139.96,5387.32,HEROMOTOCO.NS
2025-09-09,5285.42,5160.12,5410.46,HEROMOTOCO.NS
2025-09-10,5289.84,5171.24,5415.15,HEROMOTOCO.NS
2025-09-11,5279.04,5164.0,5395.88,HEROMOTOCO.NS
2025-09-12,5268.7,5155.96,5395.76,HEROMOTOCO.NS
2025-09-15,5262.96,5138.5,5383.49,HEROMOTOCO.NS
2025-09-16,5273.42,5157.99,5397.39,HEROMOTOCO.NS
2025-09-17,5268.56,5140.88,5381.51,HEROMOTOCO.NS
2025-09-18,5250.31,5124.57,5377.12,HEROMOTOCO.NS
2025-09-19,5234.55,5112.18,5360.15,HEROMOTOCO.NS
2025-09-22,5225.99,5097.29,5342.57,HEROMOTOCO.NS
2025-09-23,5240.15,5126.28,5363.26,HEROMOTOCO.NS
2025-09-24,5241.27,5126.43,5354.5,HEROMOTOCO.NS
2025-09-25,5231.14,5114.85,5353.45,HEROMOTOCO.NS
2025-09-26,5225.47,5100.29,5351.53,HEROMOTOCO.NS
2025-09-29,5256.43,5126.16,5378.16,HEROMOTOCO.NS
2025-09-30,5285.76,5166.96,5407.84,HEROMOTOCO.NS
2025-10-01,5302.41,5185.58,5424.33,HEROMOTOCO.NS
2025-10-03,5317.07,5197.88,5441.07,HEROMOTOCO.NS
2025-10-06,5385.86,5255.3,5497.06,HEROMOTOCO.NS
2025-10-07,5424.12,5300.56,5530.94,HEROMOTOCO.NS
2025-10-08,5447.29,5334.29,5568.9,HEROMOTOCO.NS
2025-10-09,5456.48,5340.68,5577.74,HEROMOTOCO.NS
2025-10-10,5466.78,5340.36,5595.32,HEROMOTOCO.NS
2025-10-13,5520.25,5396.76,5651.25,HEROMOTOCO.NS
2025-10-14,5547.37,5426.18,5666.22,HEROMOTOCO.NS
2025-10-15,5556.61,5442.06,5677.19,HEROMOTOCO.NS
2025-10-16,5549.33,5436.78,5661.36,HEROMOTOCO.NS
2025-10-17,5540.92,5422.71,5660.47,HEROMOTOCO.NS
2025-10-20,5529.1,5401.95,5648.64,HEROMOTOCO.NS
2025-10-21,5533.04,5421.24,5662.5,HEROMOTOCO.NS
2025-10-23,5489.77,5373.91,5607.62,HEROMOTOCO.NS
2025-10-24,5460.47,5336.7,5581.83,HEROMOTOCO.NS
2025-10-27,5399.37,5282.35,5522.17,HEROMOTOCO.NS
2025-10-28,5392.95,5258.88,5519.43,HEROMOTOCO.NS
2025-10-29,5372.52,5253.6,5501.81,HEROMOTOCO.NS
2025-10-30,5340.31,5215.39,5455.75,HEROMOTOCO.NS
2025-10-31,5312.49,5193.13,5425.79,HEROMOTOCO.NS
2025-11-03,5281.49,5160.99,5395.67,HEROMOTOCO.NS
2025-11-04,5293.37,5177.17,5421.38,HEROMOTOCO.NS
2025-11-06,5288.24,5169.51,5412.7,HEROMOTOCO.NS
2025-11-07,5288.81,5167.18,5402.68,HEROMOTOCO.NS
2025-11-10,5355.03,5237.31,5472.54,HEROMOTOCO.NS
2025-11-11,5401.23,5276.2,5524.59,HEROMOTOCO.NS
2025-11-12,5437.0,5311.17,5553.62,HEROMOTOCO.NS
2025-11-13,5463.49,5337.62,5579.77,HEROMOTOCO.NS
2025-11-14,5495.72,5372.25,5620.93,HEROMOTOCO.NS
2025-11-17,5641.03,5518.45,5769.72,HEROMOTOCO.NS
2025-11-18,5706.38,5582.29,5826.37,HEROMOTOCO.NS
2025-11-19,5756.94,5632.2,5880.3,HEROMOTOCO.NS
2025-11-20,5793.52,5661.86,5912.72,HEROMOTOCO.NS
2025-11-21,5830.89,5710.78,5949.82,HEROMOTOCO.NS
2025-11-24,5961.15,5833.13,6082.06,HEROMOTOCO.NS
2025-11-25,6011.6,5889.63,6142.49,HEROMOTOCO.NS
2025-11-26,6042.68,5923.89,6161.15,HEROMOTOCO.NS
2025-11-27,6055.6,5934.3,6175.56,HEROMOTOCO.NS
2025-11-28,6065.59,5941.57,6179.53,HEROMOTOCO.NS
2025-12-01,6097.01,5980.25,6214.83,HEROMOTOCO.NS
2025-12-02,6111.07,5984.49,6233.0,HEROMOTOCO.NS
2025-12-03,6105.2,5973.11,6227.58,HEROMOTOCO.NS
2025-12-04,6081.28,5958.1,6206.84,HEROMOTOCO.NS
2025-12-05,6055.25,5934.68,6174.73,HEROMOTOCO.NS
2025-12-08,5989.8,5872.91,6102.03,HEROMOTOCO.NS
2025-12-09,5977.15,5853.7,6098.14,HEROMOTOCO.NS
2025-12-10,5948.1,5832.49,6071.32,HEROMOTOCO.NS
2025-12-11,5904.88,5772.49,6027.9,HEROMOTOCO.NS
2025-12-12,5863.63,5756.83,5979.28,HEROMOTOCO.NS
2025-12-15,5778.02,5654.77,5902.82,HEROMOTOCO.NS
2025-12-16,5766.96,5649.78,5884.81,HEROMOTOCO.NS
2025-12-17,5743.35,5633.95,5855.47,HEROMOTOCO.NS
2025-12-18,5709.08,5593.89,5827.44,HEROMOTOCO.NS
2025-12-19,5679.93,5555.56,5787.8,HEROMOTOCO.NS
2025-12-22,5644.81,5522.75,5764.3,HEROMOTOCO.NS
2025-12-23,5653.57,5529.48,5772.39,HEROMOTOCO.NS
2025-12-24,5650.36,5533.05,5778.74,HEROMOTOCO.NS
2025-12-26,5627.31,5506.2,5744.57,HEROMOTOCO.NS
2025-12-29,5644.23,5518.53,5772.21,HEROMOTOCO.NS
2025-12-30,5666.44,5532.06,5792.55,HEROMOTOCO.NS
2025-12-31,5674.21,5553.97,5788.56,HEROMOTOCO.NS
2026-01-01,5668.7,5538.53,5780.73,HEROMOTOCO.NS
2026-01-02,5665.04,5536.53,5786.57,HEROMOTOCO.NS
2026-01-05,5681.98,5559.42,5803.65,HEROMOTOCO.NS
2026-01-06,5699.0,5583.51,5825.28,HEROMOTOCO.NS
2026-01-07,5699.33,5585.94,5817.47,HEROMOTOCO.NS
2026-01-08,5684.43,5563.45,5805.5,HEROMOTOCO.NS
2026-01-09,5669.77,5544.12,5785.41,HEROMOTOCO.NS
2026-01-12,5647.92,5523.64,5755.93,HEROMOTOCO.NS
2026-01-13,5651.46,5531.86,5766.83,HEROMOTOCO.NS
2026-01-14,5638.73,5521.75,5752.57,HEROMOTOCO.NS
2026-01-15,5611.58,5489.09,5740.29,HEROMOTOCO.NS
2026-01-16,5585.84,5466.29,5705.25,HEROMOTOCO.NS
2026-01-19,5540.81,5418.23,5661.98,HEROMOTOCO.NS
2026-01-20,5540.74,5419.27,5663.56,HEROMOTOCO.NS
2026-01-21,5526.69,5410.83,5655.08,HEROMOTOCO.NS
2026-01-22,5500.57,5368.86,5624.29,HEROMOTOCO.NS
2026-01-23,5478.2,5359.39,5600.51,HEROMOTOCO.NS
2026-01-27,5467.72,5343.92,5587.93,HEROMOTOCO.NS
2026-01-28,5466.62,5348.04,5588.78,HEROMOTOCO.NS
2026-01-29,5454.62,5333.45,5577.3,HEROMOTOCO.NS
2026-01-30,5447.22,5322.53,5571.27,HEROMOTOCO.NS
2026-02-02,5471.92,5353.96,5594.23,HEROMOTOCO.NS
2026-02-03,5498.26,5377.82,5621.97,HEROMOTOCO.NS
2026-02-04,5511.27,5392.11,5638.08,HEROMOTOCO.NS
2026-02-05,5512.25,5397.0,5633.17,HEROMOTOCO.NS
2026-02-06,5516.44,5396.62,5631.02,HEROMOTOCO.NS
2026-02-09,5565.55,5437.99,5689.65,HEROMOTOCO.NS
2026-02-10,5596.11,5471.76,5708.4,HEROMOTOCO.NS
2026-02-11,5611.24,5494.08,5739.92,HEROMOTOCO.NS
2026-02-12,5612.27,5480.34,5733.96,HEROMOTOCO.NS
2026-02-13,5614.46,5492.84,5734.62,HEROMOTOCO.NS
2026-02-16,5646.33,5529.88,5765.06,HEROMOTOCO.NS
2026-02-17,5667.91,5542.91,5786.3,HEROMOTOCO.NS
2026-02-18,5672.77,5546.71,5795.53,HEROMOTOCO.NS
2026-02-19,5662.44,5543.25,5782.38,HEROMOTOCO.NS
2026-02-20,5652.44,5532.84,5771.6,HEROMOTOCO.NS
2026-02-23,5645.04,5526.54,5773.21,HEROMOTOCO.NS
2026-02-24,5653.4,5523.68,5776.68,HEROMOTOCO.NS
2026-02-25,5645.32,5526.57,5763.61,HEROMOTOCO.NS
2026-02-26,5622.51,5504.22,5746.24,HEROMOTOCO.NS
2026-02-27,5600.66,5488.34,5718.31,HEROMOTOCO.NS
2026-03-02,5562.7,5449.69,5681.7,HEROMOTOCO.NS
2026-03-04,5547.52,5423.35,5672.1,HEROMOTOCO.NS
2026-03-05,5518.56,5391.41,5636.46,HEROMOTOCO.NS
2026-03-06,5491.59,5378.18,5610.05,HEROMOTOCO.NS
2026-03-09,5444.13,5321.75,5563.38,HEROMOTOCO.NS
2026-03-10,5442.81,5313.67,5561.18,HEROMOTOCO.NS
2026-03-11,5426.85,5302.48,5545.31,HEROMOTOCO.NS
2026-03-12,5397.9,5279.76,5512.78,HEROMOTOCO.NS
2026-03-13,5371.54,5248.7,5489.98,HEROMOTOCO.NS
2026-03-16,5328.75,5206.48,5450.24,HEROMOTOCO.NS
2026-03-17,5329.74,5203.78,5448.92,HEROMOTOCO.NS
2026-03-18,5316.39,5195.14,5434.19,HEROMOTOCO.NS
2026-03-19,5290.3,5162.47,5409.09,HEROMOTOCO.NS
2026-03-20,5267.03,5138.89,5389.36,HEROMOTOCO.NS
2026-03-23,5234.8,5120.58,5349.08,HEROMOTOCO.NS
2026-03-24,5239.72,5115.98,5359.77,HEROMOTOCO.NS
2026-03-25,5230.52,5098.39,5352.8,HEROMOTOCO.NS
2026-03-27,5190.14,5073.59,5318.35,HEROMOTOCO.NS
2026-03-30,5173.1,5053.67,5291.0,HEROMOTOCO.NS
2026-04-01,5180.02,5054.62,5294.51,HEROMOTOCO.NS
2026-04-02,5164.15,5042.89,5282.12,HEROMOTOCO.NS
2026-04-06,5152.41,5032.58,5281.93,HEROMOTOCO.NS
2026-04-07,5168.66,5047.61,5292.6,HEROMOTOCO.NS
2026-04-08,5170.76,5051.25,5299.36,HEROMOTOCO.NS
2026-04-09,5160.2,5044.41,5278.04,HEROMOTOCO.NS
2026-04-10,5152.44,5036.88,5289.98,HEROMOTOCO.NS
2026-04-13,5165.3,5042.94,5294.63,HEROMOTOCO.NS
2026-04-15,5188.48,5057.12,5306.56,HEROMOTOCO.NS
2026-04-16,5179.28,5065.41,5297.08,HEROMOTOCO.NS
2026-04-17,5172.14,5059.21,5304.41,HEROMOTOCO.NS
2026-04-20,5182.4,5064.07,5299.8,HEROMOTOCO.NS
2026-04-21,5199.15,5081.04,5319.16,HEROMOTOCO.NS
2026-04-22,5200.44,5079.28,5323.2,HEROMOTOCO.NS
2026-04-23,5187.8,5061.86,5310.69,HEROMOTOCO.NS
2026-04-24,5176.72,5057.02,5296.02,HEROMOTOCO.NS
2026-04-27,5173.14,5056.31,5290.64,HEROMOTOCO.NS
2026-04-28,5184.91,5061.37,5311.19,HEROMOTOCO.NS
2026-04-29,5181.19,5066.98,5293.48,HEROMOTOCO.NS
2026-04-30,5163.61,5045.37,5281.19,HEROMOTOCO.NS
2026-05-01,5147.74,5021.73,5275.27,HEROMOTOCO.NS
2026-05-04,5131.45,5008.9,5250.56,HEROMOTOCO.NS
2026-05-05,5139.72,5023.87,5267.43,HEROMOTOCO.NS
2026-05-06,5132.94,5012.86,5257.44,HEROMOTOCO.NS
2026-05-07,5112.75,4988.73,5235.92,HEROMOTOCO.NS
2026-05-08,5094.74,4964.1,5210.51,HEROMOTOCO.NS
2026-05-11,5074.63,4943.63,5197.07,HEROMOTOCO.NS
2026-05-12,5082.41,4954.66,5206.92,HEROMOTOCO.NS
2026-05-13,5075.45,4950.27,5190.01,HEROMOTOCO.NS
2026-05-14,5055.34,4934.71,5174.68,HEROMOTOCO.NS
2026-05-15,5037.63,4911.31,5163.0,HEROMOTOCO.NS
2026-05-18,5019.15,4904.09,5140.8,HEROMOTOCO.NS
2026-05-19,5027.55,4908.72,5149.04,HEROMOTOCO.NS
2026-05-20,5021.2,4901.2,5147.06,HEROMOTOCO.NS
2026-05-21,5001.66,4880.5,5119.24,HEROMOTOCO.NS
2026-05-22,4984.45,4862.21,5105.78,HEROMOTOCO.NS
2026-05-25,4967.13,4842.55,5083.85,HEROMOTOCO.NS
2026-05-26,4975.86,4851.51,5095.3,HEROMOTOCO.NS
2026-05-27,4969.85,4853.57,5096.38,HEROMOTOCO.NS
2026-05-28,4950.71,4827.78,5065.24,HEROMOTOCO.NS
2026-05-29,4934.0,4812.88,5056.71,HEROMOTOCO.NS
2026-06-01,4919.32,4798.66,5038.59,HEROMOTOCO.NS
2026-06-02,4929.47,4812.39,5052.75,HEROMOTOCO.NS
2026-06-03,4925.21,4806.94,5045.63,HEROMOTOCO.NS
2026-06-04,4908.2,4790.54,5028.56,HEROMOTOCO.NS
2026-06-05,4894.01,4776.17,5011.27,HEROMOTOCO.NS
2026-06-08,4889.23,4766.17,5006.93,HEROMOTOCO.NS
2026-06-09,4903.39,4778.29,5027.32,HEROMOTOCO.NS
2026-06-10,4903.45,4788.9,5020.64,HEROMOTOCO.NS
2026-06-11,4890.97,4768.14,5013.69,HEROMOTOCO.NS
2026-06-12,4881.48,4761.87,4999.85,HEROMOTOCO.NS
2026-06-15,4890.88,4773.37,5019.52,HEROMOTOCO.NS
2026-06-16,4909.47,4786.51,5029.44,HEROMOTOCO.NS
2026-06-17,4913.64,4796.99,5031.61,HEROMOTOCO.NS
2026-06-18,4904.87,4778.76,5021.05,HEROMOTOCO.NS
2026-06-19,4898.58,4775.9,5030.89,HEROMOTOCO.NS
2026-06-22,4913.81,4799.68,5034.19,HEROMOTOCO.NS
2026-06-23,4932.92,4807.95,5070.13,HEROMOTOCO.NS
2026-06-24,4936.85,4816.26,5054.94,HEROMOTOCO.NS
2026-06-25,4927.1,4808.61,5051.78,HEROMOTOCO.NS
2026-06-26,4919.1,4799.02,5044.91,HEROMOTOCO.NS
2026-06-29,4925.5,4801.5,5046.58,HEROMOTOCO.NS
2026-06-30,4940.73,4820.12,5055.98,HEROMOTOCO.NS
2026-07-01,4940.52,4818.54,5057.37,HEROMOTOCO.NS
2026-07-02,4926.5,4815.93,5047.41,HEROMOTOCO.NS
2026-07-03,4914.25,4789.02,5027.14,HEROMOTOCO.NS
2026-07-06,4909.63,4790.42,5034.32,HEROMOTOCO.NS
2026-07-07,4922.29,4796.87,5043.14,HEROMOTOCO.NS
2026-07-08,4920.3,4795.11,5044.15,HEROMOTOCO.NS
2026-07-09,4905.4,4785.83,5019.46,HEROMOTOCO.NS
2026-07-10,4893.32,4773.15,5015.51,HEROMOTOCO.NS
2026-07-13,4896.13,4779.53,5015.68,HEROMOTOCO.NS
2026-07-14,4913.71,4797.92,5034.79,HEROMOTOCO.NS
2026-07-15,4917.84,4786.09,5039.99,HEROMOTOCO.NS
2026-07-16,4910.25,4780.62,5032.48,HEROMOTOCO.NS
2026-07-17,4906.57,4789.51,5025.37,HEROMOTOCO.NS
2026-07-20,4940.1,4823.82,5059.07,HEROMOTOCO.NS
2026-07-21,4969.3,4844.55,5094.51,HEROMOTOCO.NS
2026-07-22,4985.48,4857.03,5094.51,HEROMOTOCO.NS
2026-07-23,4990.17,4869.91,5103.38,HEROMOTOCO.NS
2026-07-24,4998.84,4879.9,5118.73,HEROMOTOCO.NS
2026-07-27,5068.06,4956.29,5188.27,HEROMOTOCO.NS
2026-07-28,5108.15,4989.76,5222.75,HEROMOTOCO.NS
2026-07-29,5134.5,5010.42,5254.81,HEROMOTOCO.NS
2026-07-30,5148.53,5029.5,5273.87,HEROMOTOCO.NS
2026-07-31,5165.61,5045.1,5286.17,HEROMOTOCO.NS
2026-08-03,5254.05,5129.82,5371.79,HEROMOTOCO.NS
2026-08-04,5298.54,5172.53,5409.55,HEROMOTOCO.NS
2026-08-05,5328.31,5211.39,5456.57,HEROMOTOCO.NS
2026-08-06,5344.87,5228.82,5467.2,HEROMOTOCO.NS
2026-08-07,5363.68,5243.64,5485.92,HEROMOTOCO.NS
2026-08-10,5453.5,5326.14,5568.51,HEROMOTOCO.NS
2026-08-11,5497.58,5384.13,5611.38,HEROMOTOCO.NS
2026-08-12,5526.71,5405.59,5645.85,HEROMOTOCO.NS
2026-08-13,5542.5,5425.22,5663.16,HEROMOTOCO.NS
2026-08-14,5560.52,5435.82,5689.61,HEROMOTOCO.NS
2026-08-17,5648.64,5536.61,5770.77,HEROMOTOCO.NS
2026-08-18,5692.52,5571.58,5813.95,HEROMOTOCO.NS
2026-08-19,5721.65,5605.52,5845.88,HEROMOTOCO.NS
2026-08-20,5737.63,5622.22,5847.12,HEROMOTOCO.NS
2026-08-21,5755.95,5637.21,5879.24,HEROMOTOCO.NS
2026-08-24,5844.84,5721.62,5961.13,HEROMOTOCO.NS
2026-08-25,5888.55,5768.57,6013.36,HEROMOTOCO.NS
2026-08-26,5917.08,5791.86,6044.72,HEROMOTOCO.NS
2026-08-27,5931.87,5800.58,6057.96,HEROMOTOCO.NS
2026-08-28,5948.3,5822.93,6076.36,HEROMOTOCO.NS
2026-08-31,6025.91,5898.0,6150.43,HEROMOTOCO.NS
2026-09-01,6063.65,5940.13,6186.74,HEROMOTOCO.NS
2026-09-02,6084.99,5965.37,6219.15,HEROMOTOCO.NS
2025-07-22,685.84,665.45,705.59,HINDALCO.NS
2025-07-23,688.39,667.86,708.52,HINDALCO.NS
2025-07-24,686.59,666.71,706.97,HINDALCO.NS
2025-07-25,679.06,657.9,699.61,HINDALCO.NS
2025-07-28,673.83,654.71,694.15,HINDALCO.NS
2025-07-29,674.1,654.57,695.35,HINDALCO.NS
2025-07-30,678.16,657.64,699.3,HINDALCO.NS
2025-07-31,678.01,656.86,698.84,HINDALCO.NS
2025-08-01,672.24,650.99,692.64,HINDALCO.NS
2025-08-04,672.48,652.79,693.72,HINDALCO.NS
2025-08-05,674.5,653.76,694.13,HINDALCO.NS
2025-08-06,680.21,659.52,701.04,HINDALCO.NS
2025-08-07,681.6,660.6,701.64,HINDALCO.NS
2025-08-08,677.23,656.38,698.77,HINDALCO.NS
2025-08-11,680.66,660.56,702.85,HINDALCO.NS
2025-08-12,683.41,662.18,705.94,HINDALCO.NS
2025-08-13,689.69,668.67,709.13,HINDALCO.NS
2025-08-14,691.5,671.2,713.08,HINDALCO.NS
2025-08-18,691.19,670.31,711.21,HINDALCO.NS
2025-08-19,693.95,673.88,713.7,HINDALCO.NS
2025-08-20,700.24,680.03,720.47,HINDALCO.NS
2025-08-21,702.07,681.41,722.73,HINDALCO.NS
2025-08-22,698.04,677.24,718.54,HINDALCO.NS
2025-08-25,702.33,680.92,724.09,HINDALCO.NS
2025-08-26,705.41,685.7,725.46,HINDALCO.NS
2025-08-28,714.39,694.21,736.11,HINDALCO.NS
2025-08-29,710.89,691.09,732.34,HINDALCO.NS
2025-09-01,716.95,695.92,738.15,HINDALCO.NS
2025-09-02,720.62,698.36,741.74,HINDALCO.NS
2025-09-03,727.84,707.94,750.41,HINDALCO.NS
2025-09-04,730.61,709.33,750.72,HINDALCO.NS
2025-09-05,727.48,705.17,748.96,HINDALCO.NS
2025-09-08,733.87,712.47,753.22,HINDALCO.NS
2025-09-09,737.33,715.89,758.3,HINDALCO.NS
2025-09-10,744.16,723.7,765.3,HINDALCO.NS
2025-09-11,746.36,724.75,765.52,HINDALCO.NS
2025-09-12,742.48,722.5,761.96,HINDALCO.NS
2025-09-15,745.62,724.81,766.14,HINDALCO.NS
2025-09-16,747.72,726.38,768.42,HINDALCO.NS
2025-09-17,753.11,732.67,774.32,HINDALCO.NS
2025-09-18,753.8,732.8,774.33,HINDALCO.NS
2025-09-19,748.39,727.03,768.52,HINDALCO.NS
2025-09-22,747.19,725.95,767.5,HINDALCO.NS
2025-09-23,748.05,727.48,769.42,HINDALCO.NS
2025-09-24,752.37,731.72,774.1,HINDALCO.NS
2025-09-25,752.18,731.81,773.04,HINDALCO.NS
2025-09-26,746.13,725.29,766.73,HINDALCO.NS
2025-09-29,744.55,724.23,766.29,HINDALCO.NS
2025-09-30,745.86,723.83,766.23,HINDALCO.NS
2025-10-01,750.9,730.94,770.63,HINDALCO.NS
2025-10-03,746.94,726.73,766.72,HINDALCO.NS
2025-10-06,750.51,730.53,770.34,HINDALCO.NS
2025-10-07,753.87,732.13,774.84,HINDALCO.NS
2025-10-08,761.06,740.77,782.15,HINDALCO.NS
2025-10-09,764.08,742.83,784.19,HINDALCO.NS
2025-10-10,761.51,740.36,781.78,HINDALCO.NS
2025-10-13,771.27,750.68,791.45,HINDALCO.NS
2025-10-14,776.38,755.73,797.18,HINDALCO.NS
2025-10-15,785.12,764.71,805.93,HINDALCO.NS
2025-10-16,789.42,769.88,810.77,HINDALCO.NS
2025-10-17,787.84,767.09,809.81,HINDALCO.NS
2025-10-20,798.65,777.54,817.07,HINDALCO.NS
2025-10-21,803.43,783.85,823.72,HINDALCO.NS
2025-10-23,814.77,795.09,837.13,HINDALCO.NS
2025-10-24,811.86,790.28,832.85,HINDALCO.NS
2025-10-27,817.0,796.18,836.93,HINDALCO.NS
2025-10-28,819.44,798.33,840.17,HINDALCO.NS
2025-10-29,825.01,805.1,845.5,HINDALCO.NS
2025-10-30,825.69,806.26,846.66,HINDALCO.NS
2025-10-31,820.1,800.96,839.8,HINDALCO.NS
2025-11-03,817.23,797.2,838.4,HINDALCO.NS
2025-11-04,817.15,795.93,837.65,HINDALCO.NS
2025-11-06,818.81,798.96,839.62,HINDALCO.NS
2025-11-07,811.22,790.35,831.33,HINDALCO.NS
2025-11-10,803.83,782.71,823.37,HINDALCO.NS
2025-11-11,802.8,782.21,822.17,HINDALCO.NS
2025-11-12,805.31,784.6,827.19,HINDALCO.NS
2025-11-13,803.4,782.44,826.1,HINDALCO.NS
2025-11-14,795.71,774.72,816.87,HINDALCO.NS
2025-11-17,789.64,769.05,808.43,HINDALCO.NS
2025-11-18,789.53,769.24,810.59,HINDALCO.NS
2025-11-19,793.18,770.85,814.03,HINDALCO.NS
2025-11-20,792.6,772.68,812.04,HINDALCO.NS
2025-11-21,786.41,766.19,806.62,HINDALCO.NS
2025-11-24,785.56,763.36,807.44,HINDALCO.NS
2025-11-25,787.35,767.73,808.45,HINDALCO.NS
2025-11-26,792.94,772.26,812.79,HINDALCO.NS
2025-11-27,794.33,771.45,815.36,HINDALCO.NS
2025-11-28,790.09,769.53,810.1,HINDALCO.NS
2025-12-01,794.9,772.36,816.58,HINDALCO.NS
2025-12-02,798.45,777.19,819.84,HINDALCO.NS
2025-12-03,805.71,784.54,826.56,HINDALCO.NS
2025-12-04,808.66,789.39,830.3,HINDALCO.NS
2025-12-05,805.88,784.06,825.66,HINDALCO.NS
2025-12-08,814.34,793.55,835.07,HINDALCO.NS
2025-12-09,818.84,797.98,840.81,HINDALCO.NS
2025-12-10,826.93,805.83,847.1,HINDALCO.NS
2025-12-11,830.57,809.63,851.18,HINDALCO.NS
2025-12-12,828.36,807.27,850.9,HINDALCO.NS
2025-12-15,837.73,817.06,858.5,HINDALCO.NS
2025-12-16,842.31,822.33,863.41,HINDALCO.NS
2025-12-17,850.36,830.07,871.53,HINDALCO.NS
2025-12-18,853.88,832.12,873.77,HINDALCO.NS
2025-12-19,851.45,831.35,872.22,HINDALCO.NS
2025-12-22,859.82,838.04,880.7,HINDALCO.NS
2025-12-23,863.99,842.91,883.22,HINDALCO.NS
2025-12-24,871.62,850.67,891.76,HINDALCO.NS
2025-12-26,871.88,849.93,893.28,HINDALCO.NS
2025-12-29,879.28,858.55,899.71,HINDALCO.NS
2025-12-30,883.25,863.04,904.12,HINDALCO.NS
2025-12-31,890.77,870.52,911.09,HINDALCO.NS
2026-01-01,893.84,872.75,914.32,HINDALCO.NS
2026-01-02,891.07,870.57,911.65,HINDALCO.NS
2026-01-05,899.24,878.44,919.42,HINDALCO.NS
2026-01-06,903.63,882.86,922.28,HINDALCO.NS
2026-01-07,911.64,890.68,932.43,HINDALCO.NS
2026-01-08,915.25,892.82,936.54,HINDALCO.NS
2026-01-09,913.06,892.47,933.13,HINDALCO.NS
2026-01-12,922.9,903.43,944.27,HINDALCO.NS
2026-01-13,927.76,908.03,948.9,HINDALCO.NS
2026-01-14,936.13,915.07,957.09,HINDALCO.NS
2026-01-15,939.97,921.13,960.67,HINDALCO.NS
2026-01-16,937.86,918.69,957.12,HINDALCO.NS
2026-01-19,946.76,925.83,966.92,HINDALCO.NS
2026-01-20,950.84,930.62,971.3,HINDALCO.NS
2026-01-21,958.17,937.63,978.44,HINDALCO.NS
2026-01-22,960.72,940.37,981.85,HINDALCO.NS
2026-01-23,957.04,936.76,977.34,HINDALCO.NS
2026-01-27,961.34,940.28,981.34,HINDALCO.NS
2026-01-28,966.01,944.97,984.71,HINDALCO.NS
2026-01-29,965.75,945.55,986.77,HINDALCO.NS
2026-01-30,959.19,938.3,979.53,HINDALCO.NS
2026-02-02,953.17,932.01,975.05,HINDALCO.NS
2026-02-03,952.0,931.07,970.78,HINDALCO.NS
2026-02-04,954.08,933.03,973.47,HINDALCO.NS
2026-02-05,951.47,930.42,973.07,HINDALCO.NS
2026-02-06,942.81,922.54,964.34,HINDALCO.NS
2026-02-09,932.6,912.1,952.82,HINDALCO.NS
2026-02-10,930.82,911.29,952.63,HINDALCO.NS
2026-02-11,932.72,914.11,952.98,HINDALCO.NS
2026-02-12,930.38,909.58,952.78,HINDALCO.NS
2026-02-13,922.42,901.46,943.96,HINDALCO.NS
2026-02-16,916.72,897.6,937.95,HINDALCO.NS
2026-02-17,917.14,895.04,937.54,HINDALCO.NS
2026-02-18,921.52,901.65,943.2,HINDALCO.NS
2026-02-19,921.84,900.39,942.87,HINDALCO.NS
2026-02-20,916.69,895.55,937.3,HINDALCO.NS
2026-02-23,919.49,898.29,941.04,HINDALCO.NS
2026-02-24,922.52,900.55,942.72,HINDALCO.NS
2026-02-25,929.26,909.24,949.67,HINDALCO.NS
2026-02-26,931.64,910.3,954.06,HINDALCO.NS
2026-02-27,928.17,907.57,948.01,HINDALCO.NS
2026-03-02,933.28,912.58,954.96,HINDALCO.NS
2026-03-04,941.98,922.3,964.3,HINDALCO.NS
2026-03-05,943.02,922.98,962.69,HINDALCO.NS
2026-03-06,937.7,917.49,957.37,HINDALCO.NS
2026-03-09,934.58,912.83,955.05,HINDALCO.NS
2026-03-10,933.91,913.6,956.01,HINDALCO.NS
2026-03-11,936.2,915.94,957.12,HINDALCO.NS
2026-03-12,933.47,911.51,954.4,HINDALCO.NS
2026-03-13,924.36,904.08,944.4,HINDALCO.NS
2026-03-16,910.74,890.25,932.01,HINDALCO.NS
2026-03-17,907.22,886.22,927.77,HINDALCO.NS
2026-03-18,907.13,886.48,926.81,HINDALCO.NS
2026-03-19,902.59,882.7,923.67,HINDALCO.NS
2026-03-20,892.32,871.87,912.76,HINDALCO.NS
2026-03-23,879.64,858.29,900.47,HINDALCO.NS
2026-03-24,878.0,858.36,896.87,HINDALCO.NS
2026-03-25,880.6,858.88,900.01,HINDALCO.NS
2026-03-27,873.44,853.03,895.56,HINDALCO.NS
2026-03-30,877.08,854.44,897.0,HINDALCO.NS
2026-04-01,891.1,869.96,911.03,HINDALCO.NS
2026-04-02,896.87,876.34,916.86,HINDALCO.NS
2026-04-06,920.83,900.68,942.04,HINDALCO.NS
2026-04-07,931.29,911.03,952.3,HINDALCO.NS
2026-04-08,945.67,924.74,966.8,HINDALCO.NS
2026-04-09,955.85,936.15,977.29,HINDALCO.NS
2026-04-10,960.26,938.83,979.58,HINDALCO.NS
2026-04-13,988.91,969.48,1010.79,HINDALCO.NS
2026-04-15,1012.66,991.77,1033.1,HINDALCO.NS
2026-04-16,1020.89,1000.53,1041.85,HINDALCO.NS
2026-04-17,1022.49,1002.01,1043.25,HINDALCO.NS
2026-04-20,1038.25,1019.4,1059.53,HINDALCO.NS
2026-04-21,1043.2,1021.73,1064.35,HINDALCO.NS
2026-04-22,1050.76,1029.72,1074.47,HINDALCO.NS
2026-04-23,1052.95,1032.48,1073.47,HINDALCO.NS
2026-04-24,1048.43,1028.18,1068.84,HINDALCO.NS
2026-04-27,1046.66,1025.12,1066.72,HINDALCO.NS
2026-04-28,1046.49,1024.4,1069.38,HINDALCO.NS
2026-04-29,1049.49,1028.3,1070.5,HINDALCO.NS
2026-04-30,1047.79,1027.02,1068.76,HINDALCO.NS
2026-05-01,1040.1,1019.32,1061.0,HINDALCO.NS
2026-05-04,1033.81,1013.57,1055.16,HINDALCO.NS
2026-05-05,1033.86,1013.72,1054.27,HINDALCO.NS
2026-05-06,1037.92,1016.64,1058.79,HINDALCO.NS
2026-05-07,1038.07,1018.38,1059.7,HINDALCO.NS
2026-05-08,1032.98,1012.6,1054.21,HINDALCO.NS
2026-05-11,1037.97,1016.78,1058.4,HINDALCO.NS
2026-05-12,1042.57,1022.76,1061.69,HINDALCO.NS
2026-05-13,1051.36,1031.53,1071.41,HINDALCO.NS
2026-05-14,1056.29,1034.59,1076.7,HINDALCO.NS
2026-05-15,1055.89,1035.11,1077.3,HINDALCO.NS
2026-05-18,1073.02,1053.12,1092.95,HINDALCO.NS
2026-05-19,1080.62,1060.28,1101.13,HINDALCO.NS
2026-05-20,1091.72,1073.44,1113.57,HINDALCO.NS
2026-05-21,1098.18,1077.56,1118.18,HINDALCO.NS
2026-05-22,1098.45,1078.92,1118.0,HINDALCO.NS
2026-05-25,1112.22,1090.98,1130.47,HINDALCO.NS
2026-05-26,1116.9,1095.11,1138.73,HINDALCO.NS
2026-05-27,1124.22,1103.35,1143.18,HINDALCO.NS
2026-05-28,1126.1,1106.36,1146.83,HINDALCO.NS
2026-05-29,1121.09,1100.46,1141.07,HINDALCO.NS
2026-06-01,1115.75,1094.73,1136.58,HINDALCO.NS
2026-06-02,1113.36,1091.42,1133.35,HINDALCO.NS
2026-06-03,1113.49,1092.01,1132.72,HINDALCO.NS
2026-06-04,1108.2,1086.55,1129.76,HINDALCO.NS
2026-06-05,1096.16,1076.94,1116.4,HINDALCO.NS
2026-06-08,1071.89,1052.76,1092.35,HINDALCO.NS
2026-06-09,1064.3,1043.91,1084.05,HINDALCO.NS
2026-06-10,1059.94,1040.0,1080.47,HINDALCO.NS
2026-06-11,1050.94,1029.46,1071.62,HINDALCO.NS
2026-06-12,1036.02,1014.55,1056.97,HINDALCO.NS
2026-06-15,1008.39,987.99,1029.82,HINDALCO.NS
2026-06-16,1001.43,980.01,1020.87,HINDALCO.NS
2026-06-17,998.51,977.27,1019.22,HINDALCO.NS
2026-06-18,991.73,971.19,1013.52,HINDALCO.NS
2026-06-19,979.72,958.43,1000.42,HINDALCO.NS
2026-06-22,964.12,943.08,985.72,HINDALCO.NS
2026-06-23,961.92,938.82,982.34,HINDALCO.NS
2026-06-24,963.97,944.2,984.87,HINDALCO.NS
2026-06-25,962.23,940.16,982.19,HINDALCO.NS
2026-06-26,955.25,935.3,975.93,HINDALCO.NS
2026-06-29,953.57,932.79,973.32,HINDALCO.NS
2026-06-30,955.35,935.12,975.87,HINDALCO.NS
2026-07-01,960.92,940.52,981.67,HINDALCO.NS
2026-07-02,962.21,942.81,984.43,HINDALCO.NS
2026-07-03,957.71,937.86,977.11,HINDALCO.NS
2026-07-06,960.15,939.51,980.64,HINDALCO.NS
2026-07-07,962.2,940.18,980.63,HINDALCO.NS
2026-07-08,967.55,948.17,989.62,HINDALCO.NS
2026-07-09,968.16,948.52,989.6,HINDALCO.NS
2026-07-10,962.59,941.12,982.11,HINDALCO.NS
2026-07-13,960.03,939.33,979.35,HINDALCO.NS
2026-07-14,960.06,938.53,981.24,HINDALCO.NS
2026-07-15,963.34,942.6,984.56,HINDALCO.NS
2026-07-16,961.88,941.26,983.05,HINDALCO.NS
2026-07-17,954.33,934.29,974.8,HINDALCO.NS
2026-07-20,946.88,926.15,968.25,HINDALCO.NS
2026-07-21,945.79,926.18,966.09,HINDALCO.NS
2026-07-22,948.24,927.78,968.31,HINDALCO.NS
2026-07-23,946.28,925.09,967.4,HINDALCO.NS
2026-07-24,938.55,920.13,959.45,HINDALCO.NS
2026-07-27,932.49,911.99,953.31,HINDALCO.NS
2026-07-28,932.43,912.34,953.6,HINDALCO.NS
2026-07-29,936.15,914.58,956.22,HINDALCO.NS
2026-07-30,935.65,915.24,955.64,HINDALCO.NS
2026-07-31,929.55,909.18,949.15,HINDALCO.NS
2026-08-03,928.86,908.38,949.11,HINDALCO.NS
2026-08-04,930.63,910.76,952.14,HINDALCO.NS
2026-08-05,936.12,915.12,957.41,HINDALCO.NS
2026-08-06,937.31,915.78,957.36,HINDALCO.NS
2026-08-07,932.77,911.47,952.89,HINDALCO.NS
2026-08-10,935.9,913.92,955.78,HINDALCO.NS
2026-08-11,938.6,916.7,958.64,HINDALCO.NS
2026-08-12,944.86,922.96,963.37,HINDALCO.NS
2026-08-13,946.66,927.12,967.95,HINDALCO.NS
2026-08-14,942.58,920.38,961.83,HINDALCO.NS
2026-08-17,946.36,925.69,966.43,HINDALCO.NS
2026-08-18,949.12,928.99,970.12,HINDALCO.NS
2026-08-19,955.4,934.11,975.35,HINDALCO.NS
2026-08-20,957.2,936.36,978.33,HINDALCO.NS
2026-08-21,953.13,932.98,974.35,HINDALCO.NS
2026-08-24,957.21,936.53,978.1,HINDALCO.NS
2026-08-25,960.19,941.32,981.53,HINDALCO.NS
2026-08-26,966.77,945.14,987.17,HINDALCO.NS
2026-08-27,968.95,947.7,988.7,HINDALCO.NS
2026-08-28,965.34,944.24,986.05,HINDALCO.NS
2026-08-31,971.08,949.86,992.89,HINDALCO.NS
2026-09-01,974.67,953.1,995.42,HINDALCO.NS
2026-09-02,981.83,961.59,1001.8,HINDALCO.NS
2025-07-22,2406.15,2365.51,2446.93,HINDUNILVR.NS
2025-07-23,2407.5,2367.3,2447.95,HINDUNILVR.NS
2025-07-24,2402.85,2361.91,2439.44,HINDUNILVR.NS
2025-07-25,2407.31,2366.82,2445.69,HINDUNILVR.NS
2025-07-28,2418.19,2373.6,2457.59,HINDUNILVR.NS
2025-07-29,2427.42,2385.17,2469.85,HINDUNILVR.NS
2025-07-30,2431.92,2391.38,2472.75,HINDUNILVR.NS
2025-07-31,2430.15,2391.36,2470.75,HINDUNILVR.NS
2025-08-01,2437.18,2395.9,2478.47,HINDUNILVR.NS
2025-08-04,2453.98,2413.26,2491.3,HINDUNILVR.NS
2025-08-05,2464.62,2424.3,2504.92,HINDUNILVR.NS
2025-08-06,2470.28,2428.07,2509.3,HINDUNILVR.NS
2025-08-07,2469.45,2428.64,2509.86,HINDUNILVR.NS
2025-08-08,2477.24,2434.21,2516.15,HINDUNILVR.NS
2025-08-11,2495.56,2453.68,2533.92,HINDUNILVR.NS
2025-08-12,2506.55,2464.57,2546.06,HINDUNILVR.NS
2025-08-13,2512.54,2472.99,2555.89,HINDUNILVR.NS
2025-08-14,2512.04,2470.88,2549.45,HINDUNILVR.NS
2025-08-18,2539.53,2497.67,2582.18,HINDUNILVR.NS
2025-08-19,2550.86,2510.69,2589.47,HINDUNILVR.NS
2025-08-20,2557.14,2516.79,2597.09,HINDUNILVR.NS
2025-08-21,2556.84,2516.94,2598.95,HINDUNILVR.NS
2025-08-22,2565.05,2525.71,2602.23,HINDUNILVR.NS
2025-08-25,2583.47,2545.61,2622.97,HINDUNILVR.NS
2025-08-26,2593.9,2555.31,2635.07,HINDUNILVR.NS
2025-08-28,2596.95,2557.77,2638.37,HINDUNILVR.NS
2025-08-29,2603.03,2565.77,2642.2,HINDUNILVR.NS
2025-09-01,2612.09,2573.26,2652.39,HINDUNILVR.NS
2025-09-02,2618.38,2582.69,2658.54,HINDUNILVR.NS
2025-09-03,2618.76,2578.84,2659.85,HINDUNILVR.NS
2025-09-04,2611.69,2570.23,2651.46,HINDUNILVR.NS
2025-09-05,2612.24,2574.76,2650.93,HINDUNILVR.NS
2025-09-08,2602.82,2561.21,2641.77,HINDUNILVR.NS
2025-09-09,2602.61,2562.87,2644.02,HINDUNILVR.NS
2025-09-10,2596.47,2559.82,2635.98,HINDUNILVR.NS
2025-09-11,2582.98,2544.11,2622.26,HINDUNILVR.NS
2025-09-12,2577.32,2539.32,2618.83,HINDUNILVR.NS
2025-09-15,2551.71,2508.64,2592.48,HINDUNILVR.NS
2025-09-16,2547.27,2507.19,2586.64,HINDUNILVR.NS
2025-09-17,2537.66,2498.48,2577.94,HINDUNILVR.NS
2025-09-18,2521.53,2480.85,2562.13,HINDUNILVR.NS
2025-09-19,2514.13,2472.24,2553.52,HINDUNILVR.NS
2025-09-22,2489.07,2447.19,2529.66,HINDUNILVR.NS
2025-09-23,2486.78,2447.58,2524.83,HINDUNILVR.NS
2025-09-24,2480.26,2436.37,2522.16,HINDUNILVR.NS
2025-09-25,2468.1,2427.44,2509.84,HINDUNILVR.NS
2025-09-26,2465.49,2427.65,2504.9,HINDUNILVR.NS
2025-09-29,2458.68,2420.01,2498.85,HINDUNILVR.NS
2025-09-30,2463.34,2423.26,2502.95,HINDUNILVR.NS
2025-10-01,2463.97,2423.55,2503.04,HINDUNILVR.NS
2025-10-03,2463.45,2420.66,2503.25,HINDUNILVR.NS
2025-10-06,2475.58,2433.16,2515.17,HINDUNILVR.NS
2025-10-07,2485.32,2448.28,2523.1,HINDUNILVR.NS
2025-10-08,2490.21,2449.6,2530.73,HINDUNILVR.NS
2025-10-09,2488.58,2448.59,2528.71,HINDUNILVR.NS
2025-10-10,2495.38,2453.68,2536.03,HINDUNILVR.NS
2025-10-13,2508.12,2468.54,2549.33,HINDUNILVR.NS
2025-10-14,2515.92,2477.83,2557.17,HINDUNILVR.NS
2025-10-15,2517.83,2476.37,2559.26,HINDUNILVR.NS
2025-10-16,2512.27,2473.44,2551.58,HINDUNILVR.NS
2025-10-17,2514.28,2475.23,2556.22,HINDUNILVR.NS
2025-10-20,2508.73,2466.74,2546.4,HINDUNILVR.NS
2025-10-21,2509.6,2468.4,2548.08,HINDUNILVR.NS
2025-10-23,2491.85,2451.09,2531.27,HINDUNILVR.NS
2025-10-24,2487.02,2447.39,2527.83,HINDUNILVR.NS
2025-10-27,2463.73,2424.53,2504.57,HINDUNILVR.NS
2025-10-28,2460.08,2419.36,2501.0,HINDUNILVR.NS
2025-10-29,2451.3,2411.32,2491.04,HINDUNILVR.NS
2025-10-30,2436.06,2395.07,2475.92,HINDUNILVR.NS
2025-10-31,2429.63,2390.87,2468.11,HINDUNILVR.NS
2025-11-03,2407.98,2370.8,2448.31,HINDUNILVR.NS
2025-11-04,2406.98,2368.25,2448.31,HINDUNILVR.NS
2025-11-06,2390.99,2350.14,2432.1,HINDUNILVR.NS
2025-11-07,2389.74,2348.77,2429.06,HINDUNILVR.NS
2025-11-10,2386.63,2346.63,2425.63,HINDUNILVR.NS
2025-11-11,2392.27,2352.66,2429.77,HINDUNILVR.NS
2025-11-12,2393.67,2353.93,2432.1,HINDUNILVR.NS
2025-11-13,2389.23,2351.84,2429.29,HINDUNILVR.NS
2025-11-14,2393.95,2355.39,2433.98,HINDUNILVR.NS
2025-11-17,2404.89,2366.14,2444.44,HINDUNILVR.NS
2025-11-18,2413.5,2372.57,2457.38,HINDUNILVR.NS
2025-11-19,2416.86,2374.7,2456.61,HINDUNILVR.NS
2025-11-20,2413.31,2373.93,2452.51,HINDUNILVR.NS
2025-11-21,2417.82,2376.95,2459.36,HINDUNILVR.NS
2025-11-24,2421.58,2381.83,2461.97,HINDUNILVR.NS
2025-11-25,2425.77,2385.36,2465.18,HINDUNILVR.NS
2025-11-26,2423.85,2383.53,2462.05,HINDUNILVR.NS
2025-11-27,2414.28,2375.79,2456.36,HINDUNILVR.NS
2025-11-28,2412.15,2370.74,2452.75,HINDUNILVR.NS
2025-12-01,2393.93,2353.78,2431.06,HINDUNILVR.NS
2025-12-02,2390.69,2351.3,2431.56,HINDUNILVR.NS
2025-12-03,2381.57,2342.56,2422.12,HINDUNILVR.NS
2025-12-04,2365.19,2323.06,2404.37,HINDUNILVR.NS
2025-12-05,2356.83,2314.85,2397.77,HINDUNILVR.NS
2025-12-08,2324.73,2283.92,2362.6,HINDUNILVR.NS
2025-12-09,2318.83,2280.84,2358.63,HINDUNILVR.NS
2025-12-10,2308.17,2268.06,2347.92,HINDUNILVR.NS
2025-12-11,2291.43,2252.93,2333.67,HINDUNILVR.NS
2025-12-12,2283.87,2246.14,2325.33,HINDUNILVR.NS
2025-12-15,2261.05,2222.6,2304.63,HINDUNILVR.NS
2025-12-16,2260.33,2222.54,2299.41,HINDUNILVR.NS
2025-12-17,2255.74,2217.02,2296.69,HINDUNILVR.NS
2025-12-18,2245.84,2206.26,2284.58,HINDUNILVR.NS
2025-12-19,2245.76,2206.45,2281.03,HINDUNILVR.NS
2025-12-22,2247.63,2205.49,2286.32,HINDUNILVR.NS
2025-12-23,2255.38,2214.09,2295.79,HINDUNILVR.NS
2025-12-24,2259.11,2218.33,2300.59,HINDUNILVR.NS
2025-12-26,2264.72,2228.92,2307.69,HINDUNILVR.NS
2025-12-29,2285.47,2247.92,2326.86,HINDUNILVR.NS
2025-12-30,2297.91,2257.54,2337.63,HINDUNILVR.NS
2025-12-31,2305.43,2268.01,2348.09,HINDUNILVR.NS
2026-01-01,2306.39,2266.97,2347.8,HINDUNILVR.NS
2026-01-02,2315.77,2277.84,2355.83,HINDUNILVR.NS
2026-01-05,2336.63,2298.93,2376.59,HINDUNILVR.NS
2026-01-06,2347.42,2310.21,2388.56,HINDUNILVR.NS
2026-01-07,2352.55,2312.09,2393.58,HINDUNILVR.NS
2026-01-08,2350.49,2309.39,2386.58,HINDUNILVR.NS
2026-01-09,2356.31,2315.03,2400.6,HINDUNILVR.NS
2026-01-12,2364.41,2325.04,2401.43,HINDUNILVR.NS
2026-01-13,2370.62,2329.0,2409.47,HINDUNILVR.NS
2026-01-14,2371.19,2330.52,2412.22,HINDUNILVR.NS
2026-01-15,2364.69,2328.4,2402.51,HINDUNILVR.NS
2026-01-16,2366.29,2326.04,2404.71,HINDUNILVR.NS
2026-01-19,2363.76,2326.35,2404.27,HINDUNILVR.NS
2026-01-20,2367.29,2324.8,2407.77,HINDUNILVR.NS
2026-01-21,2365.67,2328.7,2406.38,HINDUNILVR.NS
2026-01-22,2357.48,2318.26,2396.84,HINDUNILVR.NS
2026-01-23,2357.89,2317.84,2396.13,HINDUNILVR.NS
2026-01-27,2358.61,2317.74,2396.69,HINDUNILVR.NS
2026-01-28,2357.82,2320.38,2401.61,HINDUNILVR.NS
2026-01-29,2350.71,2309.4,2390.84,HINDUNILVR.NS
2026-01-30,2352.37,2310.24,2390.22,HINDUNILVR.NS
2026-02-02,2353.16,2311.04,2390.42,HINDUNILVR.NS
2026-02-03,2358.48,2319.56,2397.56,HINDUNILVR.NS
2026-02-04,2358.81,2319.96,2400.1,HINDUNILVR.NS
2026-02-05,2352.61,2314.1,2390.9,HINDUNILVR.NS
2026-02-06,2354.93,2314.11,2395.27,HINDUNILVR.NS
2026-02-09,2355.79,2317.12,2393.97,HINDUNILVR.NS
2026-02-10,2360.45,2319.58,2397.7,HINDUNILVR.NS
2026-02-11,2359.75,2320.5,2402.31,HINDUNILVR.NS
2026-02-12,2352.15,2310.83,2392.9,HINDUNILVR.NS
2026-02-13,2352.74,2311.79,2394.02,HINDUNILVR.NS
2026-02-16,2346.55,2305.64,2389.17,HINDUNILVR.NS
2026-02-17,2348.33,2309.6,2389.42,HINDUNILVR.NS
2026-02-18,2344.55,2304.11,2385.79,HINDUNILVR.NS
2026-02-19,2333.7,2296.23,2374.73,HINDUNILVR.NS
2026-02-20,2330.91,2289.86,2369.94,HINDUNILVR.NS
2026-02-23,2314.16,2271.79,2354.5,HINDUNILVR.NS
2026-02-24,2312.39,2273.12,2351.81,HINDUNILVR.NS
2026-02-25,2305.11,2266.6,2344.82,HINDUNILVR.NS
2026-02-26,2290.83,2248.84,2333.35,HINDUNILVR.NS
2026-02-27,2284.69,2246.92,2321.16,HINDUNILVR.NS
2026-03-02,2258.65,2216.96,2298.46,HINDUNILVR.NS
2026-03-04,2244.19,2201.87,2282.42,HINDUNILVR.NS
2026-03-05,2227.48,2187.47,2266.63,HINDUNILVR.NS
2026-03-06,2219.11,2180.27,2258.46,HINDUNILVR.NS
2026-03-09,2187.74,2144.78,2225.36,HINDUNILVR.NS
2026-03-10,2181.9,2143.9,2222.51,HINDUNILVR.NS
2026-03-11,2170.99,2132.94,2212.37,HINDUNILVR.NS
2026-03-12,2153.57,2112.28,2192.18,HINDUNILVR.NS
2026-03-13,2144.81,2101.68,2184.39,HINDUNILVR.NS
2026-03-16,2114.39,2074.81,2154.38,HINDUNILVR.NS
2026-03-17,2109.65,2069.87,2150.4,HINDUNILVR.NS
2026-03-18,2100.27,2058.6,2142.67,HINDUNILVR.NS
2026-03-19,2084.83,2044.19,2123.98,HINDUNILVR.NS
2026-03-20,2078.52,2036.29,2116.83,HINDUNILVR.NS
2026-03-23,2058.35,2017.42,2096.12,HINDUNILVR.NS
2026-03-24,2058.02,2020.56,2098.87,HINDUNILVR.NS
2026-03-25,2053.52,2015.12,2092.88,HINDUNILVR.NS
2026-03-27,2042.9,2003.8,2081.51,HINDUNILVR.NS
2026-03-30,2042.36,2002.36,2082.52,HINDUNILVR.NS
2026-04-01,2052.0,2011.04,2091.05,HINDUNILVR.NS
2026-04-02,2049.38,2008.22,2091.12,HINDUNILVR.NS
2026-04-06,2078.0,2039.38,2116.53,HINDUNILVR.NS
2026-04-07,2091.77,2052.17,2128.46,HINDUNILVR.NS
2026-04-08,2101.24,2062.29,2138.66,HINDUNILVR.NS
2026-04-09,2104.82,2067.88,2147.75,HINDUNILVR.NS
2026-04-10,2117.54,2075.28,2155.79,HINDUNILVR.NS
2026-04-13,2152.68,2112.67,2194.93,HINDUNILVR.NS
2026-04-15,2181.43,2141.21,2220.26,HINDUNILVR.NS
2026-04-16,2186.61,2147.09,2228.39,HINDUNILVR.NS
2026-04-17,2200.14,2160.54,2237.9,HINDUNILVR.NS
2026-04-20,2232.98,2192.08,2273.47,HINDUNILVR.NS
2026-04-21,2247.61,2205.97,2286.87,HINDUNILVR.NS
2026-04-22,2256.48,2214.25,2296.49,HINDUNILVR.NS
2026-04-23,2258.03,2217.97,2298.56,HINDUNILVR.NS
2026-04-24,2267.32,2229.45,2310.42,HINDUNILVR.NS
2026-04-27,2284.5,2247.52,2321.36,HINDUNILVR.NS
2026-04-28,2293.13,2251.93,2331.3,HINDUNILVR.NS
2026-04-29,2295.76,2254.36,2334.48,HINDUNILVR.NS
2026-04-30,2290.87,2246.16,2331.0,HINDUNILVR.NS
2026-05-01,2293.6,2254.14,2334.55,HINDUNILVR.NS
2026-05-04,2291.05,2252.59,2330.57,HINDUNILVR.NS
2026-05-05,2293.31,2253.44,2334.1,HINDUNILVR.NS
2026-05-06,2289.74,2247.88,2327.85,HINDUNILVR.NS
2026-05-07,2278.9,2239.84,2321.33,HINDUNILVR.NS
2026-05-08,2275.95,2237.71,2316.35,HINDUNILVR.NS
2026-05-11,2258.35,2219.84,2299.19,HINDUNILVR.NS
2026-05-12,2256.34,2214.57,2296.5,HINDUNILVR.NS
2026-05-13,2248.9,2209.38,2289.09,HINDUNILVR.NS
2026-05-14,2234.61,2192.67,2274.9,HINDUNILVR.NS
2026-05-15,2228.63,2191.25,2272.66,HINDUNILVR.NS
2026-05-18,2204.54,2165.94,2245.34,HINDUNILVR.NS
2026-05-19,2201.23,2161.71,2241.7,HINDUNILVR.NS
2026-05-20,2192.92,2154.52,2233.71,HINDUNILVR.NS
2026-05-21,2178.18,2137.47,2216.65,HINDUNILVR.NS
2026-05-22,2172.19,2128.05,2213.43,HINDUNILVR.NS
2026-05-25,2150.54,2110.02,2190.21,HINDUNILVR.NS
2026-05-26,2148.84,2109.33,2188.31,HINDUNILVR.NS
2026-05-27,2142.55,2101.92,2183.05,HINDUNILVR.NS
2026-05-28,2130.19,2090.11,2169.52,HINDUNILVR.NS
2026-05-29,2126.95,2087.9,2166.9,HINDUNILVR.NS
2026-06-01,2115.5,2075.17,2154.71,HINDUNILVR.NS
2026-06-02,2117.78,2077.38,2155.64,HINDUNILVR.NS
2026-06-03,2115.69,2077.12,2155.71,HINDUNILVR.NS
2026-06-04,2107.75,2065.2,2146.46,HINDUNILVR.NS
2026-06-05,2109.06,2066.18,2150.53,HINDUNILVR.NS
2026-06-08,2111.73,2071.27,2151.39,HINDUNILVR.NS
2026-06-09,2118.69,2079.59,2156.63,HINDUNILVR.NS
2026-06-10,2121.16,2080.81,2161.52,HINDUNILVR.NS
2026-06-11,2117.6,2078.68,2157.58,HINDUNILVR.NS
2026-06-12,2123.06,2084.62,2166.63,HINDUNILVR.NS
2026-06-15,2136.22,2094.99,2179.84,HINDUNILVR.NS
2026-06-16,2145.84,2104.55,2185.99,HINDUNILVR.NS
2026-06-17,2150.48,2109.61,2191.29,HINDUNILVR.NS
2026-06-18,2148.56,2108.88,2187.4,HINDUNILVR.NS
2026-06-19,2155.1,2112.56,2194.77,HINDUNILVR.NS
2026-06-22,2168.03,2127.21,2207.64,HINDUNILVR.NS
2026-06-23,2176.41,2133.38,2215.65,HINDUNILVR.NS
2026-06-24,2179.27,2138.55,2222.63,HINDUNILVR.NS
2026-06-25,2175.06,2131.78,2215.05,HINDUNILVR.NS
2026-06-26,2178.84,2138.35,2218.44,HINDUNILVR.NS
2026-06-29,2181.22,2138.08,2221.51,HINDUNILVR.NS
2026-06-30,2185.56,2147.0,2226.02,HINDUNILVR.NS
2026-07-01,2184.25,2145.81,2227.78,HINDUNILVR.NS
2026-07-02,2175.81,2138.44,2213.25,HINDUNILVR.NS
2026-07-03,2175.41,2133.85,2218.52,HINDUNILVR.NS
2026-07-06,2166.26,2125.84,2204.72,HINDUNILVR.NS
2026-07-07,2167.36,2126.79,2207.63,HINDUNILVR.NS
2026-07-08,2163.22,2125.83,2203.31,HINDUNILVR.NS
2026-07-09,2152.42,2113.27,2194.3,HINDUNILVR.NS
2026-07-10,2150.16,2109.54,2187.98,HINDUNILVR.NS
2026-07-13,2138.81,2099.62,2179.32,HINDUNILVR.NS
2026-07-14,2140.34,2097.62,2177.98,HINDUNILVR.NS
2026-07-15,2137.19,2096.59,2176.12,HINDUNILVR.NS
2026-07-16,2127.92,2086.73,2170.17,HINDUNILVR.NS
2026-07-17,2127.71,2089.13,2168.36,HINDUNILVR.NS
2026-07-20,2125.05,2083.16,2163.41,HINDUNILVR.NS
2026-07-21,2130.13,2092.61,2172.95,HINDUNILVR.NS
2026-07-22,2130.75,2089.89,2171.92,HINDUNILVR.NS
2026-07-23,2125.41,2085.96,2162.66,HINDUNILVR.NS
2026-07-24,2129.19,2092.72,2170.3,HINDUNILVR.NS
2026-07-27,2138.34,2102.26,2181.05,HINDUNILVR.NS
2026-07-28,2147.1,2106.66,2186.46,HINDUNILVR.NS
2026-07-29,2151.19,2113.03,2191.03,HINDUNILVR.NS
2026-07-30,2149.06,2107.39,2193.07,HINDUNILVR.NS
2026-07-31,2155.79,2114.71,2193.45,HINDUNILVR.NS
2026-08-03,2171.99,2133.95,2210.35,HINDUNILVR.NS
2026-08-04,2182.5,2142.07,2221.81,HINDUNILVR.NS
2026-08-05,2188.07,2144.45,2227.76,HINDUNILVR.NS
2026-08-06,2187.16,2145.5,2224.45,HINDUNILVR.NS
2026-08-07,2194.89,2155.42,2237.2,HINDUNILVR.NS
2026-08-10,2213.04,2173.92,2252.11,HINDUNILVR.NS
2026-08-11,2223.98,2184.6,2262.07,HINDUNILVR.NS
2026-08-12,2229.91,2193.14,2271.25,HINDUNILVR.NS
2026-08-13,2229.34,2190.85,2267.22,HINDUNILVR.NS
2026-08-14,2237.39,2197.72,2277.7,HINDUNILVR.NS
2026-08-17,2256.57,2217.26,2296.13,HINDUNILVR.NS
2026-08-18,2267.86,2224.56,2308.28,HINDUNILVR.NS
2026-08-19,2274.14,2233.95,2317.08,HINDUNILVR.NS
2026-08-20,2273.87,2233.5,2314.88,HINDUNILVR.NS
2026-08-21,2282.15,2245.33,2324.02,HINDUNILVR.NS
2026-08-24,2301.17,2259.76,2343.81,HINDUNILVR.NS
2026-08-25,2311.97,2270.34,2350.45,HINDUNILVR.NS
2026-08-26,2317.44,2277.24,2357.33,HINDUNILVR.NS
2026-08-27,2316.01,2275.47,2355.32,HINDUNILVR.NS
2026-08-28,2322.72,2284.61,2364.3,HINDUNILVR.NS
2026-08-31,2334.25,2293.72,2375.92,HINDUNILVR.NS
2026-09-01,2341.55,2301.87,2382.51,HINDUNILVR.NS
2026-09-02,2343.0,2303.73,2385.53,HINDUNILVR.NS
2025-07-22,1459.19,1434.01,1484.21,ICICIBANK.NS
2025-07-23,1462.87,1437.74,1487.27,ICICIBANK.NS
2025-07-24,1462.42,1438.44,1484.96,ICICIBANK.NS
2025-07-25,1462.73,1440.64,1486.89,ICICIBANK.NS
2025-07-28,1463.61,1439.47,1487.86,ICICIBANK.NS
2025-07-29,1463.04,1438.2,1487.64,ICICIBANK.NS
2025-07-30,1465.47,1441.58,1490.1,ICICIBANK.NS
2025-07-31,1463.62,1437.7,1486.71,ICICIBANK.NS
2025-08-01,1462.36,1437.86,1485.15,ICICIBANK.NS
2025-08-04,1457.81,1432.73,1480.51,ICICIBANK.NS
2025-08-05,1455.27,1430.55,1480.2,ICICIBANK.NS
2025-08-06,1455.72,1433.13,1480.63,ICICIBANK.NS
2025-08-07,1451.89,1427.52,1476.81,ICICIBANK.NS
2025-08-08,1448.72,1425.09,1474.24,ICICIBANK.NS
2025-08-11,1439.2,1413.91,1463.2,ICICIBANK.NS
2025-08-12,1435.39,1411.27,1461.03,ICICIBANK.NS
2025-08-13,1434.83,1411.63,1459.4,ICICIBANK.NS
2025-08-14,1430.27,1405.34,1453.72,ICICIBANK.NS
2025-08-18,1417.87,1394.81,1443.79,ICICIBANK.NS
2025-08-19,1414.95,1390.52,1436.24,ICICIBANK.NS
2025-08-20,1415.58,1391.55,1440.59,ICICIBANK.NS
2025-08-21,1412.5,1390.0,1437.84,ICICIBANK.NS
2025-08-22,1410.63,1386.24,1436.59,ICICIBANK.NS
2025-08-25,1408.03,1382.84,1431.03,ICICIBANK.NS
2025-08-26,1407.37,1382.98,1430.94,ICICIBANK.NS
2025-08-28,1409.37,1386.27,1434.07,ICICIBANK.NS
2025-08-29,1409.58,1385.28,1432.99,ICICIBANK.NS
2025-09-01,1412.01,1388.44,1434.52,ICICIBANK.NS
2025-09-02,1412.46,1387.79,1437.03,ICICIBANK.NS
2025-09-03,1416.12,1390.29,1440.18,ICICIBANK.NS
2025-09-04,1415.64,1389.54,1440.43,ICICIBANK.NS
2025-09-05,1415.89,1390.63,1440.02,ICICIBANK.NS
2025-09-08,1416.18,1390.68,1440.09,ICICIBANK.NS
2025-09-09,1415.24,1389.88,1439.09,ICICIBANK.NS
2025-09-10,1417.2,1392.91,1443.28,ICICIBANK.NS
2025-09-11,1414.79,1392.0,1439.77,ICICIBANK.NS
2025-09-12,1412.9,1387.58,1437.07,ICICIBANK.NS
2025-09-15,1406.2,1381.98,1429.1,ICICIBANK.NS
2025-09-16,1402.95,1377.21,1426.19,ICICIBANK.NS
2025-09-17,1402.73,1379.34,1427.33,ICICIBANK.NS
2025-09-18,1398.31,1374.37,1421.44,ICICIBANK.NS
2025-09-19,1394.66,1371.02,1419.85,ICICIBANK.NS
2025-09-22,1384.62,1360.64,1409.61,ICICIBANK.NS
2025-09-23,1381.03,1355.42,1405.45,ICICIBANK.NS
2025-09-24,1380.89,1356.21,1405.29,ICICIBANK.NS
2025-09-25,1376.98,1353.67,1401.77,ICICIBANK.NS
2025-09-26,1374.26,1351.24,1398.24,ICICIBANK.NS
2025-09-29,1369.33,1344.72,1392.23,ICICIBANK.NS
2025-09-30,1368.07,1345.28,1393.26,ICICIBANK.NS
2025-10-01,1370.5,1345.92,1395.89,ICICIBANK.NS
2025-10-03,1369.44,1345.74,1394.02,ICICIBANK.NS
2025-10-06,1372.86,1347.39,1397.79,ICICIBANK.NS
2025-10-07,1374.1,1350.9,1397.02,ICICIBANK.NS
2025-10-08,1378.77,1354.94,1404.01,ICICIBANK.NS
2025-10-09,1379.51,1355.04,1403.94,ICICIBANK.NS
2025-10-10,1381.17,1358.54,1406.31,ICICIBANK.NS
2025-10-13,1386.61,1361.52,1408.97,ICICIBANK.NS
2025-10-14,1387.58,1363.88,1411.26,ICICIBANK.NS
2025-10-15,1391.51,1367.19,1415.44,ICICIBANK.NS
2025-10-16,1391.05,1365.68,1413.66,ICICIBANK.NS
2025-10-17,1391.09,1367.0,1414.54,ICICIBANK.NS
2025-10-20,1389.53,1364.85,1413.14,ICICIBANK.NS
2025-10-21,1387.66,1364.6,1411.0,ICICIBANK.NS
2025-10-23,1385.12,1362.16,1409.31,ICICIBANK.NS
2025-10-24,1382.15,1356.87,1405.72,ICICIBANK.NS
2025-10-27,1372.54,1348.3,1395.84,ICICIBANK.NS
2025-10-28,1368.55,1344.74,1391.08,ICICIBANK.NS
2025-10-29,1367.77,1341.81,1393.25,ICICIBANK.NS
2025-10-30,1363.0,1338.3,1387.14,ICICIBANK.NS
2025-10-31,1359.23,1336.41,1383.85,ICICIBANK.NS
2025-11-03,1350.36,1325.45,1375.42,ICICIBANK.NS
2025-11-04,1347.67,1322.52,1370.82,ICICIBANK.NS
2025-11-06,1346.17,1321.11,1369.98,ICICIBANK.NS
2025-11-07,1345.07,1319.41,1368.84,ICICIBANK.NS
2025-11-10,1346.0,1322.68,1369.73,ICICIBANK.NS
2025-11-11,1346.94,1321.61,1370.63,ICICIBANK.NS
2025-11-12,1351.62,1328.09,1376.4,ICICIBANK.NS
2025-11-13,1352.71,1327.02,1376.66,ICICIBANK.NS
2025-11-14,1355.08,1329.32,1380.94,ICICIBANK.NS
2025-11-17,1364.83,1341.15,1389.76,ICICIBANK.NS
2025-11-18,1367.93,1344.88,1392.4,ICICIBANK.NS
2025-11-19,1374.29,1349.75,1397.77,ICICIBANK.NS
2025-11-20,1376.55,1352.37,1401.33,ICICIBANK.NS
2025-11-21,1379.53,1354.45,1402.92,ICICIBANK.NS
2025-11-24,1387.72,1363.46,1411.12,ICICIBANK.NS
2025-11-25,1389.22,1364.35,1415.25,ICICIBANK.NS
2025-11-26,1393.5,1369.42,1418.37,ICICIBANK.NS
2025-11-27,1393.23,1368.56,1416.9,ICICIBANK.NS
2025-11-28,1393.32,1368.61,1417.36,ICICIBANK.NS
2025-12-01,1391.31,1366.15,1416.2,ICICIBANK.NS
2025-12-02,1389.17,1364.56,1414.14,ICICIBANK.NS
2025-12-03,1389.84,1366.59,1415.48,ICICIBANK.NS
2025-12-04,1386.07,1361.56,1411.48,ICICIBANK.NS
2025-12-05,1382.85,1358.91,1407.4,ICICIBANK.NS
2025-12-08,1372.81,1346.5,1395.79,ICICIBANK.NS
2025-12-09,1368.83,1344.44,1392.34,ICICIBANK.NS
2025-12-10,1368.15,1343.53,1391.87,ICICIBANK.NS
2025-12-11,1363.55,1339.74,1388.38,ICICIBANK.NS
2025-12-12,1360.03,1334.4,1383.32,ICICIBANK.NS
2025-12-15,1352.3,1327.63,1375.57,ICICIBANK.NS
2025-12-16,1350.07,1326.09,1373.28,ICICIBANK.NS
2025-12-17,1351.57,1327.85,1374.04,ICICIBANK.NS
2025-12-18,1349.53,1326.52,1373.44,ICICIBANK.NS
2025-12-19,1348.88,1325.42,1373.66,ICICIBANK.NS
2025-12-22,1350.89,1327.55,1374.33,ICICIBANK.NS
2025-12-23,1352.05,1328.08,1378.47,ICICIBANK.NS
2025-12-24,1356.87,1333.78,1383.51,ICICIBANK.NS
2025-12-26,1360.34,1336.09,1384.83,ICICIBANK.NS
2025-12-29,1369.48,1344.89,1393.55,ICICIBANK.NS
2025-12-30,1372.24,1348.93,1398.15,ICICIBANK.NS
2025-12-31,1378.22,1352.67,1402.82,ICICIBANK.NS
2026-01-01,1380.09,1354.46,1403.96,ICICIBANK.NS
2026-01-02,1382.67,1357.15,1407.55,ICICIBANK.NS
2026-01-05,1389.91,1365.2,1414.39,ICICIBANK.NS
2026-01-06,1391.24,1365.15,1414.28,ICICIBANK.NS
2026-01-07,1395.46,1371.53,1419.8,ICICIBANK.NS
2026-01-08,1395.26,1369.7,1418.09,ICICIBANK.NS
2026-01-09,1395.55,1371.02,1421.29,ICICIBANK.NS
2026-01-12,1395.14,1370.37,1418.69,ICICIBANK.NS
2026-01-13,1393.86,1370.92,1417.55,ICICIBANK.NS
2026-01-14,1395.54,1371.22,1418.79,ICICIBANK.NS
2026-01-15,1392.94,1369.93,1417.56,ICICIBANK.NS
2026-01-16,1391.02,1367.49,1414.17,ICICIBANK.NS
2026-01-19,1385.52,1361.97,1408.29,ICICIBANK.NS
2026-01-20,1383.17,1358.54,1407.1,ICICIBANK.NS
2026-01-21,1384.14,1359.91,1407.93,ICICIBANK.NS
2026-01-22,1381.2,1355.93,1405.7,ICICIBANK.NS
2026-01-23,1379.29,1356.24,1402.88,ICICIBANK.NS
2026-01-27,1374.85,1350.89,1399.38,ICICIBANK.NS
2026-01-28,1377.38,1351.59,1403.18,ICICIBANK.NS
2026-01-29,1376.22,1351.79,1402.45,ICICIBANK.NS
2026-01-30,1376.26,1353.15,1401.15,ICICIBANK.NS
2026-02-02,1379.24,1356.09,1405.2,ICICIBANK.NS
2026-02-03,1380.36,1355.94,1404.81,ICICIBANK.NS
2026-02-04,1384.97,1360.19,1409.49,ICICIBANK.NS
2026-02-05,1385.75,1360.81,1410.81,ICICIBANK.NS
2026-02-06,1387.58,1363.59,1411.56,ICICIBANK.NS
2026-02-09,1394.51,1370.5,1419.0,ICICIBANK.NS
2026-02-10,1396.37,1372.92,1420.79,ICICIBANK.NS
2026-02-11,1401.39,1376.18,1425.4,ICICIBANK.NS
2026-02-12,1402.24,1376.39,1427.0,ICICIBANK.NS
2026-02-13,1403.76,1380.06,1428.99,ICICIBANK.NS
2026-02-16,1407.59,1383.29,1430.57,ICICIBANK.NS
2026-02-17,1407.68,1382.17,1432.83,ICICIBANK.NS
2026-02-18,1410.59,1386.55,1433.85,ICICIBANK.NS
2026-02-19,1408.99,1385.88,1434.31,ICICIBANK.NS
2026-02-20,1407.77,1383.6,1431.48,ICICIBANK.NS
2026-02-23,1401.78,1376.99,1427.36,ICICIBANK.NS
2026-02-24,1398.19,1374.59,1422.38,ICICIBANK.NS
2026-02-25,1397.27,1373.82,1422.26,ICICIBANK.NS
2026-02-26,1391.74,1367.45,1416.96,ICICIBANK.NS
2026-02-27,1386.52,1363.08,1409.43,ICICIBANK.NS
2026-03-02,1368.62,1345.1,1394.58,ICICIBANK.NS
2026-03-04,1356.7,1331.98,1380.66,ICICIBANK.NS
2026-03-05,1347.76,1323.98,1369.79,ICICIBANK.NS
2026-03-06,1339.39,1313.76,1362.72,ICICIBANK.NS
2026-03-09,1314.06,1289.64,1339.64,ICICIBANK.NS
2026-03-10,1305.0,1281.6,1332.27,ICICIBANK.NS
2026-03-11,1299.24,1275.62,1323.05,ICICIBANK.NS
2026-03-12,1289.58,1264.36,1314.1,ICICIBANK.NS
2026-03-13,1281.0,1257.61,1305.26,ICICIBANK.NS
2026-03-16,1258.27,1234.45,1281.36,ICICIBANK.NS
2026-03-17,1251.19,1228.77,1274.21,ICICIBANK.NS
2026-03-18,1247.96,1224.06,1271.41,ICICIBANK.NS
2026-03-19,1241.35,1217.9,1265.32,ICICIBANK.NS
2026-03-20,1236.34,1212.37,1260.01,ICICIBANK.NS
2026-03-23,1227.04,1204.44,1250.63,ICICIBANK.NS
2026-03-24,1225.19,1201.79,1249.4,ICICIBANK.NS
2026-03-25,1227.47,1202.72,1253.93,ICICIBANK.NS
2026-03-27,1227.47,1203.11,1252.68,ICICIBANK.NS
2026-03-30,1235.94,1212.51,1260.55,ICICIBANK.NS
2026-04-01,1247.53,1224.94,1272.96,ICICIBANK.NS
2026-04-02,1251.79,1228.13,1276.72,ICICIBANK.NS
2026-04-06,1277.03,1252.38,1300.46,ICICIBANK.NS
2026-04-07,1283.4,1259.34,1308.33,ICICIBANK.NS
2026-04-08,1292.98,1270.46,1318.55,ICICIBANK.NS
2026-04-09,1298.39,1274.62,1321.91,ICICIBANK.NS
2026-04-10,1304.43,1280.44,1329.41,ICICIBANK.NS
2026-04-13,1321.1,1298.31,1345.24,ICICIBANK.NS
2026-04-15,1331.73,1306.5,1357.13,ICICIBANK.NS
2026-04-16,1333.6,1309.49,1356.82,ICICIBANK.NS
2026-04-17,1335.6,1312.78,1359.37,ICICIBANK.NS
2026-04-20,1337.84,1313.92,1362.01,ICICIBANK.NS
2026-04-21,1336.55,1312.1,1360.92,ICICIBANK.NS
2026-04-22,1337.76,1313.53,1361.34,ICICIBANK.NS
2026-04-23,1334.21,1308.77,1357.72,ICICIBANK.NS
2026-04-24,1330.87,1307.15,1354.8,ICICIBANK.NS
2026-04-27,1318.37,1293.09,1343.74,ICICIBANK.NS
2026-04-28,1312.85,1289.22,1337.94,ICICIBANK.NS
2026-04-29,1310.27,1286.94,1334.37,ICICIBANK.NS
2026-04-30,1303.44,1280.39,1325.74,ICICIBANK.NS
2026-05-01,1297.34,1273.84,1323.7,ICICIBANK.NS
2026-05-04,1280.01,1257.07,1304.33,ICICIBANK.NS
2026-05-05,1274.05,1251.21,1298.58,ICICIBANK.NS
2026-05-06,1271.6,1249.32,1295.44,ICICIBANK.NS
2026-05-07,1265.42,1240.07,1288.35,ICICIBANK.NS
2026-05-08,1260.49,1234.8,1285.08,ICICIBANK.NS
2026-05-11,1249.23,1225.2,1271.43,ICICIBANK.NS
2026-05-12,1245.96,1223.49,1270.31,ICICIBANK.NS
2026-05-13,1246.44,1222.71,1270.2,ICICIBANK.NS
2026-05-14,1243.37,1220.54,1267.47,ICICIBANK.NS
2026-05-15,1241.66,1217.77,1269.09,ICICIBANK.NS
2026-05-18,1240.15,1216.25,1265.98,ICICIBANK.NS
2026-05-19,1239.99,1215.92,1265.06,ICICIBANK.NS
2026-05-20,1243.44,1218.13,1267.72,ICICIBANK.NS
2026-05-21,1243.16,1219.46,1268.17,ICICIBANK.NS
2026-05-22,1244.04,1219.92,1266.74,ICICIBANK.NS
2026-05-25,1248.95,1225.59,1275.34,ICICIBANK.NS
2026-05-26,1250.48,1226.43,1272.92,ICICIBANK.NS
2026-05-27,1255.4,1231.95,1280.83,ICICIBANK.NS
2026-05-28,1256.39,1231.05,1280.09,ICICIBANK.NS
2026-05-29,1258.37,1233.64,1280.97,ICICIBANK.NS
2026-06-01,1265.77,1240.33,1290.63,ICICIBANK.NS
2026-06-02,1267.96,1242.61,1291.88,ICICIBANK.NS
2026-06-03,1273.51,1248.97,1296.69,ICICIBANK.NS
2026-06-04,1275.12,1250.83,1299.99,ICICIBANK.NS
2026-06-05,1277.73,1253.55,1302.2,ICICIBANK.NS
2026-06-08,1287.34,1264.37,1311.52,ICICIBANK.NS
2026-06-09,1290.41,1267.04,1314.17,ICICIBANK.NS
2026-06-10,1296.9,1274.05,1320.77,ICICIBANK.NS
2026-06-11,1299.54,1275.37,1324.98,ICICIBANK.NS
2026-06-12,1303.23,1278.13,1327.61,ICICIBANK.NS
2026-06-15,1316.33,1293.04,1340.71,ICICIBANK.NS
2026-06-16,1320.56,1295.05,1344.93,ICICIBANK.NS
2026-06-17,1328.18,1303.08,1350.58,ICICIBANK.NS
2026-06-18,1331.88,1307.79,1356.92,ICICIBANK.NS
2026-06-19,1336.54,1310.83,1358.87,ICICIBANK.NS
2026-06-22,1351.72,1326.02,1375.83,ICICIBANK.NS
2026-06-23,1356.29,1331.47,1381.4,ICICIBANK.NS
2026-06-24,1364.05,1341.15,1387.2,ICICIBANK.NS
2026-06-25,1367.69,1344.21,1393.63,ICICIBANK.NS
2026-06-26,1372.07,1347.9,1396.0,ICICIBANK.NS
2026-06-29,1385.14,1360.53,1409.16,ICICIBANK.NS
2026-06-30,1388.63,1364.91,1412.6,ICICIBANK.NS
2026-07-01,1395.15,1371.69,1418.48,ICICIBANK.NS
2026-07-02,1397.4,1372.88,1420.72,ICICIBANK.NS
2026-07-03,1400.29,1376.09,1424.24,ICICIBANK.NS
2026-07-06,1408.52,1383.43,1433.79,ICICIBANK.NS
2026-07-07,1410.38,1384.91,1434.92,ICICIBANK.NS
2026-07-08,1415.3,1390.47,1439.55,ICICIBANK.NS
2026-07-09,1416.02,1391.23,1440.65,ICICIBANK.NS
2026-07-10,1417.47,1391.79,1443.06,ICICIBANK.NS
2026-07-13,1422.07,1397.85,1446.89,ICICIBANK.NS
2026-07-14,1422.98,1397.32,1446.04,ICICIBANK.NS
2026-07-15,1427.09,1402.07,1452.05,ICICIBANK.NS
2026-07-16,1427.13,1404.72,1452.34,ICICIBANK.NS
2026-07-17,1428.0,1405.45,1452.03,ICICIBANK.NS
2026-07-20,1431.38,1406.64,1454.54,ICICIBANK.NS
2026-07-21,1431.98,1406.46,1455.14,ICICIBANK.NS
2026-07-22,1435.77,1411.11,1460.55,ICICIBANK.NS
2026-07-23,1435.45,1412.08,1457.63,ICICIBANK.NS
2026-07-24,1435.91,1412.43,1460.18,ICICIBANK.NS
2026-07-27,1437.45,1412.16,1462.02,ICICIBANK.NS
2026-07-28,1437.16,1413.93,1462.12,ICICIBANK.NS
2026-07-29,1439.9,1414.85,1465.54,ICICIBANK.NS
2026-07-30,1438.37,1413.19,1463.56,ICICIBANK.NS
2026-07-31,1437.47,1412.83,1461.62,ICICIBANK.NS
2026-08-03,1434.02,1408.58,1457.85,ICICIBANK.NS
2026-08-04,1431.84,1410.5,1457.14,ICICIBANK.NS
2026-08-05,1432.63,1407.35,1455.96,ICICIBANK.NS
2026-08-06,1429.12,1404.64,1452.39,ICICIBANK.NS
2026-08-07,1426.23,1403.81,1451.33,ICICIBANK.NS
2026-08-10,1417.3,1391.91,1440.18,ICICIBANK.NS
2026-08-11,1413.58,1389.77,1438.48,ICICIBANK.NS
2026-08-12,1413.05,1388.12,1436.06,ICICIBANK.NS
2026-08-13,1408.46,1383.5,1430.96,ICICIBANK.NS
2026-08-14,1404.77,1381.05,1429.01,ICICIBANK.NS
2026-08-17,1395.31,1372.14,1421.51,ICICIBANK.NS
2026-08-18,1392.08,1366.17,1416.49,ICICIBANK.NS
2026-08-19,1392.35,1367.84,1417.08,ICICIBANK.NS
2026-08-20,1388.88,1365.24,1414.15,ICICIBANK.NS
2026-08-21,1386.6,1361.6,1410.65,ICICIBANK.NS
2026-08-24,1382.74,1359.41,1406.39,ICICIBANK.NS
2026-08-25,1381.68,1357.46,1404.95,ICICIBANK.NS
2026-08-26,1384.21,1360.31,1409.11,ICICIBANK.NS
2026-08-27,1383.0,1358.99,1405.52,ICICIBANK.NS
2026-08-28,1382.93,1357.55,1406.71,ICICIBANK.NS
2026-08-31,1384.9,1361.76,1411.16,ICICIBANK.NS
2026-09-01,1385.33,1359.69,1410.43,ICICIBANK.NS
2026-09-02,1389.05,1365.31,1412.95,ICICIBANK.NS
2025-07-22,829.7,811.35,849.18,INDUSINDBK.NS
2025-07-23,833.21,812.76,852.96,INDUSINDBK.NS
2025-07-24,828.53,808.07,846.36,INDUSINDBK.NS
2025-07-25,826.7,806.92,846.87,INDUSINDBK.NS
2025-07-28,818.37,799.24,837.3,INDUSINDBK.NS
2025-07-29,818.08,798.41,836.65,INDUSINDBK.NS
2025-07-30,819.0,799.01,837.55,INDUSINDBK.NS
2025-07-31,812.08,793.4,831.36,INDUSINDBK.NS
2025-08-01,808.36,789.57,827.42,INDUSINDBK.NS
2025-08-04,796.63,777.94,814.43,INDUSINDBK.NS
2025-08-05,795.92,776.83,815.21,INDUSINDBK.NS
2025-08-06,796.78,778.24,815.46,INDUSINDBK.NS
2025-08-07,790.09,771.14,808.24,INDUSINDBK.NS
2025-08-08,786.9,768.3,805.78,INDUSINDBK.NS
2025-08-11,778.05,758.69,796.91,INDUSINDBK.NS
2025-08-12,778.6,758.98,797.81,INDUSINDBK.NS
2025-08-13,780.79,759.85,799.21,INDUSINDBK.NS
2025-08-14,775.48,756.32,794.15,INDUSINDBK.NS
2025-08-18,768.5,748.22,788.83,INDUSINDBK.NS
2025-08-19,770.06,750.74,788.69,INDUSINDBK.NS
2025-08-20,773.1,754.87,793.28,INDUSINDBK.NS
2025-08-21,768.48,749.19,787.34,INDUSINDBK.NS
2025-08-22,767.17,747.34,787.68,INDUSINDBK.NS
2025-08-25,762.55,744.43,782.96,INDUSINDBK.NS
2025-08-26,763.98,746.6,783.49,INDUSINDBK.NS
2025-08-28,761.77,741.42,780.12,INDUSINDBK.NS
2025-08-29,760.01,740.63,779.14,INDUSINDBK.NS
2025-09-01,753.8,733.95,773.94,INDUSINDBK.NS
2025-09-02,754.71,736.51,773.41,INDUSINDBK.NS
2025-09-03,757.03,736.29,776.61,INDUSINDBK.NS
2025-09-04,751.63,733.02,770.91,INDUSINDBK.NS
2025-09-05,749.56,730.28,768.83,INDUSINDBK.NS
2025-09-08,743.09,724.97,763.03,INDUSINDBK.NS
2025-09-09,744.17,725.12,763.67,INDUSINDBK.NS
2025-09-10,746.77,729.01,765.42,INDUSINDBK.NS
2025-09-11,741.79,722.29,758.76,INDUSINDBK.NS
2025-09-12,740.25,720.68,759.33,INDUSINDBK.NS
2025-09-15,735.93,717.23,754.88,INDUSINDBK.NS
2025-09-16,737.85,717.98,758.45,INDUSINDBK.NS
2025-09-17,741.34,721.55,759.81,INDUSINDBK.NS
2025-09-18,737.26,717.96,756.56,INDUSINDBK.NS
2025-09-19,736.61,716.31,755.77,INDUSINDBK.NS
2025-09-22,734.74,713.61,754.44,INDUSINDBK.NS
2025-09-23,737.36,719.39,755.71,INDUSINDBK.NS
2025-09-24,741.46,722.79,759.07,INDUSINDBK.NS
2025-09-25,737.9,719.36,758.18,INDUSINDBK.NS
2025-09-26,737.69,718.39,756.07,INDUSINDBK.NS
2025-09-29,736.62,717.94,756.95,INDUSINDBK.NS
2025-09-30,739.36,719.67,757.43,INDUSINDBK.NS
2025-10-01,743.52,724.56,762.17,INDUSINDBK.NS
2025-10-03,739.77,720.85,759.29,INDUSINDBK.NS
2025-10-06,738.73,719.1,756.73,INDUSINDBK.NS
2025-10-07,741.55,722.03,760.55,INDUSINDBK.NS
2025-10-08,745.86,727.64,765.27,INDUSINDBK.NS
2025-10-09,742.55,722.73,761.71,INDUSINDBK.NS
2025-10-10,742.65,722.92,760.95,INDUSINDBK.NS
2025-10-13,743.19,723.41,761.95,INDUSINDBK.NS
2025-10-14,746.75,728.55,766.4,INDUSINDBK.NS
2025-10-15,751.91,731.6,770.9,INDUSINDBK.NS
2025-10-16,749.56,730.69,768.48,INDUSINDBK.NS
2025-10-17,750.71,732.6,769.58,INDUSINDBK.NS
2025-10-20,754.8,735.28,774.44,INDUSINDBK.NS
2025-10-21,759.63,739.69,777.57,INDUSINDBK.NS
2025-10-23,764.99,745.39,785.92,INDUSINDBK.NS
2025-10-24,767.37,747.36,786.16,INDUSINDBK.NS
2025-10-27,774.81,754.84,793.28,INDUSINDBK.NS
2025-10-28,780.57,763.11,799.66,INDUSINDBK.NS
2025-10-29,787.83,766.98,806.84,INDUSINDBK.NS
2025-10-30,787.45,767.18,806.61,INDUSINDBK.NS
2025-10-31,790.41,772.03,809.38,INDUSINDBK.NS
2025-11-03,798.75,779.16,817.41,INDUSINDBK.NS
2025-11-04,804.56,786.13,822.94,INDUSINDBK.NS
2025-11-06,811.14,791.58,830.74,INDUSINDBK.NS
2025-11-07,813.78,794.97,832.62,INDUSINDBK.NS
2025-11-10,820.62,800.95,840.61,INDUSINDBK.NS
2025-11-11,825.77,805.31,845.6,INDUSINDBK.NS
2025-11-12,832.24,813.28,851.87,INDUSINDBK.NS
2025-11-13,830.9,812.7,850.45,INDUSINDBK.NS
2025-11-14,832.76,813.71,852.81,INDUSINDBK.NS
2025-11-17,837.08,818.55,855.32,INDUSINDBK.NS
2025-11-18,841.35,822.76,859.32,INDUSINDBK.NS
2025-11-19,846.93,827.54,865.7,INDUSINDBK.NS
2025-11-20,844.68,825.01,863.84,INDUSINDBK.NS
2025-11-21,845.6,826.47,864.4,INDUSINDBK.NS
2025-11-24,846.99,826.75,865.86,INDUSINDBK.NS
2025-11-25,850.24,831.02,867.63,INDUSINDBK.NS
2025-11-26,854.75,836.29,873.46,INDUSINDBK.NS
2025-11-27,851.4,831.09,870.82,INDUSINDBK.NS
2025-11-28,851.19,831.42,869.51,INDUSINDBK.NS
2025-12-01,849.06,830.59,868.67,INDUSINDBK.NS
2025-12-02,851.09,832.48,870.5,INDUSINDBK.NS
2025-12-03,854.41,835.44,874.44,INDUSINDBK.NS
2025-12-04,849.88,830.65,868.81,INDUSINDBK.NS
2025-12-05,848.54,828.21,867.85,INDUSINDBK.NS
2025-12-08,843.42,823.35,862.44,INDUSINDBK.NS
2025-12-09,844.68,825.38,863.18,INDUSINDBK.NS
2025-12-10,847.37,829.26,867.33,INDUSINDBK.NS
2025-12-11,842.38,821.61,862.06,INDUSINDBK.NS
2025-12-12,840.78,820.29,859.77,INDUSINDBK.NS
2025-12-15,836.2,816.4,855.63,INDUSINDBK.NS
2025-12-16,838.13,819.41,858.54,INDUSINDBK.NS
2025-12-17,841.74,822.4,860.43,INDUSINDBK.NS
2025-12-18,837.94,818.53,856.31,INDUSINDBK.NS
2025-12-19,837.76,819.05,858.37,INDUSINDBK.NS
2025-12-22,838.82,820.13,858.27,INDUSINDBK.NS
2025-12-23,843.0,824.71,861.78,INDUSINDBK.NS
2025-12-24,849.0,829.77,868.34,INDUSINDBK.NS
2025-12-26,850.04,831.92,870.57,INDUSINDBK.NS
2025-12-29,858.56,837.99,878.25,INDUSINDBK.NS
2025-12-30,865.03,845.97,883.6,INDUSINDBK.NS
2025-12-31,873.12,854.63,893.39,INDUSINDBK.NS
2026-01-01,873.67,854.24,893.36,INDUSINDBK.NS
2026-01-02,877.63,858.55,896.61,INDUSINDBK.NS
2026-01-05,888.97,871.42,908.49,INDUSINDBK.NS
2026-01-06,895.63,876.45,915.59,INDUSINDBK.NS
2026-01-07,903.52,883.97,922.38,INDUSINDBK.NS
2026-01-08,903.47,884.91,924.52,INDUSINDBK.NS
2026-01-09,906.43,886.96,923.46,INDUSINDBK.NS
2026-01-12,912.6,894.06,932.11,INDUSINDBK.NS
2026-01-13,916.92,898.03,935.08,INDUSINDBK.NS
2026-01-14,922.22,902.41,941.41,INDUSINDBK.NS
2026-01-15,919.39,899.62,937.63,INDUSINDBK.NS
2026-01-16,919.44,901.15,937.46,INDUSINDBK.NS
2026-01-19,916.67,897.75,935.34,INDUSINDBK.NS
2026-01-20,918.14,898.83,937.53,INDUSINDBK.NS
2026-01-21,920.78,901.31,939.43,INDUSINDBK.NS
2026-01-22,915.5,896.54,935.11,INDUSINDBK.NS
2026-01-23,913.39,891.88,931.84,INDUSINDBK.NS
2026-01-27,907.05,886.57,924.61,INDUSINDBK.NS
2026-01-28,909.46,888.23,928.67,INDUSINDBK.NS
2026-01-29,904.39,885.32,923.33,INDUSINDBK.NS
2026-01-30,902.91,884.24,924.14,INDUSINDBK.NS
2026-02-02,899.98,881.22,919.41,INDUSINDBK.NS
2026-02-03,902.85,882.11,921.78,INDUSINDBK.NS
2026-02-04,907.57,886.89,926.54,INDUSINDBK.NS
2026-02-05,904.99,885.57,923.64,INDUSINDBK.NS
2026-02-06,906.13,887.14,926.91,INDUSINDBK.NS
2026-02-09,911.12,892.78,931.57,INDUSINDBK.NS
2026-02-10,916.43,896.7,934.59,INDUSINDBK.NS
2026-02-11,923.36,903.96,942.51,INDUSINDBK.NS
2026-02-12,922.73,902.77,942.48,INDUSINDBK.NS
2026-02-13,925.47,906.28,944.0,INDUSINDBK.NS
2026-02-16,932.83,912.94,950.59,INDUSINDBK.NS
2026-02-17,938.0,919.74,956.4,INDUSINDBK.NS
2026-02-18,944.29,924.21,963.0,INDUSINDBK.NS
2026-02-19,942.51,922.59,961.26,INDUSINDBK.NS
2026-02-20,943.62,924.81,962.03,INDUSINDBK.NS
2026-02-23,943.28,923.08,962.0,INDUSINDBK.NS
2026-02-24,945.07,925.94,964.18,INDUSINDBK.NS
2026-02-25,947.66,928.5,965.56,INDUSINDBK.NS
2026-02-26,941.91,923.08,960.92,INDUSINDBK.NS
2026-02-27,938.82,918.9,957.0,INDUSINDBK.NS
2026-03-02,925.31,905.7,944.26,INDUSINDBK.NS
2026-03-04,921.06,902.51,939.1,INDUSINDBK.NS
2026-03-05,911.24,893.19,931.76,INDUSINDBK.NS
2026-03-06,904.32,885.34,923.56,INDUSINDBK.NS
2026-03-09,881.26,861.54,900.33,INDUSINDBK.NS
2026-03-10,876.28,857.31,895.13,INDUSINDBK.NS
2026-03-11,872.66,852.98,892.06,INDUSINDBK.NS
2026-03-12,861.34,841.47,879.88,INDUSINDBK.NS
2026-03-13,853.4,834.79,871.36,INDUSINDBK.NS
2026-03-16,830.1,812.54,849.62,INDUSINDBK.NS
2026-03-17,825.95,806.58,845.51,INDUSINDBK.NS
2026-03-18,823.58,804.13,842.88,INDUSINDBK.NS
2026-03-19,813.91,793.72,832.71,INDUSINDBK.NS
2026-03-20,807.99,788.55,827.18,INDUSINDBK.NS
2026-03-23,792.59,774.53,812.71,INDUSINDBK.NS
2026-03-24,791.57,772.78,810.24,INDUSINDBK.NS
2026-03-25,792.51,772.04,812.5,INDUSINDBK.NS
2026-03-27,783.96,763.66,803.27,INDUSINDBK.NS
2026-03-30,779.63,759.74,797.37,INDUSINDBK.NS
2026-04-01,786.93,766.91,806.17,INDUSINDBK.NS
2026-04-02,784.34,765.27,803.81,INDUSINDBK.NS
2026-04-06,791.2,772.74,810.46,INDUSINDBK.NS
2026-04-07,796.96,777.04,816.61,INDUSINDBK.NS
2026-04-08,804.51,786.47,824.26,INDUSINDBK.NS
2026-04-09,804.69,787.43,824.13,INDUSINDBK.NS
2026-04-10,808.48,789.06,826.94,INDUSINDBK.NS
2026-04-13,820.85,801.95,839.79,INDUSINDBK.NS
2026-04-15,837.6,818.52,855.44,INDUSINDBK.NS
2026-04-16,839.17,819.16,857.33,INDUSINDBK.NS
2026-04-17,844.12,824.61,865.21,INDUSINDBK.NS
2026-04-20,858.45,839.54,878.13,INDUSINDBK.NS
2026-04-21,866.19,847.27,882.68,INDUSINDBK.NS
2026-04-22,875.23,857.29,895.67,INDUSINDBK.NS
2026-04-23,876.41,856.89,894.31,INDUSINDBK.NS
2026-04-24,880.71,861.53,900.78,INDUSINDBK.NS
2026-04-27,891.59,870.87,910.87,INDUSINDBK.NS
2026-04-28,897.71,878.67,917.15,INDUSINDBK.NS
2026-04-29,904.93,886.59,924.15,INDUSINDBK.NS
2026-04-30,904.11,884.25,922.37,INDUSINDBK.NS
2026-05-01,906.25,887.31,926.6,INDUSINDBK.NS
2026-05-04,909.99,891.91,928.78,INDUSINDBK.NS
2026-05-05,913.62,895.09,934.26,INDUSINDBK.NS
2026-05-06,918.35,899.78,938.14,INDUSINDBK.NS
2026-05-07,915.08,895.41,934.44,INDUSINDBK.NS
2026-05-08,914.82,895.45,934.09,INDUSINDBK.NS
2026-05-11,912.14,892.47,931.1,INDUSINDBK.NS
2026-05-12,913.97,894.16,932.33,INDUSINDBK.NS
2026-05-13,917.1,896.76,934.58,INDUSINDBK.NS
2026-05-14,912.45,892.93,931.81,INDUSINDBK.NS
2026-05-15,911.06,893.67,930.5,INDUSINDBK.NS
2026-05-18,906.43,887.17,925.25,INDUSINDBK.NS
2026-05-19,908.07,889.33,927.58,INDUSINDBK.NS
2026-05-20,911.25,891.72,930.0,INDUSINDBK.NS
2026-05-21,906.84,887.56,925.37,INDUSINDBK.NS
2026-05-22,905.87,886.76,925.59,INDUSINDBK.NS
2026-05-25,903.3,884.22,923.39,INDUSINDBK.NS
2026-05-26,905.8,885.21,926.84,INDUSINDBK.NS
2026-05-27,909.85,891.37,928.28,INDUSINDBK.NS
2026-05-28,906.33,889.55,925.59,INDUSINDBK.NS
2026-05-29,906.21,885.26,925.93,INDUSINDBK.NS
2026-06-01,905.77,886.25,925.1,INDUSINDBK.NS
2026-06-02,908.77,889.94,928.48,INDUSINDBK.NS
2026-06-03,913.2,894.6,933.5,INDUSINDBK.NS
2026-06-04,909.93,891.98,931.01,INDUSINDBK.NS
2026-06-05,909.93,891.56,928.59,INDUSINDBK.NS
2026-06-08,909.18,889.95,928.54,INDUSINDBK.NS
2026-06-09,911.92,891.51,930.55,INDUSINDBK.NS
2026-06-10,916.04,896.85,935.93,INDUSINDBK.NS
2026-06-11,912.44,891.61,931.28,INDUSINDBK.NS
2026-06-12,912.14,893.36,932.55,INDUSINDBK.NS
2026-06-15,910.88,890.13,929.52,INDUSINDBK.NS
2026-06-16,913.7,893.64,933.69,INDUSINDBK.NS
2026-06-17,918.08,898.49,936.67,INDUSINDBK.NS
2026-06-18,914.94,894.71,934.22,INDUSINDBK.NS
2026-06-19,915.31,896.13,934.81,INDUSINDBK.NS
2026-06-22,917.53,898.78,938.19,INDUSINDBK.NS
2026-06-23,921.99,902.96,941.29,INDUSINDBK.NS
2026-06-24,928.24,908.47,947.6,INDUSINDBK.NS
2026-06-25,927.18,908.68,946.83,INDUSINDBK.NS
2026-06-26,929.83,910.64,949.54,INDUSINDBK.NS
2026-06-29,939.62,922.19,958.59,INDUSINDBK.NS
2026-06-30,946.72,926.78,965.38,INDUSINDBK.NS
2026-07-01,955.59,936.52,974.96,INDUSINDBK.NS
2026-07-02,957.07,937.84,976.57,INDUSINDBK.NS
2026-07-03,962.13,941.06,981.97,INDUSINDBK.NS
2026-07-06,977.89,958.5,996.72,INDUSINDBK.NS
2026-07-07,986.39,966.41,1005.27,INDUSINDBK.NS
2026-07-08,996.3,975.74,1016.13,INDUSINDBK.NS
2026-07-09,998.44,979.19,1017.31,INDUSINDBK.NS
2026-07-10,1003.73,983.55,1023.82,INDUSINDBK.NS
2026-07-13,1017.55,997.56,1037.21,INDUSINDBK.NS
2026-07-14,1024.53,1004.37,1043.75,INDUSINDBK.NS
2026-07-15,1032.5,1014.81,1051.19,INDUSINDBK.NS
2026-07-16,1032.3,1012.72,1051.16,INDUSINDBK.NS
2026-07-17,1034.9,1018.29,1053.83,INDUSINDBK.NS
2026-07-20,1038.89,1018.64,1057.82,INDUSINDBK.NS
2026-07-21,1042.19,1022.19,1060.96,INDUSINDBK.NS
2026-07-22,1046.36,1027.43,1067.27,INDUSINDBK.NS
2026-07-23,1042.31,1021.51,1060.98,INDUSINDBK.NS
2026-07-24,1041.07,1021.05,1061.36,INDUSINDBK.NS
2026-07-27,1034.19,1013.34,1052.96,INDUSINDBK.NS
2026-07-28,1034.25,1015.67,1052.64,INDUSINDBK.NS
2026-07-29,1035.45,1017.3,1056.52,INDUSINDBK.NS
2026-07-30,1028.74,1009.32,1047.16,INDUSINDBK.NS
2026-07-31,1025.17,1007.54,1044.67,INDUSINDBK.NS
2026-08-03,1013.48,995.82,1032.97,INDUSINDBK.NS
2026-08-04,1012.67,994.01,1031.83,INDUSINDBK.NS
2026-08-05,1013.38,992.74,1031.66,INDUSINDBK.NS
2026-08-06,1006.51,988.36,1025.23,INDUSINDBK.NS
2026-08-07,1003.1,984.36,1023.04,INDUSINDBK.NS
2026-08-10,993.5,973.03,1011.73,INDUSINDBK.NS
2026-08-11,993.79,974.38,1013.01,INDUSINDBK.NS
2026-08-12,995.73,976.08,1015.43,INDUSINDBK.NS
2026-08-13,990.19,971.41,1011.14,INDUSINDBK.NS
2026-08-14,988.14,969.84,1007.72,INDUSINDBK.NS
2026-08-17,982.51,964.88,1001.99,INDUSINDBK.NS
2026-08-18,983.98,966.8,1004.53,INDUSINDBK.NS
2026-08-19,986.95,967.16,1005.33,INDUSINDBK.NS
2026-08-20,982.3,963.4,1001.44,INDUSINDBK.NS
2026-08-21,980.99,962.13,1000.69,INDUSINDBK.NS
2026-08-24,976.52,955.22,995.31,INDUSINDBK.NS
2026-08-25,978.04,959.07,997.63,INDUSINDBK.NS
2026-08-26,980.92,964.06,1001.66,INDUSINDBK.NS
2026-08-27,976.03,956.98,995.88,INDUSINDBK.NS
2026-08-28,974.38,954.92,993.46,INDUSINDBK.NS
2026-08-31,968.45,948.52,987.15,INDUSINDBK.NS
2026-09-01,969.42,951.46,989.08,INDUSINDBK.NS
2026-09-02,971.78,952.12,991.35,INDUSINDBK.NS
2025-07-22,1500.19,1466.79,1532.94,INFY.NS
2025-07-23,1497.09,1462.82,1529.17,INFY.NS
2025-07-24,1489.54,1455.69,1523.42,INFY.NS
2025-07-25,1480.25,1448.83,1513.25,INFY.NS
2025-07-28,1467.17,1435.26,1500.47,INFY.NS
2025-07-29,1462.25,1430.0,1495.02,INFY.NS
2025-07-30,1455.53,1424.68,1489.13,INFY.NS
2025-07-31,1444.94,1414.27,1478.36,INFY.NS
2025-08-01,1433.25,1399.16,1464.81,INFY.NS
2025-08-04,1417.31,1384.47,1451.37,INFY.NS
2025-08-05,1412.95,1379.24,1447.72,INFY.NS
2025-08-06,1407.56,1374.68,1441.88,INFY.NS
2025-08-07,1399.04,1367.36,1433.46,INFY.NS
2025-08-08,1390.13,1359.37,1422.07,INFY.NS
2025-08-11,1386.18,1354.76,1422.78,INFY.NS
2025-08-12,1386.78,1355.47,1420.09,INFY.NS
2025-08-13,1386.7,1353.66,1420.19,INFY.NS
2025-08-14,1383.72,1352.61,1416.0,INFY.NS
2025-08-18,1393.26,1360.0,1425.52,INFY.NS
2025-08-19,1399.02,1363.56,1433.24,INFY.NS
2025-08-20,1403.71,1369.37,1435.38,INFY.NS
2025-08-21,1405.04,1370.76,1439.13,INFY.NS
2025-08-22,1405.59,1372.62,1439.32,INFY.NS
2025-08-25,1426.05,1392.19,1461.78,INFY.NS
2025-08-26,1433.03,1400.23,1464.77,INFY.NS
2025-08-28,1439.46,1407.53,1474.89,INFY.NS
2025-08-29,1439.23,1407.63,1472.28,INFY.NS
2025-09-01,1453.93,1422.15,1486.3,INFY.NS
2025-09-02,1458.05,1424.09,1492.04,INFY.NS
2025-09-03,1460.08,1426.53,1492.2,INFY.NS
2025-09-04,1457.81,1428.79,1490.75,INFY.NS
2025-09-05,1453.94,1421.56,1489.43,INFY.NS
2025-09-08,1457.5,1425.94,1490.66,INFY.NS
2025-09-09,1458.1,1424.84,1491.37,INFY.NS
2025-09-10,1456.83,1422.76,1488.83,INFY.NS
2025-09-11,1451.56,1419.74,1487.17,INFY.NS
2025-09-12,1445.0,1409.38,1476.68,INFY.NS
2025-09-15,1442.88,1410.16,1474.92,INFY.NS
2025-09-16,1442.44,1407.28,1476.62,INFY.NS
2025-09-17,1440.54,1404.7,1474.36,INFY.NS
2025-09-18,1435.05,1403.1,1466.87,INFY.NS
2025-09-19,1428.66,1395.15,1463.05,INFY.NS
2025-09-22,1428.97,1397.77,1462.41,INFY.NS
2025-09-23,1429.82,1397.77,1464.84,INFY.NS
2025-09-24,1429.37,1395.72,1462.69,INFY.NS
2025-09-25,1425.43,1391.45,1455.34,INFY.NS
2025-09-26,1420.64,1388.02,1454.08,INFY.NS
2025-09-29,1425.52,1392.23,1458.07,INFY.NS
2025-09-30,1427.68,1395.91,1465.37,INFY.NS
2025-10-01,1428.39,1396.42,1462.05,INFY.NS
2025-10-03,1421.42,1387.34,1456.47,INFY.NS
2025-10-06,1427.5,1394.55,1462.28,INFY.NS
2025-10-07,1429.73,1397.52,1464.82,INFY.NS
2025-10-08,1430.37,1397.67,1461.65,INFY.NS
2025-10-09,1427.23,1394.27,1460.61,INFY.NS
2025-10-10,1422.99,1391.54,1454.72,INFY.NS
2025-10-13,1428.34,1397.64,1461.66,INFY.NS
2025-10-14,1430.45,1397.03,1465.73,INFY.NS
2025-10-15,1431.08,1399.6,1465.09,INFY.NS
2025-10-16,1428.09,1394.75,1461.56,INFY.NS
2025-10-17,1424.15,1390.39,1458.72,INFY.NS
2025-10-20,1431.59,1396.83,1464.73,INFY.NS
2025-10-21,1434.77,1403.65,1467.28,INFY.NS
2025-10-23,1435.08,1400.77,1469.79,INFY.NS
2025-10-24,1432.69,1399.8,1466.08,INFY.NS
2025-10-27,1445.17,1415.28,1475.92,INFY.NS
2025-10-28,1450.03,1416.18,1482.27,INFY.NS
2025-10-29,1453.53,1420.3,1487.14,INFY.NS
2025-10-30,1453.43,1419.76,1486.67,INFY.NS
2025-10-31,1452.36,1416.51,1484.11,INFY.NS
2025-11-03,1467.49,1433.68,1497.17,INFY.NS
2025-11-04,1472.71,1438.68,1505.02,INFY.NS
2025-11-06,1475.95,1442.22,1509.8,INFY.NS
2025-11-07,1474.37,1441.36,1509.41,INFY.NS
2025-11-10,1486.48,1453.36,1520.94,INFY.NS
2025-11-11,1490.3,1456.22,1524.07,INFY.NS
2025-11-12,1492.36,1458.97,1522.37,INFY.NS
2025-11-13,1490.46,1457.29,1525.91,INFY.NS
2025-11-14,1487.3,1453.52,1520.16,INFY.NS
2025-11-17,1495.19,1463.35,1529.65,INFY.NS
2025-11-18,1497.98,1462.0,1530.1,INFY.NS
2025-11-19,1499.27,1464.5,1533.38,INFY.NS
2025-11-20,1496.93,1461.92,1528.75,INFY.NS
2025-11-21,1493.66,1460.07,1524.74,INFY.NS
2025-11-24,1503.5,1468.83,1536.71,INFY.NS
2025-11-25,1507.7,1475.02,1539.63,INFY.NS
2025-11-26,1510.76,1477.46,1543.55,INFY.NS
2025-11-27,1510.49,1479.19,1541.23,INFY.NS
2025-11-28,1509.59,1477.33,1544.62,INFY.NS
2025-12-01,1527.59,1492.14,1562.02,INFY.NS
2025-12-02,1534.63,1502.86,1569.72,INFY.NS
2025-12-03,1540.46,1507.13,1573.62,INFY.NS
2025-12-04,1542.82,1510.43,1578.57,INFY.NS
2025-12-05,1544.32,1511.57,1576.7,INFY.NS
2025-12-08,1567.41,1533.52,1600.94,INFY.NS
2025-12-09,1575.25,1540.66,1607.75,INFY.NS
2025-12-10,1581.33,1548.82,1613.65,INFY.NS
2025-12-11,1583.38,1548.46,1615.92,INFY.NS
2025-12-12,1583.98,1553.23,1617.63,INFY.NS
2025-12-15,1600.97,1566.71,1633.67,INFY.NS
2025-12-16,1605.73,1575.37,1639.74,INFY.NS
2025-12-17,1608.3,1576.16,1644.32,INFY.NS
2025-12-18,1606.47,1573.23,1640.37,INFY.NS
2025-12-19,1602.9,1569.19,1636.03,INFY.NS
2025-12-22,1606.64,1573.84,1640.57,INFY.NS
2025-12-23,1607.06,1575.27,1640.79,INFY.NS
2025-12-24,1605.51,1574.08,1638.66,INFY.NS
2025-12-26,1592.91,1558.91,1626.57,INFY.NS
2025-12-29,1589.7,1555.64,1625.66,INFY.NS
2025-12-30,1589.08,1556.04,1624.13,INFY.NS
2025-12-31,1587.18,1551.44,1619.28,INFY.NS
2026-01-01,1581.91,1548.6,1614.89,INFY.NS
2026-01-02,1576.02,1545.46,1610.49,INFY.NS
2026-01-05,1579.81,1546.11,1614.95,INFY.NS
2026-01-06,1582.59,1548.33,1616.76,INFY.NS
2026-01-07,1584.48,1551.49,1618.62,INFY.NS
2026-01-08,1583.27,1547.28,1616.56,INFY.NS
2026-01-09,1581.6,1548.23,1616.0,INFY.NS
2026-01-12,1597.74,1563.1,1631.45,INFY.NS
2026-01-13,1604.1,1568.24,1637.88,INFY.NS
2026-01-14,1609.1,1576.61,1641.57,INFY.NS
2026-01-15,1610.4,1576.37,1643.37,INFY.NS
2026-01-16,1610.54,1578.3,1644.56,INFY.NS
2026-01-19,1627.11,1593.32,1659.26,INFY.NS
2026-01-20,1631.75,1599.97,1662.07,INFY.NS
2026-01-21,1634.05,1605.42,1665.99,INFY.NS
2026-01-22,1631.7,1602.2,1665.52,INFY.NS
2026-01-23,1627.25,1594.34,1661.75,INFY.NS
2026-01-27,1621.97,1587.81,1655.32,INFY.NS
2026-01-28,1616.1,1581.38,1648.77,INFY.NS
2026-01-29,1605.19,1571.7,1640.89,INFY.NS
2026-01-30,1591.95,1561.73,1626.32,INFY.NS
2026-02-02,1563.38,1533.92,1598.19,INFY.NS
2026-02-03,1552.09,1519.56,1585.79,INFY.NS
2026-02-04,1538.45,1504.28,1572.8,INFY.NS
2026-02-05,1520.4,1488.24,1554.47,INFY.NS
2026-02-06,1500.73,1467.74,1533.23,INFY.NS
2026-02-09,1458.2,1424.36,1492.08,INFY.NS
2026-02-10,1444.24,1412.24,1478.41,INFY.NS
2026-02-11,1428.97,1397.51,1462.65,INFY.NS
2026-02-12,1410.33,1377.56,1443.29,INFY.NS
2026-02-13,1391.1,1355.87,1426.12,INFY.NS
2026-02-16,1355.56,1321.55,1389.14,INFY.NS
2026-02-17,1345.58,1312.78,1375.21,INFY.NS
2026-02-18,1334.95,1299.81,1368.31,INFY.NS
2026-02-19,1321.5,1289.28,1354.23,INFY.NS
2026-02-20,1307.9,1274.11,1343.5,INFY.NS
2026-02-23,1290.68,1256.88,1323.65,INFY.NS
2026-02-24,1286.88,1253.79,1320.73,INFY.NS
2026-02-25,1282.28,1249.96,1313.68,INFY.NS
2026-02-26,1274.62,1241.41,1307.14,INFY.NS
2026-02-27,1266.49,1233.46,1298.25,INFY.NS
2026-03-02,1263.02,1229.71,1295.22,INFY.NS
2026-03-04,1261.24,1226.52,1294.63,INFY.NS
2026-03-05,1256.1,1222.16,1290.93,INFY.NS
2026-03-06,1249.98,1218.06,1284.44,INFY.NS
2026-03-09,1249.98,1218.05,1282.18,INFY.NS
2026-03-10,1250.23,1217.39,1284.75,INFY.NS
2026-03-11,1248.93,1215.45,1283.36,INFY.NS
2026-03-12,1243.9,1208.03,1277.12,INFY.NS
2026-03-13,1237.83,1204.43,1272.84,INFY.NS
2026-03-16,1238.25,1206.05,1272.19,INFY.NS
2026-03-17,1238.96,1206.08,1273.25,INFY.NS
2026-03-18,1238.36,1204.94,1276.02,INFY.NS
2026-03-19,1234.3,1202.03,1269.11,INFY.NS
2026-03-20,1229.5,1196.53,1262.88,INFY.NS
2026-03-23,1235.55,1200.72,1268.78,INFY.NS
2026-03-24,1238.69,1202.06,1271.43,INFY.NS
2026-03-25,1240.73,1207.52,1275.93,INFY.NS
2026-03-27,1237.56,1204.88,1270.34,INFY.NS
2026-03-30,1252.14,1216.96,1287.56,INFY.NS
2026-04-01,1262.08,1229.22,1293.56,INFY.NS
2026-04-02,1262.69,1231.81,1297.04,INFY.NS
2026-04-06,1277.85,1242.42,1311.25,INFY.NS
2026-04-07,1282.64,1251.14,1315.53,INFY.NS
2026-04-08,1285.4,1252.77,1318.6,INFY.NS
2026-04-09,1283.84,1249.7,1318.41,INFY.NS
2026-04-10,1280.55,1247.32,1315.29,INFY.NS
2026-04-13,1284.23,1249.77,1318.88,INFY.NS
2026-04-15,1281.44,1249.74,1314.9,INFY.NS
2026-04-16,1274.23,1242.65,1308.45,INFY.NS
2026-04-17,1265.08,1230.85,1299.6,INFY.NS
2026-04-20,1251.03,1220.24,1283.38,INFY.NS
2026-04-21,1245.22,1212.14,1277.3,INFY.NS
2026-04-22,1237.32,1204.45,1268.47,INFY.NS
2026-04-23,1225.22,1190.48,1254.61,INFY.NS
2026-04-24,1211.7,1177.89,1245.07,INFY.NS
2026-04-27,1188.32,1154.56,1222.29,INFY.NS
2026-04-28,1180.86,1144.91,1216.05,INFY.NS
2026-04-29,1172.1,1138.33,1205.08,INFY.NS
2026-04-30,1159.95,1127.06,1192.0,INFY.NS
2026-05-01,1147.2,1114.08,1183.25,INFY.NS
2026-05-04,1130.8,1097.11,1164.3,INFY.NS
2026-05-05,1127.11,1094.58,1160.25,INFY.NS
2026-05-06,1122.73,1089.56,1157.73,INFY.NS
2026-05-07,1115.51,1079.45,1148.2,INFY.NS
2026-05-08,1108.14,1075.98,1141.27,INFY.NS
2026-05-11,1109.74,1075.43,1143.25,INFY.NS
2026-05-12,1112.33,1075.75,1146.18,INFY.NS
2026-05-13,1114.2,1078.12,1146.17,INFY.NS
2026-05-14,1113.12,1081.4,1146.21,INFY.NS
2026-05-15,1111.65,1077.77,1145.59,INFY.NS
2026-05-18,1128.79,1095.48,1163.0,INFY.NS
2026-05-19,1135.56,1103.25,1169.84,INFY.NS
2026-05-20,1141.03,1107.48,1172.96,INFY.NS
2026-05-21,1142.88,1107.37,1176.72,INFY.NS
2026-05-22,1143.68,1112.14,1176.32,INFY.NS
2026-05-25,1163.3,1128.88,1198.13,INFY.NS
2026-05-26,1169.46,1136.58,1201.38,INFY.NS
2026-05-27,1173.62,1139.72,1206.6,INFY.NS
2026-05-28,1173.49,1142.59,1207.91,INFY.NS
2026-05-29,1171.68,1139.63,1206.72,INFY.NS
2026-06-01,1180.21,1147.39,1212.01,INFY.NS
2026-06-02,1181.8,1149.31,1215.51,INFY.NS
2026-06-03,1181.06,1147.12,1214.32,INFY.NS
2026-06-04,1175.8,1142.0,1210.14,INFY.NS
2026-06-05,1168.69,1134.72,1202.11,INFY.NS
2026-06-08,1161.14,1128.0,1195.2,INFY.NS
2026-06-09,1157.58,1122.72,1191.77,INFY.NS
2026-06-10,1151.94,1123.25,1187.08,INFY.NS
2026-06-11,1142.07,1109.01,1174.23,INFY.NS
2026-06-12,1130.74,1096.55,1165.19,INFY.NS
2026-06-15,1113.37,1081.25,1147.79,INFY.NS
2026-06-16,1107.65,1074.74,1143.75,INFY.NS
2026-06-17,1100.45,1066.46,1136.3,INFY.NS
2026-06-18,1089.68,1056.51,1122.86,INFY.NS
2026-06-19,1078.07,1045.15,1111.19,INFY.NS
2026-06-22,1063.78,1029.76,1096.67,INFY.NS
2026-06-23,1060.31,1025.11,1092.53,INFY.NS
2026-06-24,1055.93,1024.16,1088.33,INFY.NS
2026-06-25,1048.49,1014.99,1082.39,INFY.NS
2026-06-26,1040.68,1006.99,1073.93,INFY.NS
2026-06-29,1039.9,1005.14,1074.26,INFY.NS
2026-06-30,1041.4,1008.9,1076.02,INFY.NS
2026-07-01,1042.08,1008.97,1075.01,INFY.NS
2026-07-02,1039.69,1006.56,1073.14,INFY.NS
2026-07-03,1036.87,1005.11,1069.98,INFY.NS
2026-07-06,1049.66,1014.4,1080.49,INFY.NS
2026-07-07,1054.95,1024.5,1088.19,INFY.NS
2026-07-08,1058.94,1024.15,1092.07,INFY.NS
2026-07-09,1059.32,1026.63,1092.18,INFY.NS
2026-07-10,1058.66,1024.91,1091.29,INFY.NS
2026-07-13,1073.95,1042.42,1106.36,INFY.NS
2026-07-14,1078.69,1047.66,1111.1,INFY.NS
2026-07-15,1081.42,1047.91,1116.88,INFY.NS
2026-07-16,1079.87,1048.15,1111.34,INFY.NS
2026-07-17,1076.64,1041.62,1110.48,INFY.NS
2026-07-20,1080.86,1049.62,1114.28,INFY.NS
2026-07-21,1081.02,1047.62,1115.83,INFY.NS
2026-07-22,1078.87,1045.73,1115.8,INFY.NS
2026-07-23,1072.23,1040.98,1106.01,INFY.NS
2026-07-24,1063.79,1028.31,1095.72,INFY.NS
2026-07-27,1052.76,1021.37,1087.43,INFY.NS
2026-07-28,1048.3,1015.97,1083.16,INFY.NS
2026-07-29,1041.92,1007.99,1073.21,INFY.NS
2026-07-30,1031.53,1000.4,1067.01,INFY.NS
2026-07-31,1019.89,987.24,1052.5,INFY.NS
2026-08-03,1003.27,968.86,1035.62,INFY.NS
2026-08-04,998.41,965.0,1030.61,INFY.NS
2026-08-05,992.41,960.27,1027.28,INFY.NS
2026-08-06,983.15,948.6,1016.1,INFY.NS
2026-08-07,973.41,941.13,1004.79,INFY.NS
2026-08-10,966.54,932.36,1000.6,INFY.NS
2026-08-11,966.1,932.06,997.72,INFY.NS
2026-08-12,964.96,930.77,997.98,INFY.NS
2026-08-13,960.94,926.16,995.44,INFY.NS
2026-08-14,956.68,924.0,988.65,INFY.NS
2026-08-17,966.81,933.64,1001.0,INFY.NS
2026-08-18,971.85,939.04,1005.68,INFY.NS
2026-08-19,975.94,944.62,1012.04,INFY.NS
2026-08-20,976.79,942.28,1010.14,INFY.NS
2026-08-21,976.97,943.9,1011.04,INFY.NS
2026-08-24,997.11,962.38,1028.93,INFY.NS
2026-08-25,1004.23,972.46,1039.54,INFY.NS
2026-08-26,1009.71,974.2,1044.2,INFY.NS
2026-08-27,1011.27,979.83,1047.16,INFY.NS
2026-08-28,1011.49,980.67,1044.54,INFY.NS
2026-08-31,1027.96,995.78,1060.37,INFY.NS
2026-09-01,1032.76,1000.24,1066.47,INFY.NS
2026-09-02,1035.48,1002.99,1069.18,INFY.NS
2025-07-22,389.54,383.44,395.11,ITC.NS
2025-07-23,390.7,384.46,396.5,ITC.NS
2025-07-24,390.3,384.5,396.13,ITC.NS
2025-07-25,391.53,385.21,397.21,ITC.NS
2025-07-28,393.64,388.15,399.39,ITC.NS
2025-07-29,394.36,388.4,400.11,ITC.NS
2025-07-30,395.52,389.09,401.78,ITC.NS
2025-07-31,394.97,389.11,400.92,ITC.NS
2025-08-01,395.91,390.33,401.71,ITC.NS
2025-08-04,396.4,389.99,402.23,ITC.NS
2025-08-05,396.39,390.72,402.71,ITC.NS
2025-08-06,396.74,390.67,402.45,ITC.NS
2025-08-07,395.35,389.35,400.68,ITC.NS
2025-08-08,395.42,389.52,401.53,ITC.NS
2025-08-11,393.39,387.32,399.18,ITC.NS
2025-08-12,392.64,386.62,398.3,ITC.NS
2025-08-13,392.34,386.72,398.13,ITC.NS
2025-08-14,390.41,384.39,396.42,ITC.NS
2025-08-18,387.54,381.58,393.41,ITC.NS
2025-08-19,386.91,381.11,393.01,ITC.NS
2025-08-20,386.87,380.69,392.73,ITC.NS
2025-08-21,385.32,379.71,391.66,ITC.NS
2025-08-22,385.47,379.5,391.19,ITC.NS
2025-08-25,385.05,378.68,390.86,ITC.NS
2025-08-26,385.25,378.87,391.23,ITC.NS
2025-08-28,385.38,379.78,391.54,ITC.NS
2025-08-29,386.38,380.96,392.0,ITC.NS
2025-09-01,388.19,382.01,394.21,ITC.NS
2025-09-02,388.96,383.29,395.14,ITC.NS
2025-09-03,390.25,384.56,396.17,ITC.NS
2025-09-04,389.9,384.35,396.15,ITC.NS
2025-09-05,391.12,385.13,396.96,ITC.NS
2025-09-08,392.76,387.37,398.67,ITC.NS
2025-09-09,393.21,386.93,398.76,ITC.NS
2025-09-10,394.06,388.18,400.27,ITC.NS
2025-09-11,393.16,387.16,399.11,ITC.NS
2025-09-12,393.72,387.9,400.01,ITC.NS
2025-09-15,393.01,387.63,398.73,ITC.NS
2025-09-16,392.61,386.77,398.6,ITC.NS
2025-09-17,392.6,386.75,398.44,ITC.NS
2025-09-18,390.87,385.02,396.71,ITC.NS
2025-09-19,390.64,384.6,396.43,ITC.NS
2025-09-22,387.98,382.07,394.11,ITC.NS
2025-09-23,387.12,380.9,393.03,ITC.NS
2025-09-24,386.77,380.77,392.49,ITC.NS
2025-09-25,384.82,379.18,390.98,ITC.NS
2025-09-26,384.5,378.46,390.93,ITC.NS
2025-09-29,382.34,376.11,388.01,ITC.NS
2025-09-30,381.9,376.26,388.05,ITC.NS
2025-10-01,382.06,375.93,387.87,ITC.NS
2025-10-03,381.11,375.41,386.95,ITC.NS
2025-10-06,381.38,375.26,387.48,ITC.NS
2025-10-07,381.8,375.99,387.84,ITC.NS
2025-10-08,382.83,376.91,389.16,ITC.NS
2025-10-09,382.34,376.46,388.48,ITC.NS
2025-10-10,383.52,377.44,389.28,ITC.NS
2025-10-13,385.87,380.12,391.8,ITC.NS
2025-10-14,386.83,380.89,392.82,ITC.NS
2025-10-15,388.3,382.35,394.3,ITC.NS
2025-10-16,388.16,382.09,394.16,ITC.NS
2025-10-17,389.6,383.39,395.06,ITC.NS
2025-10-20,392.09,385.86,398.44,ITC.NS
2025-10-21,392.9,386.96,398.72,ITC.NS
2025-10-23,393.69,387.63,399.48,ITC.NS
2025-10-24,394.74,388.8,400.69,ITC.NS
2025-10-27,395.73,389.94,401.56,ITC.NS
2025-10-28,395.97,390.3,402.15,ITC.NS
2025-10-29,396.61,390.62,402.27,ITC.NS
2025-10-30,395.54,389.77,401.5,ITC.NS
2025-10-31,395.97,390.25,401.66,ITC.NS
2025-11-03,395.15,389.33,401.01,ITC.NS
2025-11-04,394.82,388.92,400.67,ITC.NS
2025-11-06,393.35,387.0,399.19,ITC.NS
2025-11-07,393.31,387.45,399.08,ITC.NS
2025-11-10,391.33,385.28,397.0,ITC.NS
2025-11-11,390.7,384.96,396.55,ITC.NS
2025-11-12,390.54,384.54,396.53,ITC.NS
2025-11-13,388.76,382.57,395.05,ITC.NS
2025-11-14,388.57,382.99,394.46,ITC.NS
2025-11-17,386.4,380.48,392.36,ITC.NS
2025-11-18,385.8,379.84,391.58,ITC.NS
2025-11-19,385.73,379.91,391.94,ITC.NS
2025-11-20,384.09,378.27,389.68,ITC.NS
2025-11-21,384.07,378.01,389.72,ITC.NS
2025-11-24,382.74,376.87,388.2,ITC.NS
2025-11-25,382.51,376.45,388.47,ITC.NS
2025-11-26,382.85,376.55,388.52,ITC.NS
2025-11-27,381.66,375.54,387.26,ITC.NS
2025-11-28,382.12,376.24,388.35,ITC.NS
2025-12-01,382.36,376.01,388.14,ITC.NS
2025-12-02,382.67,376.76,388.08,ITC.NS
2025-12-03,383.54,377.55,389.4,ITC.NS
2025-12-04,382.85,376.9,388.68,ITC.NS
2025-12-05,383.8,378.06,389.69,ITC.NS
2025-12-08,385.18,379.11,391.31,ITC.NS
2025-12-09,385.72,379.7,391.78,ITC.NS
2025-12-10,386.74,381.1,392.33,ITC.NS
2025-12-11,386.1,380.06,391.87,ITC.NS
2025-12-12,386.97,381.53,393.38,ITC.NS
2025-12-15,387.38,381.47,393.31,ITC.NS
2025-12-16,387.33,381.51,393.34,ITC.NS
2025-12-17,387.61,381.87,393.42,ITC.NS
2025-12-18,386.1,380.37,392.22,ITC.NS
2025-12-19,385.98,379.68,392.02,ITC.NS
2025-12-22,382.67,376.71,388.32,ITC.NS
2025-12-23,381.2,374.7,386.88,ITC.NS
2025-12-24,379.98,374.11,385.45,ITC.NS
2025-12-26,375.21,369.32,381.01,ITC.NS
2025-12-29,367.2,361.53,372.95,ITC.NS
2025-12-30,364.24,358.37,369.9,ITC.NS
2025-12-31,361.63,355.95,367.2,ITC.NS
2026-01-01,357.28,352.02,363.42,ITC.NS
2026-01-02,354.41,348.06,359.73,ITC.NS
2026-01-05,343.84,337.72,349.46,ITC.NS
2026-01-06,340.4,334.17,346.42,ITC.NS
2026-01-07,337.49,331.35,343.31,ITC.NS
2026-01-08,333.04,326.72,339.02,ITC.NS
2026-01-09,330.28,325.07,336.44,ITC.NS
2026-01-12,321.23,315.14,327.18,ITC.NS
2026-01-13,318.65,312.76,324.42,ITC.NS
2026-01-14,316.78,311.04,322.96,ITC.NS
2026-01-15,313.51,307.23,319.56,ITC.NS
2026-01-16,312.05,306.34,317.97,ITC.NS
2026-01-19,307.45,301.14,313.46,ITC.NS
2026-01-20,306.47,300.69,312.16,ITC.NS
2026-01-21,306.2,300.3,312.01,ITC.NS
2026-01-22,304.53,298.86,310.27,ITC.NS
2026-01-23,304.64,298.58,310.2,ITC.NS
2026-01-27,304.66,298.69,310.9,ITC.NS
2026-01-28,305.55,299.8,311.0,ITC.NS
2026-01-29,304.92,298.07,310.9,ITC.NS
2026-01-30,305.94,299.89,312.05,ITC.NS
2026-02-02,307.65,302.12,313.53,ITC.NS
2026-02-03,308.33,302.45,314.46,ITC.NS
2026-02-04,309.5,303.52,315.27,ITC.NS
2026-02-05,309.04,303.22,314.84,ITC.NS
2026-02-06,310.13,304.34,316.22,ITC.NS
2026-02-09,311.53,305.61,317.85,ITC.NS
2026-02-10,311.97,306.13,317.5,ITC.NS
2026-02-11,312.86,307.03,318.81,ITC.NS
2026-02-12,312.08,306.16,318.05,ITC.NS
2026-02-13,312.82,307.28,318.49,ITC.NS
2026-02-16,313.08,307.14,319.08,ITC.NS
2026-02-17,313.14,307.32,318.97,ITC.NS
2026-02-18,313.65,307.75,319.51,ITC.NS
2026-02-19,312.49,305.96,318.14,ITC.NS
2026-02-20,312.86,306.94,319.0,ITC.NS
2026-02-23,312.03,306.38,318.25,ITC.NS
2026-02-24,311.74,306.18,317.49,ITC.NS
2026-02-25,311.88,306.09,317.51,ITC.NS
2026-02-26,310.36,304.24,316.38,ITC.NS
2026-02-27,310.35,304.65,316.13,ITC.NS
2026-03-02,308.35,302.34,313.9,ITC.NS
2026-03-04,307.36,301.44,312.99,ITC.NS
2026-03-05,305.4,299.2,311.62,ITC.NS
2026-03-06,304.97,298.73,311.13,ITC.NS
2026-03-09,301.71,295.71,307.88,ITC.NS
2026-03-10,300.61,295.06,306.58,ITC.NS
2026-03-11,299.98,293.92,305.65,ITC.NS
2026-03-12,297.7,291.65,303.59,ITC.NS
2026-03-13,297.0,291.09,302.7,ITC.NS
2026-03-16,293.3,287.05,299.2,ITC.NS
2026-03-17,292.2,286.67,298.58,ITC.NS
2026-03-18,291.65,285.85,298.01,ITC.NS
2026-03-19,289.55,283.95,295.64,ITC.NS
2026-03-20,289.1,282.76,294.92,ITC.NS
2026-03-23,286.68,281.05,293.36,ITC.NS
2026-03-24,286.17,280.3,292.11,ITC.NS
2026-03-25,286.27,280.2,292.1,ITC.NS
2026-03-27,285.2,279.21,291.14,ITC.NS
2026-03-30,285.26,279.16,291.62,ITC.NS
2026-04-01,286.52,280.19,292.78,ITC.NS
2026-04-02,285.93,279.87,291.69,ITC.NS
2026-04-06,288.99,283.04,294.56,ITC.NS
2026-04-07,289.82,283.7,295.31,ITC.NS
2026-04-08,291.16,285.13,297.04,ITC.NS
2026-04-09,290.9,285.1,296.66,ITC.NS
2026-04-10,292.21,286.6,297.9,ITC.NS
2026-04-13,294.39,288.3,300.32,ITC.NS
2026-04-15,296.31,290.6,302.54,ITC.NS
2026-04-16,295.83,289.76,301.34,ITC.NS
2026-04-17,296.88,290.96,302.93,ITC.NS
2026-04-20,298.1,292.16,303.84,ITC.NS
2026-04-21,298.49,292.61,304.5,ITC.NS
2026-04-22,299.34,293.13,305.36,ITC.NS
2026-04-23,298.54,292.67,304.38,ITC.NS
2026-04-24,299.3,293.52,304.83,ITC.NS
2026-04-27,299.81,293.96,305.74,ITC.NS
2026-04-28,300.04,294.37,306.19,ITC.NS
2026-04-29,300.76,294.57,306.75,ITC.NS
2026-04-30,299.87,293.41,306.12,ITC.NS
2026-05-01,300.56,294.57,306.62,ITC.NS
2026-05-04,300.97,294.66,307.07,ITC.NS
2026-05-05,301.18,295.29,306.69,ITC.NS
2026-05-06,301.86,295.43,308.04,ITC.NS
2026-05-07,300.91,295.22,306.94,ITC.NS
2026-05-08,301.51,295.42,307.66,ITC.NS
2026-05-11,301.4,295.05,307.25,ITC.NS
2026-05-12,301.33,295.49,307.0,ITC.NS
2026-05-13,301.68,295.2,307.92,ITC.NS
2026-05-14,300.33,294.95,306.33,ITC.NS
2026-05-15,300.48,294.53,306.54,ITC.NS
2026-05-18,298.74,293.0,304.76,ITC.NS
2026-05-19,298.06,292.04,303.68,ITC.NS
2026-05-20,297.79,291.57,304.0,ITC.NS
2026-05-21,295.82,289.68,301.52,ITC.NS
2026-05-22,295.36,289.5,301.29,ITC.NS
2026-05-25,292.03,286.33,298.12,ITC.NS
2026-05-26,290.95,285.47,296.56,ITC.NS
2026-05-27,290.36,284.43,296.34,ITC.NS
2026-05-28,288.17,282.19,293.98,ITC.NS
2026-05-29,287.6,281.51,293.52,ITC.NS
2026-06-01,284.65,278.48,290.57,ITC.NS
2026-06-02,283.93,277.79,289.99,ITC.NS
2026-06-03,283.83,278.04,289.42,ITC.NS
2026-06-04,282.24,276.06,288.69,ITC.NS
2026-06-05,282.37,275.75,288.15,ITC.NS
2026-06-08,282.0,276.19,288.04,ITC.NS
2026-06-09,282.24,276.76,287.93,ITC.NS
2026-06-10,283.12,277.3,289.06,ITC.NS
2026-06-11,282.5,277.1,288.34,ITC.NS
2026-06-12,283.58,277.7,289.64,ITC.NS
2026-06-15,285.69,279.84,291.36,ITC.NS
2026-06-16,286.58,280.73,292.41,ITC.NS
2026-06-17,287.98,282.5,293.98,ITC.NS
2026-06-18,287.75,281.77,293.97,ITC.NS
2026-06-19,289.08,282.82,295.48,ITC.NS
2026-06-22,291.04,285.16,296.92,ITC.NS
2026-06-23,291.58,285.45,297.73,ITC.NS
2026-06-24,292.49,286.72,298.52,ITC.NS
2026-06-25,291.66,285.64,297.28,ITC.NS
2026-06-26,292.26,286.32,298.12,ITC.NS
2026-06-29,291.57,285.8,297.69,ITC.NS
2026-06-30,291.14,285.56,296.83,ITC.NS
2026-07-01,291.08,285.1,296.95,ITC.NS
2026-07-02,289.29,283.01,295.15,ITC.NS
2026-07-03,288.99,283.36,294.94,ITC.NS
2026-07-06,286.04,279.78,291.89,ITC.NS
2026-07-07,285.08,278.91,291.25,ITC.NS
2026-07-08,284.62,278.67,290.62,ITC.NS
2026-07-09,282.58,276.8,288.53,ITC.NS
2026-07-10,282.18,276.4,288.06,ITC.NS
2026-07-13,279.84,274.35,285.8,ITC.NS
2026-07-14,279.36,272.92,285.13,ITC.NS
2026-07-15,279.51,273.49,285.4,ITC.NS
2026-07-16,278.18,272.73,284.39,ITC.NS
2026-07-17,278.58,272.41,284.45,ITC.NS
2026-07-20,278.96,272.95,284.57,ITC.NS
2026-07-21,279.41,273.21,285.46,ITC.NS
2026-07-22,280.47,274.23,286.72,ITC.NS
2026-07-23,280.0,273.85,285.39,ITC.NS
2026-07-24,281.18,275.62,287.29,ITC.NS
2026-07-27,283.28,277.94,289.42,ITC.NS
2026-07-28,284.06,277.93,290.4,ITC.NS
2026-07-29,285.3,279.58,291.11,ITC.NS
2026-07-30,284.85,278.72,290.78,ITC.NS
2026-07-31,285.92,279.71,292.02,ITC.NS
2026-08-03,286.86,281.14,292.69,ITC.NS
2026-08-04,287.01,281.47,293.14,ITC.NS
2026-08-05,287.53,282.35,293.84,ITC.NS
2026-08-06,286.29,280.48,292.34,ITC.NS
2026-08-07,286.52,280.35,292.6,ITC.NS
2026-08-10,284.85,279.28,290.82,ITC.NS
2026-08-11,284.19,278.6,290.33,ITC.NS
2026-08-12,283.95,278.17,290.33,ITC.NS
2026-08-13,282.05,276.09,288.03,ITC.NS
2026-08-14,281.7,275.39,287.57,ITC.NS
2026-08-17,279.05,273.33,285.36,ITC.NS
2026-08-18,278.33,272.66,284.17,ITC.NS
2026-08-19,278.18,272.22,283.9,ITC.NS
2026-08-20,276.5,270.59,282.48,ITC.NS
2026-08-21,276.5,270.72,281.83,ITC.NS
2026-08-24,275.61,270.12,281.57,ITC.NS
2026-08-25,275.65,269.71,281.56,ITC.NS
2026-08-26,276.31,270.27,282.22,ITC.NS
2026-08-27,275.48,269.5,281.81,ITC.NS
2026-08-28,276.35,270.37,281.94,ITC.NS
2026-08-31,277.89,271.81,283.72,ITC.NS
2026-09-01,278.62,273.05,284.62,ITC.NS
2026-09-02,279.88,274.1,285.39,ITC.NS
2025-07-22,1011.49,990.55,1032.12,JSWSTEEL.NS
2025-07-23,1018.08,996.07,1040.11,JSWSTEEL.NS
2025-07-24,1020.73,1000.5,1042.24,JSWSTEEL.NS
2025-07-25,1019.75,998.93,1039.64,JSWSTEEL.NS
2025-07-28,1027.42,1005.67,1049.12,JSWSTEEL.NS
2025-07-29,1031.59,1011.22,1054.97,JSWSTEEL.NS
2025-07-30,1038.07,1019.11,1060.37,JSWSTEEL.NS
2025-07-31,1040.45,1019.75,1063.43,JSWSTEEL.NS
2025-08-01,1039.04,1017.85,1060.73,JSWSTEEL.NS
2025-08-04,1044.49,1022.96,1065.56,JSWSTEEL.NS
2025-08-05,1047.61,1026.95,1069.92,JSWSTEEL.NS
2025-08-06,1052.89,1031.98,1073.1,JSWSTEEL.NS
2025-08-07,1053.95,1033.01,1075.43,JSWSTEEL.NS
2025-08-08,1051.1,1031.6,1073.04,JSWSTEEL.NS
2025-08-11,1051.74,1029.48,1071.56,JSWSTEEL.NS
2025-08-12,1053.18,1031.67,1073.24,JSWSTEEL.NS
2025-08-13,1056.79,1035.08,1075.73,JSWSTEEL.NS
2025-08-14,1056.23,1035.28,1077.27,JSWSTEEL.NS
2025-08-18,1048.59,1028.65,1070.67,JSWSTEEL.NS
2025-08-19,1049.1,1027.27,1070.58,JSWSTEEL.NS
2025-08-20,1052.01,1029.77,1073.5,JSWSTEEL.NS
2025-08-21,1050.97,1028.32,1072.41,JSWSTEEL.NS
2025-08-22,1046.37,1025.82,1066.32,JSWSTEEL.NS
2025-08-25,1044.17,1022.71,1065.87,JSWSTEEL.NS
2025-08-26,1045.59,1024.81,1066.66,JSWSTEEL.NS
2025-08-28,1050.04,1029.84,1072.84,JSWSTEEL.NS
2025-08-29,1047.08,1026.62,1067.9,JSWSTEEL.NS
2025-09-01,1050.89,1030.98,1074.19,JSWSTEEL.NS
2025-09-02,1054.55,1034.47,1076.46,JSWSTEEL.NS
2025-09-03,1060.92,1041.53,1081.08,JSWSTEEL.NS
2025-09-04,1063.62,1042.96,1083.38,JSWSTEEL.NS
2025-09-05,1062.94,1042.1,1083.64,JSWSTEEL.NS
2025-09-08,1073.01,1053.87,1093.63,JSWSTEEL.NS
2025-09-09,1078.43,1058.24,1098.83,JSWSTEEL.NS
2025-09-10,1086.35,1064.93,1107.1,JSWSTEEL.NS
2025-09-11,1090.34,1069.31,1110.19,JSWSTEEL.NS
2025-09-12,1090.7,1069.32,1111.34,JSWSTEEL.NS
2025-09-15,1102.16,1080.86,1123.33,JSWSTEEL.NS
2025-09-16,1107.45,1084.93,1127.76,JSWSTEEL.NS
2025-09-17,1114.97,1092.51,1136.36,JSWSTEEL.NS
2025-09-18,1118.29,1097.51,1140.09,JSWSTEEL.NS
2025-09-19,1117.72,1098.54,1138.85,JSWSTEEL.NS
2025-09-22,1125.21,1104.22,1145.17,JSWSTEEL.NS
2025-09-23,1128.89,1107.53,1151.07,JSWSTEEL.NS
2025-09-24,1134.7,1113.75,1154.97,JSWSTEEL.NS
2025-09-25,1136.27,1115.38,1157.98,JSWSTEEL.NS
2025-09-26,1133.94,1111.87,1155.1,JSWSTEEL.NS
2025-09-29,1136.44,1116.25,1158.09,JSWSTEEL.NS
2025-09-30,1138.66,1117.64,1161.1,JSWSTEEL.NS
2025-10-01,1143.15,1121.54,1164.11,JSWSTEEL.NS
2025-10-03,1140.29,1119.95,1163.24,JSWSTEEL.NS
2025-10-06,1141.07,1121.27,1162.72,JSWSTEEL.NS
2025-10-07,1143.1,1121.99,1163.44,JSWSTEEL.NS
2025-10-08,1147.59,1124.9,1168.09,JSWSTEEL.NS
2025-10-09,1148.18,1126.56,1169.92,JSWSTEEL.NS
2025-10-10,1145.19,1123.85,1166.16,JSWSTEEL.NS
2025-10-13,1147.51,1127.74,1167.85,JSWSTEEL.NS
2025-10-14,1150.19,1127.63,1169.16,JSWSTEEL.NS
2025-10-15,1155.33,1134.78,1177.0,JSWSTEEL.NS
2025-10-16,1156.56,1135.75,1178.2,JSWSTEEL.NS
2025-10-17,1154.19,1132.87,1175.92,JSWSTEEL.NS
2025-10-20,1157.9,1136.74,1178.44,JSWSTEEL.NS
2025-10-21,1160.82,1139.5,1181.4,JSWSTEEL.NS
2025-10-23,1167.33,1145.93,1188.16,JSWSTEEL.NS
2025-10-24,1164.81,1143.33,1186.17,JSWSTEEL.NS
2025-10-27,1167.32,1144.88,1188.43,JSWSTEEL.NS
2025-10-28,1169.61,1147.1,1189.32,JSWSTEEL.NS
2025-10-29,1174.15,1153.57,1194.85,JSWSTEEL.NS
2025-10-30,1174.56,1155.2,1197.12,JSWSTEEL.NS
2025-10-31,1171.17,1149.46,1192.11,JSWSTEEL.NS
2025-11-03,1170.82,1149.31,1192.46,JSWSTEEL.NS
2025-11-04,1172.14,1151.36,1192.56,JSWSTEEL.NS
2025-11-06,1175.23,1153.69,1195.2,JSWSTEEL.NS
2025-11-07,1170.96,1149.8,1193.57,JSWSTEEL.NS
2025-11-10,1168.28,1145.89,1188.41,JSWSTEEL.NS
2025-11-11,1168.93,1147.65,1189.05,JSWSTEEL.NS
2025-11-12,1171.89,1151.32,1192.36,JSWSTEEL.NS
2025-11-13,1170.8,1150.41,1192.01,JSWSTEEL.NS
2025-11-14,1165.97,1143.76,1187.12,JSWSTEEL.NS
2025-11-17,1161.67,1139.31,1181.91,JSWSTEEL.NS
2025-11-18,1161.77,1140.88,1182.57,JSWSTEEL.NS
2025-11-19,1164.14,1142.82,1186.09,JSWSTEEL.NS
2025-11-20,1162.41,1142.26,1183.42,JSWSTEEL.NS
2025-11-21,1156.89,1136.28,1177.46,JSWSTEEL.NS
2025-11-24,1150.15,1129.7,1172.29,JSWSTEEL.NS
2025-11-25,1149.3,1128.79,1169.59,JSWSTEEL.NS
2025-11-26,1150.67,1128.97,1172.2,JSWSTEEL.NS
2025-11-27,1147.88,1127.97,1169.22,JSWSTEEL.NS
2025-11-28,1141.27,1120.69,1163.58,JSWSTEEL.NS
2025-12-01,1131.25,1111.56,1151.8,JSWSTEEL.NS
2025-12-02,1129.37,1108.61,1151.63,JSWSTEEL.NS
2025-12-03,1129.79,1109.54,1152.44,JSWSTEEL.NS
2025-12-04,1126.17,1104.5,1146.57,JSWSTEEL.NS
2025-12-05,1118.86,1097.45,1142.23,JSWSTEEL.NS
2025-12-08,1107.83,1086.98,1131.43,JSWSTEEL.NS
2025-12-09,1106.07,1084.57,1128.66,JSWSTEEL.NS
2025-12-10,1106.87,1086.23,1127.24,JSWSTEEL.NS
2025-12-11,1103.9,1082.96,1126.25,JSWSTEEL.NS
2025-12-12,1097.54,1076.05,1119.53,JSWSTEEL.NS
2025-12-15,1091.07,1070.55,1111.54,JSWSTEEL.NS
2025-12-16,1091.39,1069.78,1112.33,JSWSTEEL.NS
2025-12-17,1094.52,1073.99,1114.76,JSWSTEEL.NS
2025-12-18,1094.11,1072.28,1115.45,JSWSTEEL.NS
2025-12-19,1090.5,1069.32,1111.32,JSWSTEEL.NS
2025-12-22,1093.14,1071.93,1114.29,JSWSTEEL.NS
2025-12-23,1096.64,1074.78,1118.78,JSWSTEEL.NS
2025-12-24,1102.94,1081.37,1123.02,JSWSTEEL.NS
2025-12-26,1105.06,1083.47,1126.52,JSWSTEEL.NS
2025-12-29,1115.74,1095.83,1137.17,JSWSTEEL.NS
2025-12-30,1121.44,1099.61,1141.73,JSWSTEEL.NS
2025-12-31,1129.66,1108.62,1150.35,JSWSTEEL.NS
2026-01-01,1133.97,1112.7,1155.91,JSWSTEEL.NS
2026-01-02,1134.65,1113.52,1155.08,JSWSTEEL.NS
2026-01-05,1147.04,1124.78,1167.68,JSWSTEEL.NS
2026-01-06,1152.62,1132.34,1173.59,JSWSTEEL.NS
2026-01-07,1160.4,1138.11,1179.77,JSWSTEEL.NS
2026-01-08,1163.97,1142.57,1185.19,JSWSTEEL.NS
2026-01-09,1163.62,1142.48,1183.54,JSWSTEEL.NS
2026-01-12,1171.66,1149.46,1192.6,JSWSTEEL.NS
2026-01-13,1175.5,1155.45,1194.57,JSWSTEEL.NS
2026-01-14,1181.45,1160.07,1202.95,JSWSTEEL.NS
2026-01-15,1183.16,1161.26,1204.33,JSWSTEEL.NS
2026-01-16,1180.98,1161.1,1203.0,JSWSTEEL.NS
2026-01-19,1184.02,1161.51,1205.51,JSWSTEEL.NS
2026-01-20,1186.48,1166.47,1208.15,JSWSTEEL.NS
2026-01-21,1191.26,1170.44,1211.85,JSWSTEEL.NS
2026-01-22,1192.02,1170.51,1213.38,JSWSTEEL.NS
2026-01-23,1189.12,1168.41,1211.02,JSWSTEEL.NS
2026-01-27,1194.28,1173.32,1215.75,JSWSTEEL.NS
2026-01-28,1199.58,1177.82,1220.32,JSWSTEEL.NS
2026-01-29,1201.08,1178.67,1220.91,JSWSTEEL.NS
2026-01-30,1199.1,1177.49,1220.49,JSWSTEEL.NS
2026-02-02,1205.05,1183.27,1226.04,JSWSTEEL.NS
2026-02-03,1209.12,1188.91,1228.22,JSWSTEEL.NS
2026-02-04,1215.75,1193.82,1237.8,JSWSTEEL.NS
2026-02-05,1218.54,1196.15,1239.34,JSWSTEEL.NS
2026-02-06,1217.78,1196.96,1239.33,JSWSTEEL.NS
2026-02-09,1226.54,1205.58,1247.89,JSWSTEEL.NS
2026-02-10,1231.16,1210.63,1253.42,JSWSTEEL.NS
2026-02-11,1238.09,1216.99,1258.71,JSWSTEEL.NS
2026-02-12,1240.9,1220.06,1262.64,JSWSTEEL.NS
2026-02-13,1239.89,1219.44,1260.23,JSWSTEEL.NS
2026-02-16,1246.07,1225.79,1266.6,JSWSTEEL.NS
2026-02-17,1249.21,1228.48,1269.84,JSWSTEEL.NS
2026-02-18,1254.36,1233.18,1275.77,JSWSTEEL.NS
2026-02-19,1255.12,1233.59,1275.02,JSWSTEEL.NS
2026-02-20,1251.78,1230.45,1273.66,JSWSTEEL.NS
2026-02-23,1249.63,1227.6,1270.84,JSWSTEEL.NS
2026-02-24,1249.64,1228.11,1272.29,JSWSTEEL.NS
2026-02-25,1251.54,1230.97,1273.36,JSWSTEEL.NS
2026-02-26,1248.96,1228.3,1270.32,JSWSTEEL.NS
2026-02-27,1242.23,1221.19,1264.37,JSWSTEEL.NS
2026-03-02,1229.99,1209.6,1251.51,JSWSTEEL.NS
2026-03-04,1225.63,1205.27,1247.47,JSWSTEEL.NS
2026-03-05,1220.16,1201.03,1242.98,JSWSTEEL.NS
2026-03-06,1210.75,1188.97,1232.03,JSWSTEEL.NS
2026-03-09,1192.01,1170.44,1214.59,JSWSTEEL.NS
2026-03-10,1187.24,1165.98,1208.32,JSWSTEEL.NS
2026-03-11,1184.85,1162.83,1204.08,JSWSTEEL.NS
2026-03-12,1178.5,1156.94,1198.76,JSWSTEEL.NS
2026-03-13,1168.57,1146.56,1187.69,JSWSTEEL.NS
2026-03-16,1150.6,1129.38,1172.24,JSWSTEEL.NS
2026-03-17,1146.86,1124.34,1167.83,JSWSTEEL.NS
2026-03-18,1145.88,1124.07,1167.2,JSWSTEEL.NS
2026-03-19,1141.32,1120.2,1162.17,JSWSTEEL.NS
2026-03-20,1133.55,1111.83,1155.18,JSWSTEEL.NS
2026-03-23,1124.07,1103.32,1144.91,JSWSTEEL.NS
2026-03-24,1123.77,1101.6,1144.12,JSWSTEEL.NS
2026-03-25,1126.48,1106.38,1147.2,JSWSTEEL.NS
2026-03-27,1122.17,1100.68,1141.99,JSWSTEEL.NS
2026-03-30,1125.74,1103.41,1146.31,JSWSTEEL.NS
2026-04-01,1137.04,1116.89,1159.59,JSWSTEEL.NS
2026-04-02,1140.75,1120.88,1163.01,JSWSTEEL.NS
2026-04-06,1156.49,1134.55,1176.89,JSWSTEEL.NS
2026-04-07,1163.98,1141.6,1182.18,JSWSTEEL.NS
2026-04-08,1174.13,1153.78,1195.58,JSWSTEEL.NS
2026-04-09,1180.49,1158.72,1202.55,JSWSTEEL.NS
2026-04-10,1183.33,1162.29,1204.12,JSWSTEEL.NS
2026-04-13,1202.68,1181.56,1223.37,JSWSTEEL.NS
2026-04-15,1220.88,1201.21,1242.19,JSWSTEEL.NS
2026-04-16,1226.84,1204.42,1247.06,JSWSTEEL.NS
2026-04-17,1228.85,1207.42,1250.53,JSWSTEEL.NS
2026-04-20,1243.34,1222.65,1263.85,JSWSTEEL.NS
2026-04-21,1249.02,1225.93,1269.42,JSWSTEEL.NS
2026-04-22,1256.63,1235.67,1278.67,JSWSTEEL.NS
2026-04-23,1259.78,1239.16,1280.44,JSWSTEEL.NS
2026-04-24,1258.79,1237.52,1279.92,JSWSTEEL.NS
2026-04-27,1263.74,1243.37,1285.52,JSWSTEEL.NS
2026-04-28,1266.25,1243.65,1284.41,JSWSTEEL.NS
2026-04-29,1270.77,1249.98,1291.86,JSWSTEEL.NS
2026-04-30,1270.97,1249.2,1290.67,JSWSTEEL.NS
2026-05-01,1267.21,1246.55,1290.8,JSWSTEEL.NS
2026-05-04,1265.37,1244.2,1287.69,JSWSTEEL.NS
2026-05-05,1266.21,1244.29,1287.15,JSWSTEEL.NS
2026-05-06,1269.41,1248.85,1291.06,JSWSTEEL.NS
2026-05-07,1268.63,1246.63,1291.29,JSWSTEEL.NS
2026-05-08,1264.25,1241.13,1285.76,JSWSTEEL.NS
2026-05-11,1262.54,1243.29,1283.59,JSWSTEEL.NS
2026-05-12,1264.04,1242.4,1284.98,JSWSTEEL.NS
2026-05-13,1268.14,1247.12,1288.79,JSWSTEEL.NS
2026-05-14,1268.48,1246.74,1289.85,JSWSTEEL.NS
2026-05-15,1265.4,1245.61,1286.24,JSWSTEEL.NS
2026-05-18,1268.18,1244.59,1290.94,JSWSTEEL.NS
2026-05-19,1271.21,1250.06,1291.79,JSWSTEEL.NS
2026-05-20,1276.78,1257.16,1298.72,JSWSTEEL.NS
2026-05-21,1278.49,1257.02,1299.33,JSWSTEEL.NS
2026-05-22,1276.61,1255.21,1298.36,JSWSTEEL.NS
2026-05-25,1281.77,1261.09,1303.02,JSWSTEEL.NS
2026-05-26,1285.07,1264.22,1307.52,JSWSTEEL.NS
2026-05-27,1290.63,1270.47,1310.37,JSWSTEEL.NS
2026-05-28,1292.02,1270.84,1313.69,JSWSTEEL.NS
2026-05-29,1289.53,1269.23,1310.15,JSWSTEEL.NS
2026-06-01,1291.12,1269.61,1313.6,JSWSTEEL.NS
2026-06-02,1292.71,1273.59,1314.44,JSWSTEEL.NS
2026-06-03,1296.35,1275.74,1317.53,JSWSTEEL.NS
2026-06-04,1295.64,1273.85,1316.05,JSWSTEEL.NS
2026-06-05,1290.9,1269.08,1311.55,JSWSTEEL.NS
2026-06-08,1285.29,1263.62,1307.09,JSWSTEEL.NS
2026-06-09,1284.48,1263.72,1306.22,JSWSTEEL.NS
2026-06-10,1285.77,1264.49,1308.27,JSWSTEEL.NS
2026-06-11,1282.82,1259.79,1305.37,JSWSTEEL.NS
2026-06-12,1275.99,1254.96,1297.03,JSWSTEEL.NS
2026-06-15,1265.25,1243.0,1287.61,JSWSTEEL.NS
2026-06-16,1263.2,1241.38,1284.86,JSWSTEEL.NS
2026-06-17,1263.52,1242.44,1284.36,JSWSTEEL.NS
2026-06-18,1259.87,1238.24,1281.16,JSWSTEEL.NS
2026-06-19,1252.61,1232.59,1273.56,JSWSTEEL.NS
2026-06-22,1242.23,1221.18,1264.28,JSWSTEEL.NS
2026-06-23,1240.8,1219.92,1262.78,JSWSTEEL.NS
2026-06-24,1241.97,1219.88,1264.43,JSWSTEEL.NS
2026-06-25,1239.38,1218.48,1260.74,JSWSTEEL.NS
2026-06-26,1233.37,1211.58,1255.72,JSWSTEEL.NS
2026-06-29,1227.55,1206.98,1248.56,JSWSTEEL.NS
2026-06-30,1227.84,1207.5,1249.04,JSWSTEEL.NS
2026-07-01,1230.78,1209.29,1252.4,JSWSTEEL.NS
2026-07-02,1229.99,1208.75,1249.4,JSWSTEEL.NS
2026-07-03,1225.79,1203.86,1246.13,JSWSTEEL.NS
2026-07-06,1225.31,1203.93,1247.24,JSWSTEEL.NS
2026-07-07,1227.3,1206.52,1249.43,JSWSTEEL.NS
2026-07-08,1231.88,1212.22,1252.66,JSWSTEEL.NS
2026-07-09,1232.67,1211.12,1253.04,JSWSTEEL.NS
2026-07-10,1229.99,1209.71,1251.75,JSWSTEEL.NS
2026-07-13,1233.64,1212.83,1255.07,JSWSTEEL.NS
2026-07-14,1236.87,1216.38,1258.86,JSWSTEEL.NS
2026-07-15,1242.64,1221.21,1263.67,JSWSTEEL.NS
2026-07-16,1244.55,1223.57,1265.05,JSWSTEEL.NS
2026-07-17,1242.93,1219.99,1263.78,JSWSTEEL.NS
2026-07-20,1249.41,1229.27,1270.38,JSWSTEEL.NS
2026-07-21,1253.47,1231.77,1275.21,JSWSTEEL.NS
2026-07-22,1259.99,1240.87,1281.85,JSWSTEEL.NS
2026-07-23,1262.58,1242.39,1284.34,JSWSTEEL.NS
2026-07-24,1261.56,1240.9,1282.86,JSWSTEEL.NS
2026-07-27,1269.28,1247.43,1291.47,JSWSTEEL.NS
2026-07-28,1273.52,1252.34,1294.9,JSWSTEEL.NS
2026-07-29,1280.1,1261.05,1303.21,JSWSTEEL.NS
2026-07-30,1282.61,1263.01,1303.84,JSWSTEEL.NS
2026-07-31,1281.36,1260.9,1302.64,JSWSTEEL.NS
2026-08-03,1287.45,1265.79,1308.99,JSWSTEEL.NS
2026-08-04,1290.84,1269.02,1311.38,JSWSTEEL.NS
2026-08-05,1296.4,1274.42,1316.76,JSWSTEEL.NS
2026-08-06,1297.75,1277.11,1318.81,JSWSTEEL.NS
2026-08-07,1295.2,1275.1,1315.53,JSWSTEEL.NS
2026-08-10,1296.77,1275.89,1319.84,JSWSTEEL.NS
2026-08-11,1298.5,1277.67,1320.47,JSWSTEEL.NS
2026-08-12,1302.39,1281.99,1322.59,JSWSTEEL.NS
2026-08-13,1302.07,1281.69,1322.9,JSWSTEEL.NS
2026-08-14,1297.88,1275.32,1317.04,JSWSTEEL.NS
2026-08-17,1295.06,1274.39,1315.37,JSWSTEEL.NS
2026-08-18,1295.62,1273.94,1314.09,JSWSTEEL.NS
2026-08-19,1298.52,1277.13,1318.77,JSWSTEEL.NS
2026-08-20,1297.43,1275.66,1318.38,JSWSTEEL.NS
2026-08-21,1292.72,1270.96,1314.04,JSWSTEEL.NS
2026-08-24,1289.91,1270.39,1311.7,JSWSTEEL.NS
2026-08-25,1291.02,1270.64,1312.6,JSWSTEEL.NS
2026-08-26,1294.76,1274.56,1316.79,JSWSTEEL.NS
2026-08-27,1294.77,1272.7,1314.6,JSWSTEEL.NS
2026-08-28,1291.41,1270.39,1312.92,JSWSTEEL.NS
2026-08-31,1293.96,1270.51,1315.16,JSWSTEEL.NS
2026-09-01,1297.19,1275.82,1318.16,JSWSTEEL.NS
2026-09-02,1303.15,1281.77,1322.97,JSWSTEEL.NS
2025-07-22,415.24,407.12,423.5,KOTAKBANK.NS
2025-07-23,415.31,407.44,423.21,KOTAKBANK.NS
2025-07-24,413.87,406.46,421.89,KOTAKBANK.NS
2025-07-25,412.56,404.67,420.55,KOTAKBANK.NS
2025-07-28,408.57,400.93,416.42,KOTAKBANK.NS
2025-07-29,408.0,399.71,416.05,KOTAKBANK.NS
2025-07-30,408.0,399.54,415.45,KOTAKBANK.NS
2025-07-31,406.5,398.29,413.62,KOTAKBANK.NS
2025-08-01,405.14,397.51,412.91,KOTAKBANK.NS
2025-08-04,401.11,393.16,408.22,KOTAKBANK.NS
2025-08-05,400.58,393.22,407.98,KOTAKBANK.NS
2025-08-06,400.67,392.35,408.2,KOTAKBANK.NS
2025-08-07,399.3,391.45,407.17,KOTAKBANK.NS
2025-08-08,398.11,390.19,406.18,KOTAKBANK.NS
2025-08-11,394.89,387.29,402.47,KOTAKBANK.NS
2025-08-12,394.72,386.78,402.48,KOTAKBANK.NS
2025-08-13,395.23,387.66,402.72,KOTAKBANK.NS
2025-08-14,394.31,386.53,402.4,KOTAKBANK.NS
2025-08-18,391.99,383.98,399.46,KOTAKBANK.NS
2025-08-19,392.38,384.4,400.11,KOTAKBANK.NS
2025-08-20,393.42,385.85,400.87,KOTAKBANK.NS
2025-08-21,393.03,385.06,401.19,KOTAKBANK.NS
2025-08-22,392.83,385.48,400.93,KOTAKBANK.NS
2025-08-25,392.48,385.24,400.41,KOTAKBANK.NS
2025-08-26,393.19,385.28,401.17,KOTAKBANK.NS
2025-08-28,394.32,386.68,402.0,KOTAKBANK.NS
2025-08-29,394.27,386.72,401.87,KOTAKBANK.NS
2025-09-01,394.02,386.74,401.8,KOTAKBANK.NS
2025-09-02,394.67,387.16,402.23,KOTAKBANK.NS
2025-09-03,395.88,387.66,402.8,KOTAKBANK.NS
2025-09-04,395.57,387.83,403.44,KOTAKBANK.NS
2025-09-05,395.36,387.77,403.26,KOTAKBANK.NS
2025-09-08,394.62,386.99,403.24,KOTAKBANK.NS
2025-09-09,395.13,388.25,402.43,KOTAKBANK.NS
2025-09-10,396.24,388.25,404.47,KOTAKBANK.NS
2025-09-11,395.87,388.06,404.11,KOTAKBANK.NS
2025-09-12,395.65,387.4,402.94,KOTAKBANK.NS
2025-09-15,395.28,387.93,403.34,KOTAKBANK.NS
2025-09-16,396.07,388.02,403.93,KOTAKBANK.NS
2025-09-17,397.52,389.6,405.5,KOTAKBANK.NS
2025-09-18,397.58,390.09,405.49,KOTAKBANK.NS
2025-09-19,397.86,390.38,405.52,KOTAKBANK.NS
2025-09-22,399.41,391.93,407.09,KOTAKBANK.NS
2025-09-23,400.93,393.39,409.35,KOTAKBANK.NS
2025-09-24,403.17,395.09,410.66,KOTAKBANK.NS
2025-09-25,404.03,397.05,411.9,KOTAKBANK.NS
2025-09-26,405.14,396.86,413.21,KOTAKBANK.NS
2025-09-29,409.05,400.67,417.03,KOTAKBANK.NS
2025-09-30,411.29,403.23,419.25,KOTAKBANK.NS
2025-10-01,414.18,406.32,422.09,KOTAKBANK.NS
2025-10-03,417.2,409.91,425.24,KOTAKBANK.NS
2025-10-06,421.94,413.94,429.53,KOTAKBANK.NS
2025-10-07,424.21,416.26,432.09,KOTAKBANK.NS
2025-10-08,427.01,419.15,434.17,KOTAKBANK.NS
2025-10-09,428.22,420.02,435.6,KOTAKBANK.NS
2025-10-10,429.46,421.99,437.65,KOTAKBANK.NS
2025-10-13,432.38,424.46,440.34,KOTAKBANK.NS
2025-10-14,433.83,425.45,440.9,KOTAKBANK.NS
2025-10-15,435.7,428.34,443.1,KOTAKBANK.NS
2025-10-16,435.9,428.26,443.55,KOTAKBANK.NS
2025-10-17,436.05,427.83,443.71,KOTAKBANK.NS
2025-10-20,435.45,427.58,443.36,KOTAKBANK.NS
2025-10-21,435.68,427.39,443.71,KOTAKBANK.NS
2025-10-23,435.36,427.92,443.39,KOTAKBANK.NS
2025-10-24,434.36,426.99,442.27,KOTAKBANK.NS
2025-10-27,430.7,422.68,437.97,KOTAKBANK.NS
2025-10-28,430.07,422.54,438.06,KOTAKBANK.NS
2025-10-29,429.98,422.33,437.77,KOTAKBANK.NS
2025-10-30,428.35,420.73,435.78,KOTAKBANK.NS
2025-10-31,426.83,418.84,434.42,KOTAKBANK.NS
2025-11-03,422.29,414.43,429.27,KOTAKBANK.NS
2025-11-04,421.62,413.8,429.01,KOTAKBANK.NS
2025-11-06,420.16,412.42,428.87,KOTAKBANK.NS
2025-11-07,418.94,410.9,426.56,KOTAKBANK.NS
2025-11-10,415.86,408.28,424.01,KOTAKBANK.NS
2025-11-11,415.83,407.99,423.48,KOTAKBANK.NS
2025-11-12,416.51,408.5,424.45,KOTAKBANK.NS
2025-11-13,415.82,407.82,423.95,KOTAKBANK.NS
2025-11-14,415.38,407.53,423.35,KOTAKBANK.NS
2025-11-17,414.75,406.68,422.09,KOTAKBANK.NS
2025-11-18,415.53,407.76,423.24,KOTAKBANK.NS
2025-11-19,417.0,408.92,424.94,KOTAKBANK.NS
2025-11-20,417.06,409.03,424.77,KOTAKBANK.NS
2025-11-21,417.33,409.66,425.41,KOTAKBANK.NS
2025-11-24,418.53,410.52,426.01,KOTAKBANK.NS
2025-11-25,419.8,411.58,427.75,KOTAKBANK.NS
2025-11-26,421.68,413.75,429.14,KOTAKBANK.NS
2025-11-27,422.09,414.13,429.55,KOTAKBANK.NS
2025-11-28,422.64,414.33,430.54,KOTAKBANK.NS
2025-12-01,424.24,416.43,432.33,KOTAKBANK.NS
2025-12-02,425.52,417.85,432.79,KOTAKBANK.NS
2025-12-03,427.35,418.89,435.34,KOTAKBANK.NS
2025-12-04,427.65,420.05,435.88,KOTAKBANK.NS
2025-12-05,428.04,419.87,435.36,KOTAKBANK.NS
2025-12-08,428.96,421.4,436.91,KOTAKBANK.NS
2025-12-09,429.95,422.8,437.48,KOTAKBANK.NS
2025-12-10,431.49,423.61,439.68,KOTAKBANK.NS
2025-12-11,431.48,423.5,439.47,KOTAKBANK.NS
2025-12-12,431.57,424.03,440.09,KOTAKBANK.NS
2025-12-15,431.59,423.88,439.86,KOTAKBANK.NS
2025-12-16,432.3,424.67,440.17,KOTAKBANK.NS
2025-12-17,433.58,426.16,441.46,KOTAKBANK.NS
2025-12-18,433.33,425.57,441.59,KOTAKBANK.NS
2025-12-19,433.19,425.78,441.09,KOTAKBANK.NS
2025-12-22,432.65,424.94,440.28,KOTAKBANK.NS
2025-12-23,433.21,425.47,441.23,KOTAKBANK.NS
2025-12-24,434.34,426.41,442.16,KOTAKBANK.NS
2025-12-26,433.66,425.85,441.17,KOTAKBANK.NS
2025-12-29,432.66,424.72,440.31,KOTAKBANK.NS
2025-12-30,433.03,425.24,440.5,KOTAKBANK.NS
2025-12-31,433.96,426.03,441.34,KOTAKBANK.NS
2026-01-01,433.34,425.25,440.21,KOTAKBANK.NS
2026-01-02,432.81,425.5,440.11,KOTAKBANK.NS
2026-01-05,430.87,423.11,439.04,KOTAKBANK.NS
2026-01-06,430.88,423.38,438.29,KOTAKBANK.NS
2026-01-07,431.41,423.75,438.59,KOTAKBANK.NS
2026-01-08,430.38,422.4,438.64,KOTAKBANK.NS
2026-01-09,429.41,421.89,437.57,KOTAKBANK.NS
2026-01-12,426.12,418.06,433.74,KOTAKBANK.NS
2026-01-13,425.68,417.82,433.62,KOTAKBANK.NS
2026-01-14,425.79,417.42,434.14,KOTAKBANK.NS
2026-01-15,424.36,415.77,431.92,KOTAKBANK.NS
2026-01-16,423.04,415.2,430.76,KOTAKBANK.NS
2026-01-19,419.03,411.69,426.83,KOTAKBANK.NS
2026-01-20,418.49,410.04,426.21,KOTAKBANK.NS
2026-01-21,418.59,410.96,426.23,KOTAKBANK.NS
2026-01-22,417.24,409.44,424.94,KOTAKBANK.NS
2026-01-23,416.09,408.16,424.03,KOTAKBANK.NS
2026-01-27,413.22,406.02,420.65,KOTAKBANK.NS
2026-01-28,413.97,406.41,422.25,KOTAKBANK.NS
2026-01-29,413.36,405.57,420.96,KOTAKBANK.NS
2026-01-30,413.02,405.39,421.0,KOTAKBANK.NS
2026-02-02,412.87,404.97,420.97,KOTAKBANK.NS
2026-02-03,413.87,406.13,421.44,KOTAKBANK.NS
2026-02-04,415.59,407.71,423.78,KOTAKBANK.NS
2026-02-05,415.93,407.88,423.8,KOTAKBANK.NS
2026-02-06,416.5,408.05,424.61,KOTAKBANK.NS
2026-02-09,418.62,410.41,426.53,KOTAKBANK.NS
2026-02-10,420.18,412.94,428.37,KOTAKBANK.NS
2026-02-11,422.31,414.83,430.41,KOTAKBANK.NS
2026-02-12,422.91,415.0,430.66,KOTAKBANK.NS
2026-02-13,423.59,415.66,431.15,KOTAKBANK.NS
2026-02-16,424.99,417.14,432.26,KOTAKBANK.NS
2026-02-17,425.94,418.15,434.24,KOTAKBANK.NS
2026-02-18,427.29,419.19,434.87,KOTAKBANK.NS
2026-02-19,426.93,418.79,434.61,KOTAKBANK.NS
2026-02-20,426.48,418.98,434.12,KOTAKBANK.NS
2026-02-23,423.66,416.14,431.44,KOTAKBANK.NS
2026-02-24,422.98,414.58,430.92,KOTAKBANK.NS
2026-02-25,422.63,414.6,430.82,KOTAKBANK.NS
2026-02-26,420.52,413.14,427.98,KOTAKBANK.NS
2026-02-27,418.3,410.89,426.19,KOTAKBANK.NS
2026-03-02,410.3,403.13,418.01,KOTAKBANK.NS
2026-03-04,406.2,398.79,414.44,KOTAKBANK.NS
2026-03-05,402.75,395.46,410.21,KOTAKBANK.NS
2026-03-06,399.35,391.6,406.7,KOTAKBANK.NS
2026-03-09,388.93,381.3,396.09,KOTAKBANK.NS
2026-03-10,386.27,378.87,394.58,KOTAKBANK.NS
2026-03-11,384.28,376.39,392.38,KOTAKBANK.NS
2026-03-12,380.89,373.03,388.32,KOTAKBANK.NS
2026-03-13,377.77,370.09,384.43,KOTAKBANK.NS
2026-03-16,369.45,361.83,377.53,KOTAKBANK.NS
2026-03-17,367.87,360.09,375.72,KOTAKBANK.NS
2026-03-18,367.11,359.27,375.12,KOTAKBANK.NS
2026-03-19,365.09,357.66,373.08,KOTAKBANK.NS
2026-03-20,363.46,355.6,371.11,KOTAKBANK.NS
2026-03-23,360.04,352.35,367.48,KOTAKBANK.NS
2026-03-24,360.15,352.52,367.94,KOTAKBANK.NS
2026-03-25,361.07,353.16,368.73,KOTAKBANK.NS
2026-03-27,360.63,353.03,368.73,KOTAKBANK.NS
2026-03-30,361.37,353.65,368.23,KOTAKBANK.NS
2026-04-01,364.55,356.73,372.09,KOTAKBANK.NS
2026-04-02,365.03,356.9,372.94,KOTAKBANK.NS
2026-04-06,367.65,360.35,375.16,KOTAKBANK.NS
2026-04-07,369.04,360.58,376.64,KOTAKBANK.NS
2026-04-08,370.98,362.71,379.31,KOTAKBANK.NS
2026-04-09,371.36,363.85,379.16,KOTAKBANK.NS
2026-04-10,371.81,363.81,379.32,KOTAKBANK.NS
2026-04-13,372.77,364.48,381.01,KOTAKBANK.NS
2026-04-15,375.21,367.24,383.35,KOTAKBANK.NS
2026-04-16,375.14,367.35,383.02,KOTAKBANK.NS
2026-04-17,375.16,367.14,382.61,KOTAKBANK.NS
2026-04-20,374.98,367.2,382.79,KOTAKBANK.NS
2026-04-21,375.65,368.04,383.21,KOTAKBANK.NS
2026-04-22,376.9,368.81,384.2,KOTAKBANK.NS
2026-04-23,376.64,369.26,384.65,KOTAKBANK.NS
2026-04-24,376.53,368.28,384.35,KOTAKBANK.NS
2026-04-27,376.27,368.58,383.76,KOTAKBANK.NS
2026-04-28,376.99,369.45,384.54,KOTAKBANK.NS
2026-04-29,378.33,370.51,386.03,KOTAKBANK.NS
2026-04-30,378.19,370.7,385.69,KOTAKBANK.NS
2026-05-01,378.2,369.88,385.58,KOTAKBANK.NS
2026-05-04,378.28,370.87,385.82,KOTAKBANK.NS
2026-05-05,379.1,371.44,387.22,KOTAKBANK.NS
2026-05-06,380.49,373.03,388.32,KOTAKBANK.NS
2026-05-07,380.38,372.64,388.3,KOTAKBANK.NS
2026-05-08,380.38,372.51,388.2,KOTAKBANK.NS
2026-05-11,380.22,372.73,387.79,KOTAKBANK.NS
2026-05-12,380.88,372.81,388.22,KOTAKBANK.NS
2026-05-13,382.09,374.04,390.29,KOTAKBANK.NS
2026-05-14,381.77,373.74,389.22,KOTAKBANK.NS
2026-05-15,381.55,373.65,388.96,KOTAKBANK.NS
2026-05-18,380.73,372.65,388.73,KOTAKBANK.NS
2026-05-19,381.19,373.24,389.23,KOTAKBANK.NS
2026-05-20,382.24,374.54,390.45,KOTAKBANK.NS
2026-05-21,381.79,374.41,389.14,KOTAKBANK.NS
2026-05-22,381.48,373.55,389.14,KOTAKBANK.NS
2026-05-25,380.73,372.83,388.87,KOTAKBANK.NS
2026-05-26,381.34,373.88,389.74,KOTAKBANK.NS
2026-05-27,382.61,375.5,390.8,KOTAKBANK.NS
2026-05-28,382.44,374.93,390.93,KOTAKBANK.NS
2026-05-29,382.48,375.25,390.25,KOTAKBANK.NS
2026-06-01,383.06,374.79,391.04,KOTAKBANK.NS
2026-06-02,384.2,376.44,392.09,KOTAKBANK.NS
2026-06-03,386.01,378.04,393.86,KOTAKBANK.NS
2026-06-04,386.39,378.35,394.39,KOTAKBANK.NS
2026-06-05,386.97,379.31,395.54,KOTAKBANK.NS
2026-06-08,389.04,380.8,396.72,KOTAKBANK.NS
2026-06-09,390.57,383.01,398.68,KOTAKBANK.NS
2026-06-10,392.71,385.12,400.54,KOTAKBANK.NS
2026-06-11,393.35,384.7,401.13,KOTAKBANK.NS
2026-06-12,394.1,385.47,402.12,KOTAKBANK.NS
2026-06-15,396.11,388.66,404.03,KOTAKBANK.NS
2026-06-16,397.41,389.72,404.47,KOTAKBANK.NS
2026-06-17,399.23,391.59,406.37,KOTAKBANK.NS
2026-06-18,399.44,391.67,407.96,KOTAKBANK.NS
2026-06-19,399.67,392.66,407.15,KOTAKBANK.NS
2026-06-22,399.63,391.87,407.91,KOTAKBANK.NS
2026-06-23,400.13,392.35,407.68,KOTAKBANK.NS
2026-06-24,401.09,393.17,408.84,KOTAKBANK.NS
2026-06-25,400.42,392.85,407.87,KOTAKBANK.NS
2026-06-26,399.75,392.1,407.7,KOTAKBANK.NS
2026-06-29,397.05,389.27,404.6,KOTAKBANK.NS
2026-06-30,396.72,389.39,404.11,KOTAKBANK.NS
2026-07-01,396.89,389.71,405.09,KOTAKBANK.NS
2026-07-02,395.49,387.59,403.35,KOTAKBANK.NS
2026-07-03,394.15,386.49,402.2,KOTAKBANK.NS
2026-07-06,389.88,382.16,397.96,KOTAKBANK.NS
2026-07-07,389.18,381.22,396.81,KOTAKBANK.NS
2026-07-08,389.06,381.0,396.38,KOTAKBANK.NS
2026-07-09,387.44,379.94,395.23,KOTAKBANK.NS
2026-07-10,385.96,378.25,393.86,KOTAKBANK.NS
2026-07-13,381.6,373.22,388.93,KOTAKBANK.NS
2026-07-14,380.97,373.33,388.93,KOTAKBANK.NS
2026-07-15,380.94,373.18,388.85,KOTAKBANK.NS
2026-07-16,379.44,371.22,387.66,KOTAKBANK.NS
2026-07-17,378.1,370.59,385.85,KOTAKBANK.NS
2026-07-20,374.15,366.62,381.93,KOTAKBANK.NS
2026-07-21,373.63,365.83,380.93,KOTAKBANK.NS
2026-07-22,373.71,365.9,381.91,KOTAKBANK.NS
2026-07-23,372.28,364.88,380.03,KOTAKBANK.NS
2026-07-24,370.99,363.27,378.52,KOTAKBANK.NS
2026-07-27,367.05,359.16,375.23,KOTAKBANK.NS
2026-07-28,366.49,358.99,374.08,KOTAKBANK.NS
2026-07-29,366.52,358.43,374.4,KOTAKBANK.NS
2026-07-30,365.03,357.22,372.97,KOTAKBANK.NS
2026-07-31,363.67,355.87,371.3,KOTAKBANK.NS
2026-08-03,359.6,351.88,366.73,KOTAKBANK.NS
2026-08-04,359.05,351.09,367.27,KOTAKBANK.NS
2026-08-05,359.1,351.56,366.83,KOTAKBANK.NS
2026-08-06,357.68,350.06,365.56,KOTAKBANK.NS
2026-08-07,356.44,348.6,364.34,KOTAKBANK.NS
2026-08-10,353.0,344.86,360.78,KOTAKBANK.NS
2026-08-11,352.75,344.96,360.46,KOTAKBANK.NS
2026-08-12,353.16,345.35,360.68,KOTAKBANK.NS
2026-08-13,352.14,344.08,359.57,KOTAKBANK.NS
2026-08-14,351.34,343.4,359.39,KOTAKBANK.NS
2026-08-17,349.42,341.89,357.17,KOTAKBANK.NS
2026-08-18,349.72,341.75,357.6,KOTAKBANK.NS
2026-08-19,350.68,342.49,358.55,KOTAKBANK.NS
2026-08-20,350.21,342.34,358.17,KOTAKBANK.NS
2026-08-21,349.94,342.23,357.73,KOTAKBANK.NS
2026-08-24,349.43,341.12,356.52,KOTAKBANK.NS
2026-08-25,350.12,342.33,358.03,KOTAKBANK.NS
2026-08-26,351.42,343.21,359.27,KOTAKBANK.NS
2026-08-27,351.23,343.51,359.07,KOTAKBANK.NS
2026-08-28,351.18,343.66,359.02,KOTAKBANK.NS
2026-08-31,351.0,342.97,358.55,KOTAKBANK.NS
2026-09-01,351.68,344.0,359.51,KOTAKBANK.NS
2026-09-02,352.93,344.97,361.1,KOTAKBANK.NS
2025-07-22,3400.23,3330.94,3472.96,LT.NS
2025-07-23,3418.98,3354.94,3495.35,LT.NS
2025-07-24,3421.8,3352.17,3488.7,LT.NS
2025-07-25,3437.91,3368.67,3497.12,LT.NS
2025-07-28,3478.43,3407.23,3547.45,LT.NS
2025-07-29,3495.86,3423.45,3565.54,LT.NS
2025-07-30,3524.63,3456.16,3596.58,LT.NS
2025-07-31,3535.09,3467.49,3605.83,LT.NS
2025-08-01,3556.36,3488.36,3630.78,LT.NS
2025-08-04,3597.14,3520.93,3665.23,LT.NS
2025-08-05,3609.79,3541.06,3680.87,LT.NS
2025-08-06,3631.59,3560.87,3696.23,LT.NS
2025-08-07,3633.09,3561.03,3703.81,LT.NS
2025-08-08,3643.66,3575.67,3715.65,LT.NS
2025-08-11,3644.92,3569.35,3708.26,LT.NS
2025-08-12,3643.02,3575.93,3713.34,LT.NS
2025-08-13,3650.16,3581.57,3727.25,LT.NS
2025-08-14,3637.21,3568.04,3703.57,LT.NS
2025-08-18,3599.6,3531.07,3665.86,LT.NS
2025-08-19,3588.7,3517.44,3653.61,LT.NS
2025-08-20,3588.56,3519.6,3657.23,LT.NS
2025-08-21,3570.16,3498.88,3637.43,LT.NS
2025-08-22,3563.27,3495.33,3632.34,LT.NS
2025-08-25,3529.58,3459.06,3595.47,LT.NS
2025-08-26,3522.37,3456.18,3584.81,LT.NS
2025-08-28,3515.56,3447.27,3578.02,LT.NS
2025-08-29,3516.31,3448.54,3587.82,LT.NS
2025-09-01,3509.77,3440.53,3583.17,LT.NS
2025-09-02,3512.19,3439.14,3580.45,LT.NS
2025-09-03,3526.74,3457.85,3594.88,LT.NS
2025-09-04,3524.0,3450.59,3591.67,LT.NS
2025-09-05,3533.31,3459.91,3604.16,LT.NS
2025-09-08,3547.29,3475.68,3608.61,LT.NS
2025-09-09,3554.41,3484.07,3625.48,LT.NS
2025-09-10,3572.5,3502.74,3640.09,LT.NS
2025-09-11,3572.11,3502.83,3643.48,LT.NS
2025-09-12,3582.6,3515.96,3653.87,LT.NS
2025-09-15,3593.86,3524.15,3661.93,LT.NS
2025-09-16,3598.39,3528.66,3673.76,LT.NS
2025-09-17,3613.29,3545.54,3679.55,LT.NS
2025-09-18,3609.29,3534.84,3675.9,LT.NS
2025-09-19,3615.94,3547.46,3685.28,LT.NS
2025-09-22,3616.13,3544.2,3685.79,LT.NS
2025-09-23,3617.68,3551.17,3683.07,LT.NS
2025-09-24,3630.22,3564.14,3698.02,LT.NS
2025-09-25,3624.58,3551.97,3691.35,LT.NS
2025-09-26,3630.4,3561.58,3701.02,LT.NS
2025-09-29,3633.49,3564.8,3704.98,LT.NS
2025-09-30,3637.81,3568.83,3708.02,LT.NS
2025-10-01,3653.93,3583.64,3726.74,LT.NS
2025-10-03,3663.4,3595.69,3729.46,LT.NS
2025-10-06,3683.78,3612.07,3757.63,LT.NS
2025-10-07,3694.15,3624.29,3760.88,LT.NS
2025-10-08,3716.19,3641.81,3786.01,LT.NS
2025-10-09,3720.49,3652.95,3794.55,LT.NS
2025-10-10,3736.43,3665.59,3804.33,LT.NS
2025-10-13,3768.23,3694.58,3839.13,LT.NS
2025-10-14,3780.69,3709.61,3849.31,LT.NS
2025-10-15,3803.86,3737.21,3878.75,LT.NS
2025-10-16,3808.29,3740.07,3884.98,LT.NS
2025-10-17,3823.37,3753.43,3894.27,LT.NS
2025-10-20,3846.99,3780.08,3917.4,LT.NS
2025-10-21,3855.12,3786.73,3924.74,LT.NS
2025-10-23,3872.35,3802.29,3941.61,LT.NS
2025-10-24,3881.67,3813.9,3950.65,LT.NS
2025-10-27,3887.52,3816.87,3954.68,LT.NS
2025-10-28,3890.09,3814.41,3964.4,LT.NS
2025-10-29,3903.15,3834.46,3967.84,LT.NS
2025-10-30,3897.54,3827.92,3966.97,LT.NS
2025-10-31,3902.86,3836.1,3974.92,LT.NS
2025-11-03,3901.21,3827.54,3977.99,LT.NS
2025-11-04,3902.87,3835.83,3971.51,LT.NS
2025-11-06,3910.81,3840.8,3979.32,LT.NS
2025-11-07,3917.42,3844.6,3989.14,LT.NS
2025-11-10,3922.7,3855.92,3992.82,LT.NS
2025-11-11,3927.29,3860.17,3995.74,LT.NS
2025-11-12,3943.25,3873.88,4012.61,LT.NS
2025-11-13,3941.22,3867.8,4015.38,LT.NS
2025-11-14,3950.61,3877.34,4015.28,LT.NS
2025-11-17,3961.88,3889.35,4036.77,LT.NS
2025-11-18,3967.35,3897.82,4036.25,LT.NS
2025-11-19,3983.5,3911.82,4056.28,LT.NS
2025-11-20,3980.93,3915.78,4053.73,LT.NS
2025-11-21,3989.05,3921.4,4060.63,LT.NS
2025-11-24,3992.31,3923.81,4066.65,LT.NS
2025-11-25,3993.9,3926.92,4060.1,LT.NS
2025-11-26,4005.73,3938.34,4079.58,LT.NS
2025-11-27,3998.51,3925.53,4070.65,LT.NS
2025-11-28,4001.8,3931.04,4069.21,LT.NS
2025-12-01,3990.83,3924.52,4066.6,LT.NS
2025-12-02,3988.28,3922.73,4055.86,LT.NS
2025-12-03,3996.49,3921.42,4067.65,LT.NS
2025-12-04,3986.32,3912.69,4055.4,LT.NS
2025-12-05,3987.41,3919.08,4061.07,LT.NS
2025-12-08,3975.18,3908.0,4043.16,LT.NS
2025-12-09,3974.09,3909.54,4045.67,LT.NS
2025-12-10,3984.7,3917.8,4056.72,LT.NS
2025-12-11,3977.82,3910.05,4051.74,LT.NS
2025-12-12,3982.99,3910.48,4055.0,LT.NS
2025-12-15,3986.65,3914.52,4054.02,LT.NS
2025-12-16,3991.56,3924.67,4064.26,LT.NS
2025-12-17,4008.24,3935.71,4079.38,LT.NS
2025-12-18,4007.28,3937.08,4075.61,LT.NS
2025-12-19,4018.05,3946.8,4086.63,LT.NS
2025-12-22,4034.58,3961.15,4094.63,LT.NS
2025-12-23,4041.89,3976.39,4112.99,LT.NS
2025-12-24,4059.76,3990.61,4132.0,LT.NS
2025-12-26,4067.93,4000.19,4137.11,LT.NS
2025-12-29,4071.11,4000.64,4147.43,LT.NS
2025-12-30,4071.1,4001.72,4143.91,LT.NS
2025-12-31,4080.33,4007.93,4149.29,LT.NS
2026-01-01,4069.42,4004.29,4138.36,LT.NS
2026-01-02,4067.8,3995.51,4139.46,LT.NS
2026-01-05,4034.14,3963.5,4102.36,LT.NS
2026-01-06,4021.22,3951.18,4087.36,LT.NS
2026-01-07,4017.65,3947.73,4086.23,LT.NS
2026-01-08,3994.32,3921.38,4066.04,LT.NS
2026-01-09,3980.92,3908.7,4054.68,LT.NS
2026-01-12,3918.47,3849.29,3991.25,LT.NS
2026-01-13,3898.92,3829.95,3970.62,LT.NS
2026-01-14,3890.53,3818.6,3955.78,LT.NS
2026-01-15,3864.37,3795.61,3934.86,LT.NS
2026-01-16,3850.26,3784.16,3922.37,LT.NS
2026-01-19,3798.98,3725.76,3865.46,LT.NS
2026-01-20,3787.62,3719.44,3858.86,LT.NS
2026-01-21,3789.6,3720.27,3855.78,LT.NS
2026-01-22,3775.82,3701.72,3844.85,LT.NS
2026-01-23,3775.98,3700.36,3840.44,LT.NS
2026-01-27,3785.08,3715.93,3855.4,LT.NS
2026-01-28,3807.35,3740.97,3882.2,LT.NS
2026-01-29,3814.22,3742.84,3884.71,LT.NS
2026-01-30,3835.06,3764.47,3905.49,LT.NS
2026-02-02,3894.93,3824.12,3963.47,LT.NS
2026-02-03,3920.83,3846.61,3991.7,LT.NS
2026-02-04,3959.21,3886.54,4025.32,LT.NS
2026-02-05,3980.4,3907.66,4046.59,LT.NS
2026-02-06,4013.54,3943.44,4083.29,LT.NS
2026-02-09,4096.07,4027.65,4165.85,LT.NS
2026-02-10,4124.29,4055.64,4194.03,LT.NS
2026-02-11,4162.2,4092.0,4231.08,LT.NS
2026-02-12,4180.11,4109.87,4248.05,LT.NS
2026-02-13,4207.13,4137.34,4280.48,LT.NS
2026-02-16,4254.91,4185.85,4331.53,LT.NS
2026-02-17,4266.45,4194.43,4337.3,LT.NS
2026-02-18,4285.39,4215.59,4356.27,LT.NS
2026-02-19,4282.26,4213.43,4349.69,LT.NS
2026-02-20,4286.4,4213.27,4352.97,LT.NS
2026-02-23,4257.27,4190.5,4330.2,LT.NS
2026-02-24,4241.41,4174.64,4315.74,LT.NS
2026-02-25,4232.61,4166.62,4303.07,LT.NS
2026-02-26,4201.73,4134.18,4273.65,LT.NS
2026-02-27,4178.45,4111.18,4250.31,LT.NS
2026-03-02,4072.37,4004.43,4144.17,LT.NS
2026-03-04,4004.01,3930.6,4075.42,LT.NS
2026-03-05,3954.42,3884.37,4027.96,LT.NS
2026-03-06,3914.88,3845.17,3983.36,LT.NS
2026-03-09,3776.64,3706.11,3845.86,LT.NS
2026-03-10,3733.32,3666.75,3804.61,LT.NS
2026-03-11,3702.18,3633.19,3774.16,LT.NS
2026-03-12,3654.38,3583.94,3725.07,LT.NS
2026-03-13,3619.87,3551.28,3688.17,LT.NS
2026-03-16,3515.57,3448.22,3586.16,LT.NS
2026-03-17,3489.43,3416.09,3565.74,LT.NS
2026-03-18,3478.1,3410.16,3548.79,LT.NS
2026-03-19,3452.51,3381.41,3518.97,LT.NS
2026-03-20,3442.33,3372.02,3509.57,LT.NS
2026-03-23,3420.62,3353.05,3490.82,LT.NS
2026-03-24,3424.04,3351.63,3488.91,LT.NS
2026-03-25,3442.67,3375.84,3513.53,LT.NS
2026-03-27,3466.46,3396.8,3536.39,LT.NS
2026-03-30,3527.54,3459.07,3601.87,LT.NS
2026-04-01,3596.36,3530.47,3664.55,LT.NS
2026-04-02,3620.7,3551.86,3690.99,LT.NS
2026-04-06,3753.38,3684.25,3819.15,LT.NS
2026-04-07,3786.78,3714.06,3858.26,LT.NS
2026-04-08,3830.21,3758.62,3900.65,LT.NS
2026-04-09,3854.0,3781.67,3924.03,LT.NS
2026-04-10,3887.3,3815.23,3959.29,LT.NS
2026-04-13,3956.94,3884.39,4025.51,LT.NS
2026-04-15,4005.38,3930.71,4071.28,LT.NS
2026-04-16,4012.58,3941.09,4083.45,LT.NS
2026-04-17,4028.13,3958.33,4101.58,LT.NS
2026-04-20,4040.96,3974.85,4114.34,LT.NS
2026-04-21,4042.09,3968.1,4113.02,LT.NS
2026-04-22,4051.95,3984.11,4122.3,LT.NS
2026-04-23,4041.49,3973.75,4110.98,LT.NS
2026-04-24,4040.45,3969.52,4113.36,LT.NS
2026-04-27,4012.11,3938.06,4085.13,LT.NS
2026-04-28,4002.89,3933.48,4078.8,LT.NS
2026-04-29,4004.27,3932.95,4072.81,LT.NS
2026-04-30,3987.2,3915.99,4053.76,LT.NS
2026-05-01,3981.43,3912.44,4044.96,LT.NS
2026-05-04,3949.4,3878.87,4017.94,LT.NS
2026-05-05,3942.06,3872.82,4014.27,LT.NS
2026-05-06,3946.59,3875.3,4015.79,LT.NS
2026-05-07,3933.76,3867.5,4005.65,LT.NS
2026-05-08,3933.1,3862.48,4002.59,LT.NS
2026-05-11,3919.48,3854.78,3987.95,LT.NS
2026-05-12,3918.6,3846.59,3988.85,LT.NS
2026-05-13,3929.44,3862.24,3998.18,LT.NS
2026-05-14,3922.59,3852.79,3995.05,LT.NS
2026-05-15,3927.45,3853.36,3995.32,LT.NS
2026-05-18,3926.68,3858.35,3998.19,LT.NS
2026-05-19,3928.68,3857.8,3993.74,LT.NS
2026-05-20,3941.68,3872.69,4015.76,LT.NS
2026-05-21,3936.33,3863.76,4006.32,LT.NS
2026-05-22,3942.08,3870.87,4014.1,LT.NS
2026-05-25,3941.45,3867.69,4010.57,LT.NS
2026-05-26,3943.06,3871.36,4008.88,LT.NS
2026-05-27,3955.7,3890.53,4024.92,LT.NS
2026-05-28,3950.15,3887.18,4019.32,LT.NS
2026-05-29,3956.0,3884.19,4030.32,LT.NS
2026-06-01,3958.64,3884.31,4033.4,LT.NS
2026-06-02,3962.62,3893.39,4036.35,LT.NS
2026-06-03,3978.34,3904.87,4050.65,LT.NS
2026-06-04,3976.59,3905.91,4041.72,LT.NS
2026-06-05,3986.94,3920.05,4056.61,LT.NS
2026-06-08,4006.43,3933.98,4074.93,LT.NS
2026-06-09,4016.75,3949.42,4085.64,LT.NS
2026-06-10,4038.9,3968.96,4106.84,LT.NS
2026-06-11,4043.47,3971.6,4108.83,LT.NS
2026-06-12,4059.84,3986.36,4129.16,LT.NS
2026-06-15,4093.37,4025.33,4165.42,LT.NS
2026-06-16,4106.33,4036.48,4172.82,LT.NS
2026-06-17,4129.78,4057.54,4195.23,LT.NS
2026-06-18,4134.16,4066.66,4203.31,LT.NS
2026-06-19,4148.7,4081.08,4219.19,LT.NS
2026-06-22,4166.17,4098.49,4233.48,LT.NS
2026-06-23,4170.19,4099.64,4242.68,LT.NS
2026-06-24,4182.99,4114.27,4255.38,LT.NS
2026-06-25,4175.13,4100.45,4243.53,LT.NS
2026-06-26,4175.99,4105.01,4243.9,LT.NS
2026-06-29,4146.02,4074.65,4217.32,LT.NS
2026-06-30,4132.99,4067.33,4196.95,LT.NS
2026-07-01,4128.65,4055.54,4200.19,LT.NS
2026-07-02,4103.87,4033.5,4180.73,LT.NS
2026-07-03,4088.38,4019.86,4158.94,LT.NS
2026-07-06,4016.13,3947.9,4085.4,LT.NS
2026-07-07,3992.29,3918.88,4067.19,LT.NS
2026-07-08,3979.21,3909.52,4045.54,LT.NS
2026-07-09,3947.99,3880.39,4022.4,LT.NS
2026-07-10,3928.53,3861.36,3998.82,LT.NS
2026-07-13,3860.03,3791.23,3929.54,LT.NS
2026-07-14,3842.69,3772.01,3908.57,LT.NS
2026-07-15,3838.61,3768.39,3913.86,LT.NS
2026-07-16,3818.73,3748.06,3888.57,LT.NS
2026-07-17,3812.75,3741.65,3883.8,LT.NS
2026-07-20,3794.68,3725.81,3865.62,LT.NS
2026-07-21,3796.4,3725.78,3872.23,LT.NS
2026-07-22,3811.89,3738.55,3881.99,LT.NS
2026-07-23,3811.7,3741.41,3881.75,LT.NS
2026-07-24,3825.13,3757.9,3897.9,LT.NS
2026-07-27,3859.97,3790.57,3929.85,LT.NS
2026-07-28,3876.39,3803.62,3944.07,LT.NS
2026-07-29,3904.65,3834.26,3971.05,LT.NS
2026-07-30,3915.06,3845.91,3984.19,LT.NS
2026-07-31,3936.74,3870.47,4006.78,LT.NS
2026-08-03,3981.31,3913.23,4052.31,LT.NS
2026-08-04,3995.94,3922.0,4061.67,LT.NS
2026-08-05,4019.99,3958.12,4094.17,LT.NS
2026-08-06,4023.96,3954.82,4097.04,LT.NS
2026-08-07,4037.15,3971.48,4107.2,LT.NS
2026-08-10,4046.58,3980.42,4115.99,LT.NS
2026-08-11,4047.29,3974.97,4116.13,LT.NS
2026-08-12,4056.88,3988.36,4124.14,LT.NS
2026-08-13,4046.18,3976.5,4111.58,LT.NS
2026-08-14,4044.84,3980.18,4116.03,LT.NS
2026-08-17,4014.69,3942.2,4083.91,LT.NS
2026-08-18,4004.48,3936.84,4077.15,LT.NS
2026-08-19,4004.66,3936.24,4072.37,LT.NS
2026-08-20,3986.24,3915.36,4054.95,LT.NS
2026-08-21,3978.99,3910.62,4050.14,LT.NS
2026-08-24,3942.43,3878.15,4016.05,LT.NS
2026-08-25,3933.79,3865.62,4004.07,LT.NS
2026-08-26,3937.25,3867.68,4007.28,LT.NS
2026-08-27,3923.67,3859.48,3994.99,LT.NS
2026-08-28,3922.64,3859.86,3993.6,LT.NS
2026-08-31,3910.79,3838.85,3983.32,LT.NS
2026-09-01,3911.59,3838.15,3980.07,LT.NS
2026-09-02,3924.67,3859.95,3999.29,LT.NS
2025-07-22,212.1,204.35,219.45,LTF.NS
2025-07-23,210.62,202.8,217.89,LTF.NS
2025-07-24,206.94,199.55,214.95,LTF.NS
2025-07-25,206.31,198.32,214.16,LTF.NS
2025-07-28,201.12,192.67,208.46,LTF.NS
2025-07-29,200.48,192.67,208.48,LTF.NS
2025-07-30,200.02,192.6,207.37,LTF.NS
2025-07-31,197.48,190.19,205.0,LTF.NS
2025-08-01,198.07,190.4,206.25,LTF.NS
2025-08-04,196.86,189.47,204.59,LTF.NS
2025-08-05,197.57,189.49,204.96,LTF.NS
2025-08-06,198.44,190.66,206.38,LTF.NS
2025-08-07,197.18,189.76,204.43,LTF.NS
2025-08-08,198.99,190.83,206.91,LTF.NS
2025-08-11,200.93,193.27,209.08,LTF.NS
2025-08-12,202.5,194.81,210.7,LTF.NS
2025-08-13,204.1,196.74,211.82,LTF.NS
2025-08-14,203.47,195.44,211.04,LTF.NS
2025-08-18,208.67,200.98,216.52,LTF.NS
2025-08-19,210.36,203.08,217.72,LTF.NS
2025-08-20,212.01,203.64,219.41,LTF.NS
2025-08-21,211.36,203.57,218.69,LTF.NS
2025-08-22,213.61,205.48,221.81,LTF.NS
2025-08-25,216.04,207.8,223.38,LTF.NS
2025-08-26,217.55,210.18,225.21,LTF.NS
2025-08-28,218.19,210.74,226.19,LTF.NS
2025-08-29,220.28,212.99,227.61,LTF.NS
2025-09-01,222.36,214.3,230.41,LTF.NS
2025-09-02,223.8,216.2,231.41,LTF.NS
2025-09-03,225.23,217.45,232.52,LTF.NS
2025-09-04,224.4,216.67,231.51,LTF.NS
2025-09-05,226.51,219.13,233.81,LTF.NS
2025-09-08,228.76,220.94,237.06,LTF.NS
2025-09-09,230.29,222.85,238.58,LTF.NS
2025-09-10,231.82,224.49,239.74,LTF.NS
2025-09-11,231.08,223.84,238.84,LTF.NS
2025-09-12,233.28,225.99,241.14,LTF.NS
2025-09-15,235.75,228.04,243.9,LTF.NS
2025-09-16,237.32,229.56,245.14,LTF.NS
2025-09-17,238.87,231.03,246.29,LTF.NS
2025-09-18,238.14,230.72,245.54,LTF.NS
2025-09-19,240.33,232.58,247.75,LTF.NS
2025-09-22,242.65,235.3,250.06,LTF.NS
2025-09-23,244.15,236.61,251.51,LTF.NS
2025-09-24,245.61,237.64,254.28,LTF.NS
2025-09-25,244.77,237.36,252.3,LTF.NS
2025-09-26,246.86,239.42,254.19,LTF.NS
2025-09-29,248.84,241.33,256.57,LTF.NS
2025-09-30,250.22,242.85,258.6,LTF.NS
2025-10-01,251.58,244.45,259.15,LTF.NS
2025-10-03,252.63,244.81,260.21,LTF.NS
2025-10-06,254.36,246.84,261.66,LTF.NS
2025-10-07,255.66,248.0,263.11,LTF.NS
2025-10-08,256.95,248.99,265.0,LTF.NS
2025-10-09,255.94,248.09,263.44,LTF.NS
2025-10-10,257.86,250.04,265.62,LTF.NS
2025-10-13,259.4,251.63,266.32,LTF.NS
2025-10-14,260.64,252.94,267.96,LTF.NS
2025-10-15,261.86,253.95,269.54,LTF.NS
2025-10-16,260.8,253.13,268.06,LTF.NS
2025-10-17,262.66,254.38,270.26,LTF.NS
2025-10-20,264.06,256.69,271.27,LTF.NS
2025-10-21,265.28,257.4,272.94,LTF.NS
2025-10-23,265.43,257.93,272.78,LTF.NS
2025-10-24,267.32,259.83,275.4,LTF.NS
2025-10-27,268.97,261.46,276.45,LTF.NS
2025-10-28,270.33,262.33,278.12,LTF.NS
2025-10-29,271.72,264.12,279.77,LTF.NS
2025-10-30,270.87,263.38,278.96,LTF.NS
2025-10-31,273.01,265.07,280.32,LTF.NS
2025-11-03,275.56,268.23,282.93,LTF.NS
2025-11-04,277.27,269.41,284.94,LTF.NS
2025-11-06,278.52,270.36,285.73,LTF.NS
2025-11-07,281.02,272.96,288.67,LTF.NS
2025-11-10,284.54,276.99,292.5,LTF.NS
2025-11-11,286.51,279.35,294.37,LTF.NS
2025-11-12,288.46,280.48,295.64,LTF.NS
2025-11-13,288.13,280.54,295.21,LTF.NS
2025-11-14,290.72,282.94,298.64,LTF.NS
2025-11-17,294.07,286.44,301.75,LTF.NS
2025-11-18,295.81,288.35,303.51,LTF.NS
2025-11-19,297.46,290.19,304.68,LTF.NS
2025-11-20,296.74,288.87,304.2,LTF.NS
2025-11-21,298.86,291.17,306.27,LTF.NS
2025-11-24,300.37,293.07,307.95,LTF.NS
2025-11-25,301.39,293.88,309.97,LTF.NS
2025-11-26,302.27,295.1,309.81,LTF.NS
2025-11-27,300.76,292.92,308.44,LTF.NS
2025-11-28,302.08,293.63,310.01,LTF.NS
2025-12-01,301.26,294.17,309.26,LTF.NS
2025-12-02,301.58,293.4,309.3,LTF.NS
2025-12-03,301.83,293.46,309.06,LTF.NS
2025-12-04,299.76,292.2,307.32,LTF.NS
2025-12-05,300.59,292.89,308.46,LTF.NS
2025-12-08,298.94,291.89,306.26,LTF.NS
2025-12-09,299.19,291.23,307.01,LTF.NS
2025-12-10,299.49,291.64,307.38,LTF.NS
2025-12-11,297.56,289.44,304.93,LTF.NS
2025-12-12,298.65,290.59,306.86,LTF.NS
2025-12-15,298.29,290.55,305.69,LTF.NS
2025-12-16,299.11,291.57,307.08,LTF.NS
2025-12-17,300.01,292.22,308.18,LTF.NS
2025-12-18,298.71,290.9,306.43,LTF.NS
2025-12-19,300.44,292.56,308.51,LTF.NS
2025-12-22,301.83,294.24,309.92,LTF.NS
2025-12-23,303.12,295.37,310.67,LTF.NS
2025-12-24,304.4,296.59,312.5,LTF.NS
2025-12-26,305.31,298.08,313.63,LTF.NS
2025-12-29,306.5,299.14,313.85,LTF.NS
2025-12-30,307.47,299.95,315.41,LTF.NS
2025-12-31,308.29,301.16,316.26,LTF.NS
2026-01-01,306.71,299.25,314.55,LTF.NS
2026-01-02,307.92,300.21,315.75,LTF.NS
2026-01-05,306.43,298.35,314.19,LTF.NS
2026-01-06,306.36,298.36,313.44,LTF.NS
2026-01-07,306.12,298.16,313.85,LTF.NS
2026-01-08,303.44,295.93,310.97,LTF.NS
2026-01-09,303.57,295.82,310.97,LTF.NS
2026-01-12,299.05,291.85,307.25,LTF.NS
2026-01-13,298.11,290.05,305.66,LTF.NS
2026-01-14,297.11,289.53,304.96,LTF.NS
2026-01-15,293.79,286.43,301.05,LTF.NS
2026-01-16,293.41,284.92,301.18,LTF.NS
2026-01-19,288.26,280.91,295.93,LTF.NS
2026-01-20,287.43,279.56,295.39,LTF.NS
2026-01-21,286.68,279.15,294.7,LTF.NS
2026-01-22,283.78,275.31,290.99,LTF.NS
2026-01-23,283.95,275.94,291.69,LTF.NS
2026-01-27,281.37,273.96,289.17,LTF.NS
2026-01-28,281.69,274.26,288.94,LTF.NS
2026-01-29,279.9,272.4,287.95,LTF.NS
2026-01-30,281.21,273.43,288.87,LTF.NS
2026-02-02,281.82,273.84,289.83,LTF.NS
2026-02-03,283.03,275.26,290.59,LTF.NS
2026-02-04,284.31,276.87,291.91,LTF.NS
2026-02-05,283.38,275.85,291.39,LTF.NS
2026-02-06,285.46,278.45,292.73,LTF.NS
2026-02-09,287.62,280.71,295.28,LTF.NS
2026-02-10,289.07,281.74,296.74,LTF.NS
2026-02-11,290.45,282.69,298.11,LTF.NS
2026-02-12,289.49,281.76,297.42,LTF.NS
2026-02-13,291.38,284.33,298.86,LTF.NS
2026-02-16,292.23,284.39,299.67,LTF.NS
2026-02-17,293.0,285.28,300.32,LTF.NS
2026-02-18,293.62,286.58,300.93,LTF.NS
2026-02-19,291.8,283.55,299.51,LTF.NS
2026-02-20,292.77,285.54,299.94,LTF.NS
2026-02-23,290.56,282.79,297.7,LTF.NS
2026-02-24,290.26,282.53,297.61,LTF.NS
2026-02-25,289.81,282.26,297.39,LTF.NS
2026-02-26,286.94,279.19,294.85,LTF.NS
2026-02-27,286.87,279.72,294.64,LTF.NS
2026-03-02,281.8,274.35,290.04,LTF.NS
2026-03-04,279.45,272.07,286.74,LTF.NS
2026-03-05,275.88,268.52,283.76,LTF.NS
2026-03-06,275.2,268.25,282.69,LTF.NS
2026-03-09,268.82,261.89,276.88,LTF.NS
2026-03-10,267.44,259.77,275.29,LTF.NS
2026-03-11,266.06,258.13,273.39,LTF.NS
2026-03-12,262.44,254.38,270.3,LTF.NS
2026-03-13,261.8,254.57,269.09,LTF.NS
2026-03-16,256.15,248.88,263.69,LTF.NS
2026-03-17,255.2,247.91,262.68,LTF.NS
2026-03-18,254.35,246.97,261.81,LTF.NS
2026-03-19,251.35,244.56,258.76,LTF.NS
2026-03-20,251.43,243.32,259.24,LTF.NS
2026-03-23,248.41,240.58,255.9,LTF.NS
2026-03-24,248.5,241.05,255.65,LTF.NS
2026-03-25,248.76,240.58,256.88,LTF.NS
2026-03-27,248.2,241.07,255.99,LTF.NS
2026-03-30,249.03,241.66,257.07,LTF.NS
2026-04-01,251.98,244.52,260.42,LTF.NS
2026-04-02,251.42,243.78,259.17,LTF.NS
2026-04-06,258.2,251.17,265.86,LTF.NS
2026-04-07,260.58,253.0,268.86,LTF.NS
2026-04-08,263.03,255.38,270.42,LTF.NS
2026-04-09,263.25,255.33,270.47,LTF.NS
2026-04-10,266.44,259.03,273.9,LTF.NS
2026-04-13,271.87,264.0,279.56,LTF.NS
2026-04-15,276.79,269.41,284.13,LTF.NS
2026-04-16,276.85,269.17,284.24,LTF.NS
2026-04-17,279.75,271.24,287.71,LTF.NS
2026-04-20,283.54,275.83,291.33,LTF.NS
2026-04-21,285.28,277.76,293.6,LTF.NS
2026-04-22,286.86,279.95,294.69,LTF.NS
2026-04-23,285.99,278.71,293.72,LTF.NS
2026-04-24,287.91,280.49,295.45,LTF.NS
2026-04-27,288.6,280.73,296.51,LTF.NS
2026-04-28,289.29,281.61,296.51,LTF.NS
2026-04-29,289.84,282.2,297.73,LTF.NS
2026-04-30,287.99,280.71,295.3,LTF.NS
2026-05-01,288.97,280.81,296.68,LTF.NS
2026-05-04,287.24,279.26,294.98,LTF.NS
2026-05-05,287.28,279.48,295.22,LTF.NS
2026-05-06,287.26,279.66,295.18,LTF.NS
2026-05-07,284.93,277.48,292.71,LTF.NS
2026-05-08,285.52,277.89,293.27,LTF.NS
2026-05-11,283.06,275.68,290.74,LTF.NS
2026-05-12,283.0,275.24,290.53,LTF.NS
2026-05-13,282.93,275.21,290.39,LTF.NS
2026-05-14,280.6,272.84,288.07,LTF.NS
2026-05-15,281.21,273.61,288.34,LTF.NS
2026-05-18,278.94,271.05,286.8,LTF.NS
2026-05-19,278.95,270.62,286.32,LTF.NS
2026-05-20,278.95,270.93,286.57,LTF.NS
2026-05-21,276.66,269.24,284.62,LTF.NS
2026-05-22,277.31,269.81,285.37,LTF.NS
2026-05-25,275.05,267.91,283.22,LTF.NS
2026-05-26,275.04,267.48,282.16,LTF.NS
2026-05-27,275.01,267.11,282.31,LTF.NS
2026-05-28,272.71,265.06,280.48,LTF.NS
2026-05-29,273.35,265.63,281.13,LTF.NS
2026-06-01,271.27,264.03,279.11,LTF.NS
2026-06-02,271.41,263.68,278.76,LTF.NS
2026-06-03,271.61,263.77,279.06,LTF.NS
2026-06-04,269.62,262.36,276.94,LTF.NS
2026-06-05,270.66,263.65,278.53,LTF.NS
2026-06-08,270.35,262.96,278.32,LTF.NS
2026-06-09,271.3,263.81,279.36,LTF.NS
2026-06-10,272.41,265.0,280.12,LTF.NS
2026-06-11,271.41,263.71,278.4,LTF.NS
2026-06-12,273.55,266.09,280.84,LTF.NS
2026-06-15,276.95,269.42,284.18,LTF.NS
2026-06-16,279.23,271.58,287.3,LTF.NS
2026-06-17,281.67,273.86,289.13,LTF.NS
2026-06-18,282.0,274.26,289.95,LTF.NS
2026-06-19,285.43,277.85,293.13,LTF.NS
2026-06-22,292.29,284.62,300.36,LTF.NS
2026-06-23,295.49,287.86,302.67,LTF.NS
2026-06-24,298.72,291.07,306.61,LTF.NS
2026-06-25,299.67,291.74,307.08,LTF.NS
2026-06-26,303.53,296.33,311.37,LTF.NS
2026-06-29,310.45,302.85,317.85,LTF.NS
2026-06-30,313.24,305.61,320.41,LTF.NS
2026-07-01,315.83,307.77,323.72,LTF.NS
2026-07-02,315.94,308.29,323.61,LTF.NS
2026-07-03,318.75,310.93,326.11,LTF.NS
2026-07-06,321.42,314.21,329.3,LTF.NS
2026-07-07,322.49,315.07,330.38,LTF.NS
2026-07-08,323.26,316.15,331.35,LTF.NS
2026-07-09,321.45,313.76,328.46,LTF.NS
2026-07-10,322.29,314.8,329.77,LTF.NS
2026-07-13,319.05,311.54,326.66,LTF.NS
2026-07-14,318.25,310.66,325.22,LTF.NS
2026-07-15,317.24,309.51,324.58,LTF.NS
2026-07-16,313.77,306.09,321.2,LTF.NS
2026-07-17,313.1,305.9,321.24,LTF.NS
2026-07-20,306.39,298.31,314.29,LTF.NS
2026-07-21,304.84,297.24,312.56,LTF.NS
2026-07-22,303.29,295.6,310.99,LTF.NS
2026-07-23,299.51,291.86,307.54,LTF.NS
2026-07-24,298.74,290.85,306.37,LTF.NS
2026-07-27,292.99,284.64,300.63,LTF.NS
2026-07-28,292.13,284.86,299.85,LTF.NS
2026-07-29,291.43,283.95,298.44,LTF.NS
2026-07-30,288.64,280.51,295.96,LTF.NS
2026-07-31,288.99,281.14,296.07,LTF.NS
2026-08-03,287.05,279.04,294.85,LTF.NS
2026-08-04,287.54,280.08,294.9,LTF.NS
2026-08-05,288.19,280.26,295.64,LTF.NS
2026-08-06,286.74,279.36,293.81,LTF.NS
2026-08-07,288.37,280.65,296.03,LTF.NS
2026-08-10,289.91,281.74,297.14,LTF.NS
2026-08-11,291.38,284.29,299.09,LTF.NS
2026-08-12,292.91,285.64,300.61,LTF.NS
2026-08-13,292.22,284.27,299.85,LTF.NS
2026-08-14,294.52,286.99,301.94,LTF.NS
2026-08-17,297.37,289.43,304.96,LTF.NS
2026-08-18,299.07,291.44,306.29,LTF.NS
2026-08-19,300.75,293.23,308.02,LTF.NS
2026-08-20,300.13,292.78,307.73,LTF.NS
2026-08-21,302.42,294.7,310.36,LTF.NS
2026-08-24,304.95,297.52,312.6,LTF.NS
2026-08-25,306.49,299.19,314.7,LTF.NS
2026-08-26,307.99,300.38,315.31,LTF.NS
2026-08-27,307.18,299.16,314.95,LTF.NS
2026-08-28,309.29,301.56,316.83,LTF.NS
2026-08-31,311.39,303.29,319.02,LTF.NS
2026-09-01,312.83,305.82,320.88,LTF.NS
2026-09-02,314.25,306.83,321.47,LTF.NS
2025-07-22,3166.08,3088.24,3251.82,M&M.NS
2025-07-23,3177.73,3096.97,3260.01,M&M.NS
2025-07-24,3174.34,3092.28,3257.17,M&M.NS
2025-07-25,3173.83,3092.07,3256.51,M&M.NS
2025-07-28,3178.04,3094.08,3264.79,M&M.NS
2025-07-29,3189.78,3100.37,3269.65,M&M.NS
2025-07-30,3202.54,3114.55,3283.01,M&M.NS
2025-07-31,3199.75,3121.68,3283.61,M&M.NS
2025-08-01,3199.33,3120.07,3283.54,M&M.NS
2025-08-04,3200.95,3118.24,3278.9,M&M.NS
2025-08-05,3211.03,3129.83,3300.09,M&M.NS
2025-08-06,3221.85,3144.57,3307.29,M&M.NS
2025-08-07,3216.94,3139.02,3298.56,M&M.NS
2025-08-08,3214.33,3130.59,3301.19,M&M.NS
2025-08-11,3210.09,3129.3,3290.52,M&M.NS
2025-08-12,3218.85,3133.11,3302.32,M&M.NS
2025-08-13,3228.85,3151.61,3308.89,M&M.NS
2025-08-14,3223.73,3134.06,3306.36,M&M.NS
2025-08-18,3223.54,3142.77,3305.96,M&M.NS
2025-08-19,3236.03,3151.54,3320.3,M&M.NS
2025-08-20,3250.59,3169.23,3334.85,M&M.NS
2025-08-21,3250.81,3173.85,3331.94,M&M.NS
2025-08-22,3254.72,3172.28,3337.37,M&M.NS
2025-08-25,3278.03,3192.97,3357.82,M&M.NS
2025-08-26,3298.28,3215.57,3376.88,M&M.NS
2025-08-28,3328.55,3244.16,3411.08,M&M.NS
2025-08-29,3339.85,3262.53,3418.46,M&M.NS
2025-09-01,3381.74,3305.15,3468.53,M&M.NS
2025-09-02,3406.43,3329.22,3491.08,M&M.NS
2025-09-03,3432.13,3350.88,3508.6,M&M.NS
2025-09-04,3442.12,3358.28,3529.06,M&M.NS
2025-09-05,3454.19,3373.1,3537.5,M&M.NS
2025-09-08,3489.88,3405.67,3564.57,M&M.NS
2025-09-09,3509.66,3428.66,3586.44,M&M.NS
2025-09-10,3529.08,3438.87,3616.56,M&M.NS
2025-09-11,3531.54,3451.7,3614.88,M&M.NS
2025-09-12,3534.92,3454.44,3619.12,M&M.NS
2025-09-15,3539.2,3457.92,3628.63,M&M.NS
2025-09-16,3547.35,3468.33,3635.66,M&M.NS
2025-09-17,3554.91,3470.87,3635.96,M&M.NS
2025-09-18,3545.49,3469.79,3627.93,M&M.NS
2025-09-19,3537.21,3454.22,3613.01,M&M.NS
2025-09-22,3509.92,3425.35,3592.34,M&M.NS
2025-09-23,3509.34,3423.66,3594.69,M&M.NS
2025-09-24,3509.33,3428.64,3590.62,M&M.NS
2025-09-25,3493.65,3416.39,3582.47,M&M.NS
2025-09-26,3480.51,3398.24,3564.57,M&M.NS
2025-09-29,3447.54,3362.56,3532.69,M&M.NS
2025-09-30,3448.05,3367.41,3533.18,M&M.NS
2025-10-01,3450.55,3364.66,3526.32,M&M.NS
2025-10-03,3430.59,3347.05,3513.19,M&M.NS
2025-10-06,3418.44,3331.43,3491.4,M&M.NS
2025-10-07,3427.19,3343.18,3510.98,M&M.NS
2025-10-08,3438.27,3361.01,3523.73,M&M.NS
2025-10-09,3435.13,3351.95,3517.35,M&M.NS
2025-10-10,3435.66,3356.24,3520.0,M&M.NS
2025-10-13,3447.27,3359.54,3529.08,M&M.NS
2025-10-14,3462.71,3380.19,3541.06,M&M.NS
2025-10-15,3479.64,3397.53,3561.32,M&M.NS
2025-10-16,3481.45,3392.3,3562.31,M&M.NS
2025-10-17,3485.97,3398.82,3564.36,M&M.NS
2025-10-20,3503.61,3420.43,3591.99,M&M.NS
2025-10-21,3519.16,3436.07,3600.99,M&M.NS
2025-10-23,3535.74,3445.71,3621.2,M&M.NS
2025-10-24,3538.18,3453.92,3612.21,M&M.NS
2025-10-27,3547.2,3467.78,3627.4,M&M.NS
2025-10-28,3559.55,3479.9,3644.91,M&M.NS
2025-10-29,3572.64,3481.94,3658.8,M&M.NS
2025-10-30,3570.07,3487.89,3654.88,M&M.NS
2025-10-31,3569.91,3490.52,3652.67,M&M.NS
2025-11-03,3573.92,3493.7,3656.87,M&M.NS
2025-11-04,3585.73,3503.13,3669.92,M&M.NS
2025-11-06,3596.99,3511.57,3683.06,M&M.NS
2025-11-07,3598.04,3520.42,3681.23,M&M.NS
2025-11-10,3608.26,3522.57,3691.18,M&M.NS
2025-11-11,3622.67,3534.86,3709.18,M&M.NS
2025-11-12,3638.48,3558.44,3720.05,M&M.NS
2025-11-13,3639.13,3561.16,3717.73,M&M.NS
2025-11-14,3642.52,3560.67,3721.89,M&M.NS
2025-11-17,3657.06,3576.5,3737.82,M&M.NS
2025-11-18,3671.61,3592.58,3759.08,M&M.NS
2025-11-19,3686.74,3604.8,3765.72,M&M.NS
2025-11-20,3685.83,3602.35,3766.26,M&M.NS
2025-11-21,3686.73,3608.74,3772.41,M&M.NS
2025-11-24,3688.24,3605.58,3763.37,M&M.NS
2025-11-25,3696.71,3615.14,3781.91,M&M.NS
2025-11-26,3705.04,3621.19,3791.42,M&M.NS
2025-11-27,3696.72,3605.51,3779.22,M&M.NS
2025-11-28,3689.75,3600.78,3767.44,M&M.NS
2025-12-01,3666.51,3581.65,3749.7,M&M.NS
2025-12-02,3666.98,3589.33,3750.95,M&M.NS
2025-12-03,3667.75,3586.15,3752.78,M&M.NS
2025-12-04,3652.51,3566.56,3738.35,M&M.NS
2025-12-05,3639.42,3547.93,3730.59,M&M.NS
2025-12-08,3604.25,3522.48,3686.03,M&M.NS
2025-12-09,3603.28,3514.3,3684.75,M&M.NS
2025-12-10,3604.0,3524.81,3688.07,M&M.NS
2025-12-11,3590.14,3500.51,3677.59,M&M.NS
2025-12-12,3579.85,3501.67,3656.21,M&M.NS
2025-12-15,3561.03,3481.21,3646.12,M&M.NS
2025-12-16,3567.79,3491.44,3653.48,M&M.NS
2025-12-17,3577.15,3493.15,3660.81,M&M.NS
2025-12-18,3572.62,3491.5,3659.26,M&M.NS
2025-12-19,3572.14,3492.32,3656.44,M&M.NS
2025-12-22,3583.34,3500.81,3669.93,M&M.NS
2025-12-23,3599.51,3519.35,3684.75,M&M.NS
2025-12-24,3617.56,3534.49,3696.08,M&M.NS
2025-12-26,3626.98,3547.52,3710.85,M&M.NS
2025-12-29,3649.76,3570.22,3732.09,M&M.NS
2025-12-30,3666.6,3584.57,3747.13,M&M.NS
2025-12-31,3683.63,3598.53,3763.78,M&M.NS
2026-01-01,3684.15,3602.52,3764.85,M&M.NS
2026-01-02,3685.94,3598.97,3774.1,M&M.NS
2026-01-05,3686.45,3602.6,3769.68,M&M.NS
2026-01-06,3693.32,3614.57,3778.19,M&M.NS
2026-01-07,3699.43,3619.71,3781.67,M&M.NS
2026-01-08,3688.29,3607.41,3770.21,M&M.NS
2026-01-09,3677.94,3591.33,3761.01,M&M.NS
2026-01-12,3641.73,3560.0,3722.07,M&M.NS
2026-01-13,3637.13,3556.18,3719.49,M&M.NS
2026-01-14,3632.58,3546.86,3711.46,M&M.NS
2026-01-15,3611.81,3526.67,3693.45,M&M.NS
2026-01-16,3593.07,3507.34,3671.12,M&M.NS
2026-01-19,3540.72,3461.31,3620.11,M&M.NS
2026-01-20,3534.11,3450.83,3616.41,M&M.NS
2026-01-21,3529.32,3447.69,3608.73,M&M.NS
2026-01-22,3510.07,3424.07,3585.68,M&M.NS
2026-01-23,3494.57,3411.13,3576.67,M&M.NS
2026-01-27,3463.46,3384.33,3550.55,M&M.NS
2026-01-28,3468.51,3385.69,3548.02,M&M.NS
2026-01-29,3459.83,3377.97,3543.85,M&M.NS
2026-01-30,3455.36,3371.38,3539.55,M&M.NS
2026-02-02,3455.35,3374.61,3545.01,M&M.NS
2026-02-03,3467.98,3386.08,3552.46,M&M.NS
2026-02-04,3482.59,3397.94,3565.73,M&M.NS
2026-02-05,3482.46,3398.73,3568.5,M&M.NS
2026-02-06,3485.32,3403.82,3567.69,M&M.NS
2026-02-09,3498.47,3417.96,3583.09,M&M.NS
2026-02-10,3512.18,3433.04,3588.6,M&M.NS
2026-02-11,3526.12,3444.73,3611.14,M&M.NS
2026-02-12,3523.57,3444.06,3609.88,M&M.NS
2026-02-13,3522.29,3437.07,3605.16,M&M.NS
2026-02-16,3513.57,3435.05,3592.96,M&M.NS
2026-02-17,3517.27,3435.87,3597.29,M&M.NS
2026-02-18,3520.12,3438.63,3601.25,M&M.NS
2026-02-19,3505.59,3420.56,3592.42,M&M.NS
2026-02-20,3491.68,3404.82,3573.01,M&M.NS
2026-02-23,3443.29,3357.75,3519.1,M&M.NS
2026-02-24,3433.95,3353.71,3515.34,M&M.NS
2026-02-25,3424.2,3348.22,3502.72,M&M.NS
2026-02-26,3397.75,3309.69,3481.79,M&M.NS
2026-02-27,3372.76,3290.93,3453.41,M&M.NS
2026-03-02,3297.81,3223.77,3385.38,M&M.NS
2026-03-04,3267.76,3190.49,3349.97,M&M.NS
2026-03-05,3238.07,3157.02,3317.6,M&M.NS
2026-03-06,3211.37,3134.04,3290.34,M&M.NS
2026-03-09,3140.28,3052.41,3216.32,M&M.NS
2026-03-10,3128.83,3044.33,3218.44,M&M.NS
2026-03-11,3119.71,3040.39,3200.82,M&M.NS
2026-03-12,3096.55,3014.79,3177.88,M&M.NS
2026-03-13,3077.41,2995.08,3165.41,M&M.NS
2026-03-16,3033.85,2953.21,3119.16,M&M.NS
2026-03-17,3032.7,2949.17,3120.77,M&M.NS
2026-03-18,3034.19,2950.64,3120.95,M&M.NS
2026-03-19,3021.82,2942.74,3098.31,M&M.NS
2026-03-20,3013.5,2932.95,3095.12,M&M.NS
2026-03-23,3001.33,2922.44,3084.35,M&M.NS
2026-03-24,3009.92,2926.91,3092.51,M&M.NS
2026-03-25,3020.64,2932.24,3097.34,M&M.NS
2026-03-27,3016.58,2931.32,3094.36,M&M.NS
2026-03-30,3024.1,2939.06,3101.22,M&M.NS
2026-04-01,3052.81,2974.48,3135.95,M&M.NS
2026-04-02,3052.65,2970.97,3142.2,M&M.NS
2026-04-06,3067.37,2985.77,3148.2,M&M.NS
2026-04-07,3081.41,2997.65,3164.91,M&M.NS
2026-04-08,3096.32,3019.77,3185.02,M&M.NS
2026-04-09,3095.59,3010.06,3181.19,M&M.NS
2026-04-10,3097.17,3016.76,3179.14,M&M.NS
2026-04-13,3104.64,3019.61,3183.97,M&M.NS
2026-04-15,3129.49,3050.63,3208.65,M&M.NS
2026-04-16,3126.56,3043.8,3206.4,M&M.NS
2026-04-17,3125.9,3041.89,3208.26,M&M.NS
2026-04-20,3126.81,3048.87,3209.59,M&M.NS
2026-04-21,3136.81,3059.92,3218.5,M&M.NS
2026-04-22,3147.67,3070.41,3229.92,M&M.NS
2026-04-23,3142.93,3056.35,3223.87,M&M.NS
2026-04-24,3140.58,3055.37,3226.19,M&M.NS
2026-04-27,3137.16,3055.67,3220.78,M&M.NS
2026-04-28,3145.95,3058.66,3228.39,M&M.NS
2026-04-29,3155.68,3077.6,3234.9,M&M.NS
2026-04-30,3149.87,3069.23,3232.25,M&M.NS
2026-05-01,3146.5,3061.88,3230.79,M&M.NS
2026-05-04,3140.0,3057.0,3215.63,M&M.NS
2026-05-05,3147.65,3061.55,3230.61,M&M.NS
2026-05-06,3156.15,3073.66,3238.75,M&M.NS
2026-05-07,3148.97,3067.3,3225.78,M&M.NS
2026-05-08,3144.07,3060.38,3232.71,M&M.NS
2026-05-11,3131.83,3050.03,3216.25,M&M.NS
2026-05-12,3137.15,3061.09,3224.12,M&M.NS
2026-05-13,3143.09,3062.8,3228.06,M&M.NS
2026-05-14,3133.15,3049.75,3217.3,M&M.NS
2026-05-15,3125.3,3042.56,3206.46,M&M.NS
2026-05-18,3103.3,3022.41,3188.56,M&M.NS
2026-05-19,3105.19,3026.84,3193.54,M&M.NS
2026-05-20,3107.71,3026.85,3192.98,M&M.NS
2026-05-21,3094.39,3011.39,3169.54,M&M.NS
2026-05-22,3083.28,2991.15,3164.44,M&M.NS
2026-05-25,3052.92,2966.25,3138.14,M&M.NS
2026-05-26,3052.72,2967.75,3133.18,M&M.NS
2026-05-27,3053.61,2967.66,3137.2,M&M.NS
2026-05-28,3039.19,2955.66,3120.12,M&M.NS
2026-05-29,3027.55,2944.33,3114.39,M&M.NS
2026-06-01,2999.53,2917.29,3076.2,M&M.NS
2026-06-02,3001.51,2918.72,3084.61,M&M.NS
2026-06-03,3005.29,2924.38,3089.7,M&M.NS
2026-06-04,2994.46,2910.58,3079.69,M&M.NS
2026-06-05,2987.1,2905.78,3071.93,M&M.NS
2026-06-08,2975.52,2895.88,3058.8,M&M.NS
2026-06-09,2983.96,2897.19,3066.48,M&M.NS
2026-06-10,2994.55,2911.9,3077.07,M&M.NS
2026-06-11,2990.79,2912.61,3066.76,M&M.NS
2026-06-12,2990.64,2909.92,3076.66,M&M.NS
2026-06-15,3000.39,2917.14,3080.85,M&M.NS
2026-06-16,3015.46,2927.77,3090.42,M&M.NS
2026-06-17,3032.24,2946.0,3117.37,M&M.NS
2026-06-18,3034.15,2953.21,3118.82,M&M.NS
2026-06-19,3039.03,2951.92,3120.14,M&M.NS
2026-06-22,3059.37,2977.51,3140.6,M&M.NS
2026-06-23,3076.28,2990.62,3160.32,M&M.NS
2026-06-24,3094.03,3012.84,3182.92,M&M.NS
2026-06-25,3096.01,3012.66,3179.34,M&M.NS
2026-06-26,3100.09,3011.86,3179.74,M&M.NS
2026-06-29,3113.29,3027.26,3200.17,M&M.NS
2026-06-30,3126.48,3045.94,3201.94,M&M.NS
2026-07-01,3139.98,3056.52,3220.82,M&M.NS
2026-07-02,3137.3,3047.36,3224.32,M&M.NS
2026-07-03,3136.43,3050.67,3213.22,M&M.NS
2026-07-06,3134.21,3050.2,3215.19,M&M.NS
2026-07-07,3142.48,3054.04,3225.74,M&M.NS
2026-07-08,3151.36,3061.08,3239.12,M&M.NS
2026-07-09,3144.45,3063.16,3224.88,M&M.NS
2026-07-10,3139.84,3059.21,3218.48,M&M.NS
2026-07-13,3129.98,3050.1,3206.97,M&M.NS
2026-07-14,3137.02,3055.61,3216.47,M&M.NS
2026-07-15,3145.35,3065.26,3226.73,M&M.NS
2026-07-16,3138.55,3058.64,3222.28,M&M.NS
2026-07-17,3134.68,3054.86,3212.66,M&M.NS
2026-07-20,3130.19,3052.47,3213.91,M&M.NS
2026-07-21,3139.8,3062.88,3225.86,M&M.NS
2026-07-22,3150.94,3071.38,3235.26,M&M.NS
2026-07-23,3147.09,3066.25,3231.81,M&M.NS
2026-07-24,3146.19,3064.97,3227.96,M&M.NS
2026-07-27,3149.76,3068.37,3240.47,M&M.NS
2026-07-28,3161.48,3077.02,3243.32,M&M.NS
2026-07-29,3174.3,3089.4,3255.87,M&M.NS
2026-07-30,3171.68,3083.5,3253.16,M&M.NS
2026-07-31,3171.51,3089.31,3258.39,M&M.NS
2026-08-03,3174.25,3094.48,3258.96,M&M.NS
2026-08-04,3184.76,3102.03,3262.92,M&M.NS
2026-08-05,3196.01,3107.15,3276.61,M&M.NS
2026-08-06,3191.51,3109.49,3272.57,M&M.NS
2026-08-07,3189.26,3102.55,3272.72,M&M.NS
2026-08-10,3185.59,3108.26,3263.68,M&M.NS
2026-08-11,3194.31,3113.18,3274.13,M&M.NS
2026-08-12,3204.13,3122.07,3290.46,M&M.NS
2026-08-13,3198.68,3114.16,3280.42,M&M.NS
2026-08-14,3196.05,3114.42,3276.67,M&M.NS
2026-08-17,3195.58,3111.69,3275.92,M&M.NS
2026-08-18,3206.97,3119.68,3293.82,M&M.NS
2026-08-19,3220.32,3142.59,3299.66,M&M.NS
2026-08-20,3219.22,3138.03,3308.22,M&M.NS
2026-08-21,3221.74,3140.01,3307.63,M&M.NS
2026-08-24,3240.72,3156.72,3319.34,M&M.NS
2026-08-25,3259.57,3176.58,3343.34,M&M.NS
2026-08-26,3280.63,3202.37,3360.12,M&M.NS
2026-08-27,3287.34,3205.06,3370.19,M&M.NS
2026-08-28,3297.6,3218.81,3394.96,M&M.NS
2026-08-31,3337.52,3252.68,3429.94,M&M.NS
2026-09-01,3362.03,3285.28,3434.17,M&M.NS
2026-09-02,3387.79,3304.5,3466.98,M&M.NS
2025-07-22,12471.29,12210.87,12747.51,MARUTI.NS
2025-07-23,12425.98,12162.23,12710.46,MARUTI.NS
2025-07-24,12349.65,12083.76,12612.38,MARUTI.NS
2025-07-25,12313.97,12051.68,12598.78,MARUTI.NS
2025-07-28,12208.31,11928.53,12488.58,MARUTI.NS
2025-07-29,12259.84,11984.45,12523.31,MARUTI.NS
2025-07-30,12270.08,11994.66,12554.61,MARUTI.NS
2025-07-31,12253.69,11977.94,12541.57,MARUTI.NS
2025-08-01,12281.48,11987.61,12558.54,MARUTI.NS
2025-08-04,12378.06,12095.58,12630.19,MARUTI.NS
2025-08-05,12497.72,12221.81,12793.21,MARUTI.NS
2025-08-06,12574.84,12320.84,12845.24,MARUTI.NS
2025-08-07,12623.18,12351.44,12927.28,MARUTI.NS
2025-08-08,12712.66,12435.39,12983.18,MARUTI.NS
2025-08-11,12968.72,12680.79,13232.47,MARUTI.NS
2025-08-12,13130.99,12850.59,13427.49,MARUTI.NS
2025-08-13,13244.72,13003.41,13529.34,MARUTI.NS
2025-08-14,13323.4,13018.51,13584.49,MARUTI.NS
2025-08-18,13726.62,13463.06,13997.18,MARUTI.NS
2025-08-19,13888.14,13602.66,14164.34,MARUTI.NS
2025-08-20,13995.72,13759.03,14277.64,MARUTI.NS
2025-08-21,14063.32,13782.77,14355.45,MARUTI.NS
2025-08-22,14161.29,13894.94,14458.93,MARUTI.NS
2025-08-25,14384.69,14108.4,14653.69,MARUTI.NS
2025-08-26,14519.53,14236.45,14795.38,MARUTI.NS
2025-08-28,14638.44,14384.48,14913.17,MARUTI.NS
2025-08-29,14708.0,14420.28,14980.56,MARUTI.NS
2025-09-01,14851.16,14562.8,15133.17,MARUTI.NS
2025-09-02,14962.26,14683.93,15232.03,MARUTI.NS
2025-09-03,15020.21,14747.21,15284.27,MARUTI.NS
2025-09-04,15039.75,14762.43,15333.94,MARUTI.NS
2025-09-05,15091.91,14819.07,15378.49,MARUTI.NS
2025-09-08,15196.16,14922.78,15476.57,MARUTI.NS
2025-09-09,15298.35,15033.05,15572.13,MARUTI.NS
2025-09-10,15349.11,15073.03,15625.16,MARUTI.NS
2025-09-11,15362.94,15059.94,15650.63,MARUTI.NS
2025-09-12,15410.6,15144.95,15712.76,MARUTI.NS
2025-09-15,15505.75,15237.31,15779.69,MARUTI.NS
2025-09-16,15605.46,15336.85,15873.29,MARUTI.NS
2025-09-17,15653.6,15375.45,15934.07,MARUTI.NS
2025-09-18,15664.46,15388.37,15941.49,MARUTI.NS
2025-09-19,15708.61,15444.16,15992.78,MARUTI.NS
2025-09-22,15788.88,15505.19,16056.91,MARUTI.NS
2025-09-23,15881.99,15608.22,16164.24,MARUTI.NS
2025-09-24,15922.7,15644.35,16197.96,MARUTI.NS
2025-09-25,15925.37,15646.9,16187.79,MARUTI.NS
2025-09-26,15960.65,15692.12,16249.16,MARUTI.NS
2025-09-29,16011.31,15737.21,16284.97,MARUTI.NS
2025-09-30,16093.97,15837.6,16377.05,MARUTI.NS
2025-10-01,16124.15,15843.34,16398.15,MARUTI.NS
2025-10-03,16141.2,15875.76,16412.91,MARUTI.NS
2025-10-06,16161.98,15893.18,16447.43,MARUTI.NS
2025-10-07,16235.14,15964.91,16501.55,MARUTI.NS
2025-10-08,16256.01,15989.93,16532.17,MARUTI.NS
2025-10-09,16238.97,15973.65,16529.95,MARUTI.NS
2025-10-10,16254.66,15970.53,16549.57,MARUTI.NS
2025-10-13,16246.58,15957.36,16521.86,MARUTI.NS
2025-10-14,16309.24,16043.96,16597.69,MARUTI.NS
2025-10-15,16318.91,16047.54,16567.98,MARUTI.NS
2025-10-16,16289.86,16004.17,16565.51,MARUTI.NS
2025-10-17,16292.61,16012.64,16547.4,MARUTI.NS
2025-10-20,16239.6,15968.31,16527.33,MARUTI.NS
2025-10-21,16285.22,15989.71,16539.61,MARUTI.NS
2025-10-23,16229.17,15953.8,16497.04,MARUTI.NS
2025-10-24,16212.61,15925.08,16471.56,MARUTI.NS
2025-10-27,16100.67,15809.54,16366.82,MARUTI.NS
2025-10-28,16127.37,15842.87,16415.37,MARUTI.NS
2025-10-29,16101.14,15831.07,16363.54,MARUTI.NS
2025-10-30,16036.74,15757.05,16338.69,MARUTI.NS
2025-10-31,16005.29,15739.89,16297.11,MARUTI.NS
2025-11-03,15862.79,15609.82,16121.13,MARUTI.NS
2025-11-04,15885.08,15609.81,16174.06,MARUTI.NS
2025-11-06,15795.81,15519.97,16045.54,MARUTI.NS
2025-11-07,15770.41,15495.9,16039.55,MARUTI.NS
2025-11-10,15667.7,15401.67,15946.8,MARUTI.NS
2025-11-11,15710.05,15428.11,15997.52,MARUTI.NS
2025-11-12,15705.79,15410.38,15963.61,MARUTI.NS
2025-11-13,15669.52,15381.26,15963.38,MARUTI.NS
2025-11-14,15672.02,15404.72,15949.3,MARUTI.NS
2025-11-17,15661.23,15377.29,15928.5,MARUTI.NS
2025-11-18,15735.11,15447.37,16016.1,MARUTI.NS
2025-11-19,15761.85,15477.83,16026.2,MARUTI.NS
2025-11-20,15755.45,15500.05,16022.9,MARUTI.NS
2025-11-21,15786.17,15494.03,16079.98,MARUTI.NS
2025-11-24,15845.11,15545.27,16115.31,MARUTI.NS
2025-11-25,15935.96,15638.86,16189.92,MARUTI.NS
2025-11-26,15976.05,15699.21,16251.36,MARUTI.NS
2025-11-27,15979.27,15704.96,16239.44,MARUTI.NS
2025-11-28,16015.81,15734.84,16286.18,MARUTI.NS
2025-12-01,16070.59,15803.08,16333.11,MARUTI.NS
2025-12-02,16153.67,15856.43,16449.67,MARUTI.NS
2025-12-03,16183.44,15926.47,16475.38,MARUTI.NS
2025-12-04,16174.28,15897.92,16461.3,MARUTI.NS
2025-12-05,16196.91,15935.06,16485.17,MARUTI.NS
2025-12-08,16206.76,15931.79,16474.07,MARUTI.NS
2025-12-09,16275.8,15991.73,16544.54,MARUTI.NS
2025-12-10,16292.96,16022.3,16571.0,MARUTI.NS
2025-12-11,16273.12,15999.37,16549.39,MARUTI.NS
2025-12-12,16287.46,16005.72,16551.96,MARUTI.NS
2025-12-15,16289.79,16013.73,16552.31,MARUTI.NS
2025-12-16,16362.63,16089.92,16648.35,MARUTI.NS
2025-12-17,16386.71,16111.17,16674.76,MARUTI.NS
2025-12-18,16376.72,16103.4,16652.49,MARUTI.NS
2025-12-19,16403.52,16110.53,16676.82,MARUTI.NS
2025-12-22,16454.11,16193.01,16731.82,MARUTI.NS
2025-12-23,16544.6,16273.92,16812.96,MARUTI.NS
2025-12-24,16585.91,16304.32,16877.42,MARUTI.NS
2025-12-26,16632.67,16365.87,16926.8,MARUTI.NS
2025-12-29,16704.97,16437.68,16971.15,MARUTI.NS
2025-12-30,16793.56,16505.65,17072.08,MARUTI.NS
2025-12-31,16827.39,16546.79,17117.61,MARUTI.NS
2026-01-01,16819.88,16552.34,17081.59,MARUTI.NS
2026-01-02,16840.79,16546.85,17124.09,MARUTI.NS
2026-01-05,16814.51,16546.03,17084.25,MARUTI.NS
2026-01-06,16857.73,16576.97,17136.82,MARUTI.NS
2026-01-07,16840.57,16577.24,17123.95,MARUTI.NS
2026-01-08,16777.11,16508.57,17042.08,MARUTI.NS
2026-01-09,16737.85,16439.79,16996.17,MARUTI.NS
2026-01-12,16515.53,16244.48,16788.95,MARUTI.NS
2026-01-13,16491.93,16216.4,16765.2,MARUTI.NS
2026-01-14,16409.25,16120.28,16682.61,MARUTI.NS
2026-01-15,16282.8,15997.13,16554.34,MARUTI.NS
2026-01-16,16184.34,15908.47,16467.78,MARUTI.NS
2026-01-19,15818.87,15558.92,16124.63,MARUTI.NS
2026-01-20,15762.46,15480.21,16055.85,MARUTI.NS
2026-01-21,15655.83,15386.67,15953.48,MARUTI.NS
2026-01-22,15514.91,15238.52,15796.21,MARUTI.NS
2026-01-23,15411.87,15118.67,15683.68,MARUTI.NS
2026-01-27,15071.87,14783.81,15336.26,MARUTI.NS
2026-01-28,15009.29,14733.42,15281.62,MARUTI.NS
2026-01-29,14920.56,14642.42,15196.72,MARUTI.NS
2026-01-30,14876.86,14593.59,15147.95,MARUTI.NS
2026-02-02,14767.13,14501.81,15060.93,MARUTI.NS
2026-02-03,14821.25,14555.48,15101.45,MARUTI.NS
2026-02-04,14834.46,14560.16,15105.69,MARUTI.NS
2026-02-05,14820.36,14554.18,15089.08,MARUTI.NS
2026-02-06,14848.63,14562.7,15130.9,MARUTI.NS
2026-02-09,14924.39,14652.44,15204.71,MARUTI.NS
2026-02-10,15025.91,14781.45,15303.58,MARUTI.NS
2026-02-11,15077.52,14789.7,15346.36,MARUTI.NS
2026-02-12,15091.98,14825.02,15364.09,MARUTI.NS
2026-02-13,15138.36,14857.42,15396.63,MARUTI.NS
2026-02-16,15202.64,14922.37,15485.93,MARUTI.NS
2026-02-17,15278.47,14981.32,15561.33,MARUTI.NS
2026-02-18,15294.04,15014.86,15577.46,MARUTI.NS
2026-02-19,15262.79,14972.59,15556.49,MARUTI.NS
2026-02-20,15254.6,14981.45,15535.67,MARUTI.NS
2026-02-23,15113.03,14838.31,15383.36,MARUTI.NS
2026-02-24,15110.47,14819.58,15369.81,MARUTI.NS
2026-02-25,15045.1,14757.08,15350.95,MARUTI.NS
2026-02-26,14931.85,14644.52,15216.06,MARUTI.NS
2026-02-27,14842.09,14583.33,15103.7,MARUTI.NS
2026-03-02,14472.77,14204.25,14783.24,MARUTI.NS
2026-03-04,14280.06,13990.11,14564.45,MARUTI.NS
2026-03-05,14115.81,13839.84,14394.39,MARUTI.NS
2026-03-06,13983.76,13718.67,14252.29,MARUTI.NS
2026-03-09,13544.99,13242.21,13810.38,MARUTI.NS
2026-03-10,13473.39,13199.42,13735.26,MARUTI.NS
2026-03-11,13355.91,13074.8,13626.42,MARUTI.NS
2026-03-12,13208.12,12941.34,13493.63,MARUTI.NS
2026-03-13,13101.76,12826.37,13374.96,MARUTI.NS
2026-03-16,12788.83,12524.63,13072.29,MARUTI.NS
2026-03-17,12772.69,12509.82,13054.29,MARUTI.NS
2026-03-18,12715.82,12433.88,12966.37,MARUTI.NS
2026-03-19,12632.75,12376.05,12905.87,MARUTI.NS
2026-03-20,12594.16,12335.16,12870.87,MARUTI.NS
2026-03-23,12492.26,12224.13,12761.11,MARUTI.NS
2026-03-24,12545.67,12295.5,12811.16,MARUTI.NS
2026-03-25,12556.4,12275.14,12829.1,MARUTI.NS
2026-03-27,12561.0,12271.35,12839.23,MARUTI.NS
2026-03-30,12616.89,12327.7,12877.19,MARUTI.NS
2026-04-01,12760.52,12492.29,13024.17,MARUTI.NS
2026-04-02,12773.8,12495.19,13047.03,MARUTI.NS
2026-04-06,12924.75,12648.89,13179.56,MARUTI.NS
2026-04-07,13026.35,12756.49,13291.23,MARUTI.NS
2026-04-08,13075.53,12816.67,13341.67,MARUTI.NS
2026-04-09,13086.33,12794.19,13369.6,MARUTI.NS
2026-04-10,13129.15,12862.12,13402.28,MARUTI.NS
2026-04-13,13196.86,12919.67,13481.47,MARUTI.NS
2026-04-15,13315.03,13022.09,13584.67,MARUTI.NS
2026-04-16,13307.81,13054.74,13577.56,MARUTI.NS
2026-04-17,13331.92,13074.06,13609.11,MARUTI.NS
2026-04-20,13342.18,13065.3,13615.12,MARUTI.NS
2026-04-21,13409.36,13129.36,13683.59,MARUTI.NS
2026-04-22,13423.19,13153.96,13704.22,MARUTI.NS
2026-04-23,13398.22,13120.63,13661.36,MARUTI.NS
2026-04-24,13405.28,13130.22,13683.99,MARUTI.NS
2026-04-27,13369.29,13105.99,13653.68,MARUTI.NS
2026-04-28,13422.81,13147.3,13694.54,MARUTI.NS
2026-04-29,13423.89,13159.43,13707.32,MARUTI.NS
2026-04-30,13387.07,13149.22,13652.17,MARUTI.NS
2026-05-01,13383.18,13107.73,13662.43,MARUTI.NS
2026-05-04,13319.64,13035.66,13573.6,MARUTI.NS
2026-05-05,13365.69,13094.1,13655.58,MARUTI.NS
2026-05-06,13360.13,13073.72,13628.8,MARUTI.NS
2026-05-07,13317.49,13049.88,13586.84,MARUTI.NS
2026-05-08,13308.57,13020.57,13583.42,MARUTI.NS
2026-05-11,13234.5,12980.64,13505.49,MARUTI.NS
2026-05-12,13278.47,12995.97,13554.05,MARUTI.NS
2026-05-13,13271.49,12990.7,13544.71,MARUTI.NS
2026-05-14,13228.07,12962.53,13505.72,MARUTI.NS
2026-05-15,13218.97,12950.71,13485.28,MARUTI.NS
2026-05-18,13147.47,12897.91,13432.86,MARUTI.NS
2026-05-19,13193.21,12905.19,13457.43,MARUTI.NS
2026-05-20,13188.39,12888.83,13462.96,MARUTI.NS
2026-05-21,13147.47,12874.87,13429.72,MARUTI.NS
2026-05-22,13141.18,12857.4,13433.04,MARUTI.NS
2026-05-25,13079.95,12787.21,13373.89,MARUTI.NS
2026-05-26,13129.71,12848.88,13401.14,MARUTI.NS
2026-05-27,13129.26,12854.63,13407.47,MARUTI.NS
2026-05-28,13093.1,12822.13,13354.6,MARUTI.NS
2026-05-29,13092.02,12815.71,13376.97,MARUTI.NS
2026-06-01,13049.85,12791.46,13325.93,MARUTI.NS
2026-06-02,13107.42,12815.63,13367.66,MARUTI.NS
2026-06-03,13115.67,12850.25,13383.68,MARUTI.NS
2026-06-04,13089.21,12809.24,13380.98,MARUTI.NS
2026-06-05,13098.9,12822.87,13380.61,MARUTI.NS
2026-06-08,13096.27,12799.44,13360.81,MARUTI.NS
2026-06-09,13169.55,12899.36,13440.89,MARUTI.NS
2026-06-10,13194.76,12900.91,13472.23,MARUTI.NS
2026-06-11,13186.46,12903.91,13456.9,MARUTI.NS
2026-06-12,13215.41,12946.78,13488.64,MARUTI.NS
2026-06-15,13275.51,13010.16,13557.44,MARUTI.NS
2026-06-16,13370.59,13104.01,13630.92,MARUTI.NS
2026-06-17,13417.55,13154.5,13693.88,MARUTI.NS
2026-06-18,13430.58,13158.99,13706.2,MARUTI.NS
2026-06-19,13480.08,13202.6,13753.64,MARUTI.NS
2026-06-22,13592.85,13330.35,13861.65,MARUTI.NS
2026-06-23,13701.03,13431.69,13980.22,MARUTI.NS
2026-06-24,13758.14,13479.16,14056.86,MARUTI.NS
2026-06-25,13777.96,13498.32,14034.71,MARUTI.NS
2026-06-26,13830.53,13566.03,14092.42,MARUTI.NS
2026-06-29,13927.09,13657.67,14202.18,MARUTI.NS
2026-06-30,14020.71,13755.54,14285.71,MARUTI.NS
2026-07-01,14058.54,13786.6,14323.06,MARUTI.NS
2026-07-02,14054.4,13773.0,14327.05,MARUTI.NS
2026-07-03,14078.43,13796.42,14362.86,MARUTI.NS
2026-07-06,14064.82,13795.29,14325.25,MARUTI.NS
2026-07-07,14114.92,13832.98,14417.64,MARUTI.NS
2026-07-08,14106.75,13829.81,14406.49,MARUTI.NS
2026-07-09,14054.8,13760.35,14323.59,MARUTI.NS
2026-07-10,14029.96,13742.71,14311.54,MARUTI.NS
2026-07-13,13871.35,13596.42,14137.45,MARUTI.NS
2026-07-14,13876.49,13617.1,14154.9,MARUTI.NS
2026-07-15,13826.46,13551.62,14106.46,MARUTI.NS
2026-07-16,13736.57,13470.83,14035.1,MARUTI.NS
2026-07-17,13678.49,13405.9,13944.61,MARUTI.NS
2026-07-20,13455.09,13168.6,13728.95,MARUTI.NS
2026-07-21,13452.07,13184.61,13716.55,MARUTI.NS
2026-07-22,13401.24,13123.72,13663.67,MARUTI.NS
2026-07-23,13318.1,13050.7,13601.81,MARUTI.NS
2026-07-24,13274.4,13002.67,13546.65,MARUTI.NS
2026-07-27,13138.6,12867.54,13409.4,MARUTI.NS
2026-07-28,13178.53,12891.4,13430.07,MARUTI.NS
2026-07-29,13176.68,12876.24,13438.42,MARUTI.NS
2026-07-30,13147.87,12874.29,13425.63,MARUTI.NS
2026-07-31,13163.09,12896.66,13434.86,MARUTI.NS
2026-08-03,13222.89,12976.61,13504.19,MARUTI.NS
2026-08-04,13331.16,13043.93,13609.79,MARUTI.NS
2026-08-05,13397.6,13110.69,13662.08,MARUTI.NS
2026-08-06,13436.08,13161.06,13707.21,MARUTI.NS
2026-08-07,13516.64,13228.21,13785.85,MARUTI.NS
2026-08-10,13752.43,13470.54,14031.0,MARUTI.NS
2026-08-11,13910.27,13604.47,14170.79,MARUTI.NS
2026-08-12,14020.77,13745.44,14290.7,MARUTI.NS
2026-08-13,14097.39,13833.14,14384.06,MARUTI.NS
2026-08-14,14209.88,13937.32,14483.93,MARUTI.NS
2026-08-17,14503.06,14218.19,14764.48,MARUTI.NS
2026-08-18,14667.47,14377.52,14940.67,MARUTI.NS
2026-08-19,14778.63,14493.15,15044.72,MARUTI.NS
2026-08-20,14850.4,14574.46,15123.29,MARUTI.NS
2026-08-21,14953.0,14656.68,15224.9,MARUTI.NS
2026-08-24,15191.82,14917.59,15468.84,MARUTI.NS
2026-08-25,15331.94,15071.25,15608.25,MARUTI.NS
2026-08-26,15416.83,15144.04,15707.51,MARUTI.NS
2026-08-27,15460.98,15174.88,15740.98,MARUTI.NS
2026-08-28,15535.24,15261.7,15832.27,MARUTI.NS
2026-08-31,15690.37,15422.92,15970.74,MARUTI.NS
2026-09-01,15804.63,15531.88,16071.76,MARUTI.NS
2026-09-02,15865.32,15581.35,16147.8,MARUTI.NS
2025-07-22,1165.79,1142.49,1187.5,NESTLEIND.NS
2025-07-23,1165.08,1142.66,1189.22,NESTLEIND.NS
2025-07-24,1156.96,1135.93,1178.11,NESTLEIND.NS
2025-07-25,1152.0,1128.46,1172.67,NESTLEIND.NS
2025-07-28,1132.45,1109.86,1153.68,NESTLEIND.NS
2025-07-29,1131.97,1108.57,1154.2,NESTLEIND.NS
2025-07-30,1130.79,1109.59,1152.15,NESTLEIND.NS
2025-07-31,1122.67,1101.47,1145.05,NESTLEIND.NS
2025-08-01,1118.18,1096.26,1139.4,NESTLEIND.NS
2025-08-04,1102.8,1081.76,1124.9,NESTLEIND.NS
2025-08-05,1104.56,1083.13,1124.18,NESTLEIND.NS
2025-08-06,1105.98,1083.16,1128.11,NESTLEIND.NS
2025-08-07,1100.8,1077.4,1123.14,NESTLEIND.NS
2025-08-08,1099.55,1078.01,1120.13,NESTLEIND.NS
2025-08-11,1095.17,1072.27,1115.77,NESTLEIND.NS
2025-08-12,1100.86,1079.32,1123.12,NESTLEIND.NS
2025-08-13,1106.26,1084.22,1127.98,NESTLEIND.NS
2025-08-14,1105.05,1082.86,1127.16,NESTLEIND.NS
2025-08-18,1114.32,1091.27,1135.06,NESTLEIND.NS
2025-08-19,1123.26,1101.86,1144.0,NESTLEIND.NS
2025-08-20,1131.64,1109.53,1152.94,NESTLEIND.NS
2025-08-21,1133.12,1111.6,1154.93,NESTLEIND.NS
2025-08-22,1138.14,1116.99,1159.68,NESTLEIND.NS
2025-08-25,1149.56,1127.95,1172.63,NESTLEIND.NS
2025-08-26,1159.32,1136.69,1180.97,NESTLEIND.NS
2025-08-28,1169.57,1147.12,1190.75,NESTLEIND.NS
2025-08-29,1174.17,1152.41,1195.76,NESTLEIND.NS
2025-09-01,1181.95,1159.19,1205.85,NESTLEIND.NS
2025-09-02,1189.76,1168.67,1210.8,NESTLEIND.NS
2025-09-03,1196.27,1175.01,1217.98,NESTLEIND.NS
2025-09-04,1195.16,1174.57,1216.77,NESTLEIND.NS
2025-09-05,1196.92,1175.7,1216.65,NESTLEIND.NS
2025-09-08,1194.99,1173.21,1216.98,NESTLEIND.NS
2025-09-09,1199.3,1177.58,1220.6,NESTLEIND.NS
2025-09-10,1202.27,1181.37,1222.74,NESTLEIND.NS
2025-09-11,1197.61,1175.98,1219.37,NESTLEIND.NS
2025-09-12,1195.88,1176.73,1217.77,NESTLEIND.NS
2025-09-15,1184.31,1163.88,1205.91,NESTLEIND.NS
2025-09-16,1185.86,1165.11,1207.87,NESTLEIND.NS
2025-09-17,1186.35,1163.33,1208.64,NESTLEIND.NS
2025-09-18,1179.58,1155.66,1200.64,NESTLEIND.NS
2025-09-19,1176.11,1155.23,1198.72,NESTLEIND.NS
2025-09-22,1161.89,1140.01,1183.49,NESTLEIND.NS
2025-09-23,1163.49,1142.9,1184.78,NESTLEIND.NS
2025-09-24,1164.52,1141.69,1186.05,NESTLEIND.NS
2025-09-25,1158.76,1135.27,1178.46,NESTLEIND.NS
2025-09-26,1156.78,1134.09,1179.22,NESTLEIND.NS
2025-09-29,1149.67,1127.37,1170.95,NESTLEIND.NS
2025-09-30,1154.39,1131.9,1175.93,NESTLEIND.NS
2025-10-01,1158.87,1138.5,1181.78,NESTLEIND.NS
2025-10-03,1158.72,1137.53,1181.65,NESTLEIND.NS
2025-10-06,1163.82,1141.49,1186.4,NESTLEIND.NS
2025-10-07,1172.57,1151.52,1194.39,NESTLEIND.NS
2025-10-08,1180.94,1157.29,1200.47,NESTLEIND.NS
2025-10-09,1182.56,1161.14,1204.48,NESTLEIND.NS
2025-10-10,1187.9,1166.33,1209.71,NESTLEIND.NS
2025-10-13,1201.13,1179.8,1222.68,NESTLEIND.NS
2025-10-14,1211.74,1190.74,1232.79,NESTLEIND.NS
2025-10-15,1221.47,1200.2,1246.28,NESTLEIND.NS
2025-10-16,1223.96,1202.27,1245.69,NESTLEIND.NS
2025-10-17,1229.65,1208.0,1251.68,NESTLEIND.NS
2025-10-20,1240.92,1220.49,1263.07,NESTLEIND.NS
2025-10-21,1249.93,1229.03,1272.63,NESTLEIND.NS
2025-10-23,1257.77,1235.08,1279.44,NESTLEIND.NS
2025-10-24,1260.77,1239.27,1283.1,NESTLEIND.NS
2025-10-27,1262.7,1240.98,1285.55,NESTLEIND.NS
2025-10-28,1268.38,1246.87,1288.88,NESTLEIND.NS
2025-10-29,1272.77,1250.84,1293.7,NESTLEIND.NS
2025-10-30,1269.62,1246.76,1291.67,NESTLEIND.NS
2025-10-31,1269.47,1245.84,1289.65,NESTLEIND.NS
2025-11-03,1263.17,1243.25,1283.5,NESTLEIND.NS
2025-11-04,1266.65,1243.1,1286.83,NESTLEIND.NS
2025-11-06,1264.47,1242.76,1284.69,NESTLEIND.NS
2025-11-07,1263.12,1241.06,1285.23,NESTLEIND.NS
2025-11-10,1255.17,1232.81,1277.09,NESTLEIND.NS
2025-11-11,1258.69,1236.49,1279.87,NESTLEIND.NS
2025-11-12,1261.47,1239.36,1284.29,NESTLEIND.NS
2025-11-13,1257.23,1233.94,1279.17,NESTLEIND.NS
2025-11-14,1256.48,1234.4,1277.59,NESTLEIND.NS
2025-11-17,1250.76,1228.35,1273.53,NESTLEIND.NS
2025-11-18,1254.98,1232.13,1277.88,NESTLEIND.NS
2025-11-19,1258.39,1236.5,1279.76,NESTLEIND.NS
2025-11-20,1254.64,1231.7,1276.2,NESTLEIND.NS
2025-11-21,1254.22,1233.33,1276.63,NESTLEIND.NS
2025-11-24,1248.25,1226.48,1269.76,NESTLEIND.NS
2025-11-25,1251.96,1229.98,1273.56,NESTLEIND.NS
2025-11-26,1254.63,1232.89,1275.91,NESTLEIND.NS
2025-11-27,1249.94,1228.14,1271.97,NESTLEIND.NS
2025-11-28,1248.42,1228.27,1269.36,NESTLEIND.NS
2025-12-01,1238.44,1216.52,1261.59,NESTLEIND.NS
2025-12-02,1240.73,1218.2,1261.89,NESTLEIND.NS
2025-12-03,1242.02,1221.05,1263.58,NESTLEIND.NS
2025-12-04,1236.07,1216.27,1258.31,NESTLEIND.NS
2025-12-05,1233.42,1211.01,1255.59,NESTLEIND.NS
2025-12-08,1221.52,1198.95,1243.72,NESTLEIND.NS
2025-12-09,1223.79,1202.81,1245.68,NESTLEIND.NS
2025-12-10,1225.44,1204.37,1246.37,NESTLEIND.NS
2025-12-11,1220.23,1197.19,1244.25,NESTLEIND.NS
2025-12-12,1218.73,1197.81,1241.47,NESTLEIND.NS
2025-12-15,1212.65,1190.1,1236.19,NESTLEIND.NS
2025-12-16,1217.6,1196.69,1239.11,NESTLEIND.NS
2025-12-17,1222.22,1199.28,1243.4,NESTLEIND.NS
2025-12-18,1220.25,1198.53,1241.37,NESTLEIND.NS
2025-12-19,1222.19,1200.11,1241.89,NESTLEIND.NS
2025-12-22,1226.96,1203.95,1249.05,NESTLEIND.NS
2025-12-23,1235.46,1215.09,1257.58,NESTLEIND.NS
2025-12-24,1243.49,1222.86,1265.82,NESTLEIND.NS
2025-12-26,1249.5,1228.14,1271.25,NESTLEIND.NS
2025-12-29,1260.55,1237.02,1282.05,NESTLEIND.NS
2025-12-30,1270.2,1248.48,1292.03,NESTLEIND.NS
2025-12-31,1278.84,1256.77,1302.03,NESTLEIND.NS
2026-01-01,1280.12,1259.1,1301.45,NESTLEIND.NS
2026-01-02,1284.47,1261.71,1306.07,NESTLEIND.NS
2026-01-05,1291.01,1268.28,1312.23,NESTLEIND.NS
2026-01-06,1298.23,1276.11,1319.86,NESTLEIND.NS
2026-01-07,1304.07,1282.13,1325.86,NESTLEIND.NS
2026-01-08,1302.22,1280.37,1322.46,NESTLEIND.NS
2026-01-09,1303.19,1280.29,1324.98,NESTLEIND.NS
2026-01-12,1298.89,1277.99,1320.57,NESTLEIND.NS
2026-01-13,1302.53,1280.01,1324.08,NESTLEIND.NS
2026-01-14,1304.92,1282.91,1327.48,NESTLEIND.NS
2026-01-15,1299.85,1277.93,1321.97,NESTLEIND.NS
2026-01-16,1297.89,1275.49,1320.07,NESTLEIND.NS
2026-01-19,1287.01,1265.78,1309.64,NESTLEIND.NS
2026-01-20,1289.33,1266.71,1311.25,NESTLEIND.NS
2026-01-21,1290.9,1270.18,1312.14,NESTLEIND.NS
2026-01-22,1285.48,1263.49,1306.38,NESTLEIND.NS
2026-01-23,1283.65,1263.1,1304.08,NESTLEIND.NS
2026-01-27,1279.82,1260.19,1301.14,NESTLEIND.NS
2026-01-28,1283.39,1261.78,1304.43,NESTLEIND.NS
2026-01-29,1280.2,1258.06,1302.32,NESTLEIND.NS
2026-01-30,1280.73,1259.03,1302.63,NESTLEIND.NS
2026-02-02,1280.1,1259.36,1300.79,NESTLEIND.NS
2026-02-03,1286.39,1264.13,1307.71,NESTLEIND.NS
2026-02-04,1291.99,1270.51,1315.17,NESTLEIND.NS
2026-02-05,1290.57,1268.43,1311.2,NESTLEIND.NS
2026-02-06,1292.56,1269.9,1314.23,NESTLEIND.NS
2026-02-09,1294.11,1272.57,1316.16,NESTLEIND.NS
2026-02-10,1300.31,1277.34,1321.69,NESTLEIND.NS
2026-02-11,1305.42,1282.92,1326.98,NESTLEIND.NS
2026-02-12,1303.09,1280.12,1325.77,NESTLEIND.NS
2026-02-13,1303.79,1281.81,1325.09,NESTLEIND.NS
2026-02-16,1299.45,1277.33,1321.36,NESTLEIND.NS
2026-02-17,1303.16,1280.7,1325.24,NESTLEIND.NS
2026-02-18,1305.61,1282.5,1327.78,NESTLEIND.NS
2026-02-19,1300.49,1278.26,1322.77,NESTLEIND.NS
2026-02-20,1298.35,1276.18,1320.32,NESTLEIND.NS
2026-02-23,1285.63,1265.62,1307.24,NESTLEIND.NS
2026-02-24,1286.77,1265.63,1308.92,NESTLEIND.NS
2026-02-25,1286.81,1264.18,1308.14,NESTLEIND.NS
2026-02-26,1279.51,1258.13,1301.69,NESTLEIND.NS
2026-02-27,1275.41,1253.77,1295.06,NESTLEIND.NS
2026-03-02,1258.41,1235.88,1279.44,NESTLEIND.NS
2026-03-04,1258.03,1235.52,1278.65,NESTLEIND.NS
2026-03-05,1250.31,1229.5,1272.83,NESTLEIND.NS
2026-03-06,1245.99,1225.82,1267.68,NESTLEIND.NS
2026-03-09,1229.28,1206.78,1252.35,NESTLEIND.NS
2026-03-10,1229.83,1207.06,1250.7,NESTLEIND.NS
2026-03-11,1229.6,1208.32,1250.64,NESTLEIND.NS
2026-03-12,1222.28,1202.73,1244.91,NESTLEIND.NS
2026-03-13,1218.39,1195.75,1240.62,NESTLEIND.NS
2026-03-16,1202.85,1180.61,1223.9,NESTLEIND.NS
2026-03-17,1203.75,1182.09,1226.14,NESTLEIND.NS
2026-03-18,1203.86,1183.98,1225.41,NESTLEIND.NS
2026-03-19,1196.87,1175.07,1216.76,NESTLEIND.NS
2026-03-20,1193.34,1169.71,1216.12,NESTLEIND.NS
2026-03-23,1179.36,1157.39,1200.11,NESTLEIND.NS
2026-03-24,1181.06,1159.21,1203.8,NESTLEIND.NS
2026-03-25,1182.18,1159.03,1203.62,NESTLEIND.NS
2026-03-27,1174.49,1151.99,1196.11,NESTLEIND.NS
2026-03-30,1167.33,1145.79,1188.32,NESTLEIND.NS
2026-04-01,1176.73,1157.17,1200.02,NESTLEIND.NS
2026-04-02,1174.96,1153.42,1195.27,NESTLEIND.NS
2026-04-06,1185.62,1164.91,1208.52,NESTLEIND.NS
2026-04-07,1196.18,1174.91,1218.1,NESTLEIND.NS
2026-04-08,1206.81,1184.79,1228.77,NESTLEIND.NS
2026-04-09,1211.2,1190.05,1234.45,NESTLEIND.NS
2026-04-10,1219.83,1198.82,1242.85,NESTLEIND.NS
2026-04-13,1246.41,1225.47,1268.48,NESTLEIND.NS
2026-04-15,1278.56,1255.69,1301.42,NESTLEIND.NS
2026-04-16,1287.78,1265.72,1309.59,NESTLEIND.NS
2026-04-17,1300.7,1280.64,1322.95,NESTLEIND.NS
2026-04-20,1336.17,1314.02,1357.52,NESTLEIND.NS
2026-04-21,1353.83,1331.37,1375.1,NESTLEIND.NS
2026-04-22,1370.38,1347.4,1390.9,NESTLEIND.NS
2026-04-23,1379.37,1357.74,1399.55,NESTLEIND.NS
2026-04-24,1391.22,1369.75,1413.17,NESTLEIND.NS
2026-04-27,1418.56,1396.79,1440.22,NESTLEIND.NS
2026-04-28,1432.01,1410.26,1453.95,NESTLEIND.NS
2026-04-29,1443.68,1422.47,1466.52,NESTLEIND.NS
2026-04-30,1447.22,1425.07,1469.91,NESTLEIND.NS
2026-05-01,1453.13,1431.29,1475.13,NESTLEIND.NS
2026-05-04,1460.58,1437.27,1482.49,NESTLEIND.NS
2026-05-05,1467.07,1447.81,1488.21,NESTLEIND.NS
2026-05-06,1471.77,1449.25,1493.58,NESTLEIND.NS
2026-05-07,1468.44,1445.81,1489.62,NESTLEIND.NS
2026-05-08,1467.67,1445.16,1488.88,NESTLEIND.NS
2026-05-11,1457.11,1434.56,1477.18,NESTLEIND.NS
2026-05-12,1458.49,1436.44,1479.39,NESTLEIND.NS
2026-05-13,1458.62,1436.05,1481.31,NESTLEIND.NS
2026-05-14,1451.31,1429.55,1473.53,NESTLEIND.NS
2026-05-15,1447.14,1424.53,1467.3,NESTLEIND.NS
2026-05-18,1430.03,1408.85,1451.72,NESTLEIND.NS
2026-05-19,1430.39,1408.28,1451.53,NESTLEIND.NS
2026-05-20,1430.03,1407.81,1452.49,NESTLEIND.NS
2026-05-21,1422.71,1400.0,1443.12,NESTLEIND.NS
2026-05-22,1418.97,1397.36,1438.74,NESTLEIND.NS
2026-05-25,1405.19,1381.5,1425.33,NESTLEIND.NS
2026-05-26,1407.13,1384.45,1430.2,NESTLEIND.NS
2026-05-27,1408.49,1386.64,1430.92,NESTLEIND.NS
2026-05-28,1402.97,1381.44,1424.88,NESTLEIND.NS
2026-05-29,1401.06,1377.14,1421.88,NESTLEIND.NS
2026-06-01,1392.43,1371.28,1415.25,NESTLEIND.NS
2026-06-02,1395.88,1373.77,1417.59,NESTLEIND.NS
2026-06-03,1398.6,1376.76,1421.46,NESTLEIND.NS
2026-06-04,1394.28,1371.83,1415.76,NESTLEIND.NS
2026-06-05,1393.42,1370.98,1414.75,NESTLEIND.NS
2026-06-08,1387.08,1365.36,1409.01,NESTLEIND.NS
2026-06-09,1391.07,1368.46,1411.97,NESTLEIND.NS
2026-06-10,1394.26,1373.0,1415.32,NESTLEIND.NS
2026-06-11,1390.38,1368.29,1412.4,NESTLEIND.NS
2026-06-12,1389.94,1367.93,1411.97,NESTLEIND.NS
2026-06-15,1385.16,1363.59,1408.72,NESTLEIND.NS
2026-06-16,1389.85,1367.51,1411.8,NESTLEIND.NS
2026-06-17,1393.88,1372.52,1415.54,NESTLEIND.NS
2026-06-18,1390.98,1368.58,1413.77,NESTLEIND.NS
2026-06-19,1391.68,1369.03,1413.86,NESTLEIND.NS
2026-06-22,1391.21,1367.45,1414.61,NESTLEIND.NS
2026-06-23,1397.61,1376.07,1419.32,NESTLEIND.NS
2026-06-24,1403.45,1380.9,1425.0,NESTLEIND.NS
2026-06-25,1402.41,1380.4,1423.87,NESTLEIND.NS
2026-06-26,1405.01,1384.52,1425.71,NESTLEIND.NS
2026-06-29,1410.03,1388.23,1431.89,NESTLEIND.NS
2026-06-30,1418.04,1395.16,1439.21,NESTLEIND.NS
2026-07-01,1425.29,1402.64,1447.16,NESTLEIND.NS
2026-07-02,1425.44,1405.83,1447.57,NESTLEIND.NS
2026-07-03,1428.96,1408.21,1449.65,NESTLEIND.NS
2026-07-06,1434.78,1413.07,1456.32,NESTLEIND.NS
2026-07-07,1442.31,1421.65,1463.93,NESTLEIND.NS
2026-07-08,1448.7,1428.13,1471.62,NESTLEIND.NS
2026-07-09,1447.6,1426.01,1469.25,NESTLEIND.NS
2026-07-10,1449.47,1429.46,1471.87,NESTLEIND.NS
2026-07-13,1448.19,1427.46,1470.26,NESTLEIND.NS
2026-07-14,1452.73,1431.37,1473.88,NESTLEIND.NS
2026-07-15,1455.88,1434.87,1478.25,NESTLEIND.NS
2026-07-16,1451.34,1429.9,1474.39,NESTLEIND.NS
2026-07-17,1449.62,1428.91,1471.33,NESTLEIND.NS
2026-07-20,1437.28,1414.97,1459.1,NESTLEIND.NS
2026-07-21,1438.23,1416.1,1460.72,NESTLEIND.NS
2026-07-22,1437.94,1415.58,1459.92,NESTLEIND.NS
2026-07-23,1430.16,1408.3,1451.53,NESTLEIND.NS
2026-07-24,1425.47,1401.85,1446.88,NESTLEIND.NS
2026-07-27,1406.21,1384.69,1426.86,NESTLEIND.NS
2026-07-28,1405.66,1383.2,1427.85,NESTLEIND.NS
2026-07-29,1404.31,1382.17,1426.42,NESTLEIND.NS
2026-07-30,1395.94,1374.79,1416.24,NESTLEIND.NS
2026-07-31,1391.13,1367.77,1410.57,NESTLEIND.NS
2026-08-03,1374.35,1352.07,1396.84,NESTLEIND.NS
2026-08-04,1375.52,1352.74,1398.62,NESTLEIND.NS
2026-08-05,1376.3,1354.88,1396.89,NESTLEIND.NS
2026-08-06,1370.45,1349.01,1392.51,NESTLEIND.NS
2026-08-07,1368.5,1346.32,1388.46,NESTLEIND.NS
2026-08-10,1361.94,1340.7,1384.48,NESTLEIND.NS
2026-08-11,1366.91,1344.27,1387.26,NESTLEIND.NS
2026-08-12,1371.61,1349.51,1392.89,NESTLEIND.NS
2026-08-13,1369.73,1347.0,1392.04,NESTLEIND.NS
2026-08-14,1371.77,1350.73,1393.37,NESTLEIND.NS
2026-08-17,1376.71,1353.53,1398.53,NESTLEIND.NS
2026-08-18,1385.22,1362.38,1407.91,NESTLEIND.NS
2026-08-19,1393.23,1372.6,1414.64,NESTLEIND.NS
2026-08-20,1394.4,1372.62,1415.71,NESTLEIND.NS
2026-08-21,1399.19,1377.67,1420.38,NESTLEIND.NS
2026-08-24,1410.36,1386.81,1431.26,NESTLEIND.NS
2026-08-25,1420.19,1397.55,1441.15,NESTLEIND.NS
2026-08-26,1429.12,1408.42,1450.85,NESTLEIND.NS
2026-08-27,1430.8,1407.83,1452.49,NESTLEIND.NS
2026-08-28,1435.68,1414.25,1455.97,NESTLEIND.NS
2026-08-31,1444.69,1422.16,1466.04,NESTLEIND.NS
2026-09-01,1453.01,1430.23,1476.18,NESTLEIND.NS
2026-09-02,1460.08,1437.8,1483.13,NESTLEIND.NS
2025-07-22,327.53,320.93,333.37,NTPC.NS
2025-07-23,327.4,320.91,332.94,NTPC.NS
2025-07-24,326.39,320.58,332.33,NTPC.NS
2025-07-25,325.85,319.92,331.86,NTPC.NS
2025-07-28,324.9,318.78,330.6,NTPC.NS
2025-07-29,324.96,318.97,330.72,NTPC.NS
2025-07-30,325.83,320.15,332.1,NTPC.NS
2025-07-31,325.78,320.2,332.09,NTPC.NS
2025-08-01,326.15,320.34,332.57,NTPC.NS
2025-08-04,327.35,321.47,333.23,NTPC.NS
2025-08-05,327.87,321.48,333.74,NTPC.NS
2025-08-06,329.08,322.97,335.62,NTPC.NS
2025-08-07,329.22,323.13,335.36,NTPC.NS
2025-08-08,329.63,323.54,335.59,NTPC.NS
2025-08-11,330.14,324.1,336.05,NTPC.NS
2025-08-12,330.2,324.43,336.2,NTPC.NS
2025-08-13,330.84,324.68,336.68,NTPC.NS
2025-08-14,330.34,324.08,336.29,NTPC.NS
2025-08-18,328.41,322.17,334.59,NTPC.NS
2025-08-19,327.79,321.85,334.09,NTPC.NS
2025-08-20,327.82,321.36,333.61,NTPC.NS
2025-08-21,326.78,320.37,332.98,NTPC.NS
2025-08-22,326.05,319.45,332.53,NTPC.NS
2025-08-25,323.74,317.18,329.72,NTPC.NS
2025-08-26,323.15,317.19,329.63,NTPC.NS
2025-08-28,322.57,316.4,329.16,NTPC.NS
2025-08-29,322.24,316.44,327.76,NTPC.NS
2025-09-01,321.69,315.66,327.61,NTPC.NS
2025-09-02,321.83,315.73,328.12,NTPC.NS
2025-09-03,322.78,316.79,328.38,NTPC.NS
2025-09-04,322.81,317.03,329.22,NTPC.NS
2025-09-05,323.26,316.89,328.95,NTPC.NS
2025-09-08,324.86,318.28,330.95,NTPC.NS
2025-09-09,325.6,319.73,331.99,NTPC.NS
2025-09-10,327.06,320.98,332.96,NTPC.NS
2025-09-11,327.5,321.32,333.55,NTPC.NS
2025-09-12,328.26,322.58,334.16,NTPC.NS
2025-09-15,330.15,324.03,336.24,NTPC.NS
2025-09-16,330.76,324.44,336.87,NTPC.NS
2025-09-17,332.01,326.05,337.88,NTPC.NS
2025-09-18,332.15,326.32,337.98,NTPC.NS
2025-09-19,332.55,326.67,338.87,NTPC.NS
2025-09-22,333.05,326.94,339.11,NTPC.NS
2025-09-23,333.16,327.37,339.39,NTPC.NS
2025-09-24,333.91,328.09,340.12,NTPC.NS
2025-09-25,333.58,327.15,339.98,NTPC.NS
2025-09-26,333.54,327.33,339.8,NTPC.NS
2025-09-29,333.06,326.79,338.93,NTPC.NS
2025-09-30,332.99,326.74,339.16,NTPC.NS
2025-10-01,333.62,327.28,339.85,NTPC.NS
2025-10-03,333.26,327.14,339.43,NTPC.NS
2025-10-06,333.26,327.02,339.3,NTPC.NS
2025-10-07,333.44,327.42,339.42,NTPC.NS
2025-10-08,334.36,328.43,340.63,NTPC.NS
2025-10-09,334.29,327.61,340.13,NTPC.NS
2025-10-10,334.57,328.86,340.72,NTPC.NS
2025-10-13,335.28,329.24,341.53,NTPC.NS
2025-10-14,335.6,329.04,342.04,NTPC.NS
2025-10-15,336.58,330.44,342.52,NTPC.NS
2025-10-16,336.51,330.28,342.17,NTPC.NS
2025-10-17,336.71,330.66,342.44,NTPC.NS
2025-10-20,336.68,330.59,342.64,NTPC.NS
2025-10-21,336.6,330.33,342.66,NTPC.NS
2025-10-23,336.52,330.88,342.8,NTPC.NS
2025-10-24,336.16,330.05,342.09,NTPC.NS
2025-10-27,334.32,328.21,340.22,NTPC.NS
2025-10-28,333.64,327.74,339.68,NTPC.NS
2025-10-29,333.6,327.27,339.67,NTPC.NS
2025-10-30,332.49,326.3,338.61,NTPC.NS
2025-10-31,331.68,325.39,337.59,NTPC.NS
2025-11-03,328.95,323.34,334.74,NTPC.NS
2025-11-04,328.16,322.32,334.67,NTPC.NS
2025-11-06,327.08,320.75,333.27,NTPC.NS
2025-11-07,326.44,320.49,332.65,NTPC.NS
2025-11-10,324.73,318.78,331.35,NTPC.NS
2025-11-11,324.41,318.3,330.38,NTPC.NS
2025-11-12,324.87,318.32,330.76,NTPC.NS
2025-11-13,324.38,318.58,330.81,NTPC.NS
2025-11-14,324.28,318.32,330.66,NTPC.NS
2025-11-17,324.09,318.12,330.58,NTPC.NS
2025-11-18,324.19,317.92,330.1,NTPC.NS
2025-11-19,325.0,318.87,331.55,NTPC.NS
2025-11-20,324.78,318.99,330.77,NTPC.NS
2025-11-21,324.87,319.18,330.84,NTPC.NS
2025-11-24,324.69,318.96,331.02,NTPC.NS
2025-11-25,324.61,319.03,330.72,NTPC.NS
2025-11-26,325.15,319.25,331.59,NTPC.NS
2025-11-27,324.6,318.27,330.75,NTPC.NS
2025-11-28,324.29,318.02,330.15,NTPC.NS
2025-12-01,322.71,316.67,328.95,NTPC.NS
2025-12-02,322.15,315.89,328.12,NTPC.NS
2025-12-03,322.23,316.16,328.36,NTPC.NS
2025-12-04,321.26,315.17,327.61,NTPC.NS
2025-12-05,320.6,314.98,326.79,NTPC.NS
2025-12-08,318.44,312.15,324.12,NTPC.NS
2025-12-09,317.89,311.64,323.96,NTPC.NS
2025-12-10,318.11,311.97,324.48,NTPC.NS
2025-12-11,317.39,311.45,323.32,NTPC.NS
2025-12-12,317.1,310.87,322.95,NTPC.NS
2025-12-15,316.73,310.64,322.8,NTPC.NS
2025-12-16,316.96,310.58,322.61,NTPC.NS
2025-12-17,318.04,312.03,324.34,NTPC.NS
2025-12-18,318.23,312.15,324.54,NTPC.NS
2025-12-19,318.88,313.11,324.86,NTPC.NS
2025-12-22,321.36,315.44,327.04,NTPC.NS
2025-12-23,322.48,316.79,328.89,NTPC.NS
2025-12-24,324.37,318.61,330.53,NTPC.NS
2025-12-26,326.59,320.63,332.35,NTPC.NS
2025-12-29,330.25,324.46,336.07,NTPC.NS
2025-12-30,331.51,325.37,337.73,NTPC.NS
2025-12-31,333.41,327.12,339.43,NTPC.NS
2026-01-01,334.21,328.54,340.39,NTPC.NS
2026-01-02,335.24,328.95,341.33,NTPC.NS
2026-01-05,337.53,331.44,343.71,NTPC.NS
2026-01-06,338.17,332.24,344.36,NTPC.NS
2026-01-07,339.4,333.24,345.45,NTPC.NS
2026-01-08,339.5,333.05,345.45,NTPC.NS
2026-01-09,339.83,333.63,346.13,NTPC.NS
2026-01-12,340.14,334.41,346.4,NTPC.NS
2026-01-13,340.23,334.41,346.31,NTPC.NS
2026-01-14,341.0,334.71,346.77,NTPC.NS
2026-01-15,340.73,334.87,347.17,NTPC.NS
2026-01-16,340.8,334.78,346.95,NTPC.NS
2026-01-19,341.02,335.12,347.56,NTPC.NS
2026-01-20,341.32,335.74,347.5,NTPC.NS
2026-01-21,342.39,336.21,348.68,NTPC.NS
2026-01-22,342.53,336.5,348.27,NTPC.NS
2026-01-23,343.1,337.18,348.96,NTPC.NS
2026-01-27,346.18,340.2,352.4,NTPC.NS
2026-01-28,347.95,341.69,354.23,NTPC.NS
2026-01-29,348.79,342.78,354.76,NTPC.NS
2026-01-30,350.02,343.68,356.03,NTPC.NS
2026-02-02,353.78,347.81,360.12,NTPC.NS
2026-02-03,355.18,349.14,361.36,NTPC.NS
2026-02-04,357.28,351.44,363.68,NTPC.NS
2026-02-05,358.34,352.3,364.06,NTPC.NS
2026-02-06,359.71,353.75,365.88,NTPC.NS
2026-02-09,363.33,357.28,368.76,NTPC.NS
2026-02-10,364.51,358.02,370.58,NTPC.NS
2026-02-11,366.33,360.14,372.69,NTPC.NS
2026-02-12,367.05,361.11,372.64,NTPC.NS
2026-02-13,368.03,362.44,373.84,NTPC.NS
2026-02-16,370.35,363.77,376.42,NTPC.NS
2026-02-17,371.1,365.17,376.97,NTPC.NS
2026-02-18,372.5,366.12,378.46,NTPC.NS
2026-02-19,372.82,366.48,378.46,NTPC.NS
2026-02-20,373.44,367.12,379.1,NTPC.NS
2026-02-23,374.94,369.21,381.49,NTPC.NS
2026-02-24,375.5,369.21,381.57,NTPC.NS
2026-02-25,376.75,370.37,382.76,NTPC.NS
2026-02-26,376.96,371.04,382.64,NTPC.NS
2026-02-27,377.5,371.34,383.5,NTPC.NS
2026-03-02,378.81,373.35,384.54,NTPC.NS
2026-03-04,380.45,374.78,386.45,NTPC.NS
2026-03-05,380.53,374.55,386.45,NTPC.NS
2026-03-06,380.89,374.99,386.74,NTPC.NS
2026-03-09,381.33,375.49,387.31,NTPC.NS
2026-03-10,381.4,375.69,387.71,NTPC.NS
2026-03-11,382.07,375.96,388.49,NTPC.NS
2026-03-12,381.61,375.16,387.92,NTPC.NS
2026-03-13,381.37,375.97,387.68,NTPC.NS
2026-03-16,379.76,373.72,386.02,NTPC.NS
2026-03-17,379.11,373.36,385.06,NTPC.NS
2026-03-18,379.07,373.49,385.36,NTPC.NS
2026-03-19,377.93,371.54,383.47,NTPC.NS
2026-03-20,377.05,371.02,382.92,NTPC.NS
2026-03-23,374.01,368.28,380.13,NTPC.NS
2026-03-24,373.09,367.21,378.88,NTPC.NS
2026-03-25,372.91,366.92,378.75,NTPC.NS
2026-03-27,371.04,365.04,377.14,NTPC.NS
2026-03-30,369.37,363.55,375.3,NTPC.NS
2026-04-01,369.93,363.84,376.39,NTPC.NS
2026-04-02,369.82,363.38,375.71,NTPC.NS
2026-04-06,372.39,366.63,378.96,NTPC.NS
2026-04-07,373.59,367.4,379.57,NTPC.NS
2026-04-08,375.64,369.8,381.92,NTPC.NS
2026-04-09,376.83,370.5,383.05,NTPC.NS
2026-04-10,378.47,372.46,384.55,NTPC.NS
2026-04-13,383.74,377.34,389.64,NTPC.NS
2026-04-15,388.32,382.59,394.64,NTPC.NS
2026-04-16,389.92,383.79,395.98,NTPC.NS
2026-04-17,391.78,385.31,397.72,NTPC.NS
2026-04-20,396.58,390.11,402.8,NTPC.NS
2026-04-21,398.01,392.35,404.07,NTPC.NS
2026-04-22,399.98,393.41,406.3,NTPC.NS
2026-04-23,400.74,394.86,406.71,NTPC.NS
2026-04-24,401.66,395.52,407.66,NTPC.NS
2026-04-27,403.05,396.81,409.28,NTPC.NS
2026-04-28,403.24,397.21,409.34,NTPC.NS
2026-04-29,403.96,397.57,409.87,NTPC.NS
2026-04-30,403.5,397.06,409.39,NTPC.NS
2026-05-01,403.22,397.54,409.63,NTPC.NS
2026-05-04,401.47,395.33,407.44,NTPC.NS
2026-05-05,400.8,394.53,406.89,NTPC.NS
2026-05-06,400.78,395.18,407.1,NTPC.NS
2026-05-07,399.69,393.42,405.79,NTPC.NS
2026-05-08,398.9,392.26,405.11,NTPC.NS
2026-05-11,396.31,389.78,402.46,NTPC.NS
2026-05-12,395.56,389.54,401.94,NTPC.NS
2026-05-13,395.53,389.49,401.75,NTPC.NS
2026-05-14,394.49,388.54,400.54,NTPC.NS
2026-05-15,393.8,387.95,400.47,NTPC.NS
2026-05-18,391.55,385.51,397.59,NTPC.NS
2026-05-19,390.88,384.77,397.25,NTPC.NS
2026-05-20,390.88,384.85,396.83,NTPC.NS
2026-05-21,389.82,383.67,395.59,NTPC.NS
2026-05-22,389.03,382.52,394.95,NTPC.NS
2026-05-25,386.02,380.05,391.87,NTPC.NS
2026-05-26,384.94,378.8,390.76,NTPC.NS
2026-05-27,384.45,378.27,390.79,NTPC.NS
2026-05-28,382.84,376.44,388.88,NTPC.NS
2026-05-29,381.45,375.16,387.43,NTPC.NS
2026-06-01,376.51,370.59,382.87,NTPC.NS
2026-06-02,374.79,369.05,381.25,NTPC.NS
2026-06-03,373.71,367.63,379.48,NTPC.NS
2026-06-04,371.56,365.17,377.57,NTPC.NS
2026-06-05,369.72,363.84,375.81,NTPC.NS
2026-06-08,364.05,358.09,370.16,NTPC.NS
2026-06-09,362.36,356.11,368.49,NTPC.NS
2026-06-10,361.44,355.31,367.65,NTPC.NS
2026-06-11,359.6,353.26,365.78,NTPC.NS
2026-06-12,358.22,351.89,364.36,NTPC.NS
2026-06-15,354.72,348.73,360.79,NTPC.NS
2026-06-16,353.97,347.79,360.33,NTPC.NS
2026-06-17,354.1,347.88,359.92,NTPC.NS
2026-06-18,353.36,347.37,359.57,NTPC.NS
2026-06-19,353.12,347.01,359.48,NTPC.NS
2026-06-22,353.04,346.92,359.21,NTPC.NS
2026-06-23,353.35,347.08,359.59,NTPC.NS
2026-06-24,354.43,348.48,360.41,NTPC.NS
2026-06-25,354.55,348.77,360.55,NTPC.NS
2026-06-26,355.04,349.18,361.33,NTPC.NS
2026-06-29,356.22,350.25,362.51,NTPC.NS
2026-06-30,356.61,350.89,362.66,NTPC.NS
2026-07-01,357.6,351.65,363.46,NTPC.NS
2026-07-02,357.46,351.78,363.47,NTPC.NS
2026-07-03,357.52,351.61,363.83,NTPC.NS
2026-07-06,356.62,350.45,362.78,NTPC.NS
2026-07-07,356.09,349.78,362.27,NTPC.NS
2026-07-08,356.11,350.47,361.9,NTPC.NS
2026-07-09,354.96,348.95,361.31,NTPC.NS
2026-07-10,353.99,347.44,360.17,NTPC.NS
2026-07-13,350.2,344.06,356.18,NTPC.NS
2026-07-14,348.87,342.41,354.68,NTPC.NS
2026-07-15,348.19,342.61,353.63,NTPC.NS
2026-07-16,346.46,340.94,352.89,NTPC.NS
2026-07-17,345.08,338.98,351.2,NTPC.NS
2026-07-20,340.98,334.98,347.34,NTPC.NS
2026-07-21,339.88,333.91,346.03,NTPC.NS
2026-07-22,339.58,333.21,345.56,NTPC.NS
2026-07-23,338.39,332.11,344.47,NTPC.NS
2026-07-24,337.67,331.42,343.4,NTPC.NS
2026-07-27,336.16,330.14,342.1,NTPC.NS
2026-07-28,336.05,330.24,341.93,NTPC.NS
2026-07-29,336.76,331.07,342.92,NTPC.NS
2026-07-30,336.58,330.45,342.64,NTPC.NS
2026-07-31,336.83,330.67,342.94,NTPC.NS
2026-08-03,337.83,331.4,344.27,NTPC.NS
2026-08-04,338.35,332.34,344.17,NTPC.NS
2026-08-05,339.57,333.3,345.6,NTPC.NS
2026-08-06,339.76,333.86,345.81,NTPC.NS
2026-08-07,340.23,334.23,346.0,NTPC.NS
2026-08-10,341.06,334.47,347.07,NTPC.NS
2026-08-11,341.25,335.36,347.22,NTPC.NS
2026-08-12,342.02,336.04,348.55,NTPC.NS
2026-08-13,341.67,335.64,347.87,NTPC.NS
2026-08-14,341.52,335.36,347.53,NTPC.NS
2026-08-17,340.22,334.3,346.3,NTPC.NS
2026-08-18,339.69,333.48,346.2,NTPC.NS
2026-08-19,339.78,333.18,346.52,NTPC.NS
2026-08-20,338.79,332.48,344.26,NTPC.NS
2026-08-21,338.09,331.94,344.36,NTPC.NS
2026-08-24,335.7,329.66,341.3,NTPC.NS
2026-08-25,335.04,329.45,340.81,NTPC.NS
2026-08-26,335.12,328.89,341.02,NTPC.NS
2026-08-27,334.26,328.12,340.14,NTPC.NS
2026-08-28,333.8,327.85,339.99,NTPC.NS
2026-08-31,332.82,326.8,339.04,NTPC.NS
2026-09-01,332.82,326.97,339.21,NTPC.NS
2026-09-02,333.62,327.79,339.8,NTPC.NS
2025-07-22,230.24,224.97,235.73,ONGC.NS
2025-07-23,231.16,226.02,236.71,ONGC.NS
2025-07-24,231.0,225.46,236.04,ONGC.NS
2025-07-25,229.85,224.51,235.24,ONGC.NS
2025-07-28,228.28,222.83,233.55,ONGC.NS
2025-07-29,228.33,222.92,233.67,ONGC.NS
2025-07-30,228.8,223.79,234.01,ONGC.NS
2025-07-31,228.25,222.96,233.57,ONGC.NS
2025-08-01,226.78,221.65,232.01,ONGC.NS
2025-08-04,224.65,219.44,229.93,ONGC.NS
2025-08-05,224.66,219.45,230.3,ONGC.NS
2025-08-06,225.17,219.93,230.02,ONGC.NS
2025-08-07,224.72,219.14,229.72,ONGC.NS
2025-08-08,223.42,217.96,229.0,ONGC.NS
2025-08-11,222.12,216.79,227.32,ONGC.NS
2025-08-12,222.5,216.96,227.7,ONGC.NS
2025-08-13,223.4,218.18,228.71,ONGC.NS
2025-08-14,223.35,217.99,228.74,ONGC.NS
2025-08-18,222.3,216.98,227.69,ONGC.NS
2025-08-19,223.01,217.66,228.31,ONGC.NS
2025-08-20,224.19,218.64,229.88,ONGC.NS
2025-08-21,224.39,219.15,229.73,ONGC.NS
2025-08-22,223.68,218.17,228.92,ONGC.NS
2025-08-25,223.77,218.34,229.13,ONGC.NS
2025-08-26,224.45,219.06,229.54,ONGC.NS
2025-08-28,225.61,220.47,230.83,ONGC.NS
2025-08-29,224.73,219.37,230.14,ONGC.NS
2025-09-01,224.14,218.55,229.55,ONGC.NS
2025-09-02,224.56,218.97,229.59,ONGC.NS
2025-09-03,225.4,220.13,231.18,ONGC.NS
2025-09-04,225.22,219.63,230.46,ONGC.NS
2025-09-05,224.12,218.39,229.49,ONGC.NS
2025-09-08,223.02,217.72,228.68,ONGC.NS
2025-09-09,223.36,217.86,228.6,ONGC.NS
2025-09-10,224.17,218.75,229.39,ONGC.NS
2025-09-11,224.01,218.55,229.26,ONGC.NS
2025-09-12,222.97,217.28,228.31,ONGC.NS
2025-09-15,222.41,216.84,227.54,ONGC.NS
2025-09-16,223.01,217.74,228.79,ONGC.NS
2025-09-17,224.13,218.53,229.53,ONGC.NS
2025-09-18,224.32,219.35,229.73,ONGC.NS
2025-09-19,223.65,217.99,228.84,ONGC.NS
2025-09-22,224.27,218.82,229.45,ONGC.NS
2025-09-23,225.26,219.63,230.13,ONGC.NS
2025-09-24,226.75,221.43,232.38,ONGC.NS
2025-09-25,227.29,222.26,232.75,ONGC.NS
2025-09-26,226.94,221.74,232.23,ONGC.NS
2025-09-29,228.29,222.7,233.41,ONGC.NS
2025-09-30,229.43,223.95,235.51,ONGC.NS
2025-10-01,231.03,224.98,236.41,ONGC.NS
2025-10-03,231.28,225.79,237.06,ONGC.NS
2025-10-06,232.39,227.23,237.85,ONGC.NS
2025-10-07,233.39,227.83,238.43,ONGC.NS
2025-10-08,234.81,229.91,240.48,ONGC.NS
2025-10-09,235.2,229.72,240.54,ONGC.NS
2025-10-10,234.65,229.49,240.26,ONGC.NS
2025-10-13,235.11,229.6,240.66,ONGC.NS
2025-10-14,235.91,230.71,240.78,ONGC.NS
2025-10-15,237.15,231.92,242.47,ONGC.NS
2025-10-16,237.38,231.95,242.66,ONGC.NS
2025-10-17,236.69,231.21,242.16,ONGC.NS
2025-10-20,236.91,231.31,242.66,ONGC.NS
2025-10-21,237.68,232.46,243.28,ONGC.NS
2025-10-23,239.17,234.13,245.11,ONGC.NS
2025-10-24,238.52,233.29,243.83,ONGC.NS
2025-10-27,238.92,233.71,244.49,ONGC.NS
2025-10-28,239.76,234.56,245.17,ONGC.NS
2025-10-29,241.06,235.32,246.37,ONGC.NS
2025-10-30,241.36,236.02,246.71,ONGC.NS
2025-10-31,240.74,235.61,246.27,ONGC.NS
2025-11-03,241.11,235.84,246.31,ONGC.NS
2025-11-04,241.88,236.62,247.43,ONGC.NS
2025-11-06,243.24,238.06,248.79,ONGC.NS
2025-11-07,242.47,237.2,248.08,ONGC.NS
2025-11-10,242.17,236.8,247.38,ONGC.NS
2025-11-11,242.67,237.38,248.32,ONGC.NS
2025-11-12,243.58,238.22,249.44,ONGC.NS
2025-11-13,243.45,238.11,249.14,ONGC.NS
2025-11-14,242.37,237.12,248.03,ONGC.NS
2025-11-17,241.17,235.78,246.75,ONGC.NS
2025-11-18,241.39,236.55,247.07,ONGC.NS
2025-11-19,242.03,236.73,247.31,ONGC.NS
2025-11-20,241.65,236.37,246.92,ONGC.NS
2025-11-21,240.35,235.09,245.98,ONGC.NS
2025-11-24,238.64,233.35,244.42,ONGC.NS
2025-11-25,238.74,233.15,243.95,ONGC.NS
2025-11-26,239.3,233.86,244.83,ONGC.NS
2025-11-27,238.86,233.33,244.07,ONGC.NS
2025-11-28,237.52,232.28,242.74,ONGC.NS
2025-12-01,235.81,229.93,241.02,ONGC.NS
2025-12-02,235.94,230.35,241.35,ONGC.NS
2025-12-03,236.53,231.15,241.48,ONGC.NS
2025-12-04,236.13,231.01,241.74,ONGC.NS
2025-12-05,234.82,229.25,240.51,ONGC.NS
2025-12-08,233.2,227.85,238.39,ONGC.NS
2025-12-09,233.35,227.8,238.55,ONGC.NS
2025-12-10,233.95,228.3,239.57,ONGC.NS
2025-12-11,233.56,228.13,238.39,ONGC.NS
2025-12-12,232.25,227.0,237.64,ONGC.NS
2025-12-15,230.62,225.27,236.05,ONGC.NS
2025-12-16,230.77,225.59,235.94,ONGC.NS
2025-12-17,231.38,226.0,236.92,ONGC.NS
2025-12-18,231.01,225.71,236.37,ONGC.NS
2025-12-19,229.75,224.25,235.1,ONGC.NS
2025-12-22,228.39,223.26,233.97,ONGC.NS
2025-12-23,228.69,223.34,234.02,ONGC.NS
2025-12-24,229.48,223.96,235.41,ONGC.NS
2025-12-26,228.32,222.97,233.83,ONGC.NS
2025-12-29,227.91,222.89,233.37,ONGC.NS
2025-12-30,228.58,223.45,233.91,ONGC.NS
2025-12-31,229.78,224.2,235.38,ONGC.NS
2026-01-01,230.05,224.81,235.46,ONGC.NS
2026-01-02,229.47,223.9,235.4,ONGC.NS
2026-01-05,230.39,225.18,235.85,ONGC.NS
2026-01-06,231.5,225.99,236.95,ONGC.NS
2026-01-07,233.11,228.09,238.56,ONGC.NS
2026-01-08,233.77,228.22,239.66,ONGC.NS
2026-01-09,233.56,228.37,238.91,ONGC.NS
2026-01-12,235.39,230.0,240.87,ONGC.NS
2026-01-13,236.73,231.64,242.38,ONGC.NS
2026-01-14,238.53,232.76,243.8,ONGC.NS
2026-01-15,239.35,234.23,244.58,ONGC.NS
2026-01-16,239.26,234.01,244.63,ONGC.NS
2026-01-19,241.26,236.0,247.03,ONGC.NS
2026-01-20,242.61,237.11,248.22,ONGC.NS
2026-01-21,244.42,238.8,249.37,ONGC.NS
2026-01-22,245.23,240.15,250.8,ONGC.NS
2026-01-23,245.13,239.92,250.48,ONGC.NS
2026-01-27,248.59,243.23,254.04,ONGC.NS
2026-01-28,250.48,244.83,256.03,ONGC.NS
2026-01-29,251.39,246.12,256.71,ONGC.NS
2026-01-30,251.44,246.13,256.94,ONGC.NS
2026-02-02,254.07,248.75,259.21,ONGC.NS
2026-02-03,255.72,249.99,261.06,ONGC.NS
2026-02-04,257.86,252.34,263.41,ONGC.NS
2026-02-05,259.04,254.26,264.21,ONGC.NS
2026-02-06,259.35,254.25,264.66,ONGC.NS
2026-02-09,262.69,257.56,268.38,ONGC.NS
2026-02-10,264.51,258.92,269.6,ONGC.NS
2026-02-11,266.78,261.28,272.17,ONGC.NS
2026-02-12,268.03,262.96,273.69,ONGC.NS
2026-02-13,268.35,262.82,273.41,ONGC.NS
2026-02-16,271.26,266.12,276.91,ONGC.NS
2026-02-17,272.77,267.81,277.78,ONGC.NS
2026-02-18,274.64,269.32,280.11,ONGC.NS
2026-02-19,275.41,269.83,279.99,ONGC.NS
2026-02-20,275.16,269.48,281.03,ONGC.NS
2026-02-23,275.94,270.42,281.29,ONGC.NS
2026-02-24,276.63,271.42,282.25,ONGC.NS
2026-02-25,277.64,272.16,283.19,ONGC.NS
2026-02-26,277.52,272.51,282.79,ONGC.NS
2026-02-27,276.38,271.18,281.49,ONGC.NS
2026-03-02,274.57,269.15,279.74,ONGC.NS
2026-03-04,274.79,269.18,280.03,ONGC.NS
2026-03-05,274.05,268.69,279.21,ONGC.NS
2026-03-06,272.38,266.84,277.69,ONGC.NS
2026-03-09,269.68,264.22,274.67,ONGC.NS
2026-03-10,269.54,264.04,274.63,ONGC.NS
2026-03-11,269.92,264.56,274.95,ONGC.NS
2026-03-12,269.38,263.8,274.55,ONGC.NS
2026-03-13,268.04,262.48,273.63,ONGC.NS
2026-03-16,266.96,261.61,272.08,ONGC.NS
2026-03-17,267.55,262.38,273.05,ONGC.NS
2026-03-18,268.72,263.68,274.07,ONGC.NS
2026-03-19,269.04,263.58,274.43,ONGC.NS
2026-03-20,268.57,263.46,273.54,ONGC.NS
2026-03-23,270.16,264.55,275.97,ONGC.NS
2026-03-24,271.58,266.2,277.15,ONGC.NS
2026-03-25,273.54,268.32,278.99,ONGC.NS
2026-03-27,274.73,269.15,279.9,ONGC.NS
2026-03-30,277.62,272.28,283.06,ONGC.NS
2026-04-01,281.3,275.96,286.88,ONGC.NS
2026-04-02,282.31,276.66,287.77,ONGC.NS
2026-04-06,284.25,278.77,289.67,ONGC.NS
2026-04-07,285.4,280.07,290.53,ONGC.NS
2026-04-08,286.9,281.46,292.22,ONGC.NS
2026-04-09,287.32,281.83,292.64,ONGC.NS
2026-04-10,286.73,281.61,291.94,ONGC.NS
2026-04-13,286.77,281.08,292.45,ONGC.NS
2026-04-15,288.32,283.7,293.38,ONGC.NS
2026-04-16,288.26,283.09,293.86,ONGC.NS
2026-04-17,287.27,282.02,292.44,ONGC.NS
2026-04-20,286.58,280.84,291.67,ONGC.NS
2026-04-21,287.07,281.82,292.42,ONGC.NS
2026-04-22,288.06,282.35,293.31,ONGC.NS
2026-04-23,288.09,282.72,293.52,ONGC.NS
2026-04-24,287.27,282.08,292.54,ONGC.NS
2026-04-27,287.42,282.1,292.67,ONGC.NS
2026-04-28,288.27,282.98,293.79,ONGC.NS
2026-04-29,289.63,283.98,294.65,ONGC.NS
2026-04-30,290.05,284.55,295.58,ONGC.NS
2026-05-01,289.6,284.1,295.32,ONGC.NS
2026-05-04,290.67,285.24,296.0,ONGC.NS
2026-05-05,291.72,286.06,297.33,ONGC.NS
2026-05-06,293.21,287.48,298.51,ONGC.NS
2026-05-07,293.67,287.99,298.8,ONGC.NS
2026-05-08,293.17,287.77,298.62,ONGC.NS
2026-05-11,293.54,288.22,299.09,ONGC.NS
2026-05-12,294.16,288.88,299.08,ONGC.NS
2026-05-13,295.13,290.12,300.55,ONGC.NS
2026-05-14,294.99,289.53,300.4,ONGC.NS
2026-05-15,293.81,288.26,299.16,ONGC.NS
2026-05-18,291.72,286.06,297.0,ONGC.NS
2026-05-19,291.43,285.73,296.7,ONGC.NS
2026-05-20,291.46,286.4,296.87,ONGC.NS
2026-05-21,290.36,284.59,295.78,ONGC.NS
2026-05-22,288.21,282.82,293.27,ONGC.NS
2026-05-25,283.36,278.01,288.27,ONGC.NS
2026-05-26,282.22,276.51,287.64,ONGC.NS
2026-05-27,281.45,276.59,286.85,ONGC.NS
2026-05-28,279.61,274.34,284.8,ONGC.NS
2026-05-29,276.79,271.54,281.84,ONGC.NS
2026-06-01,270.38,265.43,275.59,ONGC.NS
2026-06-02,268.89,263.35,274.32,ONGC.NS
2026-06-03,267.85,262.61,273.31,ONGC.NS
2026-06-04,265.82,260.53,271.16,ONGC.NS
2026-06-05,262.9,257.47,268.84,ONGC.NS
2026-06-08,256.63,251.29,262.17,ONGC.NS
2026-06-09,255.33,250.52,260.95,ONGC.NS
2026-06-10,254.55,249.36,260.16,ONGC.NS
2026-06-11,252.84,247.32,257.77,ONGC.NS
2026-06-12,250.3,245.11,255.64,ONGC.NS
2026-06-15,245.46,240.25,250.85,ONGC.NS
2026-06-16,244.72,239.57,250.06,ONGC.NS
2026-06-17,244.53,238.94,249.84,ONGC.NS
2026-06-18,243.45,237.88,249.29,ONGC.NS
2026-06-19,241.56,236.33,247.09,ONGC.NS
2026-06-22,238.83,233.53,244.06,ONGC.NS
2026-06-23,238.83,233.41,244.39,ONGC.NS
2026-06-24,239.39,234.07,245.02,ONGC.NS
2026-06-25,239.07,233.88,244.53,ONGC.NS
2026-06-26,237.95,232.61,243.07,ONGC.NS
2026-06-29,237.51,232.4,242.97,ONGC.NS
2026-06-30,238.24,232.82,243.61,ONGC.NS
2026-07-01,239.53,234.63,245.11,ONGC.NS
2026-07-02,239.9,234.19,245.82,ONGC.NS
2026-07-03,239.44,233.68,244.94,ONGC.NS
2026-07-06,240.72,235.12,246.3,ONGC.NS
2026-07-07,241.93,236.24,247.32,ONGC.NS
2026-07-08,243.62,238.08,249.27,ONGC.NS
2026-07-09,244.33,239.0,249.58,ONGC.NS
2026-07-10,244.14,238.9,249.7,ONGC.NS
2026-07-13,245.77,240.34,250.93,ONGC.NS
2026-07-14,246.93,241.66,252.33,ONGC.NS
2026-07-15,248.5,242.96,253.64,ONGC.NS
2026-07-16,249.01,243.71,254.27,ONGC.NS
2026-07-17,248.55,243.11,254.06,ONGC.NS
2026-07-20,248.97,243.91,254.4,ONGC.NS
2026-07-21,249.63,244.17,255.02,ONGC.NS
2026-07-22,250.66,245.29,255.74,ONGC.NS
2026-07-23,250.6,245.25,256.33,ONGC.NS
2026-07-24,249.55,244.0,254.93,ONGC.NS
2026-07-27,248.23,242.91,253.69,ONGC.NS
2026-07-28,248.35,242.86,253.89,ONGC.NS
2026-07-29,248.87,243.25,254.2,ONGC.NS
2026-07-30,248.35,243.31,253.87,ONGC.NS
2026-07-31,246.9,241.27,252.01,ONGC.NS
2026-08-03,244.75,239.61,250.44,ONGC.NS
2026-08-04,244.74,239.26,250.14,ONGC.NS
2026-08-05,245.2,239.92,250.6,ONGC.NS
2026-08-06,244.7,239.13,250.24,ONGC.NS
2026-08-07,243.34,238.27,249.04,ONGC.NS
2026-08-10,241.83,236.63,247.6,ONGC.NS
2026-08-11,242.13,236.84,247.88,ONGC.NS
2026-08-12,242.95,237.47,248.45,ONGC.NS
2026-08-13,242.83,237.4,247.88,ONGC.NS
2026-08-14,241.86,236.24,247.01,ONGC.NS
2026-08-17,241.55,236.34,247.19,ONGC.NS
2026-08-18,242.22,236.84,247.72,ONGC.NS
2026-08-19,243.38,238.19,249.05,ONGC.NS
2026-08-20,243.56,238.06,248.58,ONGC.NS
2026-08-21,242.84,237.08,248.27,ONGC.NS
2026-08-24,242.98,237.44,248.26,ONGC.NS
2026-08-25,243.69,237.98,249.0,ONGC.NS
2026-08-26,244.83,239.27,249.87,ONGC.NS
2026-08-27,244.94,239.31,250.14,ONGC.NS
2026-08-28,244.11,239.22,249.46,ONGC.NS
2026-08-31,243.66,238.68,248.85,ONGC.NS
2026-09-01,244.12,238.61,249.56,ONGC.NS
2026-09-02,245.01,239.63,250.17,ONGC.NS
2025-07-22,284.65,280.22,289.49,POWERGRID.NS
2025-07-23,284.91,280.71,289.36,POWERGRID.NS
2025-07-24,283.83,279.6,288.16,POWERGRID.NS
2025-07-25,283.42,279.04,287.76,POWERGRID.NS
2025-07-28,283.19,278.72,287.44,POWERGRID.NS
2025-07-29,282.88,278.39,287.67,POWERGRID.NS
2025-07-30,283.24,278.59,287.83,POWERGRID.NS
2025-07-31,282.22,277.87,286.67,POWERGRID.NS
2025-08-01,281.87,277.26,286.2,POWERGRID.NS
2025-08-04,281.58,276.94,285.95,POWERGRID.NS
2025-08-05,281.19,276.6,285.73,POWERGRID.NS
2025-08-06,281.43,276.87,285.93,POWERGRID.NS
2025-08-07,280.27,275.43,284.85,POWERGRID.NS
2025-08-08,279.75,275.49,284.27,POWERGRID.NS
2025-08-11,278.86,274.77,283.52,POWERGRID.NS
2025-08-12,278.27,273.78,283.1,POWERGRID.NS
2025-08-13,278.31,273.94,282.75,POWERGRID.NS
2025-08-14,276.98,272.61,281.1,POWERGRID.NS
2025-08-18,275.25,270.75,279.53,POWERGRID.NS
2025-08-19,274.71,270.22,279.1,POWERGRID.NS
2025-08-20,274.86,270.86,279.45,POWERGRID.NS
2025-08-21,273.7,269.14,277.75,POWERGRID.NS
2025-08-22,273.26,269.11,277.61,POWERGRID.NS
2025-08-25,273.24,268.68,278.08,POWERGRID.NS
2025-08-26,273.14,268.68,277.48,POWERGRID.NS
2025-08-28,273.11,268.69,277.53,POWERGRID.NS
2025-08-29,273.19,268.89,278.12,POWERGRID.NS
2025-09-01,274.68,270.34,279.15,POWERGRID.NS
2025-09-02,275.03,270.73,279.56,POWERGRID.NS
2025-09-03,276.07,271.83,280.36,POWERGRID.NS
2025-09-04,275.76,271.27,280.08,POWERGRID.NS
2025-09-05,276.12,271.58,280.47,POWERGRID.NS
2025-09-08,278.0,273.58,282.49,POWERGRID.NS
2025-09-09,278.31,274.0,282.89,POWERGRID.NS
2025-09-10,279.23,274.78,283.69,POWERGRID.NS
2025-09-11,278.73,274.37,283.24,POWERGRID.NS
2025-09-12,278.82,274.49,283.23,POWERGRID.NS
2025-09-15,279.55,275.19,284.05,POWERGRID.NS
2025-09-16,279.4,274.67,283.47,POWERGRID.NS
2025-09-17,279.84,275.79,284.3,POWERGRID.NS
2025-09-18,278.84,274.5,282.9,POWERGRID.NS
2025-09-19,278.46,274.01,282.85,POWERGRID.NS
2025-09-22,277.99,273.15,282.2,POWERGRID.NS
2025-09-23,277.55,273.24,282.09,POWERGRID.NS
2025-09-24,277.78,273.79,282.29,POWERGRID.NS
2025-09-25,276.66,272.13,280.98,POWERGRID.NS
2025-09-26,276.24,271.76,280.71,POWERGRID.NS
2025-09-29,276.18,271.59,280.6,POWERGRID.NS
2025-09-30,276.05,271.66,280.29,POWERGRID.NS
2025-10-01,276.66,272.32,281.17,POWERGRID.NS
2025-10-03,276.07,271.61,280.71,POWERGRID.NS
2025-10-06,277.66,273.21,282.3,POWERGRID.NS
2025-10-07,278.08,273.45,282.49,POWERGRID.NS
2025-10-08,279.2,274.61,283.59,POWERGRID.NS
2025-10-09,279.0,274.78,283.57,POWERGRID.NS
2025-10-10,279.49,275.31,284.29,POWERGRID.NS
2025-10-13,281.79,277.31,286.25,POWERGRID.NS
2025-10-14,282.23,277.95,286.66,POWERGRID.NS
2025-10-15,283.28,278.61,287.75,POWERGRID.NS
2025-10-16,282.88,278.28,287.26,POWERGRID.NS
2025-10-17,283.06,278.53,287.55,POWERGRID.NS
2025-10-20,283.81,279.25,288.14,POWERGRID.NS
2025-10-21,283.57,279.33,288.23,POWERGRID.NS
2025-10-23,282.67,278.33,287.09,POWERGRID.NS
2025-10-24,282.02,277.3,286.4,POWERGRID.NS
2025-10-27,280.33,276.04,284.55,POWERGRID.NS
2025-10-28,279.35,275.25,283.82,POWERGRID.NS
2025-10-29,278.98,274.55,283.18,POWERGRID.NS
2025-10-30,277.19,272.54,281.37,POWERGRID.NS
2025-10-31,276.05,271.85,280.62,POWERGRID.NS
2025-11-03,273.59,269.17,278.33,POWERGRID.NS
2025-11-04,272.6,268.18,276.89,POWERGRID.NS
2025-11-06,270.79,266.13,275.05,POWERGRID.NS
2025-11-07,269.99,265.57,274.25,POWERGRID.NS
2025-11-10,269.12,264.58,273.61,POWERGRID.NS
2025-11-11,268.79,264.18,272.97,POWERGRID.NS
2025-11-12,269.22,264.49,273.74,POWERGRID.NS
2025-11-13,268.38,264.2,272.64,POWERGRID.NS
2025-11-14,268.29,263.96,272.71,POWERGRID.NS
2025-11-17,269.28,264.75,273.69,POWERGRID.NS
2025-11-18,269.43,265.12,274.03,POWERGRID.NS
2025-11-19,270.26,265.75,274.38,POWERGRID.NS
2025-11-20,269.71,265.15,274.36,POWERGRID.NS
2025-11-21,269.79,265.41,274.14,POWERGRID.NS
2025-11-24,270.61,266.09,275.0,POWERGRID.NS
2025-11-25,270.48,266.09,274.85,POWERGRID.NS
2025-11-26,270.92,266.07,274.84,POWERGRID.NS
2025-11-27,269.9,265.27,274.27,POWERGRID.NS
2025-11-28,269.45,265.01,273.56,POWERGRID.NS
2025-12-01,268.39,263.88,273.19,POWERGRID.NS
2025-12-02,267.63,263.01,271.74,POWERGRID.NS
2025-12-03,267.46,262.93,271.86,POWERGRID.NS
2025-12-04,265.86,261.51,270.07,POWERGRID.NS
2025-12-05,264.9,260.68,269.33,POWERGRID.NS
2025-12-08,262.87,258.58,267.16,POWERGRID.NS
2025-12-09,262.0,257.77,266.47,POWERGRID.NS
2025-12-10,261.84,257.68,266.32,POWERGRID.NS
2025-12-11,260.39,255.91,264.99,POWERGRID.NS
2025-12-12,259.69,255.24,264.26,POWERGRID.NS
2025-12-15,259.09,254.73,264.0,POWERGRID.NS
2025-12-16,258.87,254.59,263.4,POWERGRID.NS
2025-12-17,259.42,255.12,263.72,POWERGRID.NS
2025-12-18,258.72,254.45,263.32,POWERGRID.NS
2025-12-19,258.79,254.36,263.14,POWERGRID.NS
2025-12-22,260.37,255.73,264.45,POWERGRID.NS
2025-12-23,260.77,256.47,265.27,POWERGRID.NS
2025-12-24,261.85,257.68,266.47,POWERGRID.NS
2025-12-26,261.93,257.55,266.15,POWERGRID.NS
2025-12-29,263.59,258.99,267.77,POWERGRID.NS
2025-12-30,263.73,259.11,267.91,POWERGRID.NS
2025-12-31,264.42,259.98,268.77,POWERGRID.NS
2026-01-01,263.62,259.06,267.93,POWERGRID.NS
2026-01-02,263.35,258.98,267.6,POWERGRID.NS
2026-01-05,262.62,258.3,266.73,POWERGRID.NS
2026-01-06,261.88,257.08,266.39,POWERGRID.NS
2026-01-07,261.68,257.29,266.02,POWERGRID.NS
2026-01-08,260.02,255.38,264.54,POWERGRID.NS
2026-01-09,258.95,254.49,263.2,POWERGRID.NS
2026-01-12,256.4,251.99,260.78,POWERGRID.NS
2026-01-13,255.32,250.67,259.64,POWERGRID.NS
2026-01-14,254.96,250.62,259.11,POWERGRID.NS
2026-01-15,253.32,249.18,257.66,POWERGRID.NS
2026-01-16,252.45,247.88,256.62,POWERGRID.NS
2026-01-19,251.71,247.33,256.19,POWERGRID.NS
2026-01-20,251.61,247.28,256.31,POWERGRID.NS
2026-01-21,252.4,247.78,257.0,POWERGRID.NS
2026-01-22,252.06,247.23,256.68,POWERGRID.NS
2026-01-23,252.62,247.98,256.69,POWERGRID.NS
2026-01-27,258.26,253.61,262.45,POWERGRID.NS
2026-01-28,260.7,256.25,265.06,POWERGRID.NS
2026-01-29,261.96,257.47,266.34,POWERGRID.NS
2026-01-30,264.05,259.69,268.14,POWERGRID.NS
2026-02-02,271.92,267.26,276.46,POWERGRID.NS
2026-02-03,274.43,269.97,278.88,POWERGRID.NS
2026-02-04,277.61,273.42,282.01,POWERGRID.NS
2026-02-05,279.4,274.64,283.76,POWERGRID.NS
2026-02-06,281.8,277.21,286.35,POWERGRID.NS
2026-02-09,289.3,285.09,293.46,POWERGRID.NS
2026-02-10,291.27,286.98,295.54,POWERGRID.NS
2026-02-11,293.73,289.35,298.03,POWERGRID.NS
2026-02-12,294.64,290.36,298.81,POWERGRID.NS
2026-02-13,296.02,291.28,300.42,POWERGRID.NS
2026-02-16,299.82,295.24,304.4,POWERGRID.NS
2026-02-17,300.45,295.76,305.02,POWERGRID.NS
2026-02-18,301.56,297.35,306.31,POWERGRID.NS
2026-02-19,301.13,297.03,305.4,POWERGRID.NS
2026-02-20,301.21,296.6,305.74,POWERGRID.NS
2026-02-23,301.6,296.91,306.06,POWERGRID.NS
2026-02-24,301.31,297.06,305.8,POWERGRID.NS
2026-02-25,301.61,297.24,305.69,POWERGRID.NS
2026-02-26,300.51,296.18,305.38,POWERGRID.NS
2026-02-27,300.05,295.51,304.52,POWERGRID.NS
2026-03-02,299.6,295.15,304.16,POWERGRID.NS
2026-03-04,299.59,295.5,304.46,POWERGRID.NS
2026-03-05,298.61,294.43,303.04,POWERGRID.NS
2026-03-06,298.34,293.92,302.75,POWERGRID.NS
2026-03-09,298.62,294.3,303.13,POWERGRID.NS
2026-03-10,298.53,294.16,303.35,POWERGRID.NS
2026-03-11,299.11,294.76,303.55,POWERGRID.NS
2026-03-12,298.32,293.76,302.8,POWERGRID.NS
2026-03-13,298.2,293.87,302.66,POWERGRID.NS
2026-03-16,298.61,294.06,302.77,POWERGRID.NS
2026-03-17,298.43,293.91,303.26,POWERGRID.NS
2026-03-18,298.87,294.72,303.01,POWERGRID.NS
2026-03-19,297.9,293.49,302.51,POWERGRID.NS
2026-03-20,297.55,293.25,302.03,POWERGRID.NS
2026-03-23,297.15,292.69,301.44,POWERGRID.NS
2026-03-24,296.72,292.32,301.04,POWERGRID.NS
2026-03-25,296.93,292.41,301.01,POWERGRID.NS
2026-03-27,295.31,290.96,299.66,POWERGRID.NS
2026-03-30,295.03,290.48,299.28,POWERGRID.NS
2026-04-01,295.37,290.75,300.13,POWERGRID.NS
2026-04-02,294.67,290.11,299.38,POWERGRID.NS
2026-04-06,296.67,292.33,301.0,POWERGRID.NS
2026-04-07,297.35,292.82,301.72,POWERGRID.NS
2026-04-08,298.83,294.76,303.34,POWERGRID.NS
2026-04-09,299.08,294.52,303.42,POWERGRID.NS
2026-04-10,300.12,295.65,304.58,POWERGRID.NS
2026-04-13,304.76,300.17,309.28,POWERGRID.NS
2026-04-15,308.38,303.81,312.51,POWERGRID.NS
2026-04-16,309.19,304.8,313.77,POWERGRID.NS
2026-04-17,310.65,305.97,314.78,POWERGRID.NS
2026-04-20,315.66,311.17,319.87,POWERGRID.NS
2026-04-21,316.9,312.31,321.7,POWERGRID.NS
2026-04-22,318.68,314.12,323.42,POWERGRID.NS
2026-04-23,318.94,314.62,323.57,POWERGRID.NS
2026-04-24,319.71,315.31,324.07,POWERGRID.NS
2026-04-27,321.78,316.94,326.08,POWERGRID.NS
2026-04-28,321.82,317.53,326.53,POWERGRID.NS
2026-04-29,322.33,317.64,326.86,POWERGRID.NS
2026-04-30,321.26,317.15,325.56,POWERGRID.NS
2026-05-01,320.66,316.2,325.49,POWERGRID.NS
2026-05-04,318.7,314.17,323.16,POWERGRID.NS
2026-05-05,317.49,312.98,321.65,POWERGRID.NS
2026-05-06,316.82,312.5,320.68,POWERGRID.NS
2026-05-07,314.67,310.29,319.21,POWERGRID.NS
2026-05-08,313.11,308.67,317.46,POWERGRID.NS
2026-05-11,309.02,304.47,313.14,POWERGRID.NS
2026-05-12,307.38,302.91,311.95,POWERGRID.NS
2026-05-13,306.43,302.08,310.93,POWERGRID.NS
2026-05-14,304.14,299.71,308.61,POWERGRID.NS
2026-05-15,302.56,298.43,307.27,POWERGRID.NS
2026-05-18,299.13,294.45,303.55,POWERGRID.NS
2026-05-19,297.91,293.52,302.45,POWERGRID.NS
2026-05-20,297.43,293.0,301.72,POWERGRID.NS
2026-05-21,295.68,291.14,300.12,POWERGRID.NS
2026-05-22,294.68,290.2,298.96,POWERGRID.NS
2026-05-25,293.05,288.4,296.98,POWERGRID.NS
2026-05-26,292.41,288.02,296.97,POWERGRID.NS
2026-05-27,292.49,288.0,296.88,POWERGRID.NS
2026-05-28,291.25,286.75,295.64,POWERGRID.NS
2026-05-29,290.71,286.03,295.29,POWERGRID.NS
2026-06-01,290.18,285.95,294.65,POWERGRID.NS
2026-06-02,289.79,285.62,294.1,POWERGRID.NS
2026-06-03,290.06,285.5,294.58,POWERGRID.NS
2026-06-04,288.98,284.71,293.45,POWERGRID.NS
2026-06-05,288.56,284.06,293.12,POWERGRID.NS
2026-06-08,288.19,283.97,292.73,POWERGRID.NS
2026-06-09,287.82,283.44,292.56,POWERGRID.NS
2026-06-10,288.11,283.62,292.82,POWERGRID.NS
2026-06-11,287.05,282.74,291.23,POWERGRID.NS
2026-06-12,286.66,282.16,291.33,POWERGRID.NS
2026-06-15,286.5,282.08,290.74,POWERGRID.NS
2026-06-16,286.24,281.79,290.52,POWERGRID.NS
2026-06-17,286.68,282.14,291.31,POWERGRID.NS
2026-06-18,285.78,281.37,290.01,POWERGRID.NS
2026-06-19,285.58,281.25,289.99,POWERGRID.NS
2026-06-22,286.04,281.56,290.81,POWERGRID.NS
2026-06-23,286.01,281.91,290.42,POWERGRID.NS
2026-06-24,286.66,282.34,291.01,POWERGRID.NS
2026-06-25,285.96,281.42,290.03,POWERGRID.NS
2026-06-26,285.94,281.6,290.53,POWERGRID.NS
2026-06-29,286.79,282.22,291.59,POWERGRID.NS
2026-06-30,286.81,282.11,291.11,POWERGRID.NS
2026-07-01,287.47,282.88,292.07,POWERGRID.NS
2026-07-02,286.75,282.06,290.93,POWERGRID.NS
2026-07-03,286.66,282.36,291.1,POWERGRID.NS
2026-07-06,287.06,283.12,291.14,POWERGRID.NS
2026-07-07,286.86,282.5,291.41,POWERGRID.NS
2026-07-08,287.29,282.83,291.5,POWERGRID.NS
2026-07-09,286.3,281.83,290.39,POWERGRID.NS
2026-07-10,285.94,281.53,290.42,POWERGRID.NS
2026-07-13,285.55,281.12,289.51,POWERGRID.NS
2026-07-14,285.12,280.56,289.24,POWERGRID.NS
2026-07-15,285.33,280.86,289.61,POWERGRID.NS
2026-07-16,284.17,279.52,288.57,POWERGRID.NS
2026-07-17,283.66,278.83,288.19,POWERGRID.NS
2026-07-20,283.03,278.58,287.46,POWERGRID.NS
2026-07-21,282.59,278.21,287.16,POWERGRID.NS
2026-07-22,282.83,278.57,287.27,POWERGRID.NS
2026-07-23,281.71,277.47,286.31,POWERGRID.NS
2026-07-24,281.29,277.09,285.33,POWERGRID.NS
2026-07-27,280.99,276.65,285.12,POWERGRID.NS
2026-07-28,280.67,276.46,285.35,POWERGRID.NS
2026-07-29,281.03,276.36,285.49,POWERGRID.NS
2026-07-30,280.01,275.45,284.85,POWERGRID.NS
2026-07-31,279.66,275.01,284.35,POWERGRID.NS
2026-08-03,279.44,275.0,283.96,POWERGRID.NS
2026-08-04,279.09,274.33,283.37,POWERGRID.NS
2026-08-05,279.36,274.84,283.89,POWERGRID.NS
2026-08-06,278.24,274.07,282.64,POWERGRID.NS
2026-08-07,277.75,273.39,282.29,POWERGRID.NS
2026-08-10,276.98,272.67,281.71,POWERGRID.NS
2026-08-11,276.42,271.69,280.92,POWERGRID.NS
2026-08-12,276.49,272.13,281.23,POWERGRID.NS
2026-08-13,275.17,270.65,279.63,POWERGRID.NS
2026-08-14,274.5,270.04,279.08,POWERGRID.NS
2026-08-17,273.39,268.75,277.62,POWERGRID.NS
2026-08-18,272.81,268.34,277.15,POWERGRID.NS
2026-08-19,272.91,268.25,277.5,POWERGRID.NS
2026-08-20,271.68,267.17,276.48,POWERGRID.NS
2026-08-21,271.17,266.69,275.43,POWERGRID.NS
2026-08-24,270.89,266.34,275.24,POWERGRID.NS
2026-08-25,270.69,265.89,274.83,POWERGRID.NS
2026-08-26,271.23,266.78,275.44,POWERGRID.NS
2026-08-27,270.47,266.1,274.72,POWERGRID.NS
2026-08-28,270.46,265.61,275.12,POWERGRID.NS
2026-08-31,271.72,267.37,276.39,POWERGRID.NS
2026-09-01,272.01,267.12,276.14,POWERGRID.NS
2026-09-02,273.01,268.91,277.65,POWERGRID.NS
2025-07-22,1387.9,1364.05,1411.61,RELIANCE.NS
2025-07-23,1390.24,1365.67,1416.15,RELIANCE.NS
2025-07-24,1386.66,1363.81,1409.37,RELIANCE.NS
2025-07-25,1386.6,1362.92,1410.99,RELIANCE.NS
2025-07-28,1386.61,1362.85,1410.13,RELIANCE.NS
2025-07-29,1383.95,1360.08,1408.97,RELIANCE.NS
2025-07-30,1387.65,1363.67,1411.62,RELIANCE.NS
2025-07-31,1385.37,1360.9,1411.75,RELIANCE.NS
2025-08-01,1386.51,1365.86,1409.92,RELIANCE.NS
2025-08-04,1389.23,1363.83,1412.78,RELIANCE.NS
2025-08-05,1387.06,1362.56,1411.08,RELIANCE.NS
2025-08-06,1391.03,1366.61,1415.27,RELIANCE.NS
2025-08-07,1388.78,1364.24,1412.57,RELIANCE.NS
2025-08-08,1389.7,1364.05,1414.45,RELIANCE.NS
2025-08-11,1390.44,1365.55,1414.09,RELIANCE.NS
2025-08-12,1387.25,1362.86,1412.18,RELIANCE.NS
2025-08-13,1390.06,1367.73,1414.02,RELIANCE.NS
2025-08-14,1386.57,1361.59,1410.26,RELIANCE.NS
2025-08-18,1383.25,1359.54,1405.89,RELIANCE.NS
2025-08-19,1379.04,1354.69,1404.05,RELIANCE.NS
2025-08-20,1381.0,1358.31,1405.17,RELIANCE.NS
2025-08-21,1376.87,1351.79,1401.85,RELIANCE.NS
2025-08-22,1376.1,1352.98,1399.32,RELIANCE.NS
2025-08-25,1373.55,1350.85,1396.65,RELIANCE.NS
2025-08-26,1370.03,1344.64,1395.6,RELIANCE.NS
2025-08-28,1369.99,1345.7,1394.85,RELIANCE.NS
2025-08-29,1370.61,1346.35,1395.06,RELIANCE.NS
2025-09-01,1373.09,1350.67,1398.81,RELIANCE.NS
2025-09-02,1371.36,1348.25,1396.28,RELIANCE.NS
2025-09-03,1376.04,1352.55,1399.8,RELIANCE.NS
2025-09-04,1374.78,1349.28,1398.59,RELIANCE.NS
2025-09-05,1376.96,1353.22,1402.01,RELIANCE.NS
2025-09-08,1382.8,1358.08,1406.75,RELIANCE.NS
2025-09-09,1381.63,1358.95,1406.63,RELIANCE.NS
2025-09-10,1386.54,1361.19,1411.05,RELIANCE.NS
2025-09-11,1385.15,1362.12,1410.23,RELIANCE.NS
2025-09-12,1386.86,1360.48,1411.56,RELIANCE.NS
2025-09-15,1389.29,1365.33,1412.36,RELIANCE.NS
2025-09-16,1386.41,1361.62,1409.21,RELIANCE.NS
2025-09-17,1389.37,1365.35,1414.25,RELIANCE.NS
2025-09-18,1385.89,1362.46,1409.36,RELIANCE.NS
2025-09-19,1385.38,1364.08,1409.95,RELIANCE.NS
2025-09-22,1381.19,1357.64,1405.71,RELIANCE.NS
2025-09-23,1376.32,1353.13,1399.77,RELIANCE.NS
2025-09-24,1377.54,1353.85,1404.03,RELIANCE.NS
2025-09-25,1372.59,1348.49,1395.77,RELIANCE.NS
2025-09-26,1370.96,1346.97,1394.54,RELIANCE.NS
2025-09-29,1365.9,1341.73,1389.23,RELIANCE.NS
2025-09-30,1361.67,1336.43,1384.54,RELIANCE.NS
2025-10-01,1364.0,1339.64,1388.87,RELIANCE.NS
2025-10-03,1361.04,1336.25,1385.22,RELIANCE.NS
2025-10-06,1364.46,1339.57,1389.16,RELIANCE.NS
2025-10-07,1363.68,1339.81,1387.54,RELIANCE.NS
2025-10-08,1369.66,1345.35,1394.45,RELIANCE.NS
2025-10-09,1370.09,1347.57,1393.56,RELIANCE.NS
2025-10-10,1374.35,1349.42,1398.56,RELIANCE.NS
2025-10-13,1388.92,1364.32,1412.45,RELIANCE.NS
2025-10-14,1391.48,1366.65,1415.35,RELIANCE.NS
2025-10-15,1400.51,1376.73,1424.13,RELIANCE.NS
2025-10-16,1403.62,1379.19,1427.35,RELIANCE.NS
2025-10-17,1410.18,1385.17,1433.95,RELIANCE.NS
2025-10-20,1428.96,1404.24,1453.15,RELIANCE.NS
2025-10-21,1431.99,1406.57,1455.62,RELIANCE.NS
2025-10-23,1443.74,1418.53,1468.19,RELIANCE.NS
2025-10-24,1449.49,1422.84,1471.8,RELIANCE.NS
2025-10-27,1463.88,1441.37,1488.15,RELIANCE.NS
2025-10-28,1464.99,1442.05,1489.3,RELIANCE.NS
2025-10-29,1471.98,1449.32,1497.14,RELIANCE.NS
2025-10-30,1472.56,1450.87,1495.96,RELIANCE.NS
2025-10-31,1476.18,1450.05,1500.51,RELIANCE.NS
2025-11-03,1484.74,1460.35,1509.1,RELIANCE.NS
2025-11-04,1484.24,1458.54,1508.59,RELIANCE.NS
2025-11-06,1489.31,1464.52,1513.5,RELIANCE.NS
2025-11-07,1492.08,1468.91,1516.52,RELIANCE.NS
2025-11-10,1499.65,1474.61,1523.72,RELIANCE.NS
2025-11-11,1499.29,1476.46,1523.54,RELIANCE.NS
2025-11-12,1505.23,1480.32,1530.96,RELIANCE.NS
2025-11-13,1505.16,1481.01,1529.31,RELIANCE.NS
2025-11-14,1508.49,1484.03,1532.11,RELIANCE.NS
2025-11-17,1517.9,1492.42,1542.71,RELIANCE.NS
2025-11-18,1518.03,1493.18,1541.81,RELIANCE.NS
2025-11-19,1524.33,1499.7,1547.71,RELIANCE.NS
2025-11-20,1524.45,1500.92,1548.31,RELIANCE.NS
2025-11-21,1527.77,1504.35,1551.52,RELIANCE.NS
2025-11-24,1535.73,1512.53,1561.03,RELIANCE.NS
2025-11-25,1534.91,1510.36,1560.72,RELIANCE.NS
2025-11-26,1540.02,1517.6,1563.96,RELIANCE.NS
2025-11-27,1538.74,1514.43,1563.1,RELIANCE.NS
2025-11-28,1540.5,1515.82,1563.83,RELIANCE.NS
2025-12-01,1543.17,1517.46,1568.21,RELIANCE.NS
2025-12-02,1540.54,1515.52,1564.74,RELIANCE.NS
2025-12-03,1543.92,1518.45,1569.06,RELIANCE.NS
2025-12-04,1541.04,1517.19,1564.78,RELIANCE.NS
2025-12-05,1541.36,1517.91,1565.33,RELIANCE.NS
2025-12-08,1541.18,1516.82,1563.61,RELIANCE.NS
2025-12-09,1538.19,1513.87,1562.48,RELIANCE.NS
2025-12-10,1541.52,1517.74,1565.69,RELIANCE.NS
2025-12-11,1538.91,1514.79,1564.21,RELIANCE.NS
2025-12-12,1539.82,1516.87,1565.26,RELIANCE.NS
2025-12-15,1542.92,1518.66,1567.2,RELIANCE.NS
2025-12-16,1541.37,1517.22,1565.13,RELIANCE.NS
2025-12-17,1546.24,1520.27,1569.48,RELIANCE.NS
2025-12-18,1545.17,1522.78,1568.14,RELIANCE.NS
2025-12-19,1547.54,1523.39,1569.67,RELIANCE.NS
2025-12-22,1553.86,1530.36,1577.46,RELIANCE.NS
2025-12-23,1552.74,1529.25,1574.08,RELIANCE.NS
2025-12-24,1557.59,1532.43,1580.1,RELIANCE.NS
2025-12-26,1557.34,1534.93,1582.46,RELIANCE.NS
2025-12-29,1557.08,1532.78,1581.05,RELIANCE.NS
2025-12-30,1552.63,1528.59,1576.11,RELIANCE.NS
2025-12-31,1553.62,1527.59,1576.81,RELIANCE.NS
2026-01-01,1547.69,1523.78,1571.82,RELIANCE.NS
2026-01-02,1544.26,1521.44,1569.23,RELIANCE.NS
2026-01-05,1528.11,1504.67,1552.73,RELIANCE.NS
2026-01-06,1518.17,1493.21,1542.53,RELIANCE.NS
2026-01-07,1513.75,1490.5,1537.82,RELIANCE.NS
2026-01-08,1502.65,1477.34,1526.78,RELIANCE.NS
2026-01-09,1494.37,1470.64,1517.99,RELIANCE.NS
2026-01-12,1466.82,1442.64,1490.86,RELIANCE.NS
2026-01-13,1454.45,1432.0,1476.54,RELIANCE.NS
2026-01-14,1448.45,1425.53,1472.35,RELIANCE.NS
2026-01-15,1436.64,1411.76,1459.59,RELIANCE.NS
2026-01-16,1428.58,1402.63,1451.87,RELIANCE.NS
2026-01-19,1407.28,1382.87,1430.36,RELIANCE.NS
2026-01-20,1398.78,1375.91,1423.2,RELIANCE.NS
2026-01-21,1397.44,1372.79,1422.62,RELIANCE.NS
2026-01-22,1390.99,1366.9,1414.52,RELIANCE.NS
2026-01-23,1388.91,1364.36,1414.41,RELIANCE.NS
2026-01-27,1386.51,1361.24,1412.47,RELIANCE.NS
2026-01-28,1392.18,1367.24,1417.03,RELIANCE.NS
2026-01-29,1392.52,1368.69,1416.16,RELIANCE.NS
2026-01-30,1396.85,1373.65,1423.39,RELIANCE.NS
2026-02-02,1411.56,1387.68,1435.76,RELIANCE.NS
2026-02-03,1413.86,1388.2,1436.33,RELIANCE.NS
2026-02-04,1422.33,1399.18,1445.72,RELIANCE.NS
2026-02-05,1424.53,1398.81,1447.35,RELIANCE.NS
2026-02-06,1429.73,1404.55,1453.3,RELIANCE.NS
2026-02-09,1441.32,1417.49,1464.41,RELIANCE.NS
2026-02-10,1440.81,1417.59,1465.79,RELIANCE.NS
2026-02-11,1445.71,1422.12,1471.34,RELIANCE.NS
2026-02-12,1443.68,1419.38,1467.88,RELIANCE.NS
2026-02-13,1444.12,1421.95,1469.01,RELIANCE.NS
2026-02-16,1439.57,1415.62,1465.92,RELIANCE.NS
2026-02-17,1433.53,1409.33,1457.31,RELIANCE.NS
2026-02-18,1433.09,1409.59,1456.23,RELIANCE.NS
2026-02-19,1426.01,1401.89,1449.72,RELIANCE.NS
2026-02-20,1421.84,1398.58,1444.62,RELIANCE.NS
2026-02-23,1407.15,1383.21,1430.77,RELIANCE.NS
2026-02-24,1399.23,1376.27,1423.41,RELIANCE.NS
2026-02-25,1397.72,1374.86,1422.39,RELIANCE.NS
2026-02-26,1390.43,1367.65,1413.33,RELIANCE.NS
2026-02-27,1386.88,1360.82,1409.36,RELIANCE.NS
2026-03-02,1378.64,1354.09,1403.17,RELIANCE.NS
2026-03-04,1376.56,1351.7,1400.43,RELIANCE.NS
2026-03-05,1373.55,1349.98,1396.76,RELIANCE.NS
2026-03-06,1374.5,1349.84,1400.47,RELIANCE.NS
2026-03-09,1379.81,1356.05,1404.95,RELIANCE.NS
2026-03-10,1379.41,1356.48,1405.07,RELIANCE.NS
2026-03-11,1385.47,1360.91,1407.68,RELIANCE.NS
2026-03-12,1385.58,1361.81,1409.19,RELIANCE.NS
2026-03-13,1389.03,1364.07,1411.75,RELIANCE.NS
2026-03-16,1397.4,1373.66,1420.23,RELIANCE.NS
2026-03-17,1396.43,1373.02,1421.06,RELIANCE.NS
2026-03-18,1401.13,1375.96,1424.34,RELIANCE.NS
2026-03-19,1399.11,1375.53,1424.17,RELIANCE.NS
2026-03-20,1399.72,1374.57,1423.99,RELIANCE.NS
2026-03-23,1396.14,1371.47,1419.28,RELIANCE.NS
2026-03-24,1390.39,1367.54,1413.75,RELIANCE.NS
2026-03-25,1390.14,1365.12,1416.28,RELIANCE.NS
2026-03-27,1378.8,1354.24,1402.88,RELIANCE.NS
2026-03-30,1362.35,1338.28,1385.12,RELIANCE.NS
2026-04-01,1350.56,1325.21,1375.25,RELIANCE.NS
2026-04-02,1341.76,1317.52,1366.7,RELIANCE.NS
2026-04-06,1322.66,1299.66,1347.18,RELIANCE.NS
2026-04-07,1316.31,1291.53,1340.3,RELIANCE.NS
2026-04-08,1316.97,1292.91,1340.5,RELIANCE.NS
2026-04-09,1312.41,1287.88,1337.62,RELIANCE.NS
2026-04-10,1312.09,1288.03,1334.37,RELIANCE.NS
2026-04-13,1315.92,1291.88,1340.48,RELIANCE.NS
2026-04-15,1323.24,1298.57,1347.55,RELIANCE.NS
2026-04-16,1325.12,1302.8,1349.92,RELIANCE.NS
2026-04-17,1331.02,1306.84,1355.5,RELIANCE.NS
2026-04-20,1350.91,1327.12,1373.47,RELIANCE.NS
2026-04-21,1355.13,1331.4,1379.22,RELIANCE.NS
2026-04-22,1365.65,1340.05,1388.18,RELIANCE.NS
2026-04-23,1370.02,1346.24,1394.97,RELIANCE.NS
2026-04-24,1377.53,1353.42,1400.59,RELIANCE.NS
2026-04-27,1396.78,1373.16,1419.99,RELIANCE.NS
2026-04-28,1399.04,1374.64,1423.24,RELIANCE.NS
2026-04-29,1406.78,1383.01,1429.36,RELIANCE.NS
2026-04-30,1407.63,1384.37,1433.03,RELIANCE.NS
2026-05-01,1410.96,1385.67,1434.82,RELIANCE.NS
2026-05-04,1414.77,1391.3,1435.59,RELIANCE.NS
2026-05-05,1411.27,1387.72,1434.93,RELIANCE.NS
2026-05-06,1413.15,1391.08,1438.2,RELIANCE.NS
2026-05-07,1408.15,1382.95,1432.31,RELIANCE.NS
2026-05-08,1405.74,1382.55,1429.49,RELIANCE.NS
2026-05-11,1394.04,1369.64,1418.59,RELIANCE.NS
2026-05-12,1386.21,1363.63,1410.32,RELIANCE.NS
2026-05-13,1384.29,1361.81,1407.66,RELIANCE.NS
2026-05-14,1376.06,1351.73,1400.01,RELIANCE.NS
2026-05-15,1371.02,1347.81,1394.34,RELIANCE.NS
2026-05-18,1355.09,1331.24,1380.53,RELIANCE.NS
2026-05-19,1347.02,1323.44,1370.34,RELIANCE.NS
2026-05-20,1345.39,1321.21,1367.79,RELIANCE.NS
2026-05-21,1337.93,1313.71,1361.82,RELIANCE.NS
2026-05-22,1334.09,1308.55,1359.08,RELIANCE.NS
2026-05-25,1323.69,1301.67,1348.26,RELIANCE.NS
2026-05-26,1317.89,1293.47,1341.78,RELIANCE.NS
2026-05-27,1318.64,1294.89,1341.17,RELIANCE.NS
2026-05-28,1313.59,1289.15,1337.03,RELIANCE.NS
2026-05-29,1312.16,1285.2,1334.49,RELIANCE.NS
2026-06-01,1308.44,1284.82,1332.29,RELIANCE.NS
2026-06-02,1304.58,1279.71,1329.38,RELIANCE.NS
2026-06-03,1307.08,1282.37,1331.97,RELIANCE.NS
2026-06-04,1303.6,1280.1,1327.01,RELIANCE.NS
2026-06-05,1303.56,1279.71,1328.93,RELIANCE.NS
2026-06-08,1302.93,1277.8,1326.67,RELIANCE.NS
2026-06-09,1299.82,1277.27,1324.5,RELIANCE.NS
2026-06-10,1302.95,1279.55,1327.89,RELIANCE.NS
2026-06-11,1300.04,1274.43,1323.4,RELIANCE.NS
2026-06-12,1300.49,1276.64,1324.97,RELIANCE.NS
2026-06-15,1301.27,1278.38,1324.02,RELIANCE.NS
2026-06-16,1298.65,1274.6,1324.2,RELIANCE.NS
2026-06-17,1302.33,1277.88,1326.84,RELIANCE.NS
2026-06-18,1299.99,1274.9,1323.94,RELIANCE.NS
2026-06-19,1301.06,1275.07,1324.86,RELIANCE.NS
2026-06-22,1303.89,1279.59,1328.96,RELIANCE.NS
2026-06-23,1301.97,1276.31,1326.51,RELIANCE.NS
2026-06-24,1306.32,1282.33,1333.83,RELIANCE.NS
2026-06-25,1304.6,1279.89,1327.36,RELIANCE.NS
2026-06-26,1306.23,1283.66,1329.79,RELIANCE.NS
2026-06-29,1310.06,1286.58,1335.86,RELIANCE.NS
2026-06-30,1308.18,1283.47,1332.0,RELIANCE.NS
2026-07-01,1312.4,1287.72,1334.98,RELIANCE.NS
2026-07-02,1310.38,1286.77,1333.81,RELIANCE.NS
2026-07-03,1311.51,1288.71,1335.93,RELIANCE.NS
2026-07-06,1312.81,1288.19,1336.79,RELIANCE.NS
2026-07-07,1309.78,1287.81,1334.22,RELIANCE.NS
2026-07-08,1312.73,1290.59,1339.58,RELIANCE.NS
2026-07-09,1309.35,1285.42,1334.48,RELIANCE.NS
2026-07-10,1309.07,1286.31,1333.9,RELIANCE.NS
2026-07-13,1306.15,1282.31,1328.37,RELIANCE.NS
2026-07-14,1301.84,1280.5,1325.78,RELIANCE.NS
2026-07-15,1303.64,1279.87,1329.52,RELIANCE.NS
2026-07-16,1299.26,1275.86,1322.72,RELIANCE.NS
2026-07-17,1298.18,1273.21,1323.18,RELIANCE.NS
2026-07-20,1294.13,1268.85,1318.48,RELIANCE.NS
2026-07-21,1289.92,1267.14,1315.92,RELIANCE.NS
2026-07-22,1292.05,1267.4,1317.79,RELIANCE.NS
2026-07-23,1288.24,1264.2,1313.3,RELIANCE.NS
2026-07-24,1287.92,1265.45,1311.85,RELIANCE.NS
2026-07-27,1287.17,1264.0,1311.69,RELIANCE.NS
2026-07-28,1284.27,1262.02,1308.67,RELIANCE.NS
2026-07-29,1287.76,1263.92,1312.19,RELIANCE.NS
2026-07-30,1285.31,1259.67,1309.95,RELIANCE.NS
2026-07-31,1286.3,1262.54,1309.82,RELIANCE.NS
2026-08-03,1288.85,1266.34,1313.0,RELIANCE.NS
2026-08-04,1286.72,1265.35,1311.45,RELIANCE.NS
2026-08-05,1290.76,1267.27,1315.13,RELIANCE.NS
2026-08-06,1288.63,1264.6,1310.95,RELIANCE.NS
2026-08-07,1289.72,1263.29,1312.62,RELIANCE.NS
2026-08-10,1291.1,1267.71,1315.38,RELIANCE.NS
2026-08-11,1288.16,1266.25,1311.82,RELIANCE.NS
2026-08-12,1291.22,1267.83,1315.24,RELIANCE.NS
2026-08-13,1287.96,1263.28,1312.53,RELIANCE.NS
2026-08-14,1287.82,1264.19,1312.07,RELIANCE.NS
2026-08-17,1285.36,1262.11,1309.36,RELIANCE.NS
2026-08-18,1281.24,1255.27,1305.17,RELIANCE.NS
2026-08-19,1283.24,1257.9,1307.57,RELIANCE.NS
2026-08-20,1279.09,1253.98,1303.76,RELIANCE.NS
2026-08-21,1278.25,1253.77,1301.42,RELIANCE.NS
2026-08-24,1275.2,1250.03,1299.44,RELIANCE.NS
2026-08-25,1271.41,1247.17,1295.11,RELIANCE.NS
2026-08-26,1274.03,1251.25,1298.29,RELIANCE.NS
2026-08-27,1270.76,1246.14,1293.56,RELIANCE.NS
2026-08-28,1271.05,1245.81,1293.88,RELIANCE.NS
2026-08-31,1272.52,1248.66,1294.13,RELIANCE.NS
2026-09-01,1270.5,1245.68,1294.16,RELIANCE.NS
2026-09-02,1274.91,1249.02,1299.27,RELIANCE.NS
2025-07-22,1806.68,1772.01,1840.48,SBILIFE.NS
2025-07-23,1810.13,1776.14,1845.72,SBILIFE.NS
2025-07-24,1807.06,1772.13,1841.04,SBILIFE.NS
2025-07-25,1809.7,1776.94,1845.34,SBILIFE.NS
2025-07-28,1820.18,1785.35,1855.75,SBILIFE.NS
2025-07-29,1823.15,1787.37,1857.24,SBILIFE.NS
2025-07-30,1828.41,1794.21,1864.26,SBILIFE.NS
2025-07-31,1826.94,1789.13,1862.97,SBILIFE.NS
2025-08-01,1830.9,1795.54,1864.48,SBILIFE.NS
2025-08-04,1843.23,1809.98,1877.55,SBILIFE.NS
2025-08-05,1846.0,1813.29,1880.62,SBILIFE.NS
2025-08-06,1850.64,1814.5,1885.59,SBILIFE.NS
2025-08-07,1848.12,1813.28,1882.14,SBILIFE.NS
2025-08-08,1850.62,1815.52,1885.53,SBILIFE.NS
2025-08-11,1856.35,1817.38,1891.83,SBILIFE.NS
2025-08-12,1856.33,1823.66,1893.37,SBILIFE.NS
2025-08-13,1857.97,1821.72,1895.12,SBILIFE.NS
2025-08-14,1852.31,1815.69,1887.66,SBILIFE.NS
2025-08-18,1847.89,1812.4,1882.64,SBILIFE.NS
2025-08-19,1845.03,1810.34,1877.76,SBILIFE.NS
2025-08-20,1844.08,1807.41,1877.55,SBILIFE.NS
2025-08-21,1836.14,1800.06,1871.42,SBILIFE.NS
2025-08-22,1833.49,1798.21,1870.53,SBILIFE.NS
2025-08-25,1826.43,1792.76,1860.95,SBILIFE.NS
2025-08-26,1823.32,1791.33,1860.73,SBILIFE.NS
2025-08-28,1815.19,1780.61,1849.89,SBILIFE.NS
2025-08-29,1813.53,1781.84,1850.24,SBILIFE.NS
2025-09-01,1811.4,1775.53,1842.39,SBILIFE.NS
2025-09-02,1810.41,1773.74,1844.7,SBILIFE.NS
2025-09-03,1811.91,1777.91,1844.74,SBILIFE.NS
2025-09-04,1806.91,1776.16,1841.08,SBILIFE.NS
2025-09-05,1807.62,1770.63,1842.8,SBILIFE.NS
2025-09-08,1812.06,1779.25,1848.75,SBILIFE.NS
2025-09-09,1812.89,1780.12,1846.31,SBILIFE.NS
2025-09-10,1815.94,1778.97,1852.84,SBILIFE.NS
2025-09-11,1812.18,1775.41,1848.56,SBILIFE.NS
2025-09-12,1813.78,1778.7,1848.44,SBILIFE.NS
2025-09-15,1818.69,1785.66,1854.66,SBILIFE.NS
2025-09-16,1818.93,1783.43,1852.17,SBILIFE.NS
2025-09-17,1821.05,1786.83,1854.94,SBILIFE.NS
2025-09-18,1816.04,1780.84,1850.87,SBILIFE.NS
2025-09-19,1816.11,1779.62,1852.63,SBILIFE.NS
2025-09-22,1815.28,1781.95,1849.26,SBILIFE.NS
2025-09-23,1813.41,1779.73,1847.04,SBILIFE.NS
2025-09-24,1813.43,1777.59,1848.12,SBILIFE.NS
2025-09-25,1806.4,1771.28,1837.51,SBILIFE.NS
2025-09-26,1804.61,1769.0,1837.85,SBILIFE.NS
2025-09-29,1799.66,1765.0,1834.14,SBILIFE.NS
2025-09-30,1797.11,1761.78,1833.79,SBILIFE.NS
2025-10-01,1796.87,1764.4,1832.09,SBILIFE.NS
2025-10-03,1788.91,1755.45,1824.48,SBILIFE.NS
2025-10-06,1788.93,1753.68,1821.69,SBILIFE.NS
2025-10-07,1789.01,1754.82,1824.81,SBILIFE.NS
2025-10-08,1791.84,1757.2,1825.62,SBILIFE.NS
2025-10-09,1788.49,1754.67,1822.74,SBILIFE.NS
2025-10-10,1791.21,1753.26,1825.57,SBILIFE.NS
2025-10-13,1804.4,1768.65,1838.95,SBILIFE.NS
2025-10-14,1809.19,1774.49,1842.34,SBILIFE.NS
2025-10-15,1816.78,1781.28,1849.53,SBILIFE.NS
2025-10-16,1818.16,1786.21,1852.67,SBILIFE.NS
2025-10-17,1825.51,1789.83,1861.13,SBILIFE.NS
2025-10-20,1851.3,1818.19,1885.93,SBILIFE.NS
2025-10-21,1859.66,1826.66,1895.04,SBILIFE.NS
2025-10-23,1874.47,1839.75,1908.81,SBILIFE.NS
2025-10-24,1884.03,1847.86,1919.92,SBILIFE.NS
2025-10-27,1913.32,1878.67,1949.35,SBILIFE.NS
2025-10-28,1921.77,1887.9,1956.6,SBILIFE.NS
2025-10-29,1932.08,1898.1,1967.96,SBILIFE.NS
2025-10-30,1935.22,1898.96,1970.66,SBILIFE.NS
2025-10-31,1943.38,1907.09,1976.29,SBILIFE.NS
2025-11-03,1965.98,1934.33,2002.03,SBILIFE.NS
2025-11-04,1971.53,1935.29,2006.22,SBILIFE.NS
2025-11-06,1978.49,1943.36,2012.63,SBILIFE.NS
2025-11-07,1983.17,1950.07,2019.06,SBILIFE.NS
2025-11-10,1995.06,1959.79,2029.9,SBILIFE.NS
2025-11-11,1997.12,1963.25,2033.06,SBILIFE.NS
2025-11-12,2000.91,1966.28,2033.35,SBILIFE.NS
2025-11-13,1997.5,1964.05,2034.22,SBILIFE.NS
2025-11-14,1999.15,1964.93,2034.85,SBILIFE.NS
2025-11-17,2003.35,1971.27,2036.88,SBILIFE.NS
2025-11-18,2003.36,1971.59,2041.26,SBILIFE.NS
2025-11-19,2005.37,1968.71,2041.21,SBILIFE.NS
2025-11-20,2000.44,1962.27,2035.77,SBILIFE.NS
2025-11-21,2000.83,1965.19,2034.53,SBILIFE.NS
2025-11-24,2002.67,1967.63,2039.44,SBILIFE.NS
2025-11-25,2002.31,1966.94,2035.7,SBILIFE.NS
2025-11-26,2004.11,1968.78,2040.42,SBILIFE.NS
2025-11-27,1999.13,1964.85,2035.71,SBILIFE.NS
2025-11-28,1999.58,1963.76,2032.71,SBILIFE.NS
2025-12-01,2002.14,1966.53,2035.24,SBILIFE.NS
2025-12-02,2002.12,1967.47,2038.01,SBILIFE.NS
2025-12-03,2004.29,1969.2,2039.28,SBILIFE.NS
2025-12-04,1999.69,1966.07,2038.8,SBILIFE.NS
2025-12-05,2000.55,1964.75,2036.84,SBILIFE.NS
2025-12-08,2004.29,1971.59,2038.23,SBILIFE.NS
2025-12-09,2004.67,1971.69,2039.97,SBILIFE.NS
2025-12-10,2007.26,1973.63,2039.75,SBILIFE.NS
2025-12-11,2003.08,1967.05,2036.88,SBILIFE.NS
2025-12-12,2004.39,1968.27,2042.17,SBILIFE.NS
2025-12-15,2009.73,1972.38,2045.51,SBILIFE.NS
2025-12-16,2010.76,1977.04,2045.1,SBILIFE.NS
2025-12-17,2014.05,1979.69,2047.79,SBILIFE.NS
2025-12-18,2010.67,1976.25,2046.32,SBILIFE.NS
2025-12-19,2012.83,1977.38,2046.96,SBILIFE.NS
2025-12-22,2021.14,1987.14,2056.3,SBILIFE.NS
2025-12-23,2023.27,1989.79,2057.17,SBILIFE.NS
2025-12-24,2027.69,1994.85,2063.22,SBILIFE.NS
2025-12-26,2028.73,1993.98,2062.4,SBILIFE.NS
2025-12-29,2040.09,2006.95,2074.3,SBILIFE.NS
2025-12-30,2043.03,2007.17,2078.55,SBILIFE.NS
2025-12-31,2048.11,2014.17,2082.01,SBILIFE.NS
2026-01-01,2046.34,2009.58,2081.57,SBILIFE.NS
2026-01-02,2049.89,2015.26,2084.05,SBILIFE.NS
2026-01-05,2060.57,2025.0,2094.23,SBILIFE.NS
2026-01-06,2062.71,2028.01,2097.72,SBILIFE.NS
2026-01-07,2066.71,2033.77,2102.81,SBILIFE.NS
2026-01-08,2063.54,2028.95,2099.13,SBILIFE.NS
2026-01-09,2065.41,2031.46,2101.2,SBILIFE.NS
2026-01-12,2069.38,2034.04,2104.8,SBILIFE.NS
2026-01-13,2068.82,2032.92,2103.89,SBILIFE.NS
2026-01-14,2069.94,2035.46,2103.86,SBILIFE.NS
2026-01-15,2063.75,2029.81,2098.41,SBILIFE.NS
2026-01-16,2062.52,2025.73,2099.0,SBILIFE.NS
2026-01-19,2057.16,2022.99,2091.73,SBILIFE.NS
2026-01-20,2053.68,2018.09,2088.45,SBILIFE.NS
2026-01-21,2052.06,2016.91,2088.44,SBILIFE.NS
2026-01-22,2043.4,2007.65,2077.33,SBILIFE.NS
2026-01-23,2039.99,2003.23,2073.58,SBILIFE.NS
2026-01-27,2026.41,1989.95,2060.84,SBILIFE.NS
2026-01-28,2024.77,1988.48,2060.36,SBILIFE.NS
2026-01-29,2016.59,1984.06,2050.21,SBILIFE.NS
2026-01-30,2014.17,1979.77,2049.29,SBILIFE.NS
2026-02-02,2010.46,1975.81,2045.59,SBILIFE.NS
2026-02-03,2009.3,1971.33,2045.56,SBILIFE.NS
2026-02-04,2010.86,1976.11,2046.22,SBILIFE.NS
2026-02-05,2006.18,1972.24,2039.07,SBILIFE.NS
2026-02-06,2007.49,1973.65,2042.28,SBILIFE.NS
2026-02-09,2015.61,1980.89,2051.28,SBILIFE.NS
2026-02-10,2018.32,1981.39,2051.84,SBILIFE.NS
2026-02-11,2023.56,1990.28,2061.4,SBILIFE.NS
2026-02-12,2022.29,1986.32,2055.93,SBILIFE.NS
2026-02-13,2026.64,1990.72,2059.68,SBILIFE.NS
2026-02-16,2040.92,2006.27,2075.73,SBILIFE.NS
2026-02-17,2044.47,2008.67,2080.99,SBILIFE.NS
2026-02-18,2049.85,2014.15,2084.96,SBILIFE.NS
2026-02-19,2047.98,2013.58,2084.12,SBILIFE.NS
2026-02-20,2050.98,2018.62,2087.04,SBILIFE.NS
2026-02-23,2056.72,2021.16,2089.83,SBILIFE.NS
2026-02-24,2055.98,2019.08,2089.27,SBILIFE.NS
2026-02-25,2056.44,2019.8,2093.23,SBILIFE.NS
2026-02-26,2049.08,2013.71,2084.31,SBILIFE.NS
2026-02-27,2046.11,2010.97,2080.73,SBILIFE.NS
2026-03-02,2031.89,1995.11,2066.02,SBILIFE.NS
2026-03-04,2017.76,1982.84,2053.3,SBILIFE.NS
2026-03-05,2003.67,1969.24,2037.5,SBILIFE.NS
2026-03-06,1994.24,1959.52,2028.24,SBILIFE.NS
2026-03-09,1963.59,1930.94,1997.18,SBILIFE.NS
2026-03-10,1951.74,1916.5,1986.64,SBILIFE.NS
2026-03-11,1941.94,1907.78,1978.07,SBILIFE.NS
2026-03-12,1925.36,1891.46,1958.87,SBILIFE.NS
2026-03-13,1914.38,1879.72,1950.05,SBILIFE.NS
2026-03-16,1884.94,1850.8,1920.12,SBILIFE.NS
2026-03-17,1875.45,1842.13,1909.57,SBILIFE.NS
2026-03-18,1868.95,1835.67,1904.38,SBILIFE.NS
2026-03-19,1856.56,1822.83,1891.46,SBILIFE.NS
2026-03-20,1850.58,1818.41,1885.27,SBILIFE.NS
2026-03-23,1840.09,1804.68,1875.05,SBILIFE.NS
2026-03-24,1837.87,1802.05,1869.8,SBILIFE.NS
2026-03-25,1838.9,1803.74,1873.55,SBILIFE.NS
2026-03-27,1835.85,1800.57,1871.74,SBILIFE.NS
2026-03-30,1846.98,1813.68,1883.48,SBILIFE.NS
2026-04-01,1857.83,1824.73,1893.17,SBILIFE.NS
2026-04-02,1858.09,1822.87,1894.05,SBILIFE.NS
2026-04-06,1882.35,1847.79,1915.59,SBILIFE.NS
2026-04-07,1887.03,1850.64,1920.72,SBILIFE.NS
2026-04-08,1893.41,1859.59,1928.57,SBILIFE.NS
2026-04-09,1892.42,1856.33,1926.95,SBILIFE.NS
2026-04-10,1896.2,1859.27,1931.44,SBILIFE.NS
2026-04-13,1904.04,1867.45,1937.88,SBILIFE.NS
2026-04-15,1905.46,1871.64,1941.94,SBILIFE.NS
2026-04-16,1899.23,1867.1,1934.36,SBILIFE.NS
2026-04-17,1897.66,1864.15,1933.48,SBILIFE.NS
2026-04-20,1889.95,1856.81,1925.96,SBILIFE.NS
2026-04-21,1885.4,1850.12,1920.5,SBILIFE.NS
2026-04-22,1882.65,1848.11,1916.79,SBILIFE.NS
2026-04-23,1872.85,1837.94,1906.94,SBILIFE.NS
2026-04-24,1868.34,1834.53,1905.51,SBILIFE.NS
2026-04-27,1856.15,1821.94,1891.4,SBILIFE.NS
2026-04-28,1851.63,1815.52,1883.45,SBILIFE.NS
2026-04-29,1849.66,1814.03,1882.56,SBILIFE.NS
2026-04-30,1841.37,1807.75,1877.19,SBILIFE.NS
2026-05-01,1839.05,1805.41,1873.86,SBILIFE.NS
2026-05-04,1836.78,1802.27,1874.03,SBILIFE.NS
2026-05-05,1836.38,1800.62,1873.58,SBILIFE.NS
2026-05-06,1838.77,1804.06,1874.37,SBILIFE.NS
2026-05-07,1834.95,1799.7,1869.71,SBILIFE.NS
2026-05-08,1837.1,1802.12,1871.47,SBILIFE.NS
2026-05-11,1847.05,1814.02,1881.86,SBILIFE.NS
2026-05-12,1849.98,1815.64,1883.76,SBILIFE.NS
2026-05-13,1855.15,1819.22,1888.02,SBILIFE.NS
2026-05-14,1853.51,1817.43,1887.85,SBILIFE.NS
2026-05-15,1857.15,1821.72,1891.63,SBILIFE.NS
2026-05-18,1867.18,1831.12,1902.89,SBILIFE.NS
2026-05-19,1868.6,1832.83,1903.23,SBILIFE.NS
2026-05-20,1871.55,1837.56,1906.68,SBILIFE.NS
2026-05-21,1866.99,1831.86,1901.72,SBILIFE.NS
2026-05-22,1867.08,1835.08,1901.71,SBILIFE.NS
2026-05-25,1863.45,1829.27,1899.0,SBILIFE.NS
2026-05-26,1859.65,1825.25,1891.36,SBILIFE.NS
2026-05-27,1857.22,1821.73,1892.22,SBILIFE.NS
2026-05-28,1847.25,1812.32,1880.38,SBILIFE.NS
2026-05-29,1842.02,1810.16,1876.17,SBILIFE.NS
2026-06-01,1824.08,1789.0,1857.79,SBILIFE.NS
2026-06-02,1816.43,1783.62,1854.53,SBILIFE.NS
2026-06-03,1810.75,1772.84,1844.39,SBILIFE.NS
2026-06-04,1798.22,1763.54,1832.28,SBILIFE.NS
2026-06-05,1791.16,1756.07,1824.79,SBILIFE.NS
2026-06-08,1772.57,1737.89,1804.83,SBILIFE.NS
2026-06-09,1766.32,1730.71,1800.46,SBILIFE.NS
2026-06-10,1762.84,1730.25,1796.85,SBILIFE.NS
2026-06-11,1753.23,1716.66,1788.15,SBILIFE.NS
2026-06-12,1749.8,1711.7,1782.2,SBILIFE.NS
2026-06-15,1745.38,1711.01,1779.33,SBILIFE.NS
2026-06-16,1744.65,1709.3,1779.33,SBILIFE.NS
2026-06-17,1746.92,1713.51,1781.1,SBILIFE.NS
2026-06-18,1743.17,1707.11,1777.96,SBILIFE.NS
2026-06-19,1745.6,1710.72,1782.71,SBILIFE.NS
2026-06-22,1757.71,1724.75,1792.72,SBILIFE.NS
2026-06-23,1761.81,1727.88,1796.41,SBILIFE.NS
2026-06-24,1768.44,1732.92,1804.29,SBILIFE.NS
2026-06-25,1768.51,1734.48,1802.25,SBILIFE.NS
2026-06-26,1774.15,1737.86,1808.1,SBILIFE.NS
2026-06-29,1792.05,1760.2,1827.56,SBILIFE.NS
2026-06-30,1796.78,1760.74,1833.53,SBILIFE.NS
2026-07-01,1803.39,1767.6,1835.36,SBILIFE.NS
2026-07-02,1802.85,1769.7,1837.07,SBILIFE.NS
2026-07-03,1807.35,1771.32,1840.15,SBILIFE.NS
2026-07-06,1819.17,1784.85,1853.7,SBILIFE.NS
2026-07-07,1821.25,1785.3,1857.02,SBILIFE.NS
2026-07-08,1825.04,1791.09,1861.93,SBILIFE.NS
2026-07-09,1821.61,1787.46,1855.54,SBILIFE.NS
2026-07-10,1823.21,1787.57,1858.58,SBILIFE.NS
2026-07-13,1827.15,1794.1,1863.45,SBILIFE.NS
2026-07-14,1827.11,1789.89,1860.53,SBILIFE.NS
2026-07-15,1829.13,1793.93,1864.76,SBILIFE.NS
2026-07-16,1824.3,1787.75,1858.88,SBILIFE.NS
2026-07-17,1824.91,1791.22,1861.05,SBILIFE.NS
2026-07-20,1828.46,1791.93,1864.76,SBILIFE.NS
2026-07-21,1829.1,1793.63,1863.41,SBILIFE.NS
2026-07-22,1832.17,1796.22,1864.66,SBILIFE.NS
2026-07-23,1828.71,1793.23,1862.79,SBILIFE.NS
2026-07-24,1830.96,1795.75,1866.05,SBILIFE.NS
2026-07-27,1840.4,1804.79,1872.16,SBILIFE.NS
2026-07-28,1843.1,1808.18,1877.98,SBILIFE.NS
2026-07-29,1848.16,1813.62,1883.04,SBILIFE.NS
2026-07-30,1846.55,1811.56,1879.17,SBILIFE.NS
2026-07-31,1850.46,1815.71,1886.16,SBILIFE.NS
2026-08-03,1863.09,1831.33,1897.08,SBILIFE.NS
2026-08-04,1866.13,1831.79,1900.23,SBILIFE.NS
2026-08-05,1871.1,1838.39,1905.95,SBILIFE.NS
2026-08-06,1868.98,1833.02,1903.89,SBILIFE.NS
2026-08-07,1871.95,1835.93,1907.92,SBILIFE.NS
2026-08-10,1879.33,1846.31,1914.43,SBILIFE.NS
2026-08-11,1879.91,1845.66,1913.71,SBILIFE.NS
2026-08-12,1882.15,1849.24,1916.65,SBILIFE.NS
2026-08-13,1877.08,1843.02,1912.22,SBILIFE.NS
2026-08-14,1876.92,1843.92,1910.65,SBILIFE.NS
2026-08-17,1874.68,1838.02,1908.65,SBILIFE.NS
2026-08-18,1872.19,1833.71,1909.0,SBILIFE.NS
2026-08-19,1871.53,1837.82,1906.92,SBILIFE.NS
2026-08-20,1863.81,1829.52,1898.02,SBILIFE.NS
2026-08-21,1861.29,1823.86,1895.15,SBILIFE.NS
2026-08-24,1854.16,1818.22,1887.18,SBILIFE.NS
2026-08-25,1850.86,1815.49,1886.96,SBILIFE.NS
2026-08-26,1849.84,1816.38,1882.97,SBILIFE.NS
2026-08-27,1842.19,1804.42,1876.54,SBILIFE.NS
2026-08-28,1840.16,1805.82,1873.84,SBILIFE.NS
2026-08-31,1836.76,1804.86,1871.55,SBILIFE.NS
2026-09-01,1835.33,1799.99,1870.08,SBILIFE.NS
2026-09-02,1836.39,1801.3,1872.4,SBILIFE.NS
2025-07-22,792.36,775.92,808.04,SBIN.NS
2025-07-23,794.07,778.03,810.35,SBIN.NS
2025-07-24,791.09,775.29,807.28,SBIN.NS
2025-07-25,789.21,773.32,804.7,SBIN.NS
2025-07-28,786.27,769.86,800.15,SBIN.NS
2025-07-29,787.37,771.73,803.22,SBIN.NS
2025-07-30,790.32,773.9,805.8,SBIN.NS
2025-07-31,788.72,772.89,805.35,SBIN.NS
2025-08-01,788.32,772.39,802.91,SBIN.NS
2025-08-04,790.04,772.45,805.33,SBIN.NS
2025-08-05,792.62,776.65,808.72,SBIN.NS
2025-08-06,796.93,781.13,813.79,SBIN.NS
2025-08-07,796.55,780.07,813.19,SBIN.NS
2025-08-08,797.17,781.76,813.62,SBIN.NS
2025-08-11,800.55,785.97,815.97,SBIN.NS
2025-08-12,803.13,786.23,818.92,SBIN.NS
2025-08-13,807.18,790.79,822.58,SBIN.NS
2025-08-14,806.25,790.46,823.38,SBIN.NS
2025-08-18,805.63,789.21,821.9,SBIN.NS
2025-08-19,806.61,790.71,822.69,SBIN.NS
2025-08-20,808.96,793.43,823.81,SBIN.NS
2025-08-21,806.29,790.3,823.06,SBIN.NS
2025-08-22,804.37,787.19,820.97,SBIN.NS
2025-08-25,799.34,782.08,815.72,SBIN.NS
2025-08-26,799.16,782.97,814.83,SBIN.NS
2025-08-28,797.31,780.29,813.32,SBIN.NS
2025-08-29,795.09,778.76,810.56,SBIN.NS
2025-09-01,791.24,775.09,807.25,SBIN.NS
2025-09-02,792.16,776.5,807.74,SBIN.NS
2025-09-03,795.02,778.62,810.91,SBIN.NS
2025-09-04,793.45,777.29,809.32,SBIN.NS
2025-09-05,793.23,776.65,810.07,SBIN.NS
2025-09-08,796.52,779.68,813.25,SBIN.NS
2025-09-09,800.01,783.59,817.07,SBIN.NS
2025-09-10,805.46,789.64,822.22,SBIN.NS
2025-09-11,806.43,790.77,823.71,SBIN.NS
2025-09-12,808.62,792.95,825.07,SBIN.NS
2025-09-15,817.92,802.9,833.68,SBIN.NS
2025-09-16,822.85,807.05,839.83,SBIN.NS
2025-09-17,829.39,813.62,845.41,SBIN.NS
2025-09-18,831.08,815.99,847.25,SBIN.NS
2025-09-19,833.61,817.97,849.93,SBIN.NS
2025-09-22,841.67,825.48,858.63,SBIN.NS
2025-09-23,845.49,829.25,861.58,SBIN.NS
2025-09-24,850.63,835.12,867.24,SBIN.NS
2025-09-25,850.66,833.35,866.93,SBIN.NS
2025-09-26,851.33,836.27,866.86,SBIN.NS
2025-09-29,853.15,836.49,868.27,SBIN.NS
2025-09-30,854.88,838.29,871.03,SBIN.NS
2025-10-01,858.01,842.48,874.68,SBIN.NS
2025-10-03,855.22,838.94,872.26,SBIN.NS
2025-10-06,853.78,837.93,870.1,SBIN.NS
2025-10-07,855.09,838.9,871.26,SBIN.NS
2025-10-08,858.16,841.58,874.11,SBIN.NS
2025-10-09,856.66,840.33,872.96,SBIN.NS
2025-10-10,856.36,839.59,871.7,SBIN.NS
2025-10-13,858.89,842.44,874.47,SBIN.NS
2025-10-14,862.07,845.91,877.64,SBIN.NS
2025-10-15,867.2,849.83,883.65,SBIN.NS
2025-10-16,867.9,850.1,884.71,SBIN.NS
2025-10-17,869.9,853.63,886.14,SBIN.NS
2025-10-20,879.27,862.95,895.79,SBIN.NS
2025-10-21,884.52,867.25,900.56,SBIN.NS
2025-10-23,893.9,878.36,909.87,SBIN.NS
2025-10-24,897.28,881.16,913.13,SBIN.NS
2025-10-27,908.93,894.23,925.14,SBIN.NS
2025-10-28,914.26,898.9,930.58,SBIN.NS
2025-10-29,921.04,905.88,937.78,SBIN.NS
2025-10-30,922.82,906.19,939.33,SBIN.NS
2025-10-31,925.33,909.34,942.22,SBIN.NS
2025-11-03,932.87,917.79,949.11,SBIN.NS
2025-11-04,936.47,919.37,952.4,SBIN.NS
2025-11-06,941.28,924.94,957.73,SBIN.NS
2025-11-07,941.86,924.52,957.71,SBIN.NS
2025-11-10,943.96,927.2,960.88,SBIN.NS
2025-11-11,945.98,930.77,962.42,SBIN.NS
2025-11-12,949.5,933.06,965.96,SBIN.NS
2025-11-13,948.14,932.73,964.26,SBIN.NS
2025-11-14,947.68,931.82,963.5,SBIN.NS
2025-11-17,947.84,929.98,964.53,SBIN.NS
2025-11-18,949.58,933.25,965.84,SBIN.NS
2025-11-19,952.95,936.37,969.27,SBIN.NS
2025-11-20,951.58,935.61,968.19,SBIN.NS
2025-11-21,951.2,935.61,967.29,SBIN.NS
2025-11-24,951.82,936.52,967.28,SBIN.NS
2025-11-25,953.67,936.58,970.26,SBIN.NS
2025-11-26,957.1,939.37,973.1,SBIN.NS
2025-11-27,955.68,939.36,971.91,SBIN.NS
2025-11-28,955.14,939.77,972.52,SBIN.NS
2025-12-01,954.47,936.95,970.1,SBIN.NS
2025-12-02,955.61,938.83,971.2,SBIN.NS
2025-12-03,958.19,941.84,975.16,SBIN.NS
2025-12-04,955.83,939.72,971.82,SBIN.NS
2025-12-05,954.26,938.31,970.68,SBIN.NS
2025-12-08,950.32,933.07,966.1,SBIN.NS
2025-12-09,950.43,934.52,966.49,SBIN.NS
2025-12-10,952.09,936.67,969.0,SBIN.NS
2025-12-11,948.94,932.38,965.64,SBIN.NS
2025-12-12,946.76,930.54,964.69,SBIN.NS
2025-12-15,942.39,927.36,958.33,SBIN.NS
2025-12-16,942.92,927.27,958.86,SBIN.NS
2025-12-17,945.29,929.17,960.99,SBIN.NS
2025-12-18,943.15,926.0,959.51,SBIN.NS
2025-12-19,942.28,925.94,957.59,SBIN.NS
2025-12-22,943.41,927.15,960.29,SBIN.NS
2025-12-23,946.19,930.43,962.43,SBIN.NS
2025-12-24,950.95,934.53,967.7,SBIN.NS
2025-12-26,952.95,935.97,966.79,SBIN.NS
2025-12-29,961.27,944.95,977.97,SBIN.NS
2025-12-30,966.12,949.32,983.4,SBIN.NS
2025-12-31,972.72,957.04,990.23,SBIN.NS
2026-01-01,974.6,958.05,990.56,SBIN.NS
2026-01-02,977.46,961.54,992.65,SBIN.NS
2026-01-05,987.14,970.08,1002.82,SBIN.NS
2026-01-06,991.67,976.33,1008.04,SBIN.NS
2026-01-07,997.56,980.19,1013.42,SBIN.NS
2026-01-08,998.39,982.27,1013.52,SBIN.NS
2026-01-09,999.86,983.91,1016.97,SBIN.NS
2026-01-12,1003.96,987.55,1020.32,SBIN.NS
2026-01-13,1006.35,990.93,1022.11,SBIN.NS
2026-01-14,1010.08,994.43,1026.26,SBIN.NS
2026-01-15,1008.81,992.81,1025.53,SBIN.NS
2026-01-16,1008.31,992.17,1024.53,SBIN.NS
2026-01-19,1008.03,993.21,1024.17,SBIN.NS
2026-01-20,1009.7,993.23,1025.7,SBIN.NS
2026-01-21,1013.16,998.03,1029.4,SBIN.NS
2026-01-22,1012.11,995.62,1026.99,SBIN.NS
2026-01-23,1012.37,996.17,1028.65,SBIN.NS
2026-01-27,1022.12,1005.46,1036.77,SBIN.NS
2026-01-28,1028.91,1012.4,1043.96,SBIN.NS
2026-01-29,1031.59,1015.44,1047.6,SBIN.NS
2026-01-30,1035.91,1019.79,1051.09,SBIN.NS
2026-02-02,1054.56,1037.89,1070.78,SBIN.NS
2026-02-03,1063.66,1047.73,1079.15,SBIN.NS
2026-02-04,1074.91,1057.23,1090.65,SBIN.NS
2026-02-05,1081.82,1065.26,1098.06,SBIN.NS
2026-02-06,1090.05,1073.95,1105.84,SBIN.NS
2026-02-09,1117.53,1101.02,1133.78,SBIN.NS
2026-02-10,1128.35,1112.81,1144.94,SBIN.NS
2026-02-11,1140.58,1124.56,1155.5,SBIN.NS
2026-02-12,1147.7,1131.46,1164.54,SBIN.NS
2026-02-13,1155.34,1139.0,1171.51,SBIN.NS
2026-02-16,1176.1,1160.14,1192.21,SBIN.NS
2026-02-17,1183.08,1166.94,1198.58,SBIN.NS
2026-02-18,1190.73,1176.02,1207.7,SBIN.NS
2026-02-19,1192.6,1176.01,1208.61,SBIN.NS
2026-02-20,1194.38,1178.68,1210.46,SBIN.NS
2026-02-23,1194.79,1177.09,1211.14,SBIN.NS
2026-02-24,1194.39,1178.75,1210.06,SBIN.NS
2026-02-25,1194.53,1178.81,1211.1,SBIN.NS
2026-02-26,1188.87,1172.81,1204.96,SBIN.NS
2026-02-27,1183.21,1166.12,1199.59,SBIN.NS
2026-03-02,1162.83,1146.29,1177.77,SBIN.NS
2026-03-04,1150.84,1135.05,1166.99,SBIN.NS
2026-03-05,1140.18,1123.29,1155.21,SBIN.NS
2026-03-06,1130.15,1114.24,1147.03,SBIN.NS
2026-03-09,1100.8,1084.73,1116.72,SBIN.NS
2026-03-10,1092.7,1074.96,1108.81,SBIN.NS
2026-03-11,1086.37,1070.75,1102.41,SBIN.NS
2026-03-12,1075.51,1057.8,1091.66,SBIN.NS
2026-03-13,1065.92,1051.27,1081.69,SBIN.NS
2026-03-16,1041.36,1025.78,1058.2,SBIN.NS
2026-03-17,1035.84,1021.44,1052.18,SBIN.NS
2026-03-18,1032.49,1015.45,1049.07,SBIN.NS
2026-03-19,1024.95,1009.19,1041.54,SBIN.NS
2026-03-20,1018.97,1002.29,1034.92,SBIN.NS
2026-03-23,1006.37,991.37,1021.86,SBIN.NS
2026-03-24,1005.05,989.82,1022.79,SBIN.NS
2026-03-25,1005.94,989.96,1022.54,SBIN.NS
2026-03-27,1000.85,985.99,1017.71,SBIN.NS
2026-03-30,1000.37,983.07,1016.09,SBIN.NS
2026-04-01,1007.4,991.39,1023.28,SBIN.NS
2026-04-02,1007.61,990.78,1023.68,SBIN.NS
2026-04-06,1017.59,1001.0,1034.04,SBIN.NS
2026-04-07,1022.63,1006.6,1038.59,SBIN.NS
2026-04-08,1029.52,1013.03,1045.76,SBIN.NS
2026-04-09,1031.81,1016.13,1048.71,SBIN.NS
2026-04-10,1035.19,1019.82,1051.98,SBIN.NS
2026-04-13,1047.33,1031.26,1064.12,SBIN.NS
2026-04-15,1060.06,1044.31,1075.63,SBIN.NS
2026-04-16,1062.18,1046.16,1078.07,SBIN.NS
2026-04-17,1065.01,1048.82,1081.68,SBIN.NS
2026-04-20,1072.96,1057.2,1088.54,SBIN.NS
2026-04-21,1076.34,1059.9,1091.67,SBIN.NS
2026-04-22,1080.78,1065.08,1096.89,SBIN.NS
2026-04-23,1079.84,1064.0,1095.41,SBIN.NS
2026-04-24,1079.22,1063.5,1095.9,SBIN.NS
2026-04-27,1074.87,1057.99,1092.11,SBIN.NS
2026-04-28,1073.64,1057.32,1090.85,SBIN.NS
2026-04-29,1073.32,1056.89,1089.78,SBIN.NS
2026-04-30,1067.53,1051.56,1084.1,SBIN.NS
2026-05-01,1062.02,1045.87,1078.43,SBIN.NS
2026-05-04,1043.63,1026.33,1059.86,SBIN.NS
2026-05-05,1038.18,1022.64,1054.08,SBIN.NS
2026-05-06,1033.97,1017.19,1049.86,SBIN.NS
2026-05-07,1024.72,1009.0,1040.95,SBIN.NS
2026-05-08,1016.23,999.23,1033.89,SBIN.NS
2026-05-11,992.3,974.95,1008.3,SBIN.NS
2026-05-12,986.27,969.73,1001.84,SBIN.NS
2026-05-13,982.16,965.09,998.38,SBIN.NS
2026-05-14,973.66,958.61,990.23,SBIN.NS
2026-05-15,966.6,951.07,982.94,SBIN.NS
2026-05-18,950.69,934.65,966.9,SBIN.NS
2026-05-19,948.43,930.93,964.92,SBIN.NS
2026-05-20,948.54,932.77,965.0,SBIN.NS
2026-05-21,944.65,929.56,961.62,SBIN.NS
2026-05-22,942.5,926.44,958.64,SBIN.NS
2026-05-25,942.27,927.06,958.71,SBIN.NS
2026-05-26,945.28,930.14,961.75,SBIN.NS
2026-05-27,950.52,935.15,967.41,SBIN.NS
2026-05-28,951.56,935.3,968.92,SBIN.NS
2026-05-29,954.07,937.92,968.43,SBIN.NS
2026-06-01,965.49,949.72,982.0,SBIN.NS
2026-06-02,971.45,956.32,987.77,SBIN.NS
2026-06-03,979.14,963.12,994.12,SBIN.NS
2026-06-04,982.09,966.08,997.64,SBIN.NS
2026-06-05,985.96,970.22,1001.2,SBIN.NS
2026-06-08,998.44,983.24,1013.46,SBIN.NS
2026-06-09,1003.82,987.05,1019.74,SBIN.NS
2026-06-10,1010.53,994.93,1028.0,SBIN.NS
2026-06-11,1012.15,995.86,1028.45,SBIN.NS
2026-06-12,1014.42,998.5,1031.02,SBIN.NS
2026-06-15,1020.93,1003.79,1037.72,SBIN.NS
2026-06-16,1024.14,1008.98,1040.69,SBIN.NS
2026-06-17,1028.69,1012.91,1045.12,SBIN.NS
2026-06-18,1028.21,1012.09,1045.37,SBIN.NS
2026-06-19,1028.46,1012.05,1044.61,SBIN.NS
2026-06-22,1029.88,1014.21,1045.82,SBIN.NS
2026-06-23,1031.78,1016.43,1048.19,SBIN.NS
2026-06-24,1035.22,1018.79,1050.78,SBIN.NS
2026-06-25,1033.84,1017.24,1050.38,SBIN.NS
2026-06-26,1033.4,1016.87,1050.64,SBIN.NS
2026-06-29,1033.74,1017.56,1050.29,SBIN.NS
2026-06-30,1035.52,1019.1,1051.6,SBIN.NS
2026-07-01,1038.93,1022.13,1054.13,SBIN.NS
2026-07-02,1037.56,1020.76,1055.1,SBIN.NS
2026-07-03,1037.13,1020.76,1053.85,SBIN.NS
2026-07-06,1037.27,1021.88,1053.76,SBIN.NS
2026-07-07,1038.83,1022.2,1055.63,SBIN.NS
2026-07-08,1041.9,1025.44,1057.44,SBIN.NS
2026-07-09,1040.07,1024.01,1055.08,SBIN.NS
2026-07-10,1039.07,1022.28,1054.42,SBIN.NS
2026-07-13,1036.83,1021.77,1052.69,SBIN.NS
2026-07-14,1037.44,1020.61,1053.28,SBIN.NS
2026-07-15,1039.5,1022.67,1055.03,SBIN.NS
2026-07-16,1036.66,1020.22,1053.58,SBIN.NS
2026-07-17,1034.66,1019.57,1050.77,SBIN.NS
2026-07-20,1029.83,1012.5,1045.83,SBIN.NS
2026-07-21,1029.82,1013.47,1047.23,SBIN.NS
2026-07-22,1031.45,1014.61,1047.95,SBIN.NS
2026-07-23,1028.35,1011.84,1045.03,SBIN.NS
2026-07-24,1026.31,1010.72,1042.36,SBIN.NS
2026-07-27,1022.69,1005.48,1038.28,SBIN.NS
2026-07-28,1023.51,1006.15,1039.86,SBIN.NS
2026-07-29,1026.17,1009.48,1042.07,SBIN.NS
2026-07-30,1024.28,1009.64,1040.76,SBIN.NS
2026-07-31,1023.58,1008.03,1039.78,SBIN.NS
2026-08-03,1024.52,1008.84,1040.89,SBIN.NS
2026-08-04,1026.9,1009.58,1042.72,SBIN.NS
2026-08-05,1031.06,1016.04,1046.28,SBIN.NS
2026-08-06,1030.56,1013.55,1046.86,SBIN.NS
2026-08-07,1031.12,1014.93,1047.84,SBIN.NS
2026-08-10,1034.62,1017.67,1050.81,SBIN.NS
2026-08-11,1037.36,1022.43,1054.03,SBIN.NS
2026-08-12,1041.6,1024.71,1058.38,SBIN.NS
2026-08-13,1040.9,1025.31,1058.03,SBIN.NS
2026-08-14,1040.98,1025.08,1056.79,SBIN.NS
2026-08-17,1041.5,1025.5,1057.1,SBIN.NS
2026-08-18,1042.82,1026.85,1060.02,SBIN.NS
2026-08-19,1045.49,1028.96,1060.98,SBIN.NS
2026-08-20,1043.12,1026.53,1059.2,SBIN.NS
2026-08-21,1041.46,1026.97,1056.52,SBIN.NS
2026-08-24,1036.98,1020.28,1054.74,SBIN.NS
2026-08-25,1036.87,1019.32,1052.19,SBIN.NS
2026-08-26,1038.31,1021.89,1053.64,SBIN.NS
2026-08-27,1034.96,1019.32,1052.56,SBIN.NS
2026-08-28,1032.61,1016.09,1048.03,SBIN.NS
2026-08-31,1028.0,1011.77,1043.45,SBIN.NS
2026-09-01,1028.55,1012.28,1044.95,SBIN.NS
2026-09-02,1030.99,1015.08,1046.56,SBIN.NS
2025-07-22,1673.71,1644.09,1700.64,SUNPHARMA.NS
2025-07-23,1677.05,1650.48,1705.31,SUNPHARMA.NS
2025-07-24,1676.7,1648.41,1706.1,SUNPHARMA.NS
2025-07-25,1668.14,1641.07,1695.33,SUNPHARMA.NS
2025-07-28,1663.87,1635.66,1690.66,SUNPHARMA.NS
2025-07-29,1658.82,1630.86,1686.13,SUNPHARMA.NS
2025-07-30,1660.53,1632.03,1688.29,SUNPHARMA.NS
2025-07-31,1658.72,1629.79,1686.68,SUNPHARMA.NS
2025-08-01,1648.84,1619.72,1675.96,SUNPHARMA.NS
2025-08-04,1641.57,1612.27,1670.37,SUNPHARMA.NS
2025-08-05,1635.84,1607.28,1663.51,SUNPHARMA.NS
2025-08-06,1637.02,1605.46,1664.18,SUNPHARMA.NS
2025-08-07,1634.82,1605.21,1662.02,SUNPHARMA.NS
2025-08-08,1624.7,1597.26,1653.41,SUNPHARMA.NS
2025-08-11,1617.54,1589.09,1644.56,SUNPHARMA.NS
2025-08-12,1612.09,1584.45,1642.1,SUNPHARMA.NS
2025-08-13,1613.68,1584.9,1642.86,SUNPHARMA.NS
2025-08-14,1612.0,1584.57,1640.22,SUNPHARMA.NS
2025-08-18,1597.81,1568.36,1630.25,SUNPHARMA.NS
2025-08-19,1593.36,1565.67,1622.35,SUNPHARMA.NS
2025-08-20,1596.02,1563.55,1625.66,SUNPHARMA.NS
2025-08-21,1595.48,1565.05,1623.24,SUNPHARMA.NS
2025-08-22,1587.19,1559.44,1617.01,SUNPHARMA.NS
2025-08-25,1586.36,1555.52,1614.76,SUNPHARMA.NS
2025-08-26,1583.25,1555.59,1611.54,SUNPHARMA.NS
2025-08-28,1588.07,1559.24,1615.77,SUNPHARMA.NS
2025-08-29,1581.11,1553.3,1608.14,SUNPHARMA.NS
2025-09-01,1584.08,1554.17,1616.32,SUNPHARMA.NS
2025-09-02,1582.14,1552.86,1609.75,SUNPHARMA.NS
2025-09-03,1587.24,1557.4,1615.22,SUNPHARMA.NS
2025-09-04,1589.06,1559.58,1616.86,SUNPHARMA.NS
2025-09-05,1583.03,1555.67,1611.87,SUNPHARMA.NS
2025-09-08,1588.21,1560.24,1616.47,SUNPHARMA.NS
2025-09-09,1586.81,1557.17,1617.45,SUNPHARMA.NS
2025-09-10,1592.35,1563.51,1619.81,SUNPHARMA.NS
2025-09-11,1594.54,1564.86,1623.0,SUNPHARMA.NS
2025-09-12,1588.78,1559.92,1615.77,SUNPHARMA.NS
2025-09-15,1594.37,1566.28,1624.88,SUNPHARMA.NS
2025-09-16,1593.01,1564.34,1622.08,SUNPHARMA.NS
2025-09-17,1598.59,1568.68,1626.02,SUNPHARMA.NS
2025-09-18,1600.79,1570.34,1628.1,SUNPHARMA.NS
2025-09-19,1595.07,1565.97,1625.91,SUNPHARMA.NS
2025-09-22,1601.0,1573.36,1630.97,SUNPHARMA.NS
2025-09-23,1599.88,1569.98,1628.11,SUNPHARMA.NS
2025-09-24,1605.78,1577.59,1633.31,SUNPHARMA.NS
2025-09-25,1608.39,1578.89,1640.13,SUNPHARMA.NS
2025-09-26,1603.17,1574.95,1632.79,SUNPHARMA.NS
2025-09-29,1611.17,1581.18,1639.97,SUNPHARMA.NS
2025-09-30,1610.92,1582.15,1640.65,SUNPHARMA.NS
2025-10-01,1617.74,1588.95,1646.34,SUNPHARMA.NS
2025-10-03,1617.14,1589.87,1646.0,SUNPHARMA.NS
2025-10-06,1628.2,1600.55,1658.07,SUNPHARMA.NS
2025-10-07,1628.89,1599.89,1655.88,SUNPHARMA.NS
2025-10-08,1636.57,1606.66,1663.71,SUNPHARMA.NS
2025-10-09,1640.93,1611.65,1668.91,SUNPHARMA.NS
2025-10-10,1637.36,1608.57,1667.42,SUNPHARMA.NS
2025-10-13,1649.38,1622.66,1679.4,SUNPHARMA.NS
2025-10-14,1650.03,1619.95,1677.01,SUNPHARMA.NS
2025-10-15,1657.49,1626.95,1687.53,SUNPHARMA.NS
2025-10-16,1661.43,1633.06,1690.85,SUNPHARMA.NS
2025-10-17,1657.26,1629.23,1685.88,SUNPHARMA.NS
2025-10-20,1666.54,1638.11,1695.43,SUNPHARMA.NS
2025-10-21,1666.03,1636.11,1696.64,SUNPHARMA.NS
2025-10-23,1674.93,1645.66,1701.91,SUNPHARMA.NS
2025-10-24,1669.5,1640.76,1698.31,SUNPHARMA.NS
2025-10-27,1675.36,1646.71,1703.59,SUNPHARMA.NS
2025-10-28,1673.98,1646.91,1703.23,SUNPHARMA.NS
2025-10-29,1679.52,1650.56,1704.86,SUNPHARMA.NS
2025-10-30,1681.74,1650.92,1710.82,SUNPHARMA.NS
2025-10-31,1676.11,1644.98,1703.67,SUNPHARMA.NS
2025-11-03,1683.11,1654.88,1710.61,SUNPHARMA.NS
2025-11-04,1682.71,1657.54,1712.09,SUNPHARMA.NS
2025-11-06,1693.33,1664.31,1722.82,SUNPHARMA.NS
2025-11-07,1689.53,1661.74,1718.58,SUNPHARMA.NS
2025-11-10,1703.28,1675.22,1732.63,SUNPHARMA.NS
2025-11-11,1705.39,1676.03,1732.88,SUNPHARMA.NS
2025-11-12,1714.77,1687.48,1741.78,SUNPHARMA.NS
2025-11-13,1721.1,1694.18,1749.92,SUNPHARMA.NS
2025-11-14,1719.75,1688.8,1748.21,SUNPHARMA.NS
2025-11-17,1739.77,1711.54,1767.9,SUNPHARMA.NS
2025-11-18,1743.42,1713.87,1768.42,SUNPHARMA.NS
2025-11-19,1753.96,1725.91,1782.36,SUNPHARMA.NS
2025-11-20,1761.04,1731.6,1789.82,SUNPHARMA.NS
2025-11-21,1759.99,1733.05,1788.72,SUNPHARMA.NS
2025-11-24,1777.97,1749.01,1805.43,SUNPHARMA.NS
2025-11-25,1779.94,1749.0,1807.54,SUNPHARMA.NS
2025-11-26,1788.32,1760.37,1818.79,SUNPHARMA.NS
2025-11-27,1792.76,1764.91,1820.88,SUNPHARMA.NS
2025-11-28,1788.67,1759.58,1816.64,SUNPHARMA.NS
2025-12-01,1795.44,1766.95,1823.82,SUNPHARMA.NS
2025-12-02,1793.19,1764.7,1822.26,SUNPHARMA.NS
2025-12-03,1797.23,1769.3,1826.55,SUNPHARMA.NS
2025-12-04,1797.29,1768.91,1824.78,SUNPHARMA.NS
2025-12-05,1788.85,1760.16,1816.7,SUNPHARMA.NS
2025-12-08,1783.52,1754.84,1809.67,SUNPHARMA.NS
2025-12-09,1777.79,1748.48,1806.62,SUNPHARMA.NS
2025-12-10,1778.73,1751.24,1805.7,SUNPHARMA.NS
2025-12-11,1776.11,1746.16,1805.51,SUNPHARMA.NS
2025-12-12,1765.45,1735.04,1792.13,SUNPHARMA.NS
2025-12-15,1756.44,1729.33,1784.59,SUNPHARMA.NS
2025-12-16,1750.48,1723.38,1780.79,SUNPHARMA.NS
2025-12-17,1751.67,1721.14,1781.51,SUNPHARMA.NS
2025-12-18,1749.73,1721.73,1777.49,SUNPHARMA.NS
2025-12-19,1740.15,1709.2,1771.09,SUNPHARMA.NS
2025-12-22,1736.16,1708.34,1765.45,SUNPHARMA.NS
2025-12-23,1732.24,1704.58,1759.88,SUNPHARMA.NS
2025-12-24,1735.52,1708.78,1763.95,SUNPHARMA.NS
2025-12-26,1728.05,1699.39,1756.41,SUNPHARMA.NS
2025-12-29,1728.72,1699.82,1755.9,SUNPHARMA.NS
2025-12-30,1725.72,1698.05,1754.45,SUNPHARMA.NS
2025-12-31,1729.53,1703.43,1757.56,SUNPHARMA.NS
2026-01-01,1729.78,1700.09,1760.48,SUNPHARMA.NS
2026-01-02,1721.84,1692.84,1751.29,SUNPHARMA.NS
2026-01-05,1718.9,1688.69,1745.51,SUNPHARMA.NS
2026-01-06,1713.9,1682.0,1743.43,SUNPHARMA.NS
2026-01-07,1715.38,1688.4,1743.37,SUNPHARMA.NS
2026-01-08,1713.02,1684.73,1742.17,SUNPHARMA.NS
2026-01-09,1702.27,1673.9,1730.97,SUNPHARMA.NS
2026-01-12,1690.43,1662.25,1717.23,SUNPHARMA.NS
2026-01-13,1682.6,1654.52,1711.7,SUNPHARMA.NS
2026-01-14,1681.45,1653.3,1712.72,SUNPHARMA.NS
2026-01-15,1676.76,1648.38,1704.44,SUNPHARMA.NS
2026-01-16,1664.06,1636.81,1691.41,SUNPHARMA.NS
2026-01-19,1649.28,1620.28,1677.67,SUNPHARMA.NS
2026-01-20,1641.62,1615.33,1670.31,SUNPHARMA.NS
2026-01-21,1641.28,1613.54,1670.58,SUNPHARMA.NS
2026-01-22,1638.05,1609.6,1665.68,SUNPHARMA.NS
2026-01-23,1627.45,1596.58,1658.3,SUNPHARMA.NS
2026-01-27,1619.38,1590.53,1648.45,SUNPHARMA.NS
2026-01-28,1623.87,1595.85,1652.08,SUNPHARMA.NS
2026-01-29,1625.83,1596.85,1654.64,SUNPHARMA.NS
2026-01-30,1620.68,1592.3,1648.91,SUNPHARMA.NS
2026-02-02,1632.91,1605.06,1660.88,SUNPHARMA.NS
2026-02-03,1635.23,1606.74,1663.93,SUNPHARMA.NS
2026-02-04,1645.08,1616.16,1673.26,SUNPHARMA.NS
2026-02-05,1652.1,1626.12,1679.92,SUNPHARMA.NS
2026-02-06,1651.63,1622.64,1680.95,SUNPHARMA.NS
2026-02-09,1674.92,1645.63,1704.62,SUNPHARMA.NS
2026-02-10,1679.75,1649.82,1707.68,SUNPHARMA.NS
2026-02-11,1691.5,1662.55,1719.02,SUNPHARMA.NS
2026-02-12,1699.77,1673.25,1730.52,SUNPHARMA.NS
2026-02-13,1699.91,1672.44,1728.44,SUNPHARMA.NS
2026-02-16,1721.48,1690.5,1750.6,SUNPHARMA.NS
2026-02-17,1724.71,1696.54,1754.76,SUNPHARMA.NS
2026-02-18,1734.43,1705.55,1762.51,SUNPHARMA.NS
2026-02-19,1740.32,1712.24,1767.99,SUNPHARMA.NS
2026-02-20,1737.82,1707.93,1767.17,SUNPHARMA.NS
2026-02-23,1750.65,1723.06,1780.59,SUNPHARMA.NS
2026-02-24,1750.95,1721.13,1779.55,SUNPHARMA.NS
2026-02-25,1757.87,1730.24,1788.89,SUNPHARMA.NS
2026-02-26,1761.15,1732.92,1790.17,SUNPHARMA.NS
2026-02-27,1756.26,1727.22,1786.99,SUNPHARMA.NS
2026-03-02,1763.73,1734.5,1790.85,SUNPHARMA.NS
2026-03-04,1769.03,1738.45,1797.04,SUNPHARMA.NS
2026-03-05,1771.83,1740.58,1798.68,SUNPHARMA.NS
2026-03-06,1766.75,1740.81,1793.55,SUNPHARMA.NS
2026-03-09,1774.89,1745.62,1803.91,SUNPHARMA.NS
2026-03-10,1774.52,1745.88,1801.37,SUNPHARMA.NS
2026-03-11,1781.1,1752.9,1810.07,SUNPHARMA.NS
2026-03-12,1784.28,1755.98,1813.38,SUNPHARMA.NS
2026-03-13,1779.45,1751.17,1810.33,SUNPHARMA.NS
2026-03-16,1786.85,1757.82,1815.43,SUNPHARMA.NS
2026-03-17,1785.55,1757.11,1811.54,SUNPHARMA.NS
2026-03-18,1790.8,1761.85,1819.0,SUNPHARMA.NS
2026-03-19,1792.21,1765.93,1819.43,SUNPHARMA.NS
2026-03-20,1785.17,1757.1,1813.55,SUNPHARMA.NS
2026-03-23,1783.31,1755.34,1813.03,SUNPHARMA.NS
2026-03-24,1778.16,1748.89,1806.8,SUNPHARMA.NS
2026-03-25,1779.24,1750.41,1805.42,SUNPHARMA.NS
2026-03-27,1764.63,1737.13,1794.43,SUNPHARMA.NS
2026-03-30,1749.02,1720.99,1778.85,SUNPHARMA.NS
2026-04-01,1736.71,1706.85,1765.7,SUNPHARMA.NS
2026-04-02,1730.18,1703.44,1759.17,SUNPHARMA.NS
2026-04-06,1694.81,1666.08,1724.19,SUNPHARMA.NS
2026-04-07,1685.2,1656.09,1714.87,SUNPHARMA.NS
2026-04-08,1682.99,1654.12,1712.06,SUNPHARMA.NS
2026-04-09,1678.0,1649.12,1705.14,SUNPHARMA.NS
2026-04-10,1665.78,1639.19,1695.33,SUNPHARMA.NS
2026-04-13,1657.37,1627.94,1686.52,SUNPHARMA.NS
2026-04-15,1657.54,1629.05,1685.68,SUNPHARMA.NS
2026-04-16,1659.46,1631.38,1687.06,SUNPHARMA.NS
2026-04-17,1654.63,1624.46,1684.04,SUNPHARMA.NS
2026-04-20,1670.13,1641.13,1698.83,SUNPHARMA.NS
2026-04-21,1674.33,1644.36,1703.9,SUNPHARMA.NS
2026-04-22,1686.47,1657.76,1715.42,SUNPHARMA.NS
2026-04-23,1696.16,1667.71,1728.14,SUNPHARMA.NS
2026-04-24,1698.73,1669.33,1726.58,SUNPHARMA.NS
2026-04-27,1733.09,1706.57,1761.77,SUNPHARMA.NS
2026-04-28,1742.15,1716.62,1771.19,SUNPHARMA.NS
2026-04-29,1758.31,1729.82,1787.08,SUNPHARMA.NS
2026-04-30,1771.13,1742.13,1801.28,SUNPHARMA.NS
2026-05-01,1775.89,1747.24,1805.01,SUNPHARMA.NS
2026-05-04,1811.08,1783.22,1836.82,SUNPHARMA.NS
2026-05-05,1818.53,1789.66,1847.44,SUNPHARMA.NS
2026-05-06,1832.2,1804.35,1859.86,SUNPHARMA.NS
2026-05-07,1841.69,1814.16,1869.09,SUNPHARMA.NS
2026-05-08,1842.37,1813.1,1870.41,SUNPHARMA.NS
2026-05-11,1861.57,1833.23,1891.56,SUNPHARMA.NS
2026-05-12,1862.75,1836.08,1891.78,SUNPHARMA.NS
2026-05-13,1869.85,1839.98,1899.58,SUNPHARMA.NS
2026-05-14,1872.59,1843.65,1900.68,SUNPHARMA.NS
2026-05-15,1866.43,1841.33,1894.86,SUNPHARMA.NS
2026-05-18,1865.59,1838.12,1894.23,SUNPHARMA.NS
2026-05-19,1860.58,1832.67,1890.48,SUNPHARMA.NS
2026-05-20,1861.86,1832.66,1892.15,SUNPHARMA.NS
2026-05-21,1859.22,1829.89,1887.43,SUNPHARMA.NS
2026-05-22,1848.17,1818.52,1878.79,SUNPHARMA.NS
2026-05-25,1836.16,1807.89,1864.66,SUNPHARMA.NS
2026-05-26,1828.66,1799.72,1857.71,SUNPHARMA.NS
2026-05-27,1828.1,1798.84,1858.51,SUNPHARMA.NS
2026-05-28,1824.25,1796.98,1851.68,SUNPHARMA.NS
2026-05-29,1812.62,1782.96,1839.86,SUNPHARMA.NS
2026-06-01,1802.35,1772.44,1830.7,SUNPHARMA.NS
2026-06-02,1796.47,1767.53,1826.69,SUNPHARMA.NS
2026-06-03,1797.99,1770.23,1826.74,SUNPHARMA.NS
2026-06-04,1796.62,1769.21,1826.61,SUNPHARMA.NS
2026-06-05,1787.82,1761.87,1816.27,SUNPHARMA.NS
2026-06-08,1787.64,1756.34,1817.09,SUNPHARMA.NS
2026-06-09,1785.49,1758.59,1812.49,SUNPHARMA.NS
2026-06-10,1790.83,1760.62,1818.92,SUNPHARMA.NS
2026-06-11,1793.33,1762.44,1823.8,SUNPHARMA.NS
2026-06-12,1788.43,1759.99,1816.88,SUNPHARMA.NS
2026-06-15,1799.56,1770.97,1827.64,SUNPHARMA.NS
2026-06-16,1800.96,1774.54,1831.23,SUNPHARMA.NS
2026-06-17,1809.68,1780.38,1838.56,SUNPHARMA.NS
2026-06-18,1815.4,1786.01,1842.74,SUNPHARMA.NS
2026-06-19,1813.5,1784.13,1842.12,SUNPHARMA.NS
2026-06-22,1832.31,1803.69,1861.91,SUNPHARMA.NS
2026-06-23,1835.78,1809.39,1865.72,SUNPHARMA.NS
2026-06-24,1846.31,1817.26,1874.22,SUNPHARMA.NS
2026-06-25,1853.58,1826.74,1883.04,SUNPHARMA.NS
2026-06-26,1852.97,1824.46,1882.12,SUNPHARMA.NS
2026-06-29,1874.05,1843.91,1902.99,SUNPHARMA.NS
2026-06-30,1877.75,1849.67,1908.34,SUNPHARMA.NS
2026-07-01,1888.26,1862.16,1917.18,SUNPHARMA.NS
2026-07-02,1895.25,1866.9,1923.68,SUNPHARMA.NS
2026-07-03,1894.12,1864.83,1921.87,SUNPHARMA.NS
2026-07-06,1912.22,1883.03,1940.28,SUNPHARMA.NS
2026-07-07,1914.49,1886.18,1943.39,SUNPHARMA.NS
2026-07-08,1923.38,1894.53,1950.32,SUNPHARMA.NS
2026-07-09,1928.56,1899.96,1956.4,SUNPHARMA.NS
2026-07-10,1925.45,1894.89,1955.33,SUNPHARMA.NS
2026-07-13,1936.76,1908.45,1964.5,SUNPHARMA.NS
2026-07-14,1936.55,1908.35,1965.85,SUNPHARMA.NS
2026-07-15,1942.87,1914.84,1970.06,SUNPHARMA.NS
2026-07-16,1945.41,1917.21,1974.52,SUNPHARMA.NS
2026-07-17,1939.63,1910.69,1968.3,SUNPHARMA.NS
2026-07-20,1942.87,1915.39,1971.25,SUNPHARMA.NS
2026-07-21,1940.01,1910.83,1967.98,SUNPHARMA.NS
2026-07-22,1943.74,1916.01,1971.41,SUNPHARMA.NS
2026-07-23,1943.78,1914.9,1973.67,SUNPHARMA.NS
2026-07-24,1935.56,1904.44,1964.8,SUNPHARMA.NS
2026-07-27,1932.17,1904.05,1961.18,SUNPHARMA.NS
2026-07-28,1927.36,1900.56,1958.18,SUNPHARMA.NS
2026-07-29,1929.28,1900.67,1955.78,SUNPHARMA.NS
2026-07-30,1927.65,1900.68,1959.28,SUNPHARMA.NS
2026-07-31,1917.92,1889.61,1946.09,SUNPHARMA.NS
2026-08-03,1910.95,1884.08,1940.14,SUNPHARMA.NS
2026-08-04,1905.26,1875.74,1931.46,SUNPHARMA.NS
2026-08-05,1906.46,1874.02,1933.24,SUNPHARMA.NS
2026-08-06,1904.26,1875.75,1933.03,SUNPHARMA.NS
2026-08-07,1894.11,1864.6,1922.69,SUNPHARMA.NS
2026-08-10,1886.73,1856.92,1914.06,SUNPHARMA.NS
2026-08-11,1881.17,1852.6,1907.95,SUNPHARMA.NS
2026-08-12,1882.63,1855.19,1910.49,SUNPHARMA.NS
2026-08-13,1880.8,1851.58,1909.79,SUNPHARMA.NS
2026-08-14,1871.15,1840.5,1899.4,SUNPHARMA.NS
2026-08-17,1865.88,1836.08,1894.6,SUNPHARMA.NS
2026-08-18,1861.21,1832.69,1890.67,SUNPHARMA.NS
2026-08-19,1863.64,1834.69,1891.45,SUNPHARMA.NS
2026-08-20,1862.87,1834.68,1894.22,SUNPHARMA.NS
2026-08-21,1854.34,1823.76,1882.53,SUNPHARMA.NS
2026-08-24,1852.77,1823.09,1883.64,SUNPHARMA.NS
2026-08-25,1849.42,1822.27,1875.7,SUNPHARMA.NS
2026-08-26,1853.19,1823.38,1881.38,SUNPHARMA.NS
2026-08-27,1853.77,1822.44,1882.09,SUNPHARMA.NS
2026-08-28,1846.59,1817.2,1874.78,SUNPHARMA.NS
2026-08-31,1848.96,1820.39,1878.24,SUNPHARMA.NS
2026-09-01,1846.85,1817.89,1875.13,SUNPHARMA.NS
2026-09-02,1851.8,1823.23,1881.77,SUNPHARMA.NS
2025-07-22,1061.48,1043.07,1083.4,TATACONSUM.NS
2025-07-23,1058.73,1037.32,1078.24,TATACONSUM.NS
2025-07-24,1055.01,1035.71,1073.94,TATACONSUM.NS
2025-07-25,1054.29,1033.29,1074.03,TATACONSUM.NS
2025-07-28,1053.3,1033.39,1072.55,TATACONSUM.NS
2025-07-29,1054.93,1035.15,1075.67,TATACONSUM.NS
2025-07-30,1053.83,1033.1,1071.7,TATACONSUM.NS
2025-07-31,1051.69,1031.63,1073.29,TATACONSUM.NS
2025-08-01,1052.46,1033.16,1073.27,TATACONSUM.NS
2025-08-04,1055.16,1034.98,1074.44,TATACONSUM.NS
2025-08-05,1057.7,1035.96,1077.42,TATACONSUM.NS
2025-08-06,1057.32,1036.67,1078.4,TATACONSUM.NS
2025-08-07,1055.72,1033.77,1075.52,TATACONSUM.NS
2025-08-08,1056.84,1037.07,1077.1,TATACONSUM.NS
2025-08-11,1059.61,1039.2,1080.79,TATACONSUM.NS
2025-08-12,1061.89,1041.68,1081.59,TATACONSUM.NS
2025-08-13,1061.15,1040.02,1081.42,TATACONSUM.NS
2025-08-14,1059.13,1039.52,1080.91,TATACONSUM.NS
2025-08-18,1061.18,1040.01,1081.13,TATACONSUM.NS
2025-08-19,1063.11,1043.37,1080.26,TATACONSUM.NS
2025-08-20,1062.11,1041.24,1083.62,TATACONSUM.NS
2025-08-21,1059.94,1040.36,1079.93,TATACONSUM.NS
2025-08-22,1060.59,1039.87,1081.24,TATACONSUM.NS
2025-08-25,1062.83,1040.8,1081.81,TATACONSUM.NS
2025-08-26,1065.35,1044.79,1084.67,TATACONSUM.NS
2025-08-28,1063.79,1044.59,1083.45,TATACONSUM.NS
2025-08-29,1065.42,1045.48,1086.15,TATACONSUM.NS
2025-09-01,1071.15,1049.46,1089.61,TATACONSUM.NS
2025-09-02,1074.92,1054.11,1094.29,TATACONSUM.NS
2025-09-03,1075.9,1056.59,1096.33,TATACONSUM.NS
2025-09-04,1075.81,1055.95,1094.96,TATACONSUM.NS
2025-09-05,1078.6,1058.99,1098.33,TATACONSUM.NS
2025-09-08,1087.16,1067.0,1106.65,TATACONSUM.NS
2025-09-09,1091.6,1071.21,1111.91,TATACONSUM.NS
2025-09-10,1093.07,1072.96,1113.06,TATACONSUM.NS
2025-09-11,1093.29,1071.7,1111.85,TATACONSUM.NS
2025-09-12,1096.21,1075.81,1115.53,TATACONSUM.NS
2025-09-15,1103.98,1084.95,1125.2,TATACONSUM.NS
2025-09-16,1107.8,1089.33,1128.63,TATACONSUM.NS
2025-09-17,1108.5,1088.79,1127.57,TATACONSUM.NS
2025-09-18,1107.82,1086.86,1127.28,TATACONSUM.NS
2025-09-19,1109.7,1090.3,1129.62,TATACONSUM.NS
2025-09-22,1113.99,1092.39,1133.96,TATACONSUM.NS
2025-09-23,1116.6,1096.88,1136.45,TATACONSUM.NS
2025-09-24,1116.12,1094.88,1136.39,TATACONSUM.NS
2025-09-25,1114.3,1095.14,1133.3,TATACONSUM.NS
2025-09-26,1115.14,1095.71,1134.56,TATACONSUM.NS
2025-09-29,1116.99,1097.14,1137.41,TATACONSUM.NS
2025-09-30,1119.08,1098.84,1139.75,TATACONSUM.NS
2025-10-01,1118.25,1096.81,1138.52,TATACONSUM.NS
2025-10-03,1117.09,1096.57,1138.49,TATACONSUM.NS
2025-10-06,1119.93,1100.16,1139.28,TATACONSUM.NS
2025-10-07,1122.65,1101.88,1143.46,TATACONSUM.NS
2025-10-08,1122.57,1102.8,1141.2,TATACONSUM.NS
2025-10-09,1121.43,1099.55,1142.61,TATACONSUM.NS
2025-10-10,1123.2,1104.73,1144.05,TATACONSUM.NS
2025-10-13,1129.07,1109.58,1149.29,TATACONSUM.NS
2025-10-14,1132.78,1110.93,1152.65,TATACONSUM.NS
2025-10-15,1133.65,1113.54,1154.45,TATACONSUM.NS
2025-10-16,1133.4,1112.35,1153.74,TATACONSUM.NS
2025-10-17,1135.96,1115.16,1157.4,TATACONSUM.NS
2025-10-20,1143.5,1122.84,1162.47,TATACONSUM.NS
2025-10-21,1147.49,1128.22,1166.25,TATACONSUM.NS
2025-10-23,1148.22,1128.63,1167.09,TATACONSUM.NS
2025-10-24,1150.61,1129.14,1172.68,TATACONSUM.NS
2025-10-27,1156.78,1135.86,1176.97,TATACONSUM.NS
2025-10-28,1160.07,1139.82,1180.34,TATACONSUM.NS
2025-10-29,1160.27,1141.0,1180.62,TATACONSUM.NS
2025-10-30,1159.1,1137.45,1180.24,TATACONSUM.NS
2025-10-31,1160.53,1142.16,1179.42,TATACONSUM.NS
2025-11-03,1163.59,1142.55,1184.18,TATACONSUM.NS
2025-11-04,1165.82,1147.09,1185.16,TATACONSUM.NS
2025-11-06,1162.79,1143.04,1183.36,TATACONSUM.NS
2025-11-07,1163.25,1142.81,1182.28,TATACONSUM.NS
2025-11-10,1163.74,1143.5,1183.27,TATACONSUM.NS
2025-11-11,1165.25,1145.81,1185.76,TATACONSUM.NS
2025-11-12,1163.76,1144.57,1183.69,TATACONSUM.NS
2025-11-13,1160.99,1141.25,1181.37,TATACONSUM.NS
2025-11-14,1160.94,1139.77,1179.43,TATACONSUM.NS
2025-11-17,1160.27,1140.41,1179.54,TATACONSUM.NS
2025-11-18,1161.5,1141.98,1183.45,TATACONSUM.NS
2025-11-19,1159.77,1138.78,1179.63,TATACONSUM.NS
2025-11-20,1156.81,1137.84,1177.77,TATACONSUM.NS
2025-11-21,1156.59,1135.42,1177.3,TATACONSUM.NS
2025-11-24,1155.57,1136.58,1175.39,TATACONSUM.NS
2025-11-25,1156.72,1137.1,1176.75,TATACONSUM.NS
2025-11-26,1154.93,1135.97,1176.91,TATACONSUM.NS
2025-11-27,1151.93,1132.23,1172.33,TATACONSUM.NS
2025-11-28,1151.7,1131.64,1171.82,TATACONSUM.NS
2025-12-01,1150.81,1131.89,1170.7,TATACONSUM.NS
2025-12-02,1152.09,1132.63,1173.04,TATACONSUM.NS
2025-12-03,1150.48,1129.24,1169.5,TATACONSUM.NS
2025-12-04,1147.71,1126.87,1168.58,TATACONSUM.NS
2025-12-05,1147.77,1126.5,1168.07,TATACONSUM.NS
2025-12-08,1148.22,1126.92,1166.91,TATACONSUM.NS
2025-12-09,1150.1,1128.32,1170.37,TATACONSUM.NS
2025-12-10,1149.17,1130.27,1170.71,TATACONSUM.NS
2025-12-11,1147.18,1126.47,1165.85,TATACONSUM.NS
2025-12-12,1148.09,1126.34,1168.24,TATACONSUM.NS
2025-12-15,1151.47,1131.06,1171.07,TATACONSUM.NS
2025-12-16,1154.43,1134.87,1175.38,TATACONSUM.NS
2025-12-17,1154.61,1135.19,1175.07,TATACONSUM.NS
2025-12-18,1153.72,1133.28,1173.52,TATACONSUM.NS
2025-12-19,1155.73,1136.02,1175.88,TATACONSUM.NS
2025-12-22,1162.17,1143.37,1182.69,TATACONSUM.NS
2025-12-23,1166.0,1145.75,1185.63,TATACONSUM.NS
2025-12-24,1166.93,1146.11,1188.04,TATACONSUM.NS
2025-12-26,1169.15,1150.11,1189.22,TATACONSUM.NS
2025-12-29,1175.96,1156.19,1196.23,TATACONSUM.NS
2025-12-30,1179.53,1159.16,1199.66,TATACONSUM.NS
2025-12-31,1180.0,1160.61,1200.59,TATACONSUM.NS
2026-01-01,1179.07,1157.45,1199.92,TATACONSUM.NS
2026-01-02,1180.69,1159.93,1200.48,TATACONSUM.NS
2026-01-05,1183.78,1164.08,1203.62,TATACONSUM.NS
2026-01-06,1185.77,1166.31,1207.56,TATACONSUM.NS
2026-01-07,1184.53,1163.6,1205.0,TATACONSUM.NS
2026-01-08,1181.78,1160.55,1202.33,TATACONSUM.NS
2026-01-09,1181.49,1161.16,1202.7,TATACONSUM.NS
2026-01-12,1178.62,1157.51,1198.96,TATACONSUM.NS
2026-01-13,1178.64,1158.23,1197.71,TATACONSUM.NS
2026-01-14,1175.49,1156.0,1196.65,TATACONSUM.NS
2026-01-15,1170.93,1151.62,1191.76,TATACONSUM.NS
2026-01-16,1168.95,1148.37,1190.43,TATACONSUM.NS
2026-01-19,1161.98,1142.82,1180.99,TATACONSUM.NS
2026-01-20,1161.05,1139.48,1179.47,TATACONSUM.NS
2026-01-21,1157.18,1137.08,1177.44,TATACONSUM.NS
2026-01-22,1152.13,1132.77,1171.15,TATACONSUM.NS
2026-01-23,1149.91,1130.98,1169.29,TATACONSUM.NS
2026-01-27,1143.61,1124.12,1164.45,TATACONSUM.NS
2026-01-28,1140.72,1119.59,1160.48,TATACONSUM.NS
2026-01-29,1136.88,1117.8,1157.27,TATACONSUM.NS
2026-01-30,1136.05,1115.91,1155.67,TATACONSUM.NS
2026-02-02,1134.96,1112.82,1154.7,TATACONSUM.NS
2026-02-03,1136.67,1116.68,1155.98,TATACONSUM.NS
2026-02-04,1135.69,1113.29,1155.26,TATACONSUM.NS
2026-02-05,1133.77,1114.49,1154.43,TATACONSUM.NS
2026-02-06,1134.83,1115.11,1155.96,TATACONSUM.NS
2026-02-09,1138.87,1119.04,1159.09,TATACONSUM.NS
2026-02-10,1142.0,1121.62,1162.29,TATACONSUM.NS
2026-02-11,1142.26,1122.71,1163.71,TATACONSUM.NS
2026-02-12,1141.34,1122.2,1163.08,TATACONSUM.NS
2026-02-13,1143.16,1123.35,1163.48,TATACONSUM.NS
2026-02-16,1147.84,1128.01,1169.09,TATACONSUM.NS
2026-02-17,1150.6,1129.21,1168.84,TATACONSUM.NS
2026-02-18,1150.18,1130.07,1171.41,TATACONSUM.NS
2026-02-19,1148.29,1128.91,1168.7,TATACONSUM.NS
2026-02-20,1148.84,1128.71,1168.79,TATACONSUM.NS
2026-02-23,1148.09,1128.72,1169.13,TATACONSUM.NS
2026-02-24,1148.56,1128.87,1170.49,TATACONSUM.NS
2026-02-25,1145.67,1126.05,1166.24,TATACONSUM.NS
2026-02-26,1141.13,1121.35,1160.81,TATACONSUM.NS
2026-02-27,1138.93,1118.95,1157.75,TATACONSUM.NS
2026-03-02,1129.51,1109.8,1149.23,TATACONSUM.NS
2026-03-04,1121.41,1101.43,1142.28,TATACONSUM.NS
2026-03-05,1114.19,1093.6,1133.77,TATACONSUM.NS
2026-03-06,1109.46,1089.95,1129.74,TATACONSUM.NS
2026-03-09,1093.81,1073.47,1112.77,TATACONSUM.NS
2026-03-10,1089.89,1069.86,1110.19,TATACONSUM.NS
2026-03-11,1083.0,1064.41,1102.35,TATACONSUM.NS
2026-03-12,1074.93,1055.13,1095.26,TATACONSUM.NS
2026-03-13,1069.73,1047.63,1089.68,TATACONSUM.NS
2026-03-16,1054.95,1034.98,1075.05,TATACONSUM.NS
2026-03-17,1052.09,1033.31,1072.24,TATACONSUM.NS
2026-03-18,1046.65,1025.84,1067.93,TATACONSUM.NS
2026-03-19,1040.39,1021.05,1060.69,TATACONSUM.NS
2026-03-20,1037.34,1017.73,1057.89,TATACONSUM.NS
2026-03-23,1030.82,1009.29,1051.67,TATACONSUM.NS
2026-03-24,1031.2,1010.17,1052.82,TATACONSUM.NS
2026-03-25,1029.19,1008.85,1050.04,TATACONSUM.NS
2026-03-27,1027.11,1007.57,1046.8,TATACONSUM.NS
2026-03-30,1031.75,1012.23,1051.51,TATACONSUM.NS
2026-04-01,1037.26,1017.59,1058.47,TATACONSUM.NS
2026-04-02,1037.93,1017.24,1058.29,TATACONSUM.NS
2026-04-06,1054.54,1032.4,1075.11,TATACONSUM.NS
2026-04-07,1060.75,1041.49,1080.5,TATACONSUM.NS
2026-04-08,1064.17,1044.18,1084.09,TATACONSUM.NS
2026-04-09,1066.49,1046.57,1086.97,TATACONSUM.NS
2026-04-10,1071.64,1051.63,1093.15,TATACONSUM.NS
2026-04-13,1086.91,1066.04,1108.15,TATACONSUM.NS
2026-04-15,1097.02,1076.35,1116.48,TATACONSUM.NS
2026-04-16,1099.28,1080.23,1119.56,TATACONSUM.NS
2026-04-17,1104.23,1084.35,1125.63,TATACONSUM.NS
2026-04-20,1118.24,1097.56,1138.43,TATACONSUM.NS
2026-04-21,1124.25,1101.85,1143.43,TATACONSUM.NS
2026-04-22,1127.25,1107.84,1148.02,TATACONSUM.NS
2026-04-23,1128.97,1109.14,1150.02,TATACONSUM.NS
2026-04-24,1133.4,1112.76,1151.39,TATACONSUM.NS
2026-04-27,1146.16,1126.31,1165.69,TATACONSUM.NS
2026-04-28,1151.88,1130.6,1171.26,TATACONSUM.NS
2026-04-29,1154.65,1134.47,1174.49,TATACONSUM.NS
2026-04-30,1156.2,1136.16,1176.17,TATACONSUM.NS
2026-05-01,1160.5,1139.9,1182.98,TATACONSUM.NS
2026-05-04,1172.98,1153.71,1192.46,TATACONSUM.NS
2026-05-05,1178.56,1158.11,1198.46,TATACONSUM.NS
2026-05-06,1181.13,1161.12,1200.43,TATACONSUM.NS
2026-05-07,1182.38,1161.98,1202.42,TATACONSUM.NS
2026-05-08,1186.26,1165.58,1206.83,TATACONSUM.NS
2026-05-11,1196.47,1175.47,1217.55,TATACONSUM.NS
2026-05-12,1200.89,1181.24,1222.12,TATACONSUM.NS
2026-05-13,1202.05,1180.92,1222.4,TATACONSUM.NS
2026-05-14,1201.65,1180.89,1221.89,TATACONSUM.NS
2026-05-15,1203.63,1183.13,1225.6,TATACONSUM.NS
2026-05-18,1206.64,1186.03,1227.0,TATACONSUM.NS
2026-05-19,1208.2,1190.42,1227.52,TATACONSUM.NS
2026-05-20,1206.3,1185.91,1225.11,TATACONSUM.NS
2026-05-21,1202.68,1182.58,1222.7,TATACONSUM.NS
2026-05-22,1201.31,1179.77,1222.27,TATACONSUM.NS
2026-05-25,1193.91,1174.44,1214.22,TATACONSUM.NS
2026-05-26,1192.03,1172.06,1211.56,TATACONSUM.NS
2026-05-27,1186.81,1166.69,1206.01,TATACONSUM.NS
2026-05-28,1180.01,1160.63,1201.27,TATACONSUM.NS
2026-05-29,1175.66,1154.5,1195.03,TATACONSUM.NS
2026-06-01,1161.01,1141.91,1181.91,TATACONSUM.NS
2026-06-02,1157.4,1137.12,1177.34,TATACONSUM.NS
2026-06-03,1150.85,1130.61,1171.93,TATACONSUM.NS
2026-06-04,1143.14,1122.32,1164.23,TATACONSUM.NS
2026-06-05,1138.32,1117.84,1157.97,TATACONSUM.NS
2026-06-08,1124.88,1104.39,1146.47,TATACONSUM.NS
2026-06-09,1122.53,1101.75,1143.3,TATACONSUM.NS
2026-06-10,1117.62,1098.24,1138.8,TATACONSUM.NS
2026-06-11,1111.91,1091.84,1131.8,TATACONSUM.NS
2026-06-12,1109.4,1089.71,1129.12,TATACONSUM.NS
2026-06-15,1104.33,1084.14,1124.47,TATACONSUM.NS
2026-06-16,1105.06,1085.65,1124.5,TATACONSUM.NS
2026-06-17,1103.28,1083.98,1125.33,TATACONSUM.NS
2026-06-18,1100.69,1080.51,1119.81,TATACONSUM.NS
2026-06-19,1101.23,1079.67,1121.77,TATACONSUM.NS
2026-06-22,1104.34,1084.96,1124.19,TATACONSUM.NS
2026-06-23,1107.32,1087.09,1126.2,TATACONSUM.NS
2026-06-24,1107.48,1088.86,1126.25,TATACONSUM.NS
2026-06-25,1106.49,1087.64,1126.83,TATACONSUM.NS
2026-06-26,1108.27,1087.74,1127.94,TATACONSUM.NS
2026-06-29,1112.83,1092.61,1134.02,TATACONSUM.NS
2026-06-30,1115.54,1095.24,1134.35,TATACONSUM.NS
2026-07-01,1115.08,1094.06,1135.24,TATACONSUM.NS
2026-07-02,1113.15,1093.36,1132.18,TATACONSUM.NS
2026-07-03,1113.69,1092.93,1133.04,TATACONSUM.NS
2026-07-06,1113.19,1093.16,1133.26,TATACONSUM.NS
2026-07-07,1113.92,1094.42,1135.18,TATACONSUM.NS
2026-07-08,1111.4,1091.16,1131.4,TATACONSUM.NS
2026-07-09,1107.41,1086.67,1129.27,TATACONSUM.NS
2026-07-10,1105.92,1085.05,1125.42,TATACONSUM.NS
2026-07-13,1099.99,1079.9,1119.76,TATACONSUM.NS
2026-07-14,1099.26,1078.45,1119.73,TATACONSUM.NS
2026-07-15,1095.53,1073.44,1116.37,TATACONSUM.NS
2026-07-16,1090.57,1070.98,1110.04,TATACONSUM.NS
2026-07-17,1088.4,1067.08,1109.2,TATACONSUM.NS
2026-07-20,1082.14,1062.0,1101.59,TATACONSUM.NS
2026-07-21,1081.86,1062.64,1103.84,TATACONSUM.NS
2026-07-22,1078.83,1058.3,1097.96,TATACONSUM.NS
2026-07-23,1074.82,1054.21,1096.41,TATACONSUM.NS
2026-07-24,1073.79,1053.92,1094.35,TATACONSUM.NS
2026-07-27,1071.87,1051.24,1091.66,TATACONSUM.NS
2026-07-28,1073.23,1052.74,1093.29,TATACONSUM.NS
2026-07-29,1071.86,1052.08,1092.89,TATACONSUM.NS
2026-07-30,1069.49,1049.39,1090.74,TATACONSUM.NS
2026-07-31,1070.06,1048.98,1090.76,TATACONSUM.NS
2026-08-03,1072.35,1052.5,1094.79,TATACONSUM.NS
2026-08-04,1074.82,1056.08,1094.96,TATACONSUM.NS
2026-08-05,1074.41,1055.86,1095.29,TATACONSUM.NS
2026-08-06,1072.8,1053.06,1091.93,TATACONSUM.NS
2026-08-07,1073.96,1054.12,1094.67,TATACONSUM.NS
2026-08-10,1076.92,1056.92,1098.77,TATACONSUM.NS
2026-08-11,1079.3,1059.22,1099.91,TATACONSUM.NS
2026-08-12,1078.65,1058.03,1099.9,TATACONSUM.NS
2026-08-13,1076.72,1056.03,1096.23,TATACONSUM.NS
2026-08-14,1077.46,1056.86,1098.13,TATACONSUM.NS
2026-08-17,1079.01,1058.73,1098.81,TATACONSUM.NS
2026-08-18,1080.95,1060.72,1102.59,TATACONSUM.NS
2026-08-19,1079.94,1060.4,1099.8,TATACONSUM.NS
2026-08-20,1077.72,1057.18,1097.18,TATACONSUM.NS
2026-08-21,1078.29,1057.51,1097.8,TATACONSUM.NS
2026-08-24,1080.12,1062.37,1101.36,TATACONSUM.NS
2026-08-25,1082.46,1063.68,1103.35,TATACONSUM.NS
2026-08-26,1082.0,1062.33,1103.32,TATACONSUM.NS
2026-08-27,1080.48,1061.47,1100.66,TATACONSUM.NS
2026-08-28,1081.89,1060.32,1102.67,TATACONSUM.NS
2026-08-31,1086.92,1067.36,1106.88,TATACONSUM.NS
2026-09-01,1090.47,1070.71,1111.19,TATACONSUM.NS
2026-09-02,1091.25,1068.91,1110.04,TATACONSUM.NS
2025-07-22,158.4,154.5,162.23,TATASTEEL.NS
2025-07-23,159.33,155.93,163.27,TATASTEEL.NS
2025-07-24,158.91,155.12,162.76,TATASTEEL.NS
2025-07-25,157.8,154.14,161.47,TATASTEEL.NS
2025-07-28,156.78,152.87,160.43,TATASTEEL.NS
2025-07-29,156.92,153.3,160.72,TATASTEEL.NS
2025-07-30,157.83,154.07,161.6,TATASTEEL.NS
2025-07-31,157.4,153.72,161.37,TATASTEEL.NS
2025-08-01,156.28,152.81,160.15,TATASTEEL.NS
2025-08-04,155.3,151.36,158.89,TATASTEEL.NS
2025-08-05,155.48,151.94,159.37,TATASTEEL.NS
2025-08-06,156.43,152.9,160.28,TATASTEEL.NS
2025-08-07,156.04,152.41,159.65,TATASTEEL.NS
2025-08-08,154.97,150.92,158.64,TATASTEEL.NS
2025-08-11,154.19,150.48,157.9,TATASTEEL.NS
2025-08-12,154.44,150.83,157.94,TATASTEEL.NS
2025-08-13,155.48,151.8,159.03,TATASTEEL.NS
2025-08-14,155.19,151.59,158.65,TATASTEEL.NS
2025-08-18,153.83,150.27,157.57,TATASTEEL.NS
2025-08-19,154.24,150.23,158.23,TATASTEEL.NS
2025-08-20,155.45,151.78,159.49,TATASTEEL.NS
2025-08-21,155.34,151.5,158.97,TATASTEEL.NS
2025-08-22,154.58,150.95,158.36,TATASTEEL.NS
2025-08-25,154.86,151.02,158.52,TATASTEEL.NS
2025-08-26,155.53,151.58,159.18,TATASTEEL.NS
2025-08-28,157.16,153.15,160.83,TATASTEEL.NS
2025-08-29,156.69,152.79,160.43,TATASTEEL.NS
2025-09-01,157.83,153.86,161.68,TATASTEEL.NS
2025-09-02,158.77,155.28,162.5,TATASTEEL.NS
2025-09-03,160.5,156.87,164.55,TATASTEEL.NS
2025-09-04,160.91,157.42,164.66,TATASTEEL.NS
2025-09-05,160.66,156.9,164.12,TATASTEEL.NS
2025-09-08,162.29,158.37,166.1,TATASTEEL.NS
2025-09-09,163.32,159.54,166.85,TATASTEEL.NS
2025-09-10,165.1,161.15,168.77,TATASTEEL.NS
2025-09-11,165.52,161.83,169.15,TATASTEEL.NS
2025-09-12,165.22,161.8,168.88,TATASTEEL.NS
2025-09-15,166.44,162.66,170.17,TATASTEEL.NS
2025-09-16,167.23,163.37,171.03,TATASTEEL.NS
2025-09-17,168.74,164.81,172.42,TATASTEEL.NS
2025-09-18,168.84,165.13,172.38,TATASTEEL.NS
2025-09-19,168.2,164.45,172.14,TATASTEEL.NS
2025-09-22,168.24,164.28,172.27,TATASTEEL.NS
2025-09-23,168.62,164.8,172.56,TATASTEEL.NS
2025-09-24,169.71,165.92,173.75,TATASTEEL.NS
2025-09-25,169.41,165.69,173.26,TATASTEEL.NS
2025-09-26,168.38,164.45,172.07,TATASTEEL.NS
2025-09-29,167.44,163.47,171.25,TATASTEEL.NS
2025-09-30,167.57,163.71,171.2,TATASTEEL.NS
2025-10-01,168.48,164.59,171.93,TATASTEEL.NS
2025-10-03,166.94,163.16,170.94,TATASTEEL.NS
2025-10-06,166.17,162.29,169.98,TATASTEEL.NS
2025-10-07,166.49,162.46,170.3,TATASTEEL.NS
2025-10-08,167.64,164.06,171.35,TATASTEEL.NS
2025-10-09,167.5,163.63,171.23,TATASTEEL.NS
2025-10-10,166.74,162.97,170.42,TATASTEEL.NS
2025-10-13,167.2,163.52,170.88,TATASTEEL.NS
2025-10-14,167.97,164.13,171.63,TATASTEEL.NS
2025-10-15,169.57,165.94,173.34,TATASTEEL.NS
2025-10-16,169.88,166.13,173.8,TATASTEEL.NS
2025-10-17,169.56,165.78,173.24,TATASTEEL.NS
2025-10-20,171.13,167.25,174.68,TATASTEEL.NS
2025-10-21,172.18,168.36,176.02,TATASTEEL.NS
2025-10-23,174.45,170.66,178.15,TATASTEEL.NS
2025-10-24,174.21,170.34,177.96,TATASTEEL.NS
2025-10-27,175.57,172.08,179.34,TATASTEEL.NS
2025-10-28,176.4,172.97,180.03,TATASTEEL.NS
2025-10-29,177.93,174.19,181.76,TATASTEEL.NS
2025-10-30,178.03,174.35,181.73,TATASTEEL.NS
2025-10-31,177.37,173.69,181.31,TATASTEEL.NS
2025-11-03,177.18,173.44,181.0,TATASTEEL.NS
2025-11-04,177.42,173.86,181.39,TATASTEEL.NS
2025-11-06,177.83,173.98,181.76,TATASTEEL.NS
2025-11-07,176.55,172.66,180.16,TATASTEEL.NS
2025-11-10,174.63,170.92,178.09,TATASTEEL.NS
2025-11-11,174.35,170.55,178.22,TATASTEEL.NS
2025-11-12,174.81,170.99,178.53,TATASTEEL.NS
2025-11-13,173.87,170.32,177.76,TATASTEEL.NS
2025-11-14,172.23,168.73,176.09,TATASTEEL.NS
2025-11-17,169.57,165.85,173.38,TATASTEEL.NS
2025-11-18,169.17,165.53,172.84,TATASTEEL.NS
2025-11-19,169.57,165.9,173.47,TATASTEEL.NS
2025-11-20,168.64,164.83,172.3,TATASTEEL.NS
2025-11-21,167.05,163.34,170.99,TATASTEEL.NS
2025-11-24,164.87,161.28,168.37,TATASTEEL.NS
2025-11-25,164.71,160.84,168.95,TATASTEEL.NS
2025-11-26,165.38,161.6,168.76,TATASTEEL.NS
2025-11-27,164.74,161.03,168.48,TATASTEEL.NS
2025-11-28,163.48,159.94,167.21,TATASTEEL.NS
2025-12-01,162.3,158.69,166.25,TATASTEEL.NS
2025-12-02,162.49,158.71,166.22,TATASTEEL.NS
2025-12-03,163.5,159.89,167.19,TATASTEEL.NS
2025-12-04,163.2,159.38,166.83,TATASTEEL.NS
2025-12-05,162.25,158.3,165.96,TATASTEEL.NS
2025-12-08,161.99,158.2,165.43,TATASTEEL.NS
2025-12-09,162.47,158.74,166.07,TATASTEEL.NS
2025-12-10,163.75,159.92,167.59,TATASTEEL.NS
2025-12-11,163.71,160.05,167.28,TATASTEEL.NS
2025-12-12,163.03,159.22,167.03,TATASTEEL.NS
2025-12-15,163.54,159.84,167.25,TATASTEEL.NS
2025-12-16,164.26,160.79,167.8,TATASTEEL.NS
2025-12-17,165.8,162.02,169.61,TATASTEEL.NS
2025-12-18,166.02,162.13,169.66,TATASTEEL.NS
2025-12-19,165.6,162.16,169.05,TATASTEEL.NS
2025-12-22,166.89,163.03,170.79,TATASTEEL.NS
2025-12-23,167.88,164.06,171.64,TATASTEEL.NS
2025-12-24,169.67,165.88,173.7,TATASTEEL.NS
2025-12-26,169.95,166.32,173.69,TATASTEEL.NS
2025-12-29,171.84,167.88,175.56,TATASTEEL.NS
2025-12-30,172.97,169.23,176.54,TATASTEEL.NS
2025-12-31,174.88,171.05,178.8,TATASTEEL.NS
2026-01-01,175.44,171.88,179.09,TATASTEEL.NS
2026-01-02,175.3,171.68,179.16,TATASTEEL.NS
2026-01-05,177.1,173.36,181.28,TATASTEEL.NS
2026-01-06,178.14,174.45,181.94,TATASTEEL.NS
2026-01-07,179.9,176.15,183.77,TATASTEEL.NS
2026-01-08,180.28,176.58,184.02,TATASTEEL.NS
2026-01-09,179.94,176.08,183.56,TATASTEEL.NS
2026-01-12,180.99,177.26,184.76,TATASTEEL.NS
2026-01-13,181.75,178.15,185.36,TATASTEEL.NS
2026-01-14,183.23,179.6,186.78,TATASTEEL.NS
2026-01-15,183.34,179.31,187.23,TATASTEEL.NS
2026-01-16,182.74,178.76,186.36,TATASTEEL.NS
2026-01-19,183.17,179.35,186.86,TATASTEEL.NS
2026-01-20,183.79,180.18,187.63,TATASTEEL.NS
2026-01-21,185.2,181.35,189.01,TATASTEEL.NS
2026-01-22,185.27,181.68,189.27,TATASTEEL.NS
2026-01-23,184.68,181.11,188.46,TATASTEEL.NS
2026-01-27,186.36,182.72,190.25,TATASTEEL.NS
2026-01-28,188.04,184.26,191.71,TATASTEEL.NS
2026-01-29,188.44,184.82,192.23,TATASTEEL.NS
2026-01-30,188.21,184.5,192.04,TATASTEEL.NS
2026-02-02,190.25,186.57,193.91,TATASTEEL.NS
2026-02-03,191.53,187.72,195.49,TATASTEEL.NS
2026-02-04,193.62,189.9,197.39,TATASTEEL.NS
2026-02-05,194.41,190.32,198.08,TATASTEEL.NS
2026-02-06,194.54,190.63,198.27,TATASTEEL.NS
2026-02-09,197.33,193.7,201.21,TATASTEEL.NS
2026-02-10,198.72,194.88,202.62,TATASTEEL.NS
2026-02-11,200.86,196.8,204.78,TATASTEEL.NS
2026-02-12,201.6,197.76,205.14,TATASTEEL.NS
2026-02-13,201.59,197.72,205.25,TATASTEEL.NS
2026-02-16,203.44,199.9,207.41,TATASTEEL.NS
2026-02-17,204.34,200.79,207.97,TATASTEEL.NS
2026-02-18,205.89,202.0,209.49,TATASTEEL.NS
2026-02-19,205.98,202.22,209.45,TATASTEEL.NS
2026-02-20,205.25,201.48,209.26,TATASTEEL.NS
2026-02-23,204.61,200.76,208.35,TATASTEEL.NS
2026-02-24,204.62,200.89,208.58,TATASTEEL.NS
2026-02-25,205.27,201.69,209.21,TATASTEEL.NS
2026-02-26,204.46,200.82,208.37,TATASTEEL.NS
2026-02-27,202.85,199.2,206.4,TATASTEEL.NS
2026-03-02,199.8,196.07,203.44,TATASTEEL.NS
2026-03-04,199.17,195.49,203.02,TATASTEEL.NS
2026-03-05,197.84,194.22,201.73,TATASTEEL.NS
2026-03-06,195.8,191.89,199.6,TATASTEEL.NS
2026-03-09,192.09,188.32,195.58,TATASTEEL.NS
2026-03-10,191.41,187.6,195.14,TATASTEEL.NS
2026-03-11,191.55,187.97,195.38,TATASTEEL.NS
2026-03-12,190.41,186.82,194.02,TATASTEEL.NS
2026-03-13,188.67,184.89,192.48,TATASTEEL.NS
2026-03-16,186.35,182.47,189.93,TATASTEEL.NS
2026-03-17,186.28,182.42,190.04,TATASTEEL.NS
2026-03-18,187.09,183.51,190.7,TATASTEEL.NS
2026-03-19,186.67,183.01,190.12,TATASTEEL.NS
2026-03-20,185.67,181.96,189.26,TATASTEEL.NS
2026-03-23,185.68,181.72,189.4,TATASTEEL.NS
2026-03-24,186.38,182.47,190.35,TATASTEEL.NS
2026-03-25,187.94,184.26,191.67,TATASTEEL.NS
2026-03-27,187.93,184.05,191.84,TATASTEEL.NS
2026-03-30,189.74,185.99,193.52,TATASTEEL.NS
2026-04-01,192.91,189.25,196.55,TATASTEEL.NS
2026-04-02,193.58,190.08,197.28,TATASTEEL.NS
2026-04-06,195.95,192.14,199.45,TATASTEEL.NS
2026-04-07,197.21,193.44,201.09,TATASTEEL.NS
2026-04-08,199.23,195.6,203.01,TATASTEEL.NS
2026-04-09,199.88,196.09,203.65,TATASTEEL.NS
2026-04-10,199.82,195.86,203.57,TATASTEEL.NS
2026-04-13,201.8,198.01,205.58,TATASTEEL.NS
2026-04-15,204.69,201.27,208.57,TATASTEEL.NS
2026-04-16,205.11,201.25,208.6,TATASTEEL.NS
2026-04-17,204.81,201.16,208.65,TATASTEEL.NS
2026-04-20,206.03,202.41,209.92,TATASTEEL.NS
2026-04-21,206.85,203.19,210.48,TATASTEEL.NS
2026-04-22,208.39,204.55,211.94,TATASTEEL.NS
2026-04-23,208.56,204.9,212.35,TATASTEEL.NS
2026-04-24,208.0,204.24,211.74,TATASTEEL.NS
2026-04-27,208.45,204.8,212.24,TATASTEEL.NS
2026-04-28,209.03,205.29,212.72,TATASTEEL.NS
2026-04-29,210.33,206.53,213.95,TATASTEEL.NS
2026-04-30,210.26,206.54,213.91,TATASTEEL.NS
2026-05-01,209.48,205.72,213.07,TATASTEEL.NS
2026-05-04,209.29,205.65,212.91,TATASTEEL.NS
2026-05-05,209.66,205.94,213.41,TATASTEEL.NS
2026-05-06,210.78,207.04,214.61,TATASTEEL.NS
2026-05-07,210.52,207.0,214.14,TATASTEEL.NS
2026-05-08,209.56,205.69,213.18,TATASTEEL.NS
2026-05-11,208.91,205.13,212.65,TATASTEEL.NS
2026-05-12,209.14,205.61,212.92,TATASTEEL.NS
2026-05-13,210.14,206.56,213.73,TATASTEEL.NS
2026-05-14,209.77,206.07,213.65,TATASTEEL.NS
2026-05-15,208.7,204.74,212.46,TATASTEEL.NS
2026-05-18,207.78,204.09,211.64,TATASTEEL.NS
2026-05-19,207.95,204.39,211.58,TATASTEEL.NS
2026-05-20,208.87,205.51,212.78,TATASTEEL.NS
2026-05-21,208.44,204.56,211.95,TATASTEEL.NS
2026-05-22,207.31,203.66,211.09,TATASTEEL.NS
2026-05-25,206.2,202.35,210.0,TATASTEEL.NS
2026-05-26,206.29,202.56,210.03,TATASTEEL.NS
2026-05-27,207.14,203.27,210.91,TATASTEEL.NS
2026-05-28,206.63,202.9,210.43,TATASTEEL.NS
2026-05-29,205.41,201.76,209.01,TATASTEEL.NS
2026-06-01,203.98,200.48,207.87,TATASTEEL.NS
2026-06-02,203.94,200.1,207.62,TATASTEEL.NS
2026-06-03,204.66,200.7,208.32,TATASTEEL.NS
2026-06-04,204.0,200.31,207.78,TATASTEEL.NS
2026-06-05,202.63,199.07,206.31,TATASTEEL.NS
2026-06-08,200.73,196.82,204.36,TATASTEEL.NS
2026-06-09,200.55,196.82,204.32,TATASTEEL.NS
2026-06-10,201.11,197.12,204.77,TATASTEEL.NS
2026-06-11,200.31,196.47,203.74,TATASTEEL.NS
2026-06-12,198.81,194.99,202.34,TATASTEEL.NS
2026-06-15,196.6,192.88,200.31,TATASTEEL.NS
2026-06-16,196.35,192.46,200.3,TATASTEEL.NS
2026-06-17,196.87,192.97,200.64,TATASTEEL.NS
2026-06-18,196.04,192.34,199.93,TATASTEEL.NS
2026-06-19,194.54,190.94,198.6,TATASTEEL.NS
2026-06-22,192.48,188.64,196.36,TATASTEEL.NS
2026-06-23,192.32,188.69,195.86,TATASTEEL.NS
2026-06-24,192.96,188.88,196.42,TATASTEEL.NS
2026-06-25,192.27,188.47,196.14,TATASTEEL.NS
2026-06-26,190.93,186.97,194.48,TATASTEEL.NS
2026-06-29,189.42,185.86,193.09,TATASTEEL.NS
2026-06-30,189.46,185.45,192.95,TATASTEEL.NS
2026-07-01,190.3,186.75,194.1,TATASTEEL.NS
2026-07-02,189.82,186.11,193.75,TATASTEEL.NS
2026-07-03,188.67,184.78,192.57,TATASTEEL.NS
2026-07-06,187.71,184.0,191.57,TATASTEEL.NS
2026-07-07,187.91,183.96,191.65,TATASTEEL.NS
2026-07-08,188.89,184.91,192.56,TATASTEEL.NS
2026-07-09,188.53,184.68,192.36,TATASTEEL.NS
2026-07-10,187.5,183.71,191.56,TATASTEEL.NS
2026-07-13,186.74,182.98,190.77,TATASTEEL.NS
2026-07-14,186.97,183.05,191.03,TATASTEEL.NS
2026-07-15,187.97,184.23,191.95,TATASTEEL.NS
2026-07-16,187.61,183.87,191.2,TATASTEEL.NS
2026-07-17,186.56,182.78,190.44,TATASTEEL.NS
2026-07-20,185.69,182.08,189.34,TATASTEEL.NS
2026-07-21,185.87,182.03,189.6,TATASTEEL.NS
2026-07-22,186.81,183.22,190.49,TATASTEEL.NS
2026-07-23,186.4,182.98,190.07,TATASTEEL.NS
2026-07-24,185.29,181.49,189.22,TATASTEEL.NS
2026-07-27,184.28,180.69,188.06,TATASTEEL.NS
2026-07-28,184.43,180.45,188.05,TATASTEEL.NS
2026-07-29,185.34,181.34,189.06,TATASTEEL.NS
2026-07-30,184.9,181.08,188.72,TATASTEEL.NS
2026-07-31,183.78,180.21,187.72,TATASTEEL.NS
2026-08-03,182.78,179.28,186.56,TATASTEEL.NS
2026-08-04,182.95,179.19,186.56,TATASTEEL.NS
2026-08-05,183.89,179.97,187.58,TATASTEEL.NS
2026-08-06,183.49,179.93,187.01,TATASTEEL.NS
2026-08-07,182.41,178.33,186.03,TATASTEEL.NS
2026-08-10,181.58,177.97,185.1,TATASTEEL.NS
2026-08-11,181.82,177.93,185.39,TATASTEEL.NS
2026-08-12,182.84,179.03,186.46,TATASTEEL.NS
2026-08-13,182.52,178.69,186.01,TATASTEEL.NS
2026-08-14,181.54,177.77,185.46,TATASTEEL.NS
2026-08-17,181.05,177.35,184.82,TATASTEEL.NS
2026-08-18,181.42,177.75,185.13,TATASTEEL.NS
2026-08-19,182.59,178.75,186.19,TATASTEEL.NS
2026-08-20,182.44,178.57,186.55,TATASTEEL.NS
2026-08-21,181.64,177.89,185.66,TATASTEEL.NS
2026-08-24,181.78,178.13,185.63,TATASTEEL.NS
2026-08-25,182.39,178.41,186.36,TATASTEEL.NS
2026-08-26,183.81,179.9,187.6,TATASTEEL.NS
2026-08-27,183.92,180.45,187.54,TATASTEEL.NS
2026-08-28,183.39,179.53,187.04,TATASTEEL.NS
2026-08-31,184.39,180.71,188.3,TATASTEEL.NS
2026-09-01,185.28,181.51,188.91,TATASTEEL.NS
2026-09-02,186.98,183.31,190.9,TATASTEEL.NS
2025-07-22,2976.9,2912.23,3030.7,TCS.NS
2025-07-23,2981.56,2925.71,3040.21,TCS.NS
2025-07-24,2981.11,2921.32,3038.78,TCS.NS
2025-07-25,2975.68,2920.18,3036.84,TCS.NS
2025-07-28,2984.55,2927.02,3042.96,TCS.NS
2025-07-29,2985.33,2926.24,3043.09,TCS.NS
2025-07-30,2982.25,2926.42,3042.59,TCS.NS
2025-07-31,2974.23,2920.03,3032.55,TCS.NS
2025-08-01,2961.55,2900.84,3017.23,TCS.NS
2025-08-04,2952.1,2896.84,3012.57,TCS.NS
2025-08-05,2948.31,2889.68,3009.33,TCS.NS
2025-08-06,2941.58,2886.03,3001.11,TCS.NS
2025-08-07,2930.93,2872.1,2989.57,TCS.NS
2025-08-08,2916.7,2861.86,2975.28,TCS.NS
2025-08-11,2909.2,2853.89,2967.71,TCS.NS
2025-08-12,2908.25,2850.01,2966.47,TCS.NS
2025-08-13,2905.39,2848.18,2966.12,TCS.NS
2025-08-14,2899.54,2838.81,2956.28,TCS.NS
2025-08-18,2904.07,2839.79,2959.74,TCS.NS
2025-08-19,2910.74,2853.54,2971.15,TCS.NS
2025-08-20,2915.57,2854.97,2971.85,TCS.NS
2025-08-21,2917.35,2854.6,2973.85,TCS.NS
2025-08-22,2916.12,2860.09,2972.22,TCS.NS
2025-08-25,2948.17,2888.48,3003.19,TCS.NS
2025-08-26,2959.59,2902.05,3014.9,TCS.NS
2025-08-28,2972.69,2912.39,3031.34,TCS.NS
2025-08-29,2973.03,2914.7,3033.11,TCS.NS
2025-09-01,3002.61,2945.72,3059.24,TCS.NS
2025-09-02,3010.84,2958.87,3069.52,TCS.NS
2025-09-03,3015.16,2958.63,3068.92,TCS.NS
2025-09-04,3014.32,2955.62,3074.34,TCS.NS
2025-09-05,3008.41,2951.91,3070.57,TCS.NS
2025-09-08,3015.08,2953.73,3073.54,TCS.NS
2025-09-09,3014.79,2950.12,3068.14,TCS.NS
2025-09-10,3010.43,2952.46,3065.91,TCS.NS
2025-09-11,3000.92,2944.24,3063.37,TCS.NS
2025-09-12,2986.52,2924.86,3047.26,TCS.NS
2025-09-15,2970.38,2912.84,3026.9,TCS.NS
2025-09-16,2963.84,2902.22,3022.14,TCS.NS
2025-09-17,2954.11,2894.19,3012.05,TCS.NS
2025-09-18,2940.19,2881.79,3001.87,TCS.NS
2025-09-19,2922.4,2862.31,2982.4,TCS.NS
2025-09-22,2902.55,2842.66,2961.63,TCS.NS
2025-09-23,2896.91,2838.52,2955.45,TCS.NS
2025-09-24,2889.07,2828.78,2947.44,TCS.NS
2025-09-25,2877.97,2816.33,2933.74,TCS.NS
2025-09-26,2863.84,2809.22,2924.12,TCS.NS
2025-09-29,2858.93,2803.23,2917.3,TCS.NS
2025-09-30,2859.18,2807.5,2919.24,TCS.NS
2025-10-01,2857.46,2790.67,2911.65,TCS.NS
2025-10-03,2844.69,2782.95,2901.13,TCS.NS
2025-10-06,2857.2,2799.67,2919.82,TCS.NS
2025-10-07,2862.52,2804.52,2923.09,TCS.NS
2025-10-08,2865.39,2807.07,2921.2,TCS.NS
2025-10-09,2864.57,2800.41,2921.77,TCS.NS
2025-10-10,2860.14,2797.07,2916.15,TCS.NS
2025-10-13,2879.53,2820.27,2941.61,TCS.NS
2025-10-14,2886.02,2828.84,2941.94,TCS.NS
2025-10-15,2889.57,2824.48,2946.98,TCS.NS
2025-10-16,2888.97,2830.29,2946.7,TCS.NS
2025-10-17,2884.38,2828.96,2944.77,TCS.NS
2025-10-20,2901.69,2837.73,2959.9,TCS.NS
2025-10-21,2907.2,2851.27,2964.15,TCS.NS
2025-10-23,2908.15,2854.63,2964.4,TCS.NS
2025-10-24,2902.67,2845.69,2961.1,TCS.NS
2025-10-27,2918.28,2859.16,2974.94,TCS.NS
2025-10-28,2923.63,2868.09,2982.03,TCS.NS
2025-10-29,2926.23,2866.88,2985.24,TCS.NS
2025-10-30,2924.93,2867.51,2985.33,TCS.NS
2025-10-31,2919.94,2862.78,2977.59,TCS.NS
2025-11-03,2937.99,2880.83,2992.51,TCS.NS
2025-11-04,2944.36,2883.93,3003.2,TCS.NS
2025-11-06,2947.77,2891.12,3006.52,TCS.NS
2025-11-07,2943.78,2885.73,3006.07,TCS.NS
2025-11-10,2964.21,2905.82,3022.23,TCS.NS
2025-11-11,2971.09,2913.28,3029.61,TCS.NS
2025-11-12,2975.08,2918.19,3034.36,TCS.NS
2025-11-13,2975.01,2916.78,3035.0,TCS.NS
2025-11-14,2971.03,2913.7,3027.09,TCS.NS
2025-11-17,2990.73,2929.43,3048.22,TCS.NS
2025-11-18,2997.21,2935.68,3057.72,TCS.NS
2025-11-19,3000.78,2946.25,3059.58,TCS.NS
2025-11-20,3000.33,2939.94,3060.77,TCS.NS
2025-11-21,2996.05,2936.7,3054.96,TCS.NS
2025-11-24,3015.68,2954.09,3072.63,TCS.NS
2025-11-25,3022.55,2969.16,3083.81,TCS.NS
2025-11-26,3026.74,2971.21,3088.75,TCS.NS
2025-11-27,3027.17,2967.91,3081.95,TCS.NS
2025-11-28,3024.01,2967.78,3079.12,TCS.NS
2025-12-01,3048.42,2986.84,3113.5,TCS.NS
2025-12-02,3057.23,2993.38,3112.44,TCS.NS
2025-12-03,3063.48,3005.23,3123.0,TCS.NS
2025-12-04,3065.98,3008.56,3122.77,TCS.NS
2025-12-05,3064.88,3002.98,3121.53,TCS.NS
2025-12-08,3094.54,3037.75,3157.01,TCS.NS
2025-12-09,3104.55,3048.61,3164.24,TCS.NS
2025-12-10,3111.6,3053.11,3168.7,TCS.NS
2025-12-11,3114.45,3053.7,3174.22,TCS.NS
2025-12-12,3113.19,3058.21,3176.72,TCS.NS
2025-12-15,3138.96,3082.9,3198.96,TCS.NS
2025-12-16,3146.49,3085.02,3205.36,TCS.NS
2025-12-17,3150.47,3087.32,3214.67,TCS.NS
2025-12-18,3149.72,3088.72,3208.5,TCS.NS
2025-12-19,3144.35,3086.07,3206.74,TCS.NS
2025-12-22,3155.55,3092.04,3214.07,TCS.NS
2025-12-23,3157.76,3100.65,3215.9,TCS.NS
2025-12-24,3156.38,3097.35,3213.6,TCS.NS
2025-12-26,3139.83,3085.43,3198.99,TCS.NS
2025-12-29,3137.79,3076.21,3194.6,TCS.NS
2025-12-30,3136.65,3080.42,3195.17,TCS.NS
2025-12-31,3132.57,3077.88,3193.01,TCS.NS
2026-01-01,3124.55,3065.24,3185.39,TCS.NS
2026-01-02,3112.84,3056.37,3169.48,TCS.NS
2026-01-05,3111.86,3051.07,3171.77,TCS.NS
2026-01-06,3112.54,3052.6,3173.2,TCS.NS
2026-01-07,3110.94,3055.03,3168.84,TCS.NS
2026-01-08,3105.94,3047.73,3163.14,TCS.NS
2026-01-09,3097.71,3038.64,3155.93,TCS.NS
2026-01-12,3108.55,3049.41,3167.92,TCS.NS
2026-01-13,3113.15,3055.12,3171.98,TCS.NS
2026-01-14,3115.2,3059.54,3175.56,TCS.NS
2026-01-15,3113.43,3055.14,3172.05,TCS.NS
2026-01-16,3107.86,3047.75,3164.83,TCS.NS
2026-01-19,3121.89,3062.47,3177.19,TCS.NS
2026-01-20,3125.6,3068.35,3182.89,TCS.NS
2026-01-21,3125.65,3069.71,3182.47,TCS.NS
2026-01-22,3120.73,3064.5,3181.71,TCS.NS
2026-01-23,3110.85,3054.43,3170.46,TCS.NS
2026-01-27,3100.36,3042.57,3159.43,TCS.NS
2026-01-28,3091.01,3034.71,3149.68,TCS.NS
2026-01-29,3075.99,3019.86,3132.9,TCS.NS
2026-01-30,3055.48,2993.09,3112.71,TCS.NS
2026-02-02,3016.56,2958.86,3074.48,TCS.NS
2026-02-03,3000.77,2943.83,3059.36,TCS.NS
2026-02-04,2980.89,2922.7,3039.12,TCS.NS
2026-02-05,2955.92,2901.1,3016.28,TCS.NS
2026-02-06,2926.22,2868.89,2982.58,TCS.NS
2026-02-09,2865.73,2806.25,2924.13,TCS.NS
2026-02-10,2845.12,2784.23,2903.43,TCS.NS
2026-02-11,2821.74,2767.95,2879.9,TCS.NS
2026-02-12,2794.62,2736.69,2849.01,TCS.NS
2026-02-13,2764.11,2708.67,2821.53,TCS.NS
2026-02-16,2708.88,2650.72,2770.37,TCS.NS
2026-02-17,2692.31,2636.14,2749.76,TCS.NS
2026-02-18,2673.92,2617.87,2734.5,TCS.NS
2026-02-19,2652.59,2596.16,2711.66,TCS.NS
2026-02-20,2628.51,2570.46,2686.81,TCS.NS
2026-02-23,2594.67,2539.26,2655.99,TCS.NS
2026-02-24,2585.36,2527.04,2643.27,TCS.NS
2026-02-25,2574.01,2516.67,2632.84,TCS.NS
2026-02-26,2559.35,2500.67,2613.94,TCS.NS
2026-02-27,2541.45,2482.88,2598.25,TCS.NS
2026-03-02,2522.15,2462.69,2578.99,TCS.NS
2026-03-04,2507.28,2448.7,2565.24,TCS.NS
2026-03-05,2494.32,2436.91,2553.92,TCS.NS
2026-03-06,2477.38,2413.42,2536.57,TCS.NS
2026-03-09,2457.3,2397.37,2517.35,TCS.NS
2026-03-10,2450.19,2394.15,2509.21,TCS.NS
2026-03-11,2440.05,2380.41,2499.32,TCS.NS
2026-03-12,2425.77,2366.56,2485.27,TCS.NS
2026-03-13,2407.62,2349.32,2466.5,TCS.NS
2026-03-16,2386.19,2331.85,2444.47,TCS.NS
2026-03-17,2379.85,2321.65,2435.46,TCS.NS
2026-03-18,2371.26,2308.87,2426.66,TCS.NS
2026-03-19,2359.44,2299.03,2418.12,TCS.NS
2026-03-20,2344.69,2286.67,2403.55,TCS.NS
2026-03-23,2339.38,2281.31,2394.71,TCS.NS
2026-03-24,2340.31,2279.43,2396.94,TCS.NS
2026-03-25,2339.84,2280.67,2397.94,TCS.NS
2026-03-27,2331.58,2274.23,2389.33,TCS.NS
2026-03-30,2356.68,2297.85,2417.86,TCS.NS
2026-04-01,2377.27,2317.25,2434.04,TCS.NS
2026-04-02,2383.73,2326.73,2439.81,TCS.NS
2026-04-06,2432.66,2373.91,2488.71,TCS.NS
2026-04-07,2448.14,2391.13,2510.1,TCS.NS
2026-04-08,2460.5,2401.4,2520.17,TCS.NS
2026-04-09,2468.37,2410.03,2526.25,TCS.NS
2026-04-10,2471.7,2414.26,2527.41,TCS.NS
2026-04-13,2507.51,2447.72,2568.79,TCS.NS
2026-04-15,2521.74,2465.7,2581.35,TCS.NS
2026-04-16,2520.97,2466.77,2579.01,TCS.NS
2026-04-17,2514.64,2455.21,2571.16,TCS.NS
2026-04-20,2517.23,2460.51,2577.1,TCS.NS
2026-04-21,2514.73,2460.03,2573.06,TCS.NS
2026-04-22,2507.79,2444.42,2562.77,TCS.NS
2026-04-23,2495.38,2434.74,2555.48,TCS.NS
2026-04-24,2477.8,2419.45,2531.9,TCS.NS
2026-04-27,2450.84,2392.05,2510.17,TCS.NS
2026-04-28,2440.43,2382.43,2498.0,TCS.NS
2026-04-29,2426.75,2365.75,2487.7,TCS.NS
2026-04-30,2408.86,2350.47,2464.92,TCS.NS
2026-05-01,2387.12,2328.67,2444.11,TCS.NS
2026-05-04,2355.76,2297.87,2415.86,TCS.NS
2026-05-05,2346.49,2286.67,2410.81,TCS.NS
2026-05-06,2335.16,2275.18,2397.53,TCS.NS
2026-05-07,2320.7,2263.55,2380.48,TCS.NS
2026-05-08,2303.39,2250.64,2362.26,TCS.NS
2026-05-11,2289.79,2234.65,2347.85,TCS.NS
2026-05-12,2287.43,2228.69,2344.96,TCS.NS
2026-05-13,2283.22,2223.3,2343.15,TCS.NS
2026-05-14,2275.96,2215.52,2331.29,TCS.NS
2026-05-15,2265.73,2209.73,2320.9,TCS.NS
2026-05-18,2271.44,2205.87,2330.83,TCS.NS
2026-05-19,2274.45,2214.5,2331.95,TCS.NS
2026-05-20,2274.91,2215.4,2335.18,TCS.NS
2026-05-21,2271.55,2211.87,2332.51,TCS.NS
2026-05-22,2264.4,2203.54,2321.87,TCS.NS
2026-05-25,2274.18,2215.51,2331.27,TCS.NS
2026-05-26,2276.84,2213.24,2335.48,TCS.NS
2026-05-27,2276.14,2218.19,2335.25,TCS.NS
2026-05-28,2270.88,2215.21,2333.9,TCS.NS
2026-05-29,2261.14,2202.64,2314.42,TCS.NS
2026-06-01,2259.83,2202.91,2314.06,TCS.NS
2026-06-02,2257.97,2199.12,2319.73,TCS.NS
2026-06-03,2252.53,2195.11,2310.34,TCS.NS
2026-06-04,2242.36,2182.06,2300.89,TCS.NS
2026-06-05,2227.68,2169.84,2282.9,TCS.NS
2026-06-08,2212.11,2152.68,2267.29,TCS.NS
2026-06-09,2205.99,2145.48,2262.9,TCS.NS
2026-06-10,2196.63,2137.6,2253.08,TCS.NS
2026-06-11,2182.97,2128.12,2240.93,TCS.NS
2026-06-12,2165.26,2108.57,2221.28,TCS.NS
2026-06-15,2143.91,2083.75,2200.56,TCS.NS
2026-06-16,2137.04,2080.47,2197.89,TCS.NS
2026-06-17,2127.57,2068.17,2186.96,TCS.NS
2026-06-18,2114.43,2059.16,2173.2,TCS.NS
2026-06-19,2097.88,2040.43,2154.53,TCS.NS
2026-06-22,2083.74,2030.96,2145.03,TCS.NS
2026-06-23,2080.47,2018.19,2141.94,TCS.NS
2026-06-24,2075.15,2016.74,2132.52,TCS.NS
2026-06-25,2066.7,2012.17,2128.63,TCS.NS
2026-06-26,2055.34,1996.97,2111.31,TCS.NS
2026-06-29,2059.26,2001.82,2115.22,TCS.NS
2026-06-30,2062.69,2002.99,2123.44,TCS.NS
2026-07-01,2064.31,2006.38,2123.95,TCS.NS
2026-07-02,2062.96,2006.5,2122.94,TCS.NS
2026-07-03,2058.79,2002.41,2119.91,TCS.NS
2026-07-06,2084.16,2024.64,2140.52,TCS.NS
2026-07-07,2094.4,2036.46,2158.15,TCS.NS
2026-07-08,2102.53,2046.28,2157.76,TCS.NS
2026-07-09,2107.29,2049.61,2163.87,TCS.NS
2026-07-10,2108.77,2055.01,2171.06,TCS.NS
2026-07-13,2147.37,2086.54,2206.49,TCS.NS
2026-07-14,2160.56,2104.45,2216.03,TCS.NS
2026-07-15,2170.79,2116.58,2226.87,TCS.NS
2026-07-16,2176.79,2111.93,2236.22,TCS.NS
2026-07-17,2178.58,2119.04,2233.98,TCS.NS
2026-07-20,2212.51,2153.62,2267.28,TCS.NS
2026-07-21,2222.31,2164.53,2281.19,TCS.NS
2026-07-22,2228.3,2169.98,2287.64,TCS.NS
2026-07-23,2229.24,2170.73,2288.7,TCS.NS
2026-07-24,2225.25,2168.14,2285.02,TCS.NS
2026-07-27,2238.49,2180.45,2291.42,TCS.NS
2026-07-28,2240.66,2179.97,2297.52,TCS.NS
2026-07-29,2238.87,2182.69,2299.63,TCS.NS
2026-07-30,2232.04,2175.95,2291.55,TCS.NS
2026-07-31,2220.42,2163.47,2279.75,TCS.NS
2026-08-03,2213.08,2152.55,2271.23,TCS.NS
2026-08-04,2209.61,2149.51,2267.64,TCS.NS
2026-08-05,2203.0,2140.74,2260.86,TCS.NS
2026-08-06,2192.26,2133.34,2247.01,TCS.NS
2026-08-07,2177.73,2117.63,2233.14,TCS.NS
2026-08-10,2168.16,2112.56,2228.12,TCS.NS
2026-08-11,2166.17,2109.11,2223.92,TCS.NS
2026-08-12,2162.14,2106.4,2222.63,TCS.NS
2026-08-13,2155.01,2093.78,2210.9,TCS.NS
2026-08-14,2145.06,2084.59,2205.27,TCS.NS
2026-08-17,2153.9,2094.2,2211.42,TCS.NS
2026-08-18,2159.18,2106.28,2216.39,TCS.NS
2026-08-19,2162.71,2103.82,2218.14,TCS.NS
2026-08-20,2163.28,2101.12,2219.98,TCS.NS
2026-08-21,2160.98,2104.22,2219.29,TCS.NS
2026-08-24,2190.85,2135.42,2253.34,TCS.NS
2026-08-25,2201.96,2147.49,2259.44,TCS.NS
2026-08-26,2210.47,2154.79,2270.86,TCS.NS
2026-08-27,2215.08,2161.34,2271.25,TCS.NS
2026-08-28,2215.76,2155.2,2271.11,TCS.NS
2026-08-31,2247.64,2189.28,2301.52,TCS.NS
2026-09-01,2257.02,2199.32,2310.93,TCS.NS
2026-09-02,2262.63,2202.72,2325.48,TCS.NS
2025-07-22,1424.79,1391.87,1460.73,TECHM.NS
2025-07-23,1428.06,1396.88,1464.22,TECHM.NS
2025-07-24,1426.95,1392.1,1461.17,TECHM.NS
2025-07-25,1426.65,1390.48,1460.21,TECHM.NS
2025-07-28,1438.8,1405.4,1473.73,TECHM.NS
2025-07-29,1441.66,1406.07,1476.17,TECHM.NS
2025-07-30,1440.85,1405.53,1473.13,TECHM.NS
2025-07-31,1435.9,1399.72,1469.7,TECHM.NS
2025-08-01,1432.06,1398.21,1468.51,TECHM.NS
2025-08-04,1435.82,1400.43,1469.66,TECHM.NS
2025-08-05,1436.69,1403.72,1474.79,TECHM.NS
2025-08-06,1434.31,1402.28,1467.72,TECHM.NS
2025-08-07,1428.23,1393.2,1462.99,TECHM.NS
2025-08-08,1423.69,1389.89,1458.22,TECHM.NS
2025-08-11,1427.72,1395.19,1461.26,TECHM.NS
2025-08-12,1429.42,1395.28,1462.72,TECHM.NS
2025-08-13,1428.21,1393.87,1463.68,TECHM.NS
2025-08-14,1423.57,1391.77,1459.7,TECHM.NS
2025-08-18,1430.84,1396.36,1462.7,TECHM.NS
2025-08-19,1434.75,1399.84,1468.05,TECHM.NS
2025-08-20,1435.74,1402.42,1470.8,TECHM.NS
2025-08-21,1433.27,1397.02,1464.87,TECHM.NS
2025-08-22,1432.49,1398.81,1467.2,TECHM.NS
2025-08-25,1447.79,1414.37,1484.46,TECHM.NS
2025-08-26,1452.95,1414.49,1487.07,TECHM.NS
2025-08-28,1453.07,1418.43,1484.18,TECHM.NS
2025-08-29,1452.58,1414.88,1487.26,TECHM.NS
2025-09-01,1466.6,1432.02,1501.38,TECHM.NS
2025-09-02,1470.59,1435.9,1506.92,TECHM.NS
2025-09-03,1471.03,1438.58,1507.93,TECHM.NS
2025-09-04,1467.34,1433.86,1500.82,TECHM.NS
2025-09-05,1464.68,1431.92,1495.77,TECHM.NS
2025-09-08,1470.62,1437.01,1503.11,TECHM.NS
2025-09-09,1471.54,1438.66,1504.77,TECHM.NS
2025-09-10,1468.79,1436.83,1501.76,TECHM.NS
2025-09-11,1461.84,1428.22,1496.76,TECHM.NS
2025-09-12,1455.91,1419.85,1489.85,TECHM.NS
2025-09-15,1452.5,1418.49,1485.32,TECHM.NS
2025-09-16,1450.63,1418.93,1486.81,TECHM.NS
2025-09-17,1445.33,1412.02,1478.61,TECHM.NS
2025-09-18,1436.12,1403.3,1470.81,TECHM.NS
2025-09-19,1428.26,1394.01,1463.42,TECHM.NS
2025-09-22,1421.33,1388.98,1455.63,TECHM.NS
2025-09-23,1419.1,1384.55,1451.65,TECHM.NS
2025-09-24,1413.86,1382.64,1446.67,TECHM.NS
2025-09-25,1405.15,1372.02,1438.52,TECHM.NS
2025-09-26,1398.19,1362.78,1431.07,TECHM.NS
2025-09-29,1396.19,1360.42,1429.4,TECHM.NS
2025-09-30,1396.25,1360.72,1429.01,TECHM.NS
2025-10-01,1393.55,1358.69,1426.84,TECHM.NS
2025-10-03,1383.48,1347.51,1418.71,TECHM.NS
2025-10-06,1390.45,1357.87,1423.38,TECHM.NS
2025-10-07,1393.41,1358.86,1427.01,TECHM.NS
2025-10-08,1393.48,1360.57,1426.1,TECHM.NS
2025-10-09,1390.08,1354.28,1423.92,TECHM.NS
2025-10-10,1388.36,1354.72,1420.72,TECHM.NS
2025-10-13,1400.62,1367.75,1433.54,TECHM.NS
2025-10-14,1404.66,1371.53,1437.48,TECHM.NS
2025-10-15,1405.44,1370.63,1439.18,TECHM.NS
2025-10-16,1402.38,1365.52,1437.8,TECHM.NS
2025-10-17,1400.61,1365.74,1434.17,TECHM.NS
2025-10-20,1410.67,1375.51,1443.01,TECHM.NS
2025-10-21,1413.36,1379.51,1445.0,TECHM.NS
2025-10-23,1407.71,1372.59,1442.66,TECHM.NS
2025-10-24,1404.01,1370.36,1438.76,TECHM.NS
2025-10-27,1407.89,1373.1,1440.71,TECHM.NS
2025-10-28,1408.6,1376.39,1443.04,TECHM.NS
2025-10-29,1405.91,1375.33,1441.7,TECHM.NS
2025-10-30,1399.36,1365.94,1431.38,TECHM.NS
2025-10-31,1394.18,1359.6,1427.9,TECHM.NS
2025-11-03,1395.34,1360.45,1430.52,TECHM.NS
2025-11-04,1395.81,1363.01,1429.05,TECHM.NS
2025-11-06,1387.24,1353.95,1421.58,TECHM.NS
2025-11-07,1382.98,1350.59,1419.28,TECHM.NS
2025-11-10,1389.15,1354.02,1422.19,TECHM.NS
2025-11-11,1391.98,1356.2,1423.02,TECHM.NS
2025-11-12,1392.1,1358.01,1426.71,TECHM.NS
2025-11-13,1389.01,1354.7,1423.69,TECHM.NS
2025-11-14,1387.9,1353.2,1422.48,TECHM.NS
2025-11-17,1404.44,1370.02,1438.78,TECHM.NS
2025-11-18,1410.87,1376.48,1444.64,TECHM.NS
2025-11-19,1414.59,1379.4,1448.74,TECHM.NS
2025-11-20,1415.03,1378.41,1448.81,TECHM.NS
2025-11-21,1417.35,1384.6,1451.36,TECHM.NS
2025-11-24,1443.13,1409.56,1477.19,TECHM.NS
2025-11-25,1452.17,1416.73,1486.92,TECHM.NS
2025-11-26,1458.19,1421.38,1493.67,TECHM.NS
2025-11-27,1460.63,1426.32,1494.21,TECHM.NS
2025-11-28,1464.62,1431.26,1498.68,TECHM.NS
2025-12-01,1493.23,1457.56,1526.51,TECHM.NS
2025-12-02,1502.47,1467.77,1534.32,TECHM.NS
2025-12-03,1508.33,1473.18,1542.21,TECHM.NS
2025-12-04,1510.24,1478.35,1543.34,TECHM.NS
2025-12-05,1513.35,1480.24,1547.69,TECHM.NS
2025-12-08,1537.36,1502.23,1570.54,TECHM.NS
2025-12-09,1544.49,1510.4,1579.27,TECHM.NS
2025-12-10,1547.99,1512.78,1581.22,TECHM.NS
2025-12-11,1547.32,1515.19,1582.53,TECHM.NS
2025-12-12,1547.65,1514.2,1583.45,TECHM.NS
2025-12-15,1562.51,1527.82,1595.04,TECHM.NS
2025-12-16,1566.43,1532.98,1599.01,TECHM.NS
2025-12-17,1566.71,1533.66,1602.3,TECHM.NS
2025-12-18,1562.82,1529.25,1595.21,TECHM.NS
2025-12-19,1560.0,1524.08,1592.93,TECHM.NS
2025-12-22,1566.16,1532.23,1601.31,TECHM.NS
2025-12-23,1567.55,1535.1,1601.56,TECHM.NS
2025-12-24,1565.54,1531.37,1600.11,TECHM.NS
2025-12-26,1555.16,1519.84,1585.24,TECHM.NS
2025-12-29,1558.44,1526.08,1592.06,TECHM.NS
2025-12-30,1559.68,1524.18,1592.59,TECHM.NS
2025-12-31,1557.94,1524.38,1591.12,TECHM.NS
2026-01-01,1552.77,1518.62,1586.26,TECHM.NS
2026-01-02,1549.4,1514.91,1582.53,TECHM.NS
2026-01-05,1558.64,1527.2,1592.59,TECHM.NS
2026-01-06,1562.63,1527.04,1597.63,TECHM.NS
2026-01-07,1563.99,1530.17,1598.8,TECHM.NS
2026-01-08,1562.2,1525.53,1598.35,TECHM.NS
2026-01-09,1562.46,1529.07,1597.85,TECHM.NS
2026-01-12,1583.37,1548.58,1616.37,TECHM.NS
2026-01-13,1591.29,1556.18,1624.68,TECHM.NS
2026-01-14,1596.46,1563.57,1631.02,TECHM.NS
2026-01-15,1598.28,1565.05,1632.66,TECHM.NS
2026-01-16,1601.88,1567.77,1635.5,TECHM.NS
2026-01-19,1630.28,1595.94,1666.56,TECHM.NS
2026-01-20,1639.6,1605.83,1674.85,TECHM.NS
2026-01-21,1645.49,1610.2,1680.94,TECHM.NS
2026-01-22,1647.32,1613.66,1683.99,TECHM.NS
2026-01-23,1650.12,1617.03,1685.23,TECHM.NS
2026-01-27,1676.29,1641.51,1709.81,TECHM.NS
2026-01-28,1677.16,1643.05,1714.26,TECHM.NS
2026-01-29,1673.14,1638.78,1704.62,TECHM.NS
2026-01-30,1669.33,1635.27,1704.45,TECHM.NS
2026-02-02,1666.55,1634.76,1702.02,TECHM.NS
2026-02-03,1662.71,1628.27,1696.69,TECHM.NS
2026-02-04,1654.26,1619.61,1686.27,TECHM.NS
2026-02-05,1640.69,1605.73,1674.36,TECHM.NS
2026-02-06,1627.24,1595.71,1662.2,TECHM.NS
2026-02-09,1596.21,1562.57,1629.03,TECHM.NS
2026-02-10,1583.64,1548.21,1620.5,TECHM.NS
2026-02-11,1567.0,1534.29,1600.66,TECHM.NS
2026-02-12,1545.92,1512.24,1580.62,TECHM.NS
2026-02-13,1525.72,1493.34,1557.26,TECHM.NS
2026-02-16,1480.07,1446.14,1514.29,TECHM.NS
2026-02-17,1464.71,1429.29,1497.63,TECHM.NS
2026-02-18,1446.41,1413.2,1478.86,TECHM.NS
2026-02-19,1424.8,1391.92,1460.11,TECHM.NS
2026-02-20,1405.23,1372.71,1438.43,TECHM.NS
2026-02-23,1368.01,1336.61,1400.98,TECHM.NS
2026-02-24,1357.48,1318.69,1389.33,TECHM.NS
2026-02-25,1344.88,1310.65,1379.95,TECHM.NS
2026-02-26,1329.77,1295.32,1362.51,TECHM.NS
2026-02-27,1317.36,1282.47,1350.16,TECHM.NS
2026-03-02,1304.48,1274.12,1338.88,TECHM.NS
2026-03-04,1298.7,1265.05,1333.13,TECHM.NS
2026-03-05,1292.21,1258.14,1325.66,TECHM.NS
2026-03-06,1288.25,1253.67,1320.79,TECHM.NS
2026-03-09,1298.57,1266.84,1332.05,TECHM.NS
2026-03-10,1303.41,1270.63,1338.87,TECHM.NS
2026-03-11,1305.64,1272.21,1340.23,TECHM.NS
2026-03-12,1304.62,1267.31,1337.45,TECHM.NS
2026-03-13,1305.44,1268.62,1336.58,TECHM.NS
2026-03-16,1325.94,1293.71,1359.96,TECHM.NS
2026-03-17,1332.84,1298.75,1365.27,TECHM.NS
2026-03-18,1336.52,1302.14,1371.64,TECHM.NS
2026-03-19,1336.4,1303.18,1371.81,TECHM.NS
2026-03-20,1337.61,1302.74,1370.36,TECHM.NS
2026-03-23,1357.01,1323.23,1389.97,TECHM.NS
2026-03-24,1363.02,1327.44,1394.26,TECHM.NS
2026-03-25,1365.67,1330.23,1400.57,TECHM.NS
2026-03-27,1364.54,1330.08,1396.37,TECHM.NS
2026-03-30,1381.03,1346.32,1415.27,TECHM.NS
2026-04-01,1388.46,1355.96,1424.88,TECHM.NS
2026-04-02,1386.87,1353.73,1421.22,TECHM.NS
2026-04-06,1403.55,1370.07,1438.29,TECHM.NS
2026-04-07,1409.12,1375.41,1441.24,TECHM.NS
2026-04-08,1411.5,1376.45,1447.28,TECHM.NS
2026-04-09,1410.15,1374.13,1443.15,TECHM.NS
2026-04-10,1410.21,1375.77,1445.06,TECHM.NS
2026-04-13,1426.39,1393.34,1457.78,TECHM.NS
2026-04-15,1432.69,1398.25,1467.0,TECHM.NS
2026-04-16,1430.04,1394.62,1461.67,TECHM.NS
2026-04-17,1428.46,1393.51,1459.34,TECHM.NS
2026-04-20,1437.7,1404.05,1472.05,TECHM.NS
2026-04-21,1439.66,1402.88,1474.29,TECHM.NS
2026-04-22,1437.88,1404.03,1472.03,TECHM.NS
2026-04-23,1431.84,1396.02,1464.78,TECHM.NS
2026-04-24,1426.73,1393.34,1458.11,TECHM.NS
2026-04-27,1425.18,1390.43,1459.2,TECHM.NS
2026-04-28,1423.72,1389.25,1459.07,TECHM.NS
2026-04-29,1418.75,1382.26,1451.6,TECHM.NS
2026-04-30,1409.81,1376.73,1442.36,TECHM.NS
2026-05-01,1402.17,1367.81,1435.75,TECHM.NS
2026-05-04,1395.86,1360.83,1431.29,TECHM.NS
2026-05-05,1393.94,1358.92,1426.61,TECHM.NS
2026-05-06,1389.11,1354.55,1423.05,TECHM.NS
2026-05-07,1380.93,1346.32,1415.12,TECHM.NS
2026-05-08,1374.68,1338.65,1406.74,TECHM.NS
2026-05-11,1376.1,1342.69,1408.46,TECHM.NS
2026-05-12,1377.8,1344.34,1412.01,TECHM.NS
2026-05-13,1377.02,1342.68,1410.94,TECHM.NS
2026-05-14,1373.24,1339.7,1407.76,TECHM.NS
2026-05-15,1371.65,1340.32,1405.43,TECHM.NS
2026-05-18,1387.67,1355.32,1422.64,TECHM.NS
2026-05-19,1394.1,1361.84,1426.68,TECHM.NS
2026-05-20,1397.82,1367.49,1431.26,TECHM.NS
2026-05-21,1398.21,1362.84,1432.14,TECHM.NS
2026-05-22,1400.37,1367.93,1434.61,TECHM.NS
2026-05-25,1424.3,1389.34,1457.13,TECHM.NS
2026-05-26,1432.06,1399.2,1466.16,TECHM.NS
2026-05-27,1436.38,1402.53,1470.82,TECHM.NS
2026-05-28,1436.62,1402.83,1469.99,TECHM.NS
2026-05-29,1437.88,1402.61,1469.53,TECHM.NS
2026-06-01,1454.82,1420.65,1487.17,TECHM.NS
2026-06-02,1458.96,1424.45,1490.96,TECHM.NS
2026-06-03,1459.11,1427.3,1492.85,TECHM.NS
2026-06-04,1454.73,1421.91,1488.92,TECHM.NS
2026-06-05,1451.0,1418.83,1483.43,TECHM.NS
2026-06-08,1451.78,1418.24,1484.63,TECHM.NS
2026-06-09,1450.5,1417.61,1482.77,TECHM.NS
2026-06-10,1445.4,1412.38,1479.79,TECHM.NS
2026-06-11,1436.04,1403.93,1470.23,TECHM.NS
2026-06-12,1427.7,1395.29,1459.76,TECHM.NS
2026-06-15,1417.82,1384.51,1450.9,TECHM.NS
2026-06-16,1414.28,1378.93,1448.07,TECHM.NS
2026-06-17,1407.67,1372.22,1441.77,TECHM.NS
2026-06-18,1397.58,1362.52,1433.63,TECHM.NS
2026-06-19,1389.31,1356.12,1425.27,TECHM.NS
2026-06-22,1384.41,1347.88,1417.58,TECHM.NS
2026-06-23,1384.05,1351.3,1416.14,TECHM.NS
2026-06-24,1381.29,1347.39,1413.7,TECHM.NS
2026-06-25,1375.68,1342.04,1407.82,TECHM.NS
2026-06-26,1372.44,1340.65,1408.16,TECHM.NS
2026-06-29,1385.05,1351.65,1419.82,TECHM.NS
2026-06-30,1391.02,1359.25,1426.98,TECHM.NS
2026-07-01,1394.69,1360.89,1426.42,TECHM.NS
2026-07-02,1395.48,1363.46,1428.74,TECHM.NS
2026-07-03,1398.52,1367.06,1431.02,TECHM.NS
2026-07-06,1428.38,1398.13,1462.07,TECHM.NS
2026-07-07,1439.3,1406.03,1474.9,TECHM.NS
2026-07-08,1447.38,1411.23,1477.61,TECHM.NS
2026-07-09,1452.01,1416.81,1485.7,TECHM.NS
2026-07-10,1458.27,1424.35,1493.96,TECHM.NS
2026-07-13,1493.79,1460.8,1528.33,TECHM.NS
2026-07-14,1505.22,1471.14,1537.48,TECHM.NS
2026-07-15,1513.14,1479.99,1544.79,TECHM.NS
2026-07-16,1516.96,1483.37,1550.73,TECHM.NS
2026-07-17,1521.79,1490.04,1556.41,TECHM.NS
2026-07-20,1549.72,1517.44,1582.15,TECHM.NS
2026-07-21,1557.71,1523.18,1590.87,TECHM.NS
2026-07-22,1561.84,1528.73,1595.36,TECHM.NS
2026-07-23,1561.58,1527.3,1595.18,TECHM.NS
2026-07-24,1562.11,1528.0,1595.77,TECHM.NS
2026-07-27,1576.59,1538.96,1611.27,TECHM.NS
2026-07-28,1580.13,1545.0,1612.48,TECHM.NS
2026-07-29,1579.93,1545.84,1612.78,TECHM.NS
2026-07-30,1575.53,1541.01,1607.63,TECHM.NS
2026-07-31,1572.17,1540.31,1608.58,TECHM.NS
2026-08-03,1576.81,1543.63,1611.2,TECHM.NS
2026-08-04,1577.81,1544.01,1609.6,TECHM.NS
2026-08-05,1575.5,1541.68,1611.03,TECHM.NS
2026-08-06,1569.4,1536.18,1599.45,TECHM.NS
2026-08-07,1564.77,1530.62,1598.39,TECHM.NS
2026-08-10,1568.17,1535.26,1600.43,TECHM.NS
2026-08-11,1569.56,1534.54,1603.44,TECHM.NS
2026-08-12,1567.99,1537.8,1600.94,TECHM.NS
2026-08-13,1562.98,1528.66,1595.09,TECHM.NS
2026-08-14,1559.73,1520.9,1592.71,TECHM.NS
2026-08-17,1568.62,1534.3,1601.4,TECHM.NS
2026-08-18,1572.13,1537.76,1608.41,TECHM.NS
2026-08-19,1572.76,1539.47,1606.93,TECHM.NS
2026-08-20,1569.96,1536.23,1603.92,TECHM.NS
2026-08-21,1568.89,1533.23,1603.57,TECHM.NS
2026-08-24,1583.64,1548.5,1615.55,TECHM.NS
2026-08-25,1588.73,1553.38,1622.42,TECHM.NS
2026-08-26,1590.68,1555.82,1621.93,TECHM.NS
2026-08-27,1588.91,1553.72,1621.59,TECHM.NS
2026-08-28,1588.56,1555.12,1621.89,TECHM.NS
2026-08-31,1603.38,1568.91,1637.82,TECHM.NS
2026-09-01,1607.77,1574.64,1640.45,TECHM.NS
2026-09-02,1608.65,1576.37,1641.97,TECHM.NS
2025-07-22,3401.04,3329.94,3473.41,TITAN.NS
2025-07-23,3418.31,3345.71,3491.77,TITAN.NS
2025-07-24,3412.31,3343.58,3489.29,TITAN.NS
2025-07-25,3416.26,3342.42,3488.81,TITAN.NS
2025-07-28,3395.12,3323.57,3466.71,TITAN.NS
2025-07-29,3399.65,3326.21,3475.53,TITAN.NS
2025-07-30,3414.35,3336.7,3486.18,TITAN.NS
2025-07-31,3406.66,3333.3,3476.7,TITAN.NS
2025-08-01,3409.84,3341.36,3481.19,TITAN.NS
2025-08-04,3392.1,3322.41,3462.44,TITAN.NS
2025-08-05,3399.62,3330.2,3471.46,TITAN.NS
2025-08-06,3418.2,3345.56,3489.83,TITAN.NS
2025-08-07,3415.2,3345.03,3487.31,TITAN.NS
2025-08-08,3423.81,3351.99,3493.71,TITAN.NS
2025-08-11,3425.78,3352.14,3499.2,TITAN.NS
2025-08-12,3440.63,3371.76,3511.74,TITAN.NS
2025-08-13,3466.68,3394.01,3535.64,TITAN.NS
2025-08-14,3471.17,3395.13,3549.22,TITAN.NS
2025-08-18,3508.66,3437.83,3583.01,TITAN.NS
2025-08-19,3528.74,3459.3,3601.4,TITAN.NS
2025-08-20,3559.14,3483.34,3628.38,TITAN.NS
2025-08-21,3566.97,3496.06,3639.43,TITAN.NS
2025-08-22,3585.14,3516.28,3655.08,TITAN.NS
2025-08-25,3605.88,3532.64,3673.74,TITAN.NS
2025-08-26,3623.03,3555.17,3692.11,TITAN.NS
2025-08-28,3651.31,3583.2,3719.85,TITAN.NS
2025-08-29,3662.53,3587.21,3736.74,TITAN.NS
2025-09-01,3655.39,3586.09,3724.82,TITAN.NS
2025-09-02,3661.26,3586.78,3733.5,TITAN.NS
2025-09-03,3675.34,3599.02,3744.55,TITAN.NS
2025-09-04,3664.92,3597.72,3741.1,TITAN.NS
2025-09-05,3663.13,3590.45,3735.08,TITAN.NS
2025-09-08,3616.55,3546.66,3686.59,TITAN.NS
2025-09-09,3609.82,3537.35,3679.22,TITAN.NS
2025-09-10,3611.9,3542.5,3683.07,TITAN.NS
2025-09-11,3590.28,3515.14,3668.16,TITAN.NS
2025-09-12,3578.3,3508.06,3653.78,TITAN.NS
2025-09-15,3508.68,3435.34,3579.29,TITAN.NS
2025-09-16,3497.23,3427.75,3568.1,TITAN.NS
2025-09-17,3496.25,3425.28,3572.13,TITAN.NS
2025-09-18,3473.28,3397.95,3543.91,TITAN.NS
2025-09-19,3461.68,3390.2,3540.14,TITAN.NS
2025-09-22,3403.54,3335.48,3474.94,TITAN.NS
2025-09-23,3399.18,3326.69,3469.36,TITAN.NS
2025-09-24,3406.75,3332.09,3480.34,TITAN.NS
2025-09-25,3393.68,3321.74,3466.47,TITAN.NS
2025-09-26,3393.16,3320.53,3463.55,TITAN.NS
2025-09-29,3373.54,3301.18,3446.19,TITAN.NS
2025-09-30,3383.12,3307.41,3459.58,TITAN.NS
2025-10-01,3404.83,3329.25,3478.9,TITAN.NS
2025-10-03,3419.22,3348.51,3488.34,TITAN.NS
2025-10-06,3437.89,3361.32,3509.49,TITAN.NS
2025-10-07,3458.52,3382.96,3529.53,TITAN.NS
2025-10-08,3490.18,3422.58,3562.86,TITAN.NS
2025-10-09,3499.95,3426.81,3573.26,TITAN.NS
2025-10-10,3520.75,3445.2,3591.4,TITAN.NS
2025-10-13,3553.41,3483.1,3622.34,TITAN.NS
2025-10-14,3575.91,3503.36,3645.01,TITAN.NS
2025-10-15,3608.09,3532.68,3679.42,TITAN.NS
2025-10-16,3617.11,3543.21,3691.24,TITAN.NS
2025-10-17,3635.96,3566.16,3710.34,TITAN.NS
2025-10-20,3656.88,3581.28,3729.48,TITAN.NS
2025-10-21,3673.96,3601.41,3748.43,TITAN.NS
2025-10-23,3703.01,3630.21,3775.32,TITAN.NS
2025-10-24,3715.46,3650.2,3792.3,TITAN.NS
2025-10-27,3717.69,3644.74,3791.06,TITAN.NS
2025-10-28,3729.17,3656.28,3799.17,TITAN.NS
2025-10-29,3750.36,3676.05,3825.25,TITAN.NS
2025-10-30,3748.64,3673.46,3822.39,TITAN.NS
2025-10-31,3757.25,3685.26,3831.3,TITAN.NS
2025-11-03,3752.25,3675.44,3820.16,TITAN.NS
2025-11-04,3762.75,3691.67,3834.56,TITAN.NS
2025-11-06,3782.17,3710.97,3853.75,TITAN.NS
2025-11-07,3791.57,3714.35,3864.6,TITAN.NS
2025-11-10,3791.05,3721.09,3865.61,TITAN.NS
2025-11-11,3803.37,3733.33,3874.93,TITAN.NS
2025-11-12,3826.0,3750.63,3903.83,TITAN.NS
2025-11-13,3826.17,3755.86,3900.12,TITAN.NS
2025-11-14,3836.91,3762.5,3906.07,TITAN.NS
2025-11-17,3837.73,3763.8,3909.34,TITAN.NS
2025-11-18,3849.34,3774.19,3915.53,TITAN.NS
2025-11-19,3870.6,3800.95,3947.89,TITAN.NS
2025-11-20,3868.7,3795.78,3936.52,TITAN.NS
2025-11-21,3876.67,3802.57,3948.14,TITAN.NS
2025-11-24,3865.3,3790.71,3933.06,TITAN.NS
2025-11-25,3871.75,3800.48,3944.55,TITAN.NS
2025-11-26,3887.45,3814.54,3964.21,TITAN.NS
2025-11-27,3879.71,3806.38,3951.12,TITAN.NS
2025-11-28,3881.68,3813.63,3957.84,TITAN.NS
2025-12-01,3852.85,3772.83,3924.6,TITAN.NS
2025-12-02,3854.14,3789.98,3928.49,TITAN.NS
2025-12-03,3865.26,3798.23,3940.85,TITAN.NS
2025-12-04,3853.67,3779.02,3927.61,TITAN.NS
2025-12-05,3852.64,3776.89,3926.97,TITAN.NS
2025-12-08,3820.9,3746.16,3896.61,TITAN.NS
2025-12-09,3823.52,3750.33,3896.44,TITAN.NS
2025-12-10,3837.18,3765.43,3909.66,TITAN.NS
2025-12-11,3829.34,3757.59,3898.72,TITAN.NS
2025-12-12,3833.25,3757.19,3905.58,TITAN.NS
2025-12-15,3822.88,3750.18,3898.51,TITAN.NS
2025-12-16,3834.46,3761.41,3906.36,TITAN.NS
2025-12-17,3857.77,3781.13,3934.42,TITAN.NS
2025-12-18,3860.12,3790.07,3937.22,TITAN.NS
2025-12-19,3874.58,3800.69,3947.76,TITAN.NS
2025-12-22,3895.99,3825.08,3967.37,TITAN.NS
2025-12-23,3917.55,3844.76,3989.02,TITAN.NS
2025-12-24,3950.2,3875.64,4025.27,TITAN.NS
2025-12-26,3983.01,3916.93,4054.26,TITAN.NS
2025-12-29,4019.35,3950.1,4095.45,TITAN.NS
2025-12-30,4042.96,3970.88,4119.52,TITAN.NS
2025-12-31,4076.09,4003.57,4149.67,TITAN.NS
2026-01-01,4085.79,4007.97,4161.99,TITAN.NS
2026-01-02,4104.97,4034.69,4177.47,TITAN.NS
2026-01-05,4123.61,4049.16,4200.03,TITAN.NS
2026-01-06,4138.5,4065.76,4210.1,TITAN.NS
2026-01-07,4161.7,4085.79,4237.43,TITAN.NS
2026-01-08,4160.42,4085.95,4231.92,TITAN.NS
2026-01-09,4167.77,4095.94,4237.44,TITAN.NS
2026-01-12,4147.92,4075.79,4223.03,TITAN.NS
2026-01-13,4149.71,4076.65,4220.79,TITAN.NS
2026-01-14,4160.07,4087.96,4231.42,TITAN.NS
2026-01-15,4146.45,4076.4,4219.54,TITAN.NS
2026-01-16,4142.16,4072.55,4217.26,TITAN.NS
2026-01-19,4093.64,4022.65,4168.81,TITAN.NS
2026-01-20,4088.54,4018.87,4163.1,TITAN.NS
2026-01-21,4093.56,4017.86,4166.27,TITAN.NS
2026-01-22,4076.26,4006.55,4148.24,TITAN.NS
2026-01-23,4070.0,3995.19,4145.32,TITAN.NS
2026-01-27,4025.98,3946.02,4098.63,TITAN.NS
2026-01-28,4037.54,3963.74,4112.03,TITAN.NS
2026-01-29,4028.24,3956.84,4097.99,TITAN.NS
2026-01-30,4031.3,3955.86,4102.12,TITAN.NS
2026-02-02,4021.48,3949.16,4093.52,TITAN.NS
2026-02-03,4034.04,3960.97,4110.64,TITAN.NS
2026-02-04,4058.59,3988.81,4134.56,TITAN.NS
2026-02-05,4062.34,3990.28,4131.08,TITAN.NS
2026-02-06,4078.28,4004.82,4154.21,TITAN.NS
2026-02-09,4103.64,4033.32,4176.7,TITAN.NS
2026-02-10,4126.05,4053.56,4199.94,TITAN.NS
2026-02-11,4159.21,4086.59,4234.46,TITAN.NS
2026-02-12,4170.13,4096.68,4245.0,TITAN.NS
2026-02-13,4191.66,4114.05,4264.36,TITAN.NS
2026-02-16,4223.4,4149.54,4293.81,TITAN.NS
2026-02-17,4244.28,4171.19,4315.39,TITAN.NS
2026-02-18,4274.04,4200.46,4344.07,TITAN.NS
2026-02-19,4279.74,4204.84,4355.7,TITAN.NS
2026-02-20,4294.31,4221.77,4365.83,TITAN.NS
2026-02-23,4295.67,4218.15,4363.59,TITAN.NS
2026-02-24,4303.76,4224.48,4374.32,TITAN.NS
2026-02-25,4319.69,4242.32,4392.68,TITAN.NS
2026-02-26,4310.74,4234.07,4386.13,TITAN.NS
2026-02-27,4310.05,4236.74,4383.19,TITAN.NS
2026-03-02,4264.39,4192.01,4340.79,TITAN.NS
2026-03-04,4258.41,4188.61,4334.62,TITAN.NS
2026-03-05,4235.58,4160.99,4305.74,TITAN.NS
2026-03-06,4222.05,4150.13,4294.96,TITAN.NS
2026-03-09,4146.04,4073.01,4218.43,TITAN.NS
2026-03-10,4131.98,4062.96,4208.04,TITAN.NS
2026-03-11,4128.23,4055.8,4200.87,TITAN.NS
2026-03-12,4102.35,4030.46,4174.32,TITAN.NS
2026-03-13,4087.78,4012.11,4158.73,TITAN.NS
2026-03-16,4020.84,3947.6,4089.3,TITAN.NS
2026-03-17,4013.8,3937.53,4084.22,TITAN.NS
2026-03-18,4018.92,3948.51,4089.05,TITAN.NS
2026-03-19,4003.69,3928.49,4072.56,TITAN.NS
2026-03-20,4001.4,3927.94,4074.75,TITAN.NS
2026-03-23,3979.37,3904.97,4051.16,TITAN.NS
2026-03-24,3989.33,3914.72,4066.71,TITAN.NS
2026-03-25,4012.1,3941.22,4088.78,TITAN.NS
2026-03-27,4030.89,3960.71,4108.47,TITAN.NS
2026-03-30,4062.18,3988.92,4133.77,TITAN.NS
2026-04-01,4126.96,4055.72,4202.46,TITAN.NS
2026-04-02,4144.11,4068.68,4223.89,TITAN.NS
2026-04-06,4233.08,4161.21,4304.64,TITAN.NS
2026-04-07,4265.44,4188.15,4334.98,TITAN.NS
2026-04-08,4307.62,4237.17,4379.32,TITAN.NS
2026-04-09,4326.61,4250.37,4398.38,TITAN.NS
2026-04-10,4355.24,4279.26,4425.41,TITAN.NS
2026-04-13,4402.55,4329.56,4479.1,TITAN.NS
2026-04-15,4459.17,4387.36,4529.83,TITAN.NS
2026-04-16,4466.72,4397.94,4538.78,TITAN.NS
2026-04-17,4482.47,4413.98,4555.56,TITAN.NS
2026-04-20,4484.24,4411.06,4557.27,TITAN.NS
2026-04-21,4491.69,4415.97,4561.72,TITAN.NS
2026-04-22,4506.74,4430.98,4581.66,TITAN.NS
2026-04-23,4496.76,4422.6,4569.67,TITAN.NS
2026-04-24,4494.93,4419.76,4567.9,TITAN.NS
2026-04-27,4445.84,4371.35,4513.74,TITAN.NS
2026-04-28,4437.61,4369.64,4508.17,TITAN.NS
2026-04-29,4437.92,4360.15,4508.29,TITAN.NS
2026-04-30,4414.27,4341.12,4486.34,TITAN.NS
2026-05-01,4399.99,4323.78,4473.61,TITAN.NS
2026-05-04,4321.87,4251.73,4395.5,TITAN.NS
2026-05-05,4306.98,4235.39,4378.94,TITAN.NS
2026-05-06,4302.21,4230.36,4374.61,TITAN.NS
2026-05-07,4275.04,4202.35,4346.04,TITAN.NS
2026-05-08,4258.81,4180.05,4330.42,TITAN.NS
2026-05-11,4183.74,4113.33,4261.05,TITAN.NS
2026-05-12,4172.58,4095.46,4248.49,TITAN.NS
2026-05-13,4172.73,4094.76,4242.13,TITAN.NS
2026-05-14,4151.58,4081.82,4226.55,TITAN.NS
2026-05-15,4142.33,4073.38,4215.81,TITAN.NS
2026-05-18,4092.57,4016.13,4163.59,TITAN.NS
2026-05-19,4090.87,4018.68,4162.67,TITAN.NS
2026-05-20,4100.74,4025.21,4172.66,TITAN.NS
2026-05-21,4089.46,4016.75,4161.25,TITAN.NS
2026-05-22,4090.09,4021.02,4159.69,TITAN.NS
2026-05-25,4068.96,3992.25,4139.25,TITAN.NS
2026-05-26,4076.13,4002.73,4150.3,TITAN.NS
2026-05-27,4094.43,4023.35,4165.75,TITAN.NS
2026-05-28,4091.05,4020.76,4162.08,TITAN.NS
2026-05-29,4099.02,4028.27,4171.02,TITAN.NS
2026-06-01,4096.34,4022.1,4167.91,TITAN.NS
2026-06-02,4108.47,4037.57,4184.0,TITAN.NS
2026-06-03,4131.14,4058.71,4208.3,TITAN.NS
2026-06-04,4131.6,4061.84,4202.9,TITAN.NS
2026-06-05,4142.9,4073.51,4215.95,TITAN.NS
2026-06-08,4147.76,4073.26,4220.8,TITAN.NS
2026-06-09,4161.77,4097.26,4234.03,TITAN.NS
2026-06-10,4186.12,4119.79,4260.5,TITAN.NS
2026-06-11,4188.1,4119.29,4267.55,TITAN.NS
2026-06-12,4200.86,4129.5,4271.04,TITAN.NS
2026-06-15,4210.12,4137.85,4283.25,TITAN.NS
2026-06-16,4225.77,4154.0,4296.21,TITAN.NS
2026-06-17,4251.91,4186.67,4320.67,TITAN.NS
2026-06-18,4255.86,4181.93,4325.64,TITAN.NS
2026-06-19,4270.77,4198.16,4344.59,TITAN.NS
2026-06-22,4287.59,4217.93,4360.67,TITAN.NS
2026-06-23,4306.09,4233.73,4377.05,TITAN.NS
2026-06-24,4335.19,4258.65,4407.94,TITAN.NS
2026-06-25,4342.18,4267.23,4411.72,TITAN.NS
2026-06-26,4360.15,4293.61,4432.89,TITAN.NS
2026-06-29,4385.83,4311.42,4451.83,TITAN.NS
2026-06-30,4406.95,4339.81,4478.95,TITAN.NS
2026-07-01,4438.42,4369.29,4513.76,TITAN.NS
2026-07-02,4447.44,4378.73,4518.52,TITAN.NS
2026-07-03,4467.06,4402.32,4541.67,TITAN.NS
2026-07-06,4494.78,4425.86,4571.77,TITAN.NS
2026-07-07,4515.48,4445.8,4594.62,TITAN.NS
2026-07-08,4545.9,4474.52,4622.57,TITAN.NS
2026-07-09,4553.25,4480.78,4622.36,TITAN.NS
2026-07-10,4570.55,4496.84,4644.24,TITAN.NS
2026-07-13,4587.53,4515.89,4660.0,TITAN.NS
2026-07-14,4603.45,4531.77,4677.99,TITAN.NS
2026-07-15,4628.59,4559.66,4702.03,TITAN.NS
2026-07-16,4630.18,4554.02,4703.56,TITAN.NS
2026-07-17,4641.32,4569.7,4708.15,TITAN.NS
2026-07-20,4638.26,4567.48,4715.55,TITAN.NS
2026-07-21,4647.29,4578.13,4722.19,TITAN.NS
2026-07-22,4665.59,4595.92,4743.55,TITAN.NS
2026-07-23,4660.51,4590.26,4733.63,TITAN.NS
2026-07-24,4665.25,4593.41,4733.56,TITAN.NS
2026-07-27,4645.62,4576.13,4717.23,TITAN.NS
2026-07-28,4650.33,4581.95,4721.85,TITAN.NS
2026-07-29,4665.04,4594.79,4730.72,TITAN.NS
2026-07-30,4657.18,4584.25,4731.3,TITAN.NS
2026-07-31,4660.01,4583.96,4736.37,TITAN.NS
2026-08-03,4640.2,4566.3,4712.08,TITAN.NS
2026-08-04,4646.75,4572.83,4718.25,TITAN.NS
2026-08-05,4664.22,4588.18,4738.3,TITAN.NS
2026-08-06,4660.01,4591.3,4732.88,TITAN.NS
2026-08-07,4667.32,4595.19,4741.18,TITAN.NS
2026-08-10,4665.15,4591.59,4734.08,TITAN.NS
2026-08-11,4678.63,4604.24,4750.54,TITAN.NS
2026-08-12,4703.37,4627.41,4778.34,TITAN.NS
2026-08-13,4706.61,4635.05,4779.51,TITAN.NS
2026-08-14,4721.42,4642.93,4795.75,TITAN.NS
2026-08-17,4740.47,4666.6,4807.76,TITAN.NS
2026-08-18,4760.09,4689.2,4832.65,TITAN.NS
2026-08-19,4790.25,4716.97,4864.48,TITAN.NS
2026-08-20,4798.07,4724.72,4870.32,TITAN.NS
2026-08-21,4816.48,4740.14,4885.7,TITAN.NS
2026-08-24,4839.46,4769.71,4914.29,TITAN.NS
2026-08-25,4857.84,4789.98,4928.39,TITAN.NS
2026-08-26,4885.4,4813.76,4960.68,TITAN.NS
2026-08-27,4889.26,4818.11,4963.4,TITAN.NS
2026-08-28,4902.36,4831.81,4977.56,TITAN.NS
2026-08-31,4901.77,4831.59,4971.34,TITAN.NS
2026-09-01,4910.02,4831.01,4978.29,TITAN.NS
2026-09-02,4926.53,4852.25,4997.5,TITAN.NS
2025-07-22,12149.71,11949.14,12351.43,ULTRACEMCO.NS
2025-07-23,12203.73,11999.08,12404.19,ULTRACEMCO.NS
2025-07-24,12177.99,11951.97,12384.38,ULTRACEMCO.NS
2025-07-25,12173.56,11964.51,12377.06,ULTRACEMCO.NS
2025-07-28,12223.4,12014.61,12414.32,ULTRACEMCO.NS
2025-07-29,12235.8,12026.25,12452.67,ULTRACEMCO.NS
2025-07-30,12291.38,12100.3,12499.6,ULTRACEMCO.NS
2025-07-31,12267.1,12062.3,12464.44,ULTRACEMCO.NS
2025-08-01,12264.04,12067.38,12455.23,ULTRACEMCO.NS
2025-08-04,12317.69,12127.78,12515.27,ULTRACEMCO.NS
2025-08-05,12331.33,12130.99,12533.0,ULTRACEMCO.NS
2025-08-06,12388.21,12186.54,12608.0,ULTRACEMCO.NS
2025-08-07,12365.32,12165.53,12567.8,ULTRACEMCO.NS
2025-08-08,12363.78,12150.02,12572.17,ULTRACEMCO.NS
2025-08-11,12422.88,12207.04,12622.62,ULTRACEMCO.NS
2025-08-12,12438.68,12222.06,12647.04,ULTRACEMCO.NS
2025-08-13,12497.86,12304.48,12706.4,ULTRACEMCO.NS
2025-08-14,12477.37,12283.14,12693.79,ULTRACEMCO.NS
2025-08-18,12544.12,12339.28,12744.41,ULTRACEMCO.NS
2025-08-19,12561.62,12365.94,12774.15,ULTRACEMCO.NS
2025-08-20,12622.0,12420.24,12825.04,ULTRACEMCO.NS
2025-08-21,12602.11,12392.93,12804.42,ULTRACEMCO.NS
2025-08-22,12602.83,12398.26,12807.43,ULTRACEMCO.NS
2025-08-25,12662.25,12460.77,12875.88,ULTRACEMCO.NS
2025-08-26,12675.23,12476.74,12865.07,ULTRACEMCO.NS
2025-08-28,12702.57,12500.85,12918.38,ULTRACEMCO.NS
2025-08-29,12694.57,12487.2,12906.89,ULTRACEMCO.NS
2025-09-01,12719.13,12526.26,12913.03,ULTRACEMCO.NS
2025-09-02,12717.79,12509.67,12925.97,ULTRACEMCO.NS
2025-09-03,12756.81,12559.15,12963.74,ULTRACEMCO.NS
2025-09-04,12713.12,12491.12,12912.4,ULTRACEMCO.NS
2025-09-05,12687.76,12487.97,12899.43,ULTRACEMCO.NS
2025-09-08,12657.46,12430.9,12858.82,ULTRACEMCO.NS
2025-09-09,12637.76,12433.27,12832.47,ULTRACEMCO.NS
2025-09-10,12658.84,12470.39,12861.96,ULTRACEMCO.NS
2025-09-11,12597.89,12386.2,12820.96,ULTRACEMCO.NS
2025-09-12,12556.25,12361.4,12762.52,ULTRACEMCO.NS
2025-09-15,12485.57,12287.09,12703.71,ULTRACEMCO.NS
2025-09-16,12455.98,12249.81,12659.65,ULTRACEMCO.NS
2025-09-17,12469.26,12261.91,12676.37,ULTRACEMCO.NS
2025-09-18,12402.75,12189.2,12607.83,ULTRACEMCO.NS
2025-09-19,12357.87,12161.29,12570.25,ULTRACEMCO.NS
2025-09-22,12291.61,12092.61,12507.62,ULTRACEMCO.NS
2025-09-23,12268.07,12064.51,12473.2,ULTRACEMCO.NS
2025-09-24,12289.49,12087.9,12494.19,ULTRACEMCO.NS
2025-09-25,12233.05,12029.44,12439.7,ULTRACEMCO.NS
2025-09-26,12199.95,11994.41,12414.91,ULTRACEMCO.NS
2025-09-29,12176.66,11955.74,12380.71,ULTRACEMCO.NS
2025-09-30,12169.0,11973.65,12385.45,ULTRACEMCO.NS
2025-10-01,12206.55,11985.23,12402.49,ULTRACEMCO.NS
2025-10-03,12148.69,11947.37,12353.27,ULTRACEMCO.NS
2025-10-06,12166.94,11957.79,12368.6,ULTRACEMCO.NS
2025-10-07,12170.43,11960.52,12368.37,ULTRACEMCO.NS
2025-10-08,12217.45,12015.76,12433.69,ULTRACEMCO.NS
2025-10-09,12184.64,11981.95,12403.3,ULTRACEMCO.NS
2025-10-10,12172.8,11968.84,12367.43,ULTRACEMCO.NS
2025-10-13,12195.52,11990.59,12392.46,ULTRACEMCO.NS
2025-10-14,12196.45,11991.57,12406.72,ULTRACEMCO.NS
2025-10-15,12239.01,12029.69,12449.0,ULTRACEMCO.NS
2025-10-16,12200.0,12000.02,12408.58,ULTRACEMCO.NS
2025-10-17,12180.4,11960.65,12397.03,ULTRACEMCO.NS
2025-10-20,12172.66,11966.85,12365.74,ULTRACEMCO.NS
2025-10-21,12161.89,11958.14,12373.61,ULTRACEMCO.NS
2025-10-23,12141.32,11943.92,12340.73,ULTRACEMCO.NS
2025-10-24,12109.83,11901.08,12310.8,ULTRACEMCO.NS
2025-10-27,12070.06,11869.6,12273.46,ULTRACEMCO.NS
2025-10-28,12050.5,11835.64,12246.36,ULTRACEMCO.NS
2025-10-29,12073.45,11858.31,12273.46,ULTRACEMCO.NS
2025-10-30,12016.11,11806.07,12220.66,ULTRACEMCO.NS
2025-10-31,11979.77,11777.15,12191.03,ULTRACEMCO.NS
2025-11-03,11934.01,11724.05,12147.92,ULTRACEMCO.NS
2025-11-04,11915.2,11717.49,12115.46,ULTRACEMCO.NS
2025-11-06,11885.85,11683.25,12076.57,ULTRACEMCO.NS
2025-11-07,11853.53,11663.01,12053.58,ULTRACEMCO.NS
2025-11-10,11823.78,11624.02,12036.13,ULTRACEMCO.NS
2025-11-11,11810.99,11602.45,12019.17,ULTRACEMCO.NS
2025-11-12,11841.96,11634.3,12044.26,ULTRACEMCO.NS
2025-11-13,11793.59,11582.26,12010.45,ULTRACEMCO.NS
2025-11-14,11766.84,11566.19,11981.55,ULTRACEMCO.NS
2025-11-17,11750.52,11557.68,11963.45,ULTRACEMCO.NS
2025-11-18,11740.76,11534.0,11946.65,ULTRACEMCO.NS
2025-11-19,11773.94,11571.18,11984.17,ULTRACEMCO.NS
2025-11-20,11726.93,11536.27,11940.63,ULTRACEMCO.NS
2025-11-21,11700.73,11488.41,11907.96,ULTRACEMCO.NS
2025-11-24,11681.67,11478.17,11882.01,ULTRACEMCO.NS
2025-11-25,11669.85,11467.62,11872.8,ULTRACEMCO.NS
2025-11-26,11700.62,11499.05,11919.3,ULTRACEMCO.NS
2025-11-27,11651.0,11451.22,11863.52,ULTRACEMCO.NS
2025-11-28,11622.14,11406.56,11832.39,ULTRACEMCO.NS
2025-12-01,11596.6,11392.84,11799.35,ULTRACEMCO.NS
2025-12-02,11583.68,11362.6,11786.59,ULTRACEMCO.NS
2025-12-03,11614.15,11389.48,11809.62,ULTRACEMCO.NS
2025-12-04,11565.15,11364.38,11764.91,ULTRACEMCO.NS
2025-12-05,11537.97,11335.53,11734.56,ULTRACEMCO.NS
2025-12-08,11524.56,11327.2,11732.09,ULTRACEMCO.NS
2025-12-09,11518.21,11320.28,11732.1,ULTRACEMCO.NS
2025-12-10,11556.51,11346.77,11750.98,ULTRACEMCO.NS
2025-12-11,11516.59,11303.08,11731.99,ULTRACEMCO.NS
2025-12-12,11499.64,11296.12,11702.43,ULTRACEMCO.NS
2025-12-15,11522.92,11326.95,11727.65,ULTRACEMCO.NS
2025-12-16,11530.36,11326.73,11744.53,ULTRACEMCO.NS
2025-12-17,11582.96,11371.86,11779.74,ULTRACEMCO.NS
2025-12-18,11557.67,11357.71,11766.25,ULTRACEMCO.NS
2025-12-19,11555.51,11368.08,11764.52,ULTRACEMCO.NS
2025-12-22,11622.22,11420.19,11822.67,ULTRACEMCO.NS
2025-12-23,11643.23,11428.59,11862.03,ULTRACEMCO.NS
2025-12-24,11708.66,11502.12,11924.09,ULTRACEMCO.NS
2025-12-26,11704.11,11495.7,11896.85,ULTRACEMCO.NS
2025-12-29,11796.67,11595.48,11995.21,ULTRACEMCO.NS
2025-12-30,11823.74,11631.13,12022.47,ULTRACEMCO.NS
2025-12-31,11893.92,11702.64,12119.79,ULTRACEMCO.NS
2026-01-01,11884.03,11676.13,12102.08,ULTRACEMCO.NS
2026-01-02,11894.99,11686.54,12112.76,ULTRACEMCO.NS
2026-01-05,11987.13,11780.01,12189.4,ULTRACEMCO.NS
2026-01-06,12012.07,11816.61,12229.56,ULTRACEMCO.NS
2026-01-07,12079.34,11868.05,12281.78,ULTRACEMCO.NS
2026-01-08,12065.89,11844.78,12258.92,ULTRACEMCO.NS
2026-01-09,12072.81,11861.3,12283.04,ULTRACEMCO.NS
2026-01-12,12151.49,11939.15,12365.22,ULTRACEMCO.NS
2026-01-13,12172.06,11976.44,12374.15,ULTRACEMCO.NS
2026-01-14,12235.27,12049.83,12438.55,ULTRACEMCO.NS
2026-01-15,12218.22,12002.18,12434.81,ULTRACEMCO.NS
2026-01-16,12222.14,12021.88,12436.68,ULTRACEMCO.NS
2026-01-19,12296.53,12099.58,12494.5,ULTRACEMCO.NS
2026-01-20,12317.5,12090.5,12524.23,ULTRACEMCO.NS
2026-01-21,12382.12,12172.84,12591.86,ULTRACEMCO.NS
2026-01-22,12367.51,12157.59,12557.14,ULTRACEMCO.NS
2026-01-23,12374.85,12179.67,12588.2,ULTRACEMCO.NS
2026-01-27,12492.75,12292.48,12702.37,ULTRACEMCO.NS
2026-01-28,12564.67,12369.52,12773.02,ULTRACEMCO.NS
2026-01-29,12557.7,12362.67,12770.01,ULTRACEMCO.NS
2026-01-30,12572.87,12362.36,12781.75,ULTRACEMCO.NS
2026-02-02,12685.16,12475.69,12880.82,ULTRACEMCO.NS
2026-02-03,12719.01,12517.83,12917.1,ULTRACEMCO.NS
2026-02-04,12795.95,12591.36,13014.93,ULTRACEMCO.NS
2026-02-05,12792.64,12580.39,13004.3,ULTRACEMCO.NS
2026-02-06,12809.81,12606.31,13016.45,ULTRACEMCO.NS
2026-02-09,12915.55,12692.47,13115.61,ULTRACEMCO.NS
2026-02-10,12942.18,12732.16,13135.85,ULTRACEMCO.NS
2026-02-11,13009.02,12812.73,13226.08,ULTRACEMCO.NS
2026-02-12,12992.56,12800.91,13215.83,ULTRACEMCO.NS
2026-02-13,12993.39,12788.49,13195.35,ULTRACEMCO.NS
2026-02-16,13030.06,12812.25,13226.56,ULTRACEMCO.NS
2026-02-17,13026.97,12829.96,13231.09,ULTRACEMCO.NS
2026-02-18,13060.84,12857.02,13281.34,ULTRACEMCO.NS
2026-02-19,13008.32,12798.91,13239.4,ULTRACEMCO.NS
2026-02-20,12970.18,12780.28,13170.54,ULTRACEMCO.NS
2026-02-23,12875.5,12660.11,13079.82,ULTRACEMCO.NS
2026-02-24,12825.02,12608.67,13039.6,ULTRACEMCO.NS
2026-02-25,12810.45,12602.79,13024.95,ULTRACEMCO.NS
2026-02-26,12708.91,12510.24,12906.67,ULTRACEMCO.NS
2026-02-27,12621.75,12418.08,12831.38,ULTRACEMCO.NS
2026-03-02,12385.68,12192.0,12596.88,ULTRACEMCO.NS
2026-03-04,12237.1,12020.97,12441.65,ULTRACEMCO.NS
2026-03-05,12098.81,11888.41,12309.31,ULTRACEMCO.NS
2026-03-06,11978.96,11768.5,12174.98,ULTRACEMCO.NS
2026-03-09,11674.31,11467.57,11873.66,ULTRACEMCO.NS
2026-03-10,11568.93,11359.34,11776.62,ULTRACEMCO.NS
2026-03-11,11508.53,11288.43,11720.34,ULTRACEMCO.NS
2026-03-12,11371.03,11159.83,11575.11,ULTRACEMCO.NS
2026-03-13,11258.45,11038.08,11454.76,ULTRACEMCO.NS
2026-03-16,11014.22,10823.85,11211.55,ULTRACEMCO.NS
2026-03-17,10941.39,10737.96,11148.08,ULTRACEMCO.NS
2026-03-18,10919.28,10733.46,11121.71,ULTRACEMCO.NS
2026-03-19,10825.39,10617.88,11017.95,ULTRACEMCO.NS
2026-03-20,10761.27,10561.52,10969.74,ULTRACEMCO.NS
2026-03-23,10685.57,10480.85,10886.44,ULTRACEMCO.NS
2026-03-24,10674.39,10454.19,10880.92,ULTRACEMCO.NS
2026-03-25,10715.43,10505.01,10949.7,ULTRACEMCO.NS
2026-03-27,10685.16,10484.7,10875.59,ULTRACEMCO.NS
2026-03-30,10793.07,10575.02,11006.75,ULTRACEMCO.NS
2026-04-01,10931.57,10738.83,11149.22,ULTRACEMCO.NS
2026-04-02,10949.9,10730.68,11162.35,ULTRACEMCO.NS
2026-04-06,11200.07,11003.84,11423.6,ULTRACEMCO.NS
2026-04-07,11266.57,11053.39,11489.74,ULTRACEMCO.NS
2026-04-08,11375.77,11172.15,11583.42,ULTRACEMCO.NS
2026-04-09,11403.89,11192.9,11610.64,ULTRACEMCO.NS
2026-04-10,11451.29,11246.77,11642.54,ULTRACEMCO.NS
2026-04-13,11638.46,11430.31,11850.89,ULTRACEMCO.NS
2026-04-15,11778.2,11575.41,11991.64,ULTRACEMCO.NS
2026-04-16,11782.89,11570.75,11989.94,ULTRACEMCO.NS
2026-04-17,11803.96,11612.33,12001.22,ULTRACEMCO.NS
2026-04-20,11900.29,11687.36,12102.37,ULTRACEMCO.NS
2026-04-21,11918.45,11721.93,12126.91,ULTRACEMCO.NS
2026-04-22,11975.2,11764.75,12174.07,ULTRACEMCO.NS
2026-04-23,11947.77,11746.22,12159.95,ULTRACEMCO.NS
2026-04-24,11937.5,11729.69,12145.92,ULTRACEMCO.NS
2026-04-27,11948.26,11726.91,12135.28,ULTRACEMCO.NS
2026-04-28,11941.63,11741.77,12141.58,ULTRACEMCO.NS
2026-04-29,11975.77,11773.45,12185.77,ULTRACEMCO.NS
2026-04-30,11927.98,11710.04,12136.52,ULTRACEMCO.NS
2026-05-01,11899.65,11700.81,12109.18,ULTRACEMCO.NS
2026-05-04,11869.38,11664.21,12090.2,ULTRACEMCO.NS
2026-05-05,11853.03,11657.82,12061.21,ULTRACEMCO.NS
2026-05-06,11879.12,11664.35,12098.39,ULTRACEMCO.NS
2026-05-07,11824.72,11622.39,12034.03,ULTRACEMCO.NS
2026-05-08,11790.97,11583.39,12010.12,ULTRACEMCO.NS
2026-05-11,11749.17,11530.12,11960.09,ULTRACEMCO.NS
2026-05-12,11729.76,11524.14,11939.56,ULTRACEMCO.NS
2026-05-13,11752.83,11552.14,11953.05,ULTRACEMCO.NS
2026-05-14,11695.29,11488.09,11899.59,ULTRACEMCO.NS
2026-05-15,11658.14,11450.17,11866.13,ULTRACEMCO.NS
2026-05-18,11603.8,11388.71,11801.74,ULTRACEMCO.NS
2026-05-19,11579.38,11380.27,11789.59,ULTRACEMCO.NS
2026-05-20,11597.11,11403.1,11805.55,ULTRACEMCO.NS
2026-05-21,11533.98,11324.97,11726.02,ULTRACEMCO.NS
2026-05-22,11491.15,11290.5,11698.7,ULTRACEMCO.NS
2026-05-25,11420.87,11222.66,11620.14,ULTRACEMCO.NS
2026-05-26,11392.17,11193.72,11588.61,ULTRACEMCO.NS
2026-05-27,11406.48,11201.71,11599.06,ULTRACEMCO.NS
2026-05-28,11341.02,11144.01,11546.82,ULTRACEMCO.NS
2026-05-29,11297.12,11097.34,11499.39,ULTRACEMCO.NS
2026-06-01,11232.95,11030.51,11429.64,ULTRACEMCO.NS
2026-06-02,11209.8,11004.89,11411.17,ULTRACEMCO.NS
2026-06-03,11231.55,11037.3,11435.8,ULTRACEMCO.NS
2026-06-04,11175.42,10955.81,11378.79,ULTRACEMCO.NS
2026-06-05,11142.73,10930.38,11338.83,ULTRACEMCO.NS
2026-06-08,11122.55,10912.72,11322.38,ULTRACEMCO.NS
2026-06-09,11117.05,10911.91,11333.04,ULTRACEMCO.NS
2026-06-10,11157.59,10948.73,11371.55,ULTRACEMCO.NS
2026-06-11,11121.17,10925.07,11324.36,ULTRACEMCO.NS
2026-06-12,11108.86,10898.99,11303.77,ULTRACEMCO.NS
2026-06-15,11150.94,10935.64,11367.1,ULTRACEMCO.NS
2026-06-16,11165.61,10947.92,11371.95,ULTRACEMCO.NS
2026-06-17,11225.58,11003.72,11449.75,ULTRACEMCO.NS
2026-06-18,11207.58,11002.48,11397.04,ULTRACEMCO.NS
2026-06-19,11212.44,11004.63,11424.14,ULTRACEMCO.NS
2026-06-22,11296.64,11085.91,11515.24,ULTRACEMCO.NS
2026-06-23,11321.76,11121.81,11528.28,ULTRACEMCO.NS
2026-06-24,11390.23,11199.6,11601.64,ULTRACEMCO.NS
2026-06-25,11378.77,11173.4,11584.74,ULTRACEMCO.NS
2026-06-26,11388.21,11163.92,11586.86,ULTRACEMCO.NS
2026-06-29,11475.14,11270.97,11666.36,ULTRACEMCO.NS
2026-06-30,11497.87,11297.76,11700.64,ULTRACEMCO.NS
2026-07-01,11562.58,11354.19,11759.63,ULTRACEMCO.NS
2026-07-02,11546.17,11337.89,11747.93,ULTRACEMCO.NS
2026-07-03,11549.66,11347.29,11761.51,ULTRACEMCO.NS
2026-07-06,11614.92,11386.24,11813.79,ULTRACEMCO.NS
2026-07-07,11629.85,11420.83,11831.75,ULTRACEMCO.NS
2026-07-08,11686.79,11472.05,11890.69,ULTRACEMCO.NS
2026-07-09,11662.81,11452.05,11876.96,ULTRACEMCO.NS
2026-07-10,11659.11,11456.04,11874.19,ULTRACEMCO.NS
2026-07-13,11706.16,11499.56,11916.08,ULTRACEMCO.NS
2026-07-14,11716.43,11507.96,11933.44,ULTRACEMCO.NS
2026-07-15,11769.48,11557.75,11968.32,ULTRACEMCO.NS
2026-07-16,11742.39,11535.55,11950.55,ULTRACEMCO.NS
2026-07-17,11736.35,11541.97,11946.34,ULTRACEMCO.NS
2026-07-20,11780.55,11590.1,11989.48,ULTRACEMCO.NS
2026-07-21,11791.03,11587.48,12008.17,ULTRACEMCO.NS
2026-07-22,11844.76,11628.31,12049.59,ULTRACEMCO.NS
2026-07-23,11818.71,11604.74,12013.18,ULTRACEMCO.NS
2026-07-24,11813.98,11611.51,12038.9,ULTRACEMCO.NS
2026-07-27,11863.02,11657.67,12058.13,ULTRACEMCO.NS
2026-07-28,11875.19,11656.34,12094.83,ULTRACEMCO.NS
2026-07-29,11930.56,11725.32,12133.51,ULTRACEMCO.NS
2026-07-30,11906.09,11699.66,12117.17,ULTRACEMCO.NS
2026-07-31,11902.84,11701.14,12101.54,ULTRACEMCO.NS
2026-08-03,11955.84,11747.55,12158.17,ULTRACEMCO.NS
2026-08-04,11969.23,11757.39,12193.06,ULTRACEMCO.NS
2026-08-05,12025.83,11815.84,12241.22,ULTRACEMCO.NS
2026-08-06,12002.62,11796.42,12203.23,ULTRACEMCO.NS
2026-08-07,12000.72,11794.32,12214.6,ULTRACEMCO.NS
2026-08-10,12058.57,11849.75,12256.8,ULTRACEMCO.NS
2026-08-11,12073.91,11854.34,12279.99,ULTRACEMCO.NS
2026-08-12,12132.62,11915.97,12350.83,ULTRACEMCO.NS
2026-08-13,12111.68,11907.29,12319.87,ULTRACEMCO.NS
2026-08-14,12112.17,11897.81,12317.16,ULTRACEMCO.NS
2026-08-17,12177.21,11976.4,12380.74,ULTRACEMCO.NS
2026-08-18,12194.67,12003.2,12392.21,ULTRACEMCO.NS
2026-08-19,12255.17,12057.39,12473.04,ULTRACEMCO.NS
2026-08-20,12235.58,12032.12,12431.77,ULTRACEMCO.NS
2026-08-21,12236.82,12050.45,12452.81,ULTRACEMCO.NS
2026-08-24,12299.22,12100.93,12511.29,ULTRACEMCO.NS
2026-08-25,12313.72,12113.71,12519.17,ULTRACEMCO.NS
2026-08-26,12370.04,12167.77,12580.48,ULTRACEMCO.NS
2026-08-27,12344.92,12132.17,12550.94,ULTRACEMCO.NS
2026-08-28,12339.24,12113.24,12541.23,ULTRACEMCO.NS
2026-08-31,12372.16,12150.12,12568.55,ULTRACEMCO.NS
2026-09-01,12373.99,12161.69,12576.48,ULTRACEMCO.NS
2026-09-02,12416.29,12194.35,12607.0,ULTRACEMCO.NS
2025-07-22,717.65,700.0,736.69,UPL.NS
2025-07-23,717.21,697.0,736.06,UPL.NS
2025-07-24,715.93,697.57,735.79,UPL.NS
2025-07-25,712.46,692.54,732.94,UPL.NS
2025-07-28,707.78,688.22,727.3,UPL.NS
2025-07-29,706.56,687.94,727.01,UPL.NS
2025-07-30,705.52,686.16,724.09,UPL.NS
2025-07-31,703.86,682.96,722.95,UPL.NS
2025-08-01,700.23,682.14,719.49,UPL.NS
2025-08-04,696.35,677.66,715.57,UPL.NS
2025-08-05,695.77,676.98,713.45,UPL.NS
2025-08-06,695.53,676.56,713.68,UPL.NS
2025-08-07,694.81,676.32,714.82,UPL.NS
2025-08-08,692.25,672.64,710.77,UPL.NS
2025-08-11,691.98,672.71,710.91,UPL.NS
2025-08-12,692.68,672.91,712.32,UPL.NS
2025-08-13,693.71,675.51,711.74,UPL.NS
2025-08-14,694.23,675.28,713.57,UPL.NS
2025-08-18,695.7,675.42,712.85,UPL.NS
2025-08-19,697.23,677.94,716.69,UPL.NS
2025-08-20,698.96,679.82,718.97,UPL.NS
2025-08-21,700.06,679.88,719.39,UPL.NS
2025-08-22,699.12,677.97,717.89,UPL.NS
2025-08-25,702.41,682.54,722.16,UPL.NS
2025-08-26,703.79,684.98,722.23,UPL.NS
2025-08-28,705.93,687.92,727.05,UPL.NS
2025-08-29,704.45,685.84,723.04,UPL.NS
2025-09-01,705.43,687.43,726.58,UPL.NS
2025-09-02,705.85,688.01,724.72,UPL.NS
2025-09-03,706.26,687.34,725.0,UPL.NS
2025-09-04,705.83,686.75,725.65,UPL.NS
2025-09-05,703.18,685.11,722.3,UPL.NS
2025-09-08,700.46,682.53,720.13,UPL.NS
2025-09-09,699.63,680.52,718.0,UPL.NS
2025-09-10,698.81,678.08,717.31,UPL.NS
2025-09-11,697.18,678.95,717.09,UPL.NS
2025-09-12,693.39,673.22,711.86,UPL.NS
2025-09-15,687.66,666.63,705.46,UPL.NS
2025-09-16,686.03,666.21,705.33,UPL.NS
2025-09-17,684.52,665.33,704.08,UPL.NS
2025-09-18,682.34,661.5,700.85,UPL.NS
2025-09-19,678.12,658.91,697.49,UPL.NS
2025-09-22,672.03,653.19,690.08,UPL.NS
2025-09-23,670.59,652.35,689.32,UPL.NS
2025-09-24,669.43,649.63,688.79,UPL.NS
2025-09-25,667.74,648.21,686.97,UPL.NS
2025-09-26,664.17,645.68,683.84,UPL.NS
2025-09-29,660.84,642.36,680.58,UPL.NS
2025-09-30,660.55,641.83,679.96,UPL.NS
2025-10-01,660.62,641.49,677.98,UPL.NS
2025-10-03,658.05,639.15,677.02,UPL.NS
2025-10-06,659.0,641.14,678.37,UPL.NS
2025-10-07,660.12,640.27,679.6,UPL.NS
2025-10-08,661.59,640.36,679.86,UPL.NS
2025-10-09,662.57,644.48,682.27,UPL.NS
2025-10-10,661.67,642.84,682.52,UPL.NS
2025-10-13,666.06,647.11,684.49,UPL.NS
2025-10-14,668.19,648.31,688.23,UPL.NS
2025-10-15,670.57,651.25,689.97,UPL.NS
2025-10-16,672.37,653.11,689.97,UPL.NS
2025-10-17,672.22,654.13,690.55,UPL.NS
2025-10-20,678.51,659.21,698.32,UPL.NS
2025-10-21,681.16,661.79,701.22,UPL.NS
2025-10-23,686.35,667.31,705.36,UPL.NS
2025-10-24,686.69,666.37,706.04,UPL.NS
2025-10-27,694.51,676.71,712.76,UPL.NS
2025-10-28,697.73,677.51,717.16,UPL.NS
2025-10-29,701.21,680.64,720.32,UPL.NS
2025-10-30,704.12,686.21,723.7,UPL.NS
2025-10-31,705.09,687.02,724.87,UPL.NS
2025-11-03,714.85,695.75,733.52,UPL.NS
2025-11-04,718.68,698.62,738.4,UPL.NS
2025-11-06,726.12,706.1,743.89,UPL.NS
2025-11-07,727.49,706.91,747.14,UPL.NS
2025-11-10,737.66,717.18,757.0,UPL.NS
2025-11-11,741.29,722.39,761.29,UPL.NS
2025-11-12,744.93,724.64,762.99,UPL.NS
2025-11-13,747.72,728.08,766.68,UPL.NS
2025-11-14,748.25,729.4,767.57,UPL.NS
2025-11-17,754.5,734.8,775.15,UPL.NS
2025-11-18,756.37,738.59,774.84,UPL.NS
2025-11-19,758.05,739.3,776.45,UPL.NS
2025-11-20,758.7,740.32,777.59,UPL.NS
2025-11-21,756.94,738.55,775.63,UPL.NS
2025-11-24,755.76,736.69,774.95,UPL.NS
2025-11-25,755.12,736.62,775.4,UPL.NS
2025-11-26,754.34,735.18,774.81,UPL.NS
2025-11-27,752.64,733.36,772.23,UPL.NS
2025-11-28,748.7,729.92,768.93,UPL.NS
2025-12-01,742.45,722.94,761.27,UPL.NS
2025-12-02,740.75,722.18,760.37,UPL.NS
2025-12-03,739.29,719.38,759.35,UPL.NS
2025-12-04,737.32,717.63,755.66,UPL.NS
2025-12-05,733.52,715.07,753.56,UPL.NS
2025-12-08,730.27,710.55,749.37,UPL.NS
2025-12-09,730.4,711.16,750.57,UPL.NS
2025-12-10,731.15,711.66,751.17,UPL.NS
2025-12-11,731.71,713.1,750.94,UPL.NS
2025-12-12,730.74,712.6,750.37,UPL.NS
2025-12-15,737.11,719.37,756.97,UPL.NS
2025-12-16,740.6,721.32,760.16,UPL.NS
2025-12-17,744.66,726.38,763.78,UPL.NS
2025-12-18,748.41,728.37,767.77,UPL.NS
2025-12-19,750.44,733.03,768.62,UPL.NS
2025-12-22,763.9,745.88,784.42,UPL.NS
2025-12-23,768.91,750.66,789.11,UPL.NS
2025-12-24,773.99,754.89,793.55,UPL.NS
2025-12-26,780.16,760.38,799.5,UPL.NS
2025-12-29,789.91,771.36,808.63,UPL.NS
2025-12-30,792.57,773.81,810.74,UPL.NS
2025-12-31,794.8,775.89,814.39,UPL.NS
2026-01-01,795.73,775.87,815.04,UPL.NS
2026-01-02,793.97,775.85,813.94,UPL.NS
2026-01-05,790.97,771.4,809.26,UPL.NS
2026-01-06,789.11,769.45,807.86,UPL.NS
2026-01-07,786.83,767.42,807.57,UPL.NS
2026-01-08,783.36,764.18,803.1,UPL.NS
2026-01-09,777.39,758.28,796.51,UPL.NS
2026-01-12,763.74,744.57,781.69,UPL.NS
2026-01-13,759.23,740.08,778.08,UPL.NS
2026-01-14,754.84,736.55,775.05,UPL.NS
2026-01-15,749.84,729.59,771.47,UPL.NS
2026-01-16,742.94,723.07,761.73,UPL.NS
2026-01-19,730.23,709.93,748.72,UPL.NS
2026-01-20,727.21,708.18,745.56,UPL.NS
2026-01-21,724.84,705.82,743.83,UPL.NS
2026-01-22,722.33,703.98,740.71,UPL.NS
2026-01-23,718.34,698.54,737.4,UPL.NS
2026-01-27,716.7,696.78,735.79,UPL.NS
2026-01-28,718.02,698.96,737.14,UPL.NS
2026-01-29,719.1,698.88,738.14,UPL.NS
2026-01-30,718.48,699.4,737.26,UPL.NS
2026-02-02,724.23,703.72,742.82,UPL.NS
2026-02-03,726.73,708.24,746.37,UPL.NS
2026-02-04,729.3,711.41,748.25,UPL.NS
2026-02-05,731.06,711.73,750.94,UPL.NS
2026-02-06,730.53,711.02,750.06,UPL.NS
2026-02-09,733.0,713.66,754.22,UPL.NS
2026-02-10,733.28,713.3,752.61,UPL.NS
2026-02-11,733.17,714.6,752.85,UPL.NS
2026-02-12,731.8,713.44,749.86,UPL.NS
2026-02-13,727.78,708.34,746.82,UPL.NS
2026-02-16,718.38,699.48,738.05,UPL.NS
2026-02-17,714.52,694.53,732.96,UPL.NS
2026-02-18,710.31,691.41,730.66,UPL.NS
2026-02-19,704.99,683.61,724.36,UPL.NS
2026-02-20,697.23,679.02,715.78,UPL.NS
2026-02-23,678.62,658.43,698.76,UPL.NS
2026-02-24,672.55,652.62,691.39,UPL.NS
2026-02-25,666.63,648.95,686.35,UPL.NS
2026-02-26,660.13,641.18,678.86,UPL.NS
2026-02-27,651.73,631.79,669.82,UPL.NS
2026-03-02,634.39,616.28,654.05,UPL.NS
2026-03-04,625.68,606.23,644.57,UPL.NS
2026-03-05,621.42,602.17,640.91,UPL.NS
2026-03-06,615.59,596.36,636.09,UPL.NS
2026-03-09,607.32,587.49,627.35,UPL.NS
2026-03-10,605.93,587.09,624.12,UPL.NS
2026-03-11,605.13,585.88,624.52,UPL.NS
2026-03-12,604.08,584.42,622.3,UPL.NS
2026-03-13,601.37,582.35,620.75,UPL.NS
2026-03-16,601.31,582.12,620.19,UPL.NS
2026-03-17,602.17,583.0,620.73,UPL.NS
2026-03-18,603.35,584.0,623.25,UPL.NS
2026-03-19,603.99,584.05,622.77,UPL.NS
2026-03-20,602.67,584.11,622.02,UPL.NS
2026-03-23,605.21,586.21,624.29,UPL.NS
2026-03-24,606.47,587.15,624.51,UPL.NS
2026-03-25,607.87,587.58,627.21,UPL.NS
2026-03-27,607.22,587.89,626.73,UPL.NS
2026-03-30,609.4,590.66,627.89,UPL.NS
2026-04-01,611.95,592.51,631.74,UPL.NS
2026-04-02,612.74,592.33,631.81,UPL.NS
2026-04-06,615.03,595.74,635.02,UPL.NS
2026-04-07,616.88,598.45,635.28,UPL.NS
2026-04-08,619.03,601.25,638.99,UPL.NS
2026-04-09,620.67,602.3,639.33,UPL.NS
2026-04-10,620.42,602.39,638.97,UPL.NS
2026-04-13,626.69,605.76,645.21,UPL.NS
2026-04-15,632.27,613.14,651.28,UPL.NS
2026-04-16,634.52,617.42,653.99,UPL.NS
2026-04-17,634.71,615.57,654.04,UPL.NS
2026-04-20,641.07,621.9,660.86,UPL.NS
2026-04-21,643.34,624.34,662.98,UPL.NS
2026-04-22,645.57,624.18,665.29,UPL.NS
2026-04-23,646.92,628.06,666.06,UPL.NS
2026-04-24,645.99,628.22,665.59,UPL.NS
2026-04-27,647.87,627.88,666.63,UPL.NS
2026-04-28,648.36,630.14,667.15,UPL.NS
2026-04-29,648.74,628.22,668.92,UPL.NS
2026-04-30,648.21,628.02,668.1,UPL.NS
2026-05-01,645.39,625.52,665.23,UPL.NS
2026-05-04,642.11,623.35,661.0,UPL.NS
2026-05-05,641.18,622.01,661.45,UPL.NS
2026-05-06,640.35,620.61,660.63,UPL.NS
2026-05-07,638.83,620.52,658.51,UPL.NS
2026-05-08,635.31,615.97,655.05,UPL.NS
2026-05-11,631.56,610.28,651.42,UPL.NS
2026-05-12,631.04,610.65,649.35,UPL.NS
2026-05-13,630.89,611.58,649.15,UPL.NS
2026-05-14,630.29,611.18,651.31,UPL.NS
2026-05-15,627.89,609.44,647.81,UPL.NS
2026-05-18,628.46,608.9,647.17,UPL.NS
2026-05-19,629.54,610.67,648.68,UPL.NS
2026-05-20,630.97,612.79,649.19,UPL.NS
2026-05-21,631.92,612.25,650.98,UPL.NS
2026-05-22,630.96,610.46,650.92,UPL.NS
2026-05-25,634.8,616.25,652.93,UPL.NS
2026-05-26,636.48,616.54,655.48,UPL.NS
2026-05-27,638.23,618.75,656.94,UPL.NS
2026-05-28,639.18,620.51,658.54,UPL.NS
2026-05-29,637.92,618.15,656.57,UPL.NS
2026-06-01,638.9,620.03,658.36,UPL.NS
2026-06-02,639.04,620.45,658.83,UPL.NS
2026-06-03,639.0,620.66,658.39,UPL.NS
2026-06-04,637.93,620.1,657.44,UPL.NS
2026-06-05,634.48,615.57,653.65,UPL.NS
2026-06-08,628.32,608.89,647.73,UPL.NS
2026-06-09,626.07,607.93,644.64,UPL.NS
2026-06-10,623.73,604.52,642.4,UPL.NS
2026-06-11,620.5,600.25,639.93,UPL.NS
2026-06-12,615.06,596.4,634.53,UPL.NS
2026-06-15,604.56,586.66,624.58,UPL.NS
2026-06-16,601.5,582.49,621.93,UPL.NS
2026-06-17,598.71,578.58,618.16,UPL.NS
2026-06-18,595.41,575.63,615.3,UPL.NS
2026-06-19,590.28,574.07,610.67,UPL.NS
2026-06-22,582.9,563.08,601.47,UPL.NS
2026-06-23,581.54,561.64,600.51,UPL.NS
2026-06-24,580.73,561.4,599.61,UPL.NS
2026-06-25,579.66,559.48,598.34,UPL.NS
2026-06-26,576.96,557.78,595.71,UPL.NS
2026-06-29,577.5,558.5,597.82,UPL.NS
2026-06-30,578.83,559.42,597.49,UPL.NS
2026-07-01,580.65,561.07,598.48,UPL.NS
2026-07-02,582.09,563.13,600.84,UPL.NS
2026-07-03,581.73,561.08,600.71,UPL.NS
2026-07-06,587.94,568.07,608.23,UPL.NS
2026-07-07,590.6,570.79,610.52,UPL.NS
2026-07-08,593.43,576.21,611.49,UPL.NS
2026-07-09,595.54,575.99,614.72,UPL.NS
2026-07-10,595.54,576.88,614.63,UPL.NS
2026-07-13,600.87,582.41,620.01,UPL.NS
2026-07-14,602.65,583.26,622.15,UPL.NS
2026-07-15,604.34,585.17,625.02,UPL.NS
2026-07-16,605.11,584.46,624.77,UPL.NS
2026-07-17,603.56,584.97,623.48,UPL.NS
2026-07-20,603.56,583.42,622.82,UPL.NS
2026-07-21,603.46,582.64,622.57,UPL.NS
2026-07-22,603.28,584.25,621.97,UPL.NS
2026-07-23,602.23,584.32,622.87,UPL.NS
2026-07-24,598.96,579.56,616.59,UPL.NS
2026-07-27,594.62,575.12,613.88,UPL.NS
2026-07-28,593.44,574.74,612.4,UPL.NS
2026-07-29,592.38,574.71,612.26,UPL.NS
2026-07-30,590.68,571.8,610.07,UPL.NS
2026-07-31,586.97,567.53,606.13,UPL.NS
2026-08-03,582.64,564.25,601.36,UPL.NS
2026-08-04,581.87,562.16,601.43,UPL.NS
2026-08-05,581.42,561.88,600.17,UPL.NS
2026-08-06,580.47,560.69,599.76,UPL.NS
2026-08-07,577.67,558.31,596.73,UPL.NS
2026-08-10,576.71,557.55,595.51,UPL.NS
2026-08-11,577.19,557.41,596.39,UPL.NS
2026-08-12,578.01,558.2,596.28,UPL.NS
2026-08-13,578.34,560.13,596.7,UPL.NS
2026-08-14,576.79,556.47,595.84,UPL.NS
2026-08-17,579.24,559.67,598.8,UPL.NS
2026-08-18,580.68,562.65,600.06,UPL.NS
2026-08-19,582.36,564.69,601.77,UPL.NS
2026-08-20,583.43,564.35,604.41,UPL.NS
2026-08-21,582.48,563.67,602.26,UPL.NS
2026-08-24,585.91,566.55,606.09,UPL.NS
2026-08-25,587.4,568.31,605.79,UPL.NS
2026-08-26,588.97,570.49,608.75,UPL.NS
2026-08-27,589.8,568.96,609.03,UPL.NS
2026-08-28,588.48,570.08,609.29,UPL.NS
2026-08-31,590.02,570.38,608.95,UPL.NS
2026-09-01,590.65,572.34,610.3,UPL.NS
2026-09-02,591.28,572.46,610.85,UPL.NS
2025-07-22,248.38,243.43,253.43,WIPRO.NS
2025-07-23,247.82,242.4,252.4,WIPRO.NS
2025-07-24,247.33,242.44,252.56,WIPRO.NS
2025-07-25,245.64,240.43,250.42,WIPRO.NS
2025-07-28,243.76,238.77,248.7,WIPRO.NS
2025-07-29,242.97,238.04,248.28,WIPRO.NS
2025-07-30,242.5,237.47,247.29,WIPRO.NS
2025-07-31,242.16,236.8,247.19,WIPRO.NS
2025-08-01,240.67,235.46,245.67,WIPRO.NS
2025-08-04,239.6,234.45,244.93,WIPRO.NS
2025-08-05,239.14,234.13,244.16,WIPRO.NS
2025-08-06,239.02,233.81,244.0,WIPRO.NS
2025-08-07,239.04,234.61,244.37,WIPRO.NS
2025-08-08,237.92,232.85,243.11,WIPRO.NS
2025-08-11,237.98,233.24,243.05,WIPRO.NS
2025-08-12,237.89,232.93,242.83,WIPRO.NS
2025-08-13,238.14,233.12,243.27,WIPRO.NS
2025-08-14,238.52,233.51,243.25,WIPRO.NS
2025-08-18,238.82,234.1,244.03,WIPRO.NS
2025-08-19,239.05,234.09,243.58,WIPRO.NS
2025-08-20,239.6,234.62,244.82,WIPRO.NS
2025-08-21,240.26,235.09,245.13,WIPRO.NS
2025-08-22,239.77,234.44,244.77,WIPRO.NS
2025-08-25,241.52,236.62,246.33,WIPRO.NS
2025-08-26,241.92,237.07,247.3,WIPRO.NS
2025-08-28,243.39,238.45,248.38,WIPRO.NS
2025-08-29,242.96,237.91,248.06,WIPRO.NS
2025-09-01,244.67,239.71,249.7,WIPRO.NS
2025-09-02,244.97,239.88,250.01,WIPRO.NS
2025-09-03,245.51,240.43,250.27,WIPRO.NS
2025-09-04,246.08,241.18,251.13,WIPRO.NS
2025-09-05,245.41,240.18,251.03,WIPRO.NS
2025-09-08,246.11,241.19,251.18,WIPRO.NS
2025-09-09,245.99,241.01,250.95,WIPRO.NS
2025-09-10,246.09,241.04,251.53,WIPRO.NS
2025-09-11,246.21,241.18,251.47,WIPRO.NS
2025-09-12,245.06,239.77,250.37,WIPRO.NS
2025-09-15,244.35,239.57,249.14,WIPRO.NS
2025-09-16,243.79,238.61,248.31,WIPRO.NS
2025-09-17,243.49,238.47,248.72,WIPRO.NS
2025-09-18,243.24,238.16,248.37,WIPRO.NS
2025-09-19,241.77,236.97,246.76,WIPRO.NS
2025-09-22,240.46,235.36,245.1,WIPRO.NS
2025-09-23,239.84,234.99,244.67,WIPRO.NS
2025-09-24,239.53,234.49,244.56,WIPRO.NS
2025-09-25,239.35,234.19,244.36,WIPRO.NS
2025-09-26,238.03,233.22,243.29,WIPRO.NS
2025-09-29,237.5,232.71,242.2,WIPRO.NS
2025-09-30,237.24,231.92,242.31,WIPRO.NS
2025-10-01,237.34,231.99,242.28,WIPRO.NS
2025-10-03,236.69,231.43,241.52,WIPRO.NS
2025-10-06,237.47,231.99,242.46,WIPRO.NS
2025-10-07,237.6,232.33,242.94,WIPRO.NS
2025-10-08,238.05,233.14,242.6,WIPRO.NS
2025-10-09,238.6,233.64,243.78,WIPRO.NS
2025-10-10,237.96,233.0,243.01,WIPRO.NS
2025-10-13,239.1,234.05,244.07,WIPRO.NS
2025-10-14,239.21,234.07,244.41,WIPRO.NS
2025-10-15,239.57,234.43,244.52,WIPRO.NS
2025-10-16,239.96,235.18,245.01,WIPRO.NS
2025-10-17,239.11,234.08,244.35,WIPRO.NS
2025-10-20,239.3,234.58,244.26,WIPRO.NS
2025-10-21,239.02,233.96,243.72,WIPRO.NS
2025-10-23,238.97,233.99,244.08,WIPRO.NS
2025-10-24,237.72,232.72,242.4,WIPRO.NS
2025-10-27,236.86,231.85,241.62,WIPRO.NS
2025-10-28,236.33,231.0,241.29,WIPRO.NS
2025-10-29,236.09,231.1,240.9,WIPRO.NS
2025-10-30,235.95,230.97,240.74,WIPRO.NS
2025-10-31,234.64,229.4,239.85,WIPRO.NS
2025-11-03,234.05,229.34,239.16,WIPRO.NS
2025-11-04,233.76,228.7,238.61,WIPRO.NS
2025-11-06,234.05,229.19,238.69,WIPRO.NS
2025-11-07,233.16,227.99,237.9,WIPRO.NS
2025-11-10,234.07,228.84,239.24,WIPRO.NS
2025-11-11,234.32,229.52,239.43,WIPRO.NS
2025-11-12,234.93,230.04,239.93,WIPRO.NS
2025-11-13,235.69,230.82,240.61,WIPRO.NS
2025-11-14,235.32,230.36,240.76,WIPRO.NS
2025-11-17,237.57,232.63,242.91,WIPRO.NS
2025-11-18,238.18,233.03,243.32,WIPRO.NS
2025-11-19,239.09,234.07,244.11,WIPRO.NS
2025-11-20,240.09,235.0,245.04,WIPRO.NS
2025-11-21,239.89,235.01,244.77,WIPRO.NS
2025-11-24,242.35,237.11,247.21,WIPRO.NS
2025-11-25,242.92,237.96,247.9,WIPRO.NS
2025-11-26,243.76,238.61,248.78,WIPRO.NS
2025-11-27,244.66,239.62,249.76,WIPRO.NS
2025-11-28,244.34,239.21,249.64,WIPRO.NS
2025-12-01,246.39,241.27,251.26,WIPRO.NS
2025-12-02,246.84,241.83,251.64,WIPRO.NS
2025-12-03,247.58,242.31,252.46,WIPRO.NS
2025-12-04,248.4,243.03,253.13,WIPRO.NS
2025-12-05,248.04,243.02,253.05,WIPRO.NS
2025-12-08,250.17,245.0,255.23,WIPRO.NS
2025-12-09,250.72,245.73,255.43,WIPRO.NS
2025-12-10,251.59,246.01,256.74,WIPRO.NS
2025-12-11,252.58,247.38,257.56,WIPRO.NS
2025-12-12,252.4,247.48,257.15,WIPRO.NS
2025-12-15,255.11,250.14,259.92,WIPRO.NS
2025-12-16,255.84,250.6,261.38,WIPRO.NS
2025-12-17,256.86,252.08,261.8,WIPRO.NS
2025-12-18,257.95,252.96,263.02,WIPRO.NS
2025-12-19,257.84,253.22,262.98,WIPRO.NS
2025-12-22,260.37,255.18,265.25,WIPRO.NS
2025-12-23,260.89,255.68,266.0,WIPRO.NS
2025-12-24,261.62,256.73,266.2,WIPRO.NS
2025-12-26,261.78,256.94,266.58,WIPRO.NS
2025-12-29,262.52,257.38,267.62,WIPRO.NS
2025-12-30,262.32,256.9,267.56,WIPRO.NS
2025-12-31,262.28,257.54,267.41,WIPRO.NS
2026-01-01,262.2,257.11,267.74,WIPRO.NS
2026-01-02,260.81,255.78,265.84,WIPRO.NS
2026-01-05,259.08,254.06,264.12,WIPRO.NS
2026-01-06,258.11,253.02,263.53,WIPRO.NS
2026-01-07,257.35,252.36,262.53,WIPRO.NS
2026-01-08,256.61,251.79,261.31,WIPRO.NS
2026-01-09,254.63,249.52,259.67,WIPRO.NS
2026-01-12,251.66,246.82,256.79,WIPRO.NS
2026-01-13,250.45,245.44,255.31,WIPRO.NS
2026-01-14,249.55,244.91,254.64,WIPRO.NS
2026-01-15,248.77,243.61,254.04,WIPRO.NS
2026-01-16,246.83,241.54,251.61,WIPRO.NS
2026-01-19,244.43,239.17,249.32,WIPRO.NS
2026-01-20,243.53,238.42,248.36,WIPRO.NS
2026-01-21,242.97,237.95,247.67,WIPRO.NS
2026-01-22,242.55,237.57,247.85,WIPRO.NS
2026-01-23,240.98,236.16,246.5,WIPRO.NS
2026-01-27,238.91,233.99,243.68,WIPRO.NS
2026-01-28,238.54,233.37,243.61,WIPRO.NS
2026-01-29,238.23,233.3,243.17,WIPRO.NS
2026-01-30,236.7,231.48,241.58,WIPRO.NS
2026-02-02,234.94,230.01,239.93,WIPRO.NS
2026-02-03,234.01,228.86,238.77,WIPRO.NS
2026-02-04,233.29,228.46,238.22,WIPRO.NS
2026-02-05,232.57,227.74,237.43,WIPRO.NS
2026-02-06,230.57,225.59,235.69,WIPRO.NS
2026-02-09,227.18,222.58,232.16,WIPRO.NS
2026-02-10,225.68,220.79,231.25,WIPRO.NS
2026-02-11,224.41,219.1,229.33,WIPRO.NS
2026-02-12,223.16,218.11,228.35,WIPRO.NS
2026-02-13,220.68,215.43,225.77,WIPRO.NS
2026-02-16,216.19,211.34,221.22,WIPRO.NS
2026-02-17,214.49,209.18,219.84,WIPRO.NS
2026-02-18,213.1,207.94,217.79,WIPRO.NS
2026-02-19,211.83,206.78,217.06,WIPRO.NS
2026-02-20,209.42,204.21,214.46,WIPRO.NS
2026-02-23,205.71,200.78,210.7,WIPRO.NS
2026-02-24,204.43,199.54,209.33,WIPRO.NS
2026-02-25,203.53,198.52,209.21,WIPRO.NS
2026-02-26,202.81,197.59,207.77,WIPRO.NS
2026-02-27,200.99,196.18,205.89,WIPRO.NS
2026-03-02,199.17,194.19,204.44,WIPRO.NS
2026-03-04,198.22,193.13,203.53,WIPRO.NS
2026-03-05,198.06,193.37,203.19,WIPRO.NS
2026-03-06,196.76,191.71,201.93,WIPRO.NS
2026-03-09,196.17,191.35,201.08,WIPRO.NS
2026-03-10,195.79,190.71,200.75,WIPRO.NS
2026-03-11,195.71,190.77,200.77,WIPRO.NS
2026-03-12,195.71,190.57,200.85,WIPRO.NS
2026-03-13,194.51,189.49,199.44,WIPRO.NS
2026-03-16,193.95,189.08,199.3,WIPRO.NS
2026-03-17,193.54,188.58,198.74,WIPRO.NS
2026-03-18,193.41,188.31,198.76,WIPRO.NS
2026-03-19,193.37,188.43,198.18,WIPRO.NS
2026-03-20,192.15,187.17,197.55,WIPRO.NS
2026-03-23,191.78,186.94,196.83,WIPRO.NS
2026-03-24,191.53,186.12,196.69,WIPRO.NS
2026-03-25,191.64,186.82,196.6,WIPRO.NS
2026-03-27,191.06,186.3,196.31,WIPRO.NS
2026-03-30,192.22,187.13,197.01,WIPRO.NS
2026-04-01,193.36,188.55,198.49,WIPRO.NS
2026-04-02,194.31,189.21,199.07,WIPRO.NS
2026-04-06,197.3,192.31,202.17,WIPRO.NS
2026-04-07,198.24,193.23,203.0,WIPRO.NS
2026-04-08,199.51,194.49,204.28,WIPRO.NS
2026-04-09,200.87,195.75,206.14,WIPRO.NS
2026-04-10,201.02,196.05,206.37,WIPRO.NS
2026-04-13,204.33,199.47,209.24,WIPRO.NS
2026-04-15,206.0,200.83,210.77,WIPRO.NS
2026-04-16,206.89,202.16,211.92,WIPRO.NS
2026-04-17,206.45,201.39,211.37,WIPRO.NS
2026-04-20,207.34,202.32,212.29,WIPRO.NS
2026-04-21,207.12,201.94,211.77,WIPRO.NS
2026-04-22,207.03,202.22,212.26,WIPRO.NS
2026-04-23,206.88,201.94,211.87,WIPRO.NS
2026-04-24,205.39,200.26,210.6,WIPRO.NS
2026-04-27,203.36,198.37,208.31,WIPRO.NS
2026-04-28,202.3,197.38,207.27,WIPRO.NS
2026-04-29,201.48,195.97,206.74,WIPRO.NS
2026-04-30,200.72,195.78,205.71,WIPRO.NS
2026-05-01,198.77,193.84,203.38,WIPRO.NS
2026-05-04,196.25,191.35,201.57,WIPRO.NS
2026-05-05,195.35,190.46,200.4,WIPRO.NS
2026-05-06,194.85,189.92,199.98,WIPRO.NS
2026-05-07,194.55,189.25,199.73,WIPRO.NS
2026-05-08,193.2,188.34,198.6,WIPRO.NS
2026-05-11,193.13,187.9,197.74,WIPRO.NS
2026-05-12,193.2,188.22,198.05,WIPRO.NS
2026-05-13,193.71,188.79,198.65,WIPRO.NS
2026-05-14,194.43,189.52,199.48,WIPRO.NS
2026-05-15,194.08,189.15,199.07,WIPRO.NS
2026-05-18,196.68,191.56,201.76,WIPRO.NS
2026-05-19,197.45,192.24,202.29,WIPRO.NS
2026-05-20,198.52,193.75,203.64,WIPRO.NS
2026-05-21,199.66,194.74,204.59,WIPRO.NS
2026-05-22,199.57,194.89,204.3,WIPRO.NS
2026-05-25,201.94,197.05,206.9,WIPRO.NS
2026-05-26,202.28,197.39,207.26,WIPRO.NS
2026-05-27,202.77,198.0,207.78,WIPRO.NS
2026-05-28,203.18,198.12,207.95,WIPRO.NS
2026-05-29,202.21,197.17,207.48,WIPRO.NS
2026-06-01,201.34,196.2,206.09,WIPRO.NS
2026-06-02,200.47,195.65,205.46,WIPRO.NS
2026-06-03,199.72,194.88,204.42,WIPRO.NS
2026-06-04,198.88,193.89,204.16,WIPRO.NS
2026-06-05,196.71,191.94,201.6,WIPRO.NS
2026-06-08,192.6,187.36,197.74,WIPRO.NS
2026-06-09,190.86,186.44,195.84,WIPRO.NS
2026-06-10,189.37,184.62,194.45,WIPRO.NS
2026-06-11,187.95,183.12,192.89,WIPRO.NS
2026-06-12,185.35,179.89,190.49,WIPRO.NS
2026-06-15,180.95,175.85,185.92,WIPRO.NS
2026-06-16,179.45,174.3,184.39,WIPRO.NS
2026-06-17,178.35,173.41,183.35,WIPRO.NS
2026-06-18,177.46,172.33,182.47,WIPRO.NS
2026-06-19,175.53,170.61,180.79,WIPRO.NS
2026-06-22,173.73,168.9,178.84,WIPRO.NS
2026-06-23,173.22,168.48,178.56,WIPRO.NS
2026-06-24,173.16,168.38,178.21,WIPRO.NS
2026-06-25,173.31,168.44,178.12,WIPRO.NS
2026-06-26,172.4,167.54,177.63,WIPRO.NS
2026-06-29,173.41,168.37,178.61,WIPRO.NS
2026-06-30,173.69,168.6,178.83,WIPRO.NS
2026-07-01,174.31,169.27,179.3,WIPRO.NS
2026-07-02,175.04,170.03,179.95,WIPRO.NS
2026-07-03,174.6,169.75,179.3,WIPRO.NS
2026-07-06,176.27,171.36,181.15,WIPRO.NS
2026-07-07,176.53,171.67,181.4,WIPRO.NS
2026-07-08,177.02,172.05,182.04,WIPRO.NS
2026-07-09,177.51,172.4,182.84,WIPRO.NS
2026-07-10,176.74,171.6,182.04,WIPRO.NS
2026-07-13,176.98,172.15,182.23,WIPRO.NS
2026-07-14,176.67,171.54,181.69,WIPRO.NS
2026-07-15,176.56,171.59,181.83,WIPRO.NS
2026-07-16,176.45,170.88,181.52,WIPRO.NS
2026-07-17,175.07,170.08,180.14,WIPRO.NS
2026-07-20,173.63,168.83,178.96,WIPRO.NS
2026-07-21,172.84,167.56,178.21,WIPRO.NS
2026-07-22,172.3,167.32,177.25,WIPRO.NS
2026-07-23,171.82,166.74,177.03,WIPRO.NS
2026-07-24,170.14,164.93,175.26,WIPRO.NS
2026-07-27,168.2,163.39,173.26,WIPRO.NS
2026-07-28,167.37,162.16,172.1,WIPRO.NS
2026-07-29,166.86,161.84,171.89,WIPRO.NS
2026-07-30,166.47,161.24,171.37,WIPRO.NS
2026-07-31,164.92,160.01,169.82,WIPRO.NS
2026-08-03,163.67,158.75,168.45,WIPRO.NS
2026-08-04,163.14,157.92,167.92,WIPRO.NS
2026-08-05,162.95,157.94,167.97,WIPRO.NS
2026-08-06,162.9,157.66,167.97,WIPRO.NS
2026-08-07,161.71,157.21,166.73,WIPRO.NS
2026-08-10,161.57,156.25,167.08,WIPRO.NS
2026-08-11,161.41,156.54,166.26,WIPRO.NS
2026-08-12,161.6,156.37,166.35,WIPRO.NS
2026-08-13,161.92,156.67,166.56,WIPRO.NS
2026-08-14,161.09,155.89,166.1,WIPRO.NS
2026-08-17,162.0,157.11,167.21,WIPRO.NS
2026-08-18,162.17,157.21,167.57,WIPRO.NS
2026-08-19,162.68,157.87,167.57,WIPRO.NS
2026-08-20,163.3,158.13,168.3,WIPRO.NS
2026-08-21,162.76,157.54,167.43,WIPRO.NS
2026-08-24,164.43,159.3,169.54,WIPRO.NS
2026-08-25,164.81,159.76,169.89,WIPRO.NS
2026-08-26,165.5,160.38,170.29,WIPRO.NS
2026-08-27,166.28,161.09,171.47,WIPRO.NS
2026-08-28,165.86,161.05,170.63,WIPRO.NS
2026-08-31,167.65,162.76,172.85,WIPRO.NS
2026-09-01,167.99,163.1,173.25,WIPRO.NS
2026-09-02,168.58,163.6,173.97,WIPRO.NS
