Date,Forecast,Lower_CI,Upper_CI,Ticker
2025-07-24,2573.93,2508.86,2641.62,ADANIENT.NS
2025-07-25,2544.49,2475.96,2611.77,ADANIENT.NS
2025-07-28,2481.69,2417.69,2551.41,ADANIENT.NS
2025-07-29,2460.46,2393.65,2529.44,ADANIENT.NS
2025-07-30,2451.28,2385.11,2520.68,ADANIENT.NS
2025-07-31,2432.49,2367.11,2504.02,ADANIENT.NS
2025-08-01,2408.06,2339.7,2475.02,ADANIENT.NS
2025-08-04,2366.34,2295.43,2432.73,ADANIENT.NS
2025-08-05,2353.48,2282.89,2420.05,ADANIENT.NS
2025-08-06,2353.05,2282.78,2427.04,ADANIENT.NS
2025-08-07,2343.15,2272.52,2406.25,ADANIENT.NS
2025-08-08,2327.55,2260.24,2395.93,ADANIENT.NS
2025-08-11,2310.39,2243.72,2377.76,ADANIENT.NS
2025-08-12,2304.66,2235.93,2373.21,ADANIENT.NS
2025-08-13,2310.63,2243.28,2382.35,ADANIENT.NS
2025-08-14,2306.4,2240.48,2376.42,ADANIENT.NS
2025-08-18,2289.16,2217.79,2357.11,ADANIENT.NS
2025-08-19,2285.73,2214.61,2353.88,ADANIENT.NS
2025-08-20,2293.53,2230.78,2359.28,ADANIENT.NS
2025-08-21,2290.77,2217.23,2355.16,ADANIENT.NS
2025-08-22,2281.33,2216.15,2349.21,ADANIENT.NS
2025-08-25,2278.11,2206.04,2348.28,ADANIENT.NS
2025-08-26,2276.09,2204.51,2338.43,ADANIENT.NS
2025-08-28,2284.97,2217.04,2356.03,ADANIENT.NS
2025-08-29,2278.11,2209.61,2348.5,ADANIENT.NS
2025-09-01,2285.82,2224.61,2354.65,ADANIENT.NS
2025-09-02,2288.51,2222.04,2361.09,ADANIENT.NS
2025-09-03,2303.25,2231.4,2367.43,ADANIENT.NS
2025-09-04,2308.27,2240.65,2373.84,ADANIENT.NS
2025-09-05,2307.43,2237.32,2371.56,ADANIENT.NS
2025-09-08,2334.51,2265.41,2407.59,ADANIENT.NS
2025-09-09,2343.73,2277.76,2413.84,ADANIENT.NS
2025-09-10,2364.82,2294.46,2435.98,ADANIENT.NS
2025-09-11,2375.91,2306.95,2445.43,ADANIENT.NS
2025-09-12,2380.74,2307.14,2447.03,ADANIENT.NS
2025-09-15,2421.33,2351.93,2488.79,ADANIENT.NS
2025-09-16,2433.59,2364.15,2504.02,ADANIENT.NS
2025-09-17,2456.89,2389.44,2526.99,ADANIENT.NS
2025-09-18,2469.3,2400.83,2538.16,ADANIENT.NS
2025-09-19,2474.55,2408.54,2548.35,ADANIENT.NS
2025-09-22,2510.97,2442.34,2578.12,ADANIENT.NS
2025-09-23,2520.13,2451.93,2590.51,ADANIENT.NS
2025-09-24,2539.57,2467.25,2607.17,ADANIENT.NS
2025-09-25,2547.43,2481.76,2614.84,ADANIENT.NS
2025-09-26,2547.52,2482.0,2616.57,ADANIENT.NS
2025-09-29,2565.78,2495.47,2632.63,ADANIENT.NS
2025-09-30,2568.33,2501.12,2637.93,ADANIENT.NS
2025-10-01,2581.04,2508.87,2646.49,ADANIENT.NS
2025-10-03,2575.57,2501.14,2643.46,ADANIENT.NS
2025-10-06,2575.0,2510.81,2645.86,ADANIENT.NS
2025-10-07,2571.88,2505.99,2637.37,ADANIENT.NS
2025-10-08,2579.29,2513.84,2647.78,ADANIENT.NS
2025-10-09,2575.51,2506.74,2643.39,ADANIENT.NS
2025-10-10,2564.45,2497.86,2634.11,ADANIENT.NS
2025-10-13,2552.99,2481.1,2623.59,ADANIENT.NS
2025-10-14,2547.05,2476.88,2618.22,ADANIENT.NS
2025-10-15,2552.01,2486.39,2618.41,ADANIENT.NS
2025-10-16,2546.12,2477.96,2614.39,ADANIENT.NS
2025-10-17,2533.26,2459.28,2601.17,ADANIENT.NS
2025-10-20,2517.96,2451.53,2584.66,ADANIENT.NS
2025-10-21,2511.15,2437.64,2583.05,ADANIENT.NS
2025-10-23,2508.95,2445.0,2577.22,ADANIENT.NS
2025-10-24,2495.66,2425.86,2563.42,ADANIENT.NS
2025-10-27,2479.73,2411.53,2548.45,ADANIENT.NS
2025-10-28,2472.91,2401.9,2542.04,ADANIENT.NS
2025-10-29,2477.26,2410.16,2544.31,ADANIENT.NS
2025-10-30,2470.99,2402.9,2537.35,ADANIENT.NS
2025-10-31,2457.99,2387.64,2525.23,ADANIENT.NS
2025-11-03,2443.47,2380.43,2515.84,ADANIENT.NS
2025-11-04,2437.3,2371.31,2506.14,ADANIENT.NS
2025-11-06,2436.86,2365.26,2510.02,ADANIENT.NS
2025-11-07,2424.65,2353.06,2488.27,ADANIENT.NS
2025-11-10,2412.45,2344.57,2481.16,ADANIENT.NS
2025-11-11,2406.92,2334.86,2474.17,ADANIENT.NS
2025-11-12,2412.5,2342.53,2482.14,ADANIENT.NS
2025-11-13,2407.36,2338.74,2477.94,ADANIENT.NS
2025-11-14,2395.32,2326.62,2460.85,ADANIENT.NS
2025-11-17,2382.17,2318.52,2452.59,ADANIENT.NS
2025-11-18,2375.77,2301.17,2447.07,ADANIENT.NS
2025-11-19,2380.2,2315.97,2451.6,ADANIENT.NS
2025-11-20,2373.62,2304.02,2444.06,ADANIENT.NS
2025-11-21,2359.87,2290.45,2428.07,ADANIENT.NS
2025-11-24,2340.3,2267.38,2405.18,ADANIENT.NS
2025-11-25,2331.48,2266.32,2401.01,ADANIENT.NS
2025-11-26,2333.44,2265.64,2400.05,ADANIENT.NS
2025-11-27,2324.43,2252.19,2389.46,ADANIENT.NS
2025-11-28,2308.37,2241.58,2378.51,ADANIENT.NS
2025-12-01,2283.36,2212.48,2353.45,ADANIENT.NS
2025-12-02,2273.51,2201.75,2337.61,ADANIENT.NS
2025-12-03,2274.96,2204.16,2340.77,ADANIENT.NS
2025-12-04,2266.03,2200.31,2335.93,ADANIENT.NS
2025-12-05,2250.68,2179.32,2319.51,ADANIENT.NS
2025-12-08,2231.99,2162.61,2302.78,ADANIENT.NS
2025-12-09,2225.66,2159.86,2295.8,ADANIENT.NS
2025-12-10,2231.31,2166.67,2304.8,ADANIENT.NS
2025-12-11,2227.21,2160.55,2295.64,ADANIENT.NS
2025-12-12,2217.25,2149.09,2290.36,ADANIENT.NS
2025-12-15,2217.13,2149.61,2281.89,ADANIENT.NS
2025-12-16,2217.4,2150.34,2284.94,ADANIENT.NS
2025-12-17,2229.62,2161.04,2298.71,ADANIENT.NS
2025-12-18,2231.92,2161.27,2300.23,ADANIENT.NS
2025-12-19,2228.01,2158.85,2293.94,ADANIENT.NS
2025-12-22,2242.6,2171.26,2313.04,ADANIENT.NS
2025-12-23,2246.14,2180.28,2316.93,ADANIENT.NS
2025-12-24,2260.63,2190.31,2326.54,ADANIENT.NS
2025-12-26,2260.19,2190.83,2329.91,ADANIENT.NS
2025-12-29,2267.46,2200.11,2332.11,ADANIENT.NS
2025-12-30,2266.17,2193.12,2339.46,ADANIENT.NS
2025-12-31,2274.72,2205.37,2342.67,ADANIENT.NS
2026-01-01,2271.23,2197.1,2341.93,ADANIENT.NS
2026-01-02,2259.5,2194.14,2333.14,ADANIENT.NS
2026-01-05,2239.59,2170.36,2313.02,ADANIENT.NS
2026-01-06,2228.64,2161.48,2298.33,ADANIENT.NS
2026-01-07,2227.57,2157.53,2297.54,ADANIENT.NS
2026-01-08,2214.73,2144.38,2283.95,ADANIENT.NS
2026-01-09,2194.12,2129.05,2260.72,ADANIENT.NS
2026-01-12,2152.5,2086.15,2222.01,ADANIENT.NS
2026-01-13,2136.57,2067.21,2208.91,ADANIENT.NS
2026-01-14,2131.9,2061.84,2203.15,ADANIENT.NS
2026-01-15,2116.94,2053.15,2187.89,ADANIENT.NS
2026-01-16,2095.79,2027.61,2165.99,ADANIENT.NS
2026-01-19,2062.27,1998.31,2134.55,ADANIENT.NS
2026-01-20,2052.21,1981.45,2117.75,ADANIENT.NS
2026-01-21,2054.86,1987.36,2124.11,ADANIENT.NS
2026-01-22,2048.56,1983.35,2117.13,ADANIENT.NS
2026-01-23,2037.24,1970.82,2105.67,ADANIENT.NS
2026-01-27,2040.89,1971.54,2106.34,ADANIENT.NS
2026-01-28,2056.19,1986.54,2128.12,ADANIENT.NS
2026-01-29,2062.41,1989.78,2130.37,ADANIENT.NS
2026-01-30,2063.23,1993.46,2134.39,ADANIENT.NS
2026-02-02,2096.31,2030.55,2167.96,ADANIENT.NS
2026-02-03,2107.28,2044.4,2170.33,ADANIENT.NS
2026-02-04,2129.73,2058.07,2197.36,ADANIENT.NS
2026-02-05,2141.62,2077.17,2211.09,ADANIENT.NS
2026-02-06,2146.57,2078.69,2213.57,ADANIENT.NS
2026-02-09,2182.32,2110.66,2251.37,ADANIENT.NS
2026-02-10,2190.98,2124.09,2261.07,ADANIENT.NS
2026-02-11,2209.63,2142.06,2275.72,ADANIENT.NS
2026-02-12,2216.32,2152.08,2280.83,ADANIENT.NS
2026-02-13,2214.8,2141.84,2286.4,ADANIENT.NS
2026-02-16,2225.07,2156.49,2295.2,ADANIENT.NS
2026-02-17,2223.8,2154.31,2296.81,ADANIENT.NS
2026-02-18,2232.09,2161.24,2301.31,ADANIENT.NS
2026-02-19,2228.2,2155.64,2299.56,ADANIENT.NS
2026-02-20,2216.04,2144.97,2281.91,ADANIENT.NS
2026-02-23,2195.71,2128.63,2273.45,ADANIENT.NS
2026-02-24,2185.14,2111.03,2259.57,ADANIENT.NS
2026-02-25,2184.76,2119.6,2254.64,ADANIENT.NS
2026-02-26,2172.92,2100.75,2238.14,ADANIENT.NS
2026-02-27,2153.57,2079.57,2224.24,ADANIENT.NS
2026-03-02,2116.48,2049.22,2188.0,ADANIENT.NS
2026-03-04,2098.28,2026.42,2167.65,ADANIENT.NS
2026-03-05,2083.87,2012.36,2158.07,ADANIENT.NS
2026-03-06,2062.59,1993.24,2135.32,ADANIENT.NS
2026-03-09,2022.87,1951.83,2095.52,ADANIENT.NS
2026-03-10,2008.27,1940.79,2080.87,ADANIENT.NS
2026-03-11,2004.93,1932.5,2068.29,ADANIENT.NS
2026-03-12,1991.09,1924.92,2063.08,ADANIENT.NS
2026-03-13,1970.64,1904.38,2042.96,ADANIENT.NS
2026-03-16,1934.86,1862.21,2003.94,ADANIENT.NS
2026-03-17,1922.09,1856.93,1990.62,ADANIENT.NS
2026-03-18,1920.89,1851.12,1993.65,ADANIENT.NS
2026-03-19,1909.56,1836.2,1979.06,ADANIENT.NS
2026-03-20,1892.03,1828.23,1963.62,ADANIENT.NS
2026-03-23,1868.17,1800.7,1934.36,ADANIENT.NS
2026-03-24,1860.64,1783.76,1923.94,ADANIENT.NS
2026-03-25,1865.42,1795.09,1932.26,ADANIENT.NS
2026-03-27,1850.88,1787.21,1922.2,ADANIENT.NS
2026-03-30,1854.64,1782.07,1921.72,ADANIENT.NS
2026-04-01,1874.13,1801.95,1939.47,ADANIENT.NS
2026-04-02,1881.61,1807.66,1950.99,ADANIENT.NS
2026-04-06,1927.14,1853.94,1996.89,ADANIENT.NS
2026-04-07,1943.41,1872.8,2012.62,ADANIENT.NS
2026-04-08,1972.36,1904.18,2043.44,ADANIENT.NS
2026-04-09,1992.05,1924.24,2060.24,ADANIENT.NS
2026-04-10,2006.16,1937.35,2072.79,ADANIENT.NS
2026-04-13,2077.85,2014.8,2152.52,ADANIENT.NS
2026-04-15,2135.94,2066.01,2204.28,ADANIENT.NS
2026-04-16,2159.87,2097.06,2226.77,ADANIENT.NS
2026-04-17,2176.68,2109.26,2244.02,ADANIENT.NS
2026-04-20,2247.25,2176.73,2314.55,ADANIENT.NS
2026-04-21,2267.39,2200.48,2336.64,ADANIENT.NS
2026-04-22,2297.53,2230.42,2368.11,ADANIENT.NS
2026-04-23,2315.79,2241.79,2378.75,ADANIENT.NS
2026-04-24,2325.97,2254.55,2394.0,ADANIENT.NS
2026-04-27,2373.02,2305.2,2442.0,ADANIENT.NS
2026-04-28,2384.85,2315.02,2449.63,ADANIENT.NS
2026-04-29,2406.85,2339.8,2479.16,ADANIENT.NS
2026-04-30,2417.35,2351.42,2484.45,ADANIENT.NS
2026-05-01,2420.4,2354.28,2494.33,ADANIENT.NS
2026-05-04,2451.59,2384.2,2521.46,ADANIENT.NS
2026-05-05,2460.51,2391.59,2529.71,ADANIENT.NS
2026-05-06,2480.94,2409.09,2546.84,ADANIENT.NS
2026-05-07,2491.28,2418.77,2560.96,ADANIENT.NS
2026-05-08,2495.58,2425.32,2561.49,ADANIENT.NS
2026-05-11,2538.45,2468.84,2607.71,ADANIENT.NS
2026-05-12,2553.54,2490.2,2619.23,ADANIENT.NS
2026-05-13,2581.01,2506.42,2648.81,ADANIENT.NS
2026-05-14,2599.06,2529.59,2667.99,ADANIENT.NS
2026-05-15,2611.48,2542.29,2681.97,ADANIENT.NS
2026-05-18,2678.86,2612.34,2754.15,ADANIENT.NS
2026-05-19,2701.29,2634.19,2772.36,ADANIENT.NS
2026-05-20,2735.27,2661.51,2804.68,ADANIENT.NS
2026-05-21,2758.76,2689.53,2827.09,ADANIENT.NS
2026-05-22,2775.38,2707.42,2847.87,ADANIENT.NS
2026-05-25,2846.12,2779.68,2913.05,ADANIENT.NS
2026-05-26,2866.28,2799.54,2938.02,ADANIENT.NS
2026-05-27,2896.21,2824.69,2964.98,ADANIENT.NS
2026-05-28,2913.92,2841.56,2981.33,ADANIENT.NS
2026-05-29,2923.08,2854.45,2991.17,ADANIENT.NS
2026-06-01,2962.79,2893.25,3030.39,ADANIENT.NS
2026-06-02,2970.35,2900.84,3039.88,ADANIENT.NS
2026-06-03,2986.96,2918.71,3058.67,ADANIENT.NS
2026-06-04,2990.9,2920.86,3061.88,ADANIENT.NS
2026-06-05,2986.13,2919.76,3053.0,ADANIENT.NS
2026-06-08,2986.04,2920.71,3052.25,ADANIENT.NS
2026-06-09,2981.96,2912.95,3052.79,ADANIENT.NS
2026-06-10,2988.17,2918.27,3057.3,ADANIENT.NS
2026-06-11,2983.18,2911.93,3054.08,ADANIENT.NS
2026-06-12,2971.12,2902.43,3036.03,ADANIENT.NS
2026-06-15,2960.4,2892.22,3031.98,ADANIENT.NS
2026-06-16,2956.69,2883.27,3026.57,ADANIENT.NS
2026-06-17,2965.22,2899.65,3032.72,ADANIENT.NS
2026-06-18,2964.39,2904.39,3029.18,ADANIENT.NS
2026-06-19,2958.23,2890.18,3021.55,ADANIENT.NS
2026-06-22,2973.53,2902.38,3042.5,ADANIENT.NS
2026-06-23,2980.47,2911.07,3049.22,ADANIENT.NS
2026-06-24,3000.15,2932.96,3067.74,ADANIENT.NS
2026-06-25,3010.67,2943.45,3081.38,ADANIENT.NS
2026-06-26,3015.74,2948.78,3082.96,ADANIENT.NS
2026-06-29,3060.93,2986.69,3125.64,ADANIENT.NS
2026-06-30,3075.6,3004.45,3144.11,ADANIENT.NS
2026-07-01,3101.48,3034.02,3166.6,ADANIENT.NS
2026-07-02,3116.47,3048.21,3183.67,ADANIENT.NS
2026-07-03,3124.1,3053.64,3190.57,ADANIENT.NS
2026-07-06,3164.67,3092.24,3231.11,ADANIENT.NS
2026-07-07,3173.61,3102.22,3239.5,ADANIENT.NS
2026-07-08,3191.75,3121.85,3259.97,ADANIENT.NS
2026-07-09,3197.11,3128.39,3265.79,ADANIENT.NS
2026-07-10,3193.37,3122.07,3265.1,ADANIENT.NS
2026-07-13,3191.54,3119.0,3263.97,ADANIENT.NS
2026-07-14,3184.44,3115.88,3250.89,ADANIENT.NS
2026-07-15,3186.04,3118.13,3256.78,ADANIENT.NS
2026-07-16,3174.68,3106.32,3242.39,ADANIENT.NS
2026-07-17,3154.33,3089.81,3223.67,ADANIENT.NS
2026-07-20,3106.18,3034.11,3176.18,ADANIENT.NS
2026-07-21,3085.65,3018.0,3155.77,ADANIENT.NS
2026-07-22,3075.22,3003.21,3146.45,ADANIENT.NS
2026-07-23,3053.35,2988.64,3123.11,ADANIENT.NS
2026-07-24,3024.18,2952.11,3093.33,ADANIENT.NS
2026-07-27,2960.34,2890.29,3028.4,ADANIENT.NS
2026-07-28,2938.23,2869.08,3002.09,ADANIENT.NS
2026-07-29,2927.95,2861.22,2994.75,ADANIENT.NS
2026-07-30,2907.89,2837.37,2980.76,ADANIENT.NS
2026-07-31,2882.04,2815.36,2947.65,ADANIENT.NS
2026-08-03,2835.64,2762.04,2905.86,ADANIENT.NS
2026-08-04,2821.2,2750.72,2884.35,ADANIENT.NS
2026-08-05,2819.18,2751.71,2888.46,ADANIENT.NS
2026-08-06,2807.76,2742.49,2874.81,ADANIENT.NS
2026-08-07,2790.73,2718.27,2860.01,ADANIENT.NS
2026-08-10,2770.06,2697.03,2841.97,ADANIENT.NS
2026-08-11,2763.44,2693.57,2827.04,ADANIENT.NS
2026-08-12,2768.65,2699.98,2839.25,ADANIENT.NS
2026-08-13,2763.8,2699.26,2830.16,ADANIENT.NS
2026-08-14,2752.64,2687.18,2821.87,ADANIENT.NS
2026-08-17,2745.15,2671.17,2816.71,ADANIENT.NS
2026-08-18,2741.54,2674.59,2810.51,ADANIENT.NS
2026-08-19,2749.19,2686.92,2818.06,ADANIENT.NS
2026-08-20,2746.29,2676.28,2816.95,ADANIENT.NS
2026-08-21,2736.67,2668.23,2802.57,ADANIENT.NS
2026-08-24,2732.64,2660.73,2799.46,ADANIENT.NS
2026-08-25,2730.18,2662.62,2797.43,ADANIENT.NS
2026-08-26,2739.18,2668.93,2811.08,ADANIENT.NS
2026-08-27,2737.9,2673.97,2805.44,ADANIENT.NS
2026-08-28,2730.3,2660.31,2798.02,ADANIENT.NS
2026-08-31,2735.2,2667.89,2805.7,ADANIENT.NS
2026-09-01,2736.79,2662.9,2802.09,ADANIENT.NS
2026-09-02,2750.37,2683.42,2825.62,ADANIENT.NS
2026-09-03,2754.19,2681.16,2825.17,ADANIENT.NS
2026-09-04,2752.14,2683.37,2817.58,ADANIENT.NS
2025-07-24,1389.81,1358.65,1422.29,ADANIPORTS.NS
2025-07-25,1384.07,1353.76,1414.02,ADANIPORTS.NS
2025-07-28,1374.46,1344.75,1408.55,ADANIPORTS.NS
2025-07-29,1374.02,1343.67,1404.8,ADANIPORTS.NS
2025-07-30,1377.21,1347.36,1409.41,ADANIPORTS.NS
2025-07-31,1373.97,1343.59,1404.13,ADANIPORTS.NS
2025-08-01,1368.18,1337.51,1398.1,ADANIPORTS.NS
2025-08-04,1357.93,1329.35,1386.82,ADANIPORTS.NS
2025-08-05,1357.11,1327.71,1386.68,ADANIPORTS.NS
2025-08-06,1359.84,1327.92,1390.78,ADANIPORTS.NS
2025-08-07,1356.08,1325.8,1387.77,ADANIPORTS.NS
2025-08-08,1349.73,1318.45,1377.86,ADANIPORTS.NS
2025-08-11,1337.82,1307.76,1367.1,ADANIPORTS.NS
2025-08-12,1336.57,1304.56,1366.78,ADANIPORTS.NS
2025-08-13,1338.97,1307.68,1370.33,ADANIPORTS.NS
2025-08-14,1335.05,1305.56,1365.76,ADANIPORTS.NS
2025-08-18,1318.33,1289.38,1349.89,ADANIPORTS.NS
2025-08-19,1318.14,1286.05,1348.2,ADANIPORTS.NS
2025-08-20,1321.92,1290.59,1353.27,ADANIPORTS.NS
2025-08-21,1319.67,1288.9,1349.93,ADANIPORTS.NS
2025-08-22,1315.32,1284.78,1345.77,ADANIPORTS.NS
2025-08-25,1312.54,1284.29,1343.08,ADANIPORTS.NS
2025-08-26,1315.35,1284.71,1346.43,ADANIPORTS.NS
2025-08-28,1323.35,1291.79,1356.68,ADANIPORTS.NS
2025-08-29,1322.36,1292.75,1352.45,ADANIPORTS.NS
2025-09-01,1329.51,1300.32,1360.67,ADANIPORTS.NS
2025-09-02,1335.38,1303.55,1364.58,ADANIPORTS.NS
2025-09-03,1345.17,1316.96,1377.36,ADANIPORTS.NS
2025-09-04,1348.79,1317.98,1378.25,ADANIPORTS.NS
2025-09-05,1350.07,1319.46,1380.1,ADANIPORTS.NS
2025-09-08,1361.72,1331.97,1393.25,ADANIPORTS.NS
2025-09-09,1368.26,1339.41,1397.37,ADANIPORTS.NS
2025-09-10,1378.29,1350.12,1409.02,ADANIPORTS.NS
2025-09-11,1381.71,1351.92,1413.44,ADANIPORTS.NS
2025-09-12,1382.36,1349.82,1413.07,ADANIPORTS.NS
2025-09-15,1389.95,1361.28,1418.7,ADANIPORTS.NS
2025-09-16,1394.52,1362.36,1424.28,ADANIPORTS.NS
2025-09-17,1402.36,1372.3,1433.69,ADANIPORTS.NS
2025-09-18,1403.43,1371.66,1434.19,ADANIPORTS.NS
2025-09-19,1401.64,1371.54,1432.35,ADANIPORTS.NS
2025-09-22,1401.87,1371.5,1431.83,ADANIPORTS.NS
2025-09-23,1404.19,1375.88,1438.12,ADANIPORTS.NS
2025-09-24,1409.96,1379.33,1439.62,ADANIPORTS.NS
2025-09-25,1409.19,1379.24,1440.48,ADANIPORTS.NS
2025-09-26,1405.82,1374.94,1436.96,ADANIPORTS.NS
2025-09-29,1403.19,1372.45,1432.14,ADANIPORTS.NS
2025-09-30,1405.2,1376.53,1438.38,ADANIPORTS.NS
2025-10-01,1410.98,1380.28,1442.03,ADANIPORTS.NS
2025-10-03,1407.75,1379.5,1435.61,ADANIPORTS.NS
2025-10-06,1408.17,1379.95,1438.78,ADANIPORTS.NS
2025-10-07,1411.49,1379.43,1444.41,ADANIPORTS.NS
2025-10-08,1418.63,1390.72,1448.26,ADANIPORTS.NS
2025-10-09,1419.55,1388.74,1447.76,ADANIPORTS.NS
2025-10-10,1418.1,1388.13,1447.64,ADANIPORTS.NS
2025-10-13,1421.81,1394.08,1453.64,ADANIPORTS.NS
2025-10-14,1425.87,1395.1,1454.77,ADANIPORTS.NS
2025-10-15,1433.52,1403.15,1464.88,ADANIPORTS.NS
2025-10-16,1434.71,1403.66,1465.63,ADANIPORTS.NS
2025-10-17,1433.28,1400.31,1463.5,ADANIPORTS.NS
2025-10-20,1435.61,1404.77,1466.82,ADANIPORTS.NS
2025-10-21,1438.78,1406.64,1471.09,ADANIPORTS.NS
2025-10-23,1445.42,1411.86,1475.68,ADANIPORTS.NS
2025-10-24,1442.75,1411.15,1474.82,ADANIPORTS.NS
2025-10-27,1441.35,1409.83,1473.14,ADANIPORTS.NS
2025-10-28,1443.44,1411.76,1474.42,ADANIPORTS.NS
2025-10-29,1449.12,1418.53,1478.86,ADANIPORTS.NS
2025-10-30,1448.41,1420.37,1480.06,ADANIPORTS.NS
2025-10-31,1445.23,1409.85,1474.32,ADANIPORTS.NS
2025-11-03,1443.87,1414.46,1474.78,ADANIPORTS.NS
2025-11-04,1446.54,1416.61,1478.93,ADANIPORTS.NS
2025-11-06,1453.45,1423.73,1483.62,ADANIPORTS.NS
2025-11-07,1451.61,1424.22,1483.0,ADANIPORTS.NS
2025-11-10,1455.24,1425.34,1485.61,ADANIPORTS.NS
2025-11-11,1459.74,1430.44,1489.27,ADANIPORTS.NS
2025-11-12,1468.1,1437.32,1498.24,ADANIPORTS.NS
2025-11-13,1470.27,1442.97,1500.15,ADANIPORTS.NS
2025-11-14,1470.09,1439.33,1504.27,ADANIPORTS.NS
2025-11-17,1477.51,1447.5,1508.16,ADANIPORTS.NS
2025-11-18,1482.72,1452.87,1515.27,ADANIPORTS.NS
2025-11-19,1491.47,1458.15,1520.15,ADANIPORTS.NS
2025-11-20,1493.66,1462.96,1525.09,ADANIPORTS.NS
2025-11-21,1493.13,1461.56,1521.93,ADANIPORTS.NS
2025-11-24,1497.34,1468.57,1527.04,ADANIPORTS.NS
2025-11-25,1500.81,1469.05,1531.11,ADANIPORTS.NS
2025-11-26,1507.54,1477.23,1536.62,ADANIPORTS.NS
2025-11-27,1507.48,1475.56,1537.72,ADANIPORTS.NS
2025-11-28,1504.52,1476.86,1532.43,ADANIPORTS.NS
2025-12-01,1500.96,1469.03,1530.99,ADANIPORTS.NS
2025-12-02,1501.89,1471.03,1532.53,ADANIPORTS.NS
2025-12-03,1506.21,1476.71,1538.16,ADANIPORTS.NS
2025-12-04,1503.92,1472.87,1531.18,ADANIPORTS.NS
2025-12-05,1498.98,1468.85,1529.57,ADANIPORTS.NS
2025-12-08,1491.29,1461.27,1521.79,ADANIPORTS.NS
2025-12-09,1491.56,1459.63,1521.09,ADANIPORTS.NS
2025-12-10,1495.57,1464.2,1524.97,ADANIPORTS.NS
2025-12-11,1493.35,1462.49,1525.27,ADANIPORTS.NS
2025-12-12,1488.81,1459.01,1520.76,ADANIPORTS.NS
2025-12-15,1484.07,1453.55,1514.1,ADANIPORTS.NS
2025-12-16,1485.73,1456.61,1517.84,ADANIPORTS.NS
2025-12-17,1491.23,1460.79,1523.18,ADANIPORTS.NS
2025-12-18,1490.53,1457.21,1519.72,ADANIPORTS.NS
2025-12-19,1487.48,1457.67,1520.51,ADANIPORTS.NS
2025-12-22,1486.23,1457.67,1516.6,ADANIPORTS.NS
2025-12-23,1488.51,1459.06,1521.29,ADANIPORTS.NS
2025-12-24,1494.27,1464.38,1522.61,ADANIPORTS.NS
2025-12-26,1489.76,1456.94,1520.88,ADANIPORTS.NS
2025-12-29,1483.94,1450.83,1513.69,ADANIPORTS.NS
2025-12-30,1483.79,1453.36,1514.92,ADANIPORTS.NS
2025-12-31,1486.72,1453.07,1518.42,ADANIPORTS.NS
2026-01-01,1482.7,1452.94,1514.18,ADANIPORTS.NS
2026-01-02,1475.59,1443.41,1504.82,ADANIPORTS.NS
2026-01-05,1458.48,1429.17,1489.21,ADANIPORTS.NS
2026-01-06,1454.58,1423.6,1483.44,ADANIPORTS.NS
2026-01-07,1453.93,1422.78,1483.42,ADANIPORTS.NS
2026-01-08,1446.6,1416.35,1476.86,ADANIPORTS.NS
2026-01-09,1436.55,1408.3,1467.09,ADANIPORTS.NS
2026-01-12,1413.83,1383.9,1443.8,ADANIPORTS.NS
2026-01-13,1409.38,1379.33,1439.57,ADANIPORTS.NS
2026-01-14,1408.96,1378.25,1441.38,ADANIPORTS.NS
2026-01-15,1402.65,1372.67,1431.78,ADANIPORTS.NS
2026-01-16,1394.46,1363.3,1425.58,ADANIPORTS.NS
2026-01-19,1382.22,1349.76,1412.06,ADANIPORTS.NS
2026-01-20,1382.8,1351.47,1412.98,ADANIPORTS.NS
2026-01-21,1388.08,1357.61,1417.5,ADANIPORTS.NS
2026-01-22,1388.05,1359.82,1420.59,ADANIPORTS.NS
2026-01-23,1386.64,1356.5,1416.07,ADANIPORTS.NS
2026-01-27,1404.66,1374.41,1434.7,ADANIPORTS.NS
2026-01-28,1417.35,1384.92,1447.19,ADANIPORTS.NS
2026-01-29,1424.48,1393.08,1454.86,ADANIPORTS.NS
2026-01-30,1429.82,1398.65,1459.92,ADANIPORTS.NS
2026-02-02,1456.41,1426.77,1484.46,ADANIPORTS.NS
2026-02-03,1468.58,1439.57,1499.69,ADANIPORTS.NS
2026-02-04,1484.41,1452.95,1514.23,ADANIPORTS.NS
2026-02-05,1493.71,1463.0,1524.28,ADANIPORTS.NS
2026-02-06,1500.23,1470.22,1531.04,ADANIPORTS.NS
2026-02-09,1524.24,1494.53,1554.21,ADANIPORTS.NS
2026-02-10,1533.56,1500.63,1562.08,ADANIPORTS.NS
2026-02-11,1545.63,1515.28,1575.34,ADANIPORTS.NS
2026-02-12,1550.32,1517.71,1581.8,ADANIPORTS.NS
2026-02-13,1551.45,1520.47,1581.63,ADANIPORTS.NS
2026-02-16,1555.63,1526.15,1587.16,ADANIPORTS.NS
2026-02-17,1557.49,1528.14,1586.73,ADANIPORTS.NS
2026-02-18,1561.85,1531.32,1592.31,ADANIPORTS.NS
2026-02-19,1558.72,1526.13,1590.27,ADANIPORTS.NS
2026-02-20,1552.02,1522.43,1584.39,ADANIPORTS.NS
2026-02-23,1533.79,1503.17,1561.89,ADANIPORTS.NS
2026-02-24,1528.84,1495.64,1557.75,ADANIPORTS.NS
2026-02-25,1526.87,1496.71,1557.03,ADANIPORTS.NS
2026-02-26,1517.93,1488.3,1548.17,ADANIPORTS.NS
2026-02-27,1506.0,1475.41,1535.31,ADANIPORTS.NS
2026-03-02,1475.87,1444.56,1507.19,ADANIPORTS.NS
2026-03-04,1464.28,1434.27,1495.38,ADANIPORTS.NS
2026-03-05,1453.95,1423.38,1482.76,ADANIPORTS.NS
2026-03-06,1441.24,1410.12,1470.67,ADANIPORTS.NS
2026-03-09,1411.96,1381.82,1442.0,ADANIPORTS.NS
2026-03-10,1405.58,1374.92,1436.03,ADANIPORTS.NS
2026-03-11,1403.2,1370.98,1434.48,ADANIPORTS.NS
2026-03-12,1394.84,1365.21,1425.07,ADANIPORTS.NS
2026-03-13,1384.4,1355.42,1414.14,ADANIPORTS.NS
2026-03-16,1363.43,1332.85,1395.28,ADANIPORTS.NS
2026-03-17,1360.21,1331.32,1390.48,ADANIPORTS.NS
2026-03-18,1361.16,1329.4,1391.43,ADANIPORTS.NS
2026-03-19,1356.27,1325.79,1385.34,ADANIPORTS.NS
2026-03-20,1349.44,1320.71,1379.87,ADANIPORTS.NS
2026-03-23,1340.1,1308.12,1368.5,ADANIPORTS.NS
2026-03-24,1341.02,1308.17,1372.18,ADANIPORTS.NS
2026-03-25,1346.25,1316.15,1376.65,ADANIPORTS.NS
2026-03-27,1343.53,1312.96,1373.55,ADANIPORTS.NS
2026-03-30,1348.77,1318.11,1378.27,ADANIPORTS.NS
2026-04-01,1365.29,1335.06,1395.98,ADANIPORTS.NS
2026-04-02,1370.15,1338.54,1401.68,ADANIPORTS.NS
2026-04-06,1394.68,1365.14,1425.55,ADANIPORTS.NS
2026-04-07,1405.98,1374.81,1437.51,ADANIPORTS.NS
2026-04-08,1421.56,1388.11,1451.82,ADANIPORTS.NS
2026-04-09,1431.34,1400.76,1462.08,ADANIPORTS.NS
2026-04-10,1439.13,1407.34,1469.19,ADANIPORTS.NS
2026-04-13,1472.59,1442.04,1502.75,ADANIPORTS.NS
2026-04-15,1505.43,1476.21,1532.51,ADANIPORTS.NS
2026-04-16,1517.46,1487.05,1548.35,ADANIPORTS.NS
2026-04-17,1527.0,1495.24,1560.27,ADANIPORTS.NS
2026-04-20,1562.5,1531.16,1590.25,ADANIPORTS.NS
2026-04-21,1576.65,1546.55,1608.4,ADANIPORTS.NS
2026-04-22,1594.12,1563.26,1622.84,ADANIPORTS.NS
2026-04-23,1604.83,1573.7,1633.58,ADANIPORTS.NS
2026-04-24,1612.61,1582.4,1644.18,ADANIPORTS.NS
2026-04-27,1640.71,1608.91,1673.47,ADANIPORTS.NS
2026-04-28,1651.86,1623.0,1683.5,ADANIPORTS.NS
2026-04-29,1666.15,1636.15,1697.13,ADANIPORTS.NS
2026-04-30,1673.57,1642.26,1705.3,ADANIPORTS.NS
2026-05-01,1678.01,1646.58,1708.11,ADANIPORTS.NS
2026-05-04,1696.28,1663.87,1725.74,ADANIPORTS.NS
2026-05-05,1704.37,1674.38,1734.67,ADANIPORTS.NS
2026-05-06,1715.79,1686.94,1745.1,ADANIPORTS.NS
2026-05-07,1720.52,1692.69,1752.44,ADANIPORTS.NS
2026-05-08,1722.5,1692.21,1753.2,ADANIPORTS.NS
2026-05-11,1734.79,1702.82,1765.07,ADANIPORTS.NS
2026-05-12,1741.34,1709.93,1771.64,ADANIPORTS.NS
2026-05-13,1751.42,1720.42,1784.45,ADANIPORTS.NS
2026-05-14,1755.0,1726.83,1786.02,ADANIPORTS.NS
2026-05-15,1755.97,1725.6,1786.66,ADANIPORTS.NS
2026-05-18,1765.8,1736.97,1798.03,ADANIPORTS.NS
2026-05-19,1771.61,1742.58,1802.72,ADANIPORTS.NS
2026-05-20,1780.93,1751.18,1812.16,ADANIPORTS.NS
2026-05-21,1783.7,1752.07,1813.39,ADANIPORTS.NS
2026-05-22,1783.78,1752.73,1813.75,ADANIPORTS.NS
2026-05-25,1790.28,1758.35,1820.52,ADANIPORTS.NS
2026-05-26,1794.72,1760.7,1821.66,ADANIPORTS.NS
2026-05-27,1802.53,1773.85,1835.12,ADANIPORTS.NS
2026-05-28,1803.67,1774.67,1833.21,ADANIPORTS.NS
2026-05-29,1802.01,1771.87,1831.78,ADANIPORTS.NS
2026-06-01,1802.82,1770.88,1833.2,ADANIPORTS.NS
2026-06-02,1805.32,1776.84,1835.57,ADANIPORTS.NS
2026-06-03,1811.21,1781.07,1840.93,ADANIPORTS.NS
2026-06-04,1810.49,1780.19,1839.63,ADANIPORTS.NS
2026-06-05,1807.08,1775.21,1838.3,ADANIPORTS.NS
2026-06-08,1803.59,1772.81,1834.76,ADANIPORTS.NS
2026-06-09,1805.06,1774.16,1837.01,ADANIPORTS.NS
2026-06-10,1810.18,1780.2,1838.93,ADANIPORTS.NS
2026-06-11,1808.94,1778.22,1838.61,ADANIPORTS.NS
2026-06-12,1805.27,1775.36,1837.82,ADANIPORTS.NS
2026-06-15,1802.58,1771.27,1831.79,ADANIPORTS.NS
2026-06-16,1804.8,1772.14,1836.11,ADANIPORTS.NS
2026-06-17,1810.85,1782.81,1841.13,ADANIPORTS.NS
2026-06-18,1810.71,1779.31,1841.17,ADANIPORTS.NS
2026-06-19,1808.28,1777.5,1837.81,ADANIPORTS.NS
2026-06-22,1809.66,1779.33,1839.8,ADANIPORTS.NS
2026-06-23,1813.21,1781.26,1844.88,ADANIPORTS.NS
2026-06-24,1820.51,1789.04,1851.37,ADANIPORTS.NS
2026-06-25,1821.5,1792.55,1853.45,ADANIPORTS.NS
2026-06-26,1820.04,1789.63,1848.96,ADANIPORTS.NS
2026-06-29,1823.06,1791.88,1853.63,ADANIPORTS.NS
2026-06-30,1826.66,1796.81,1856.66,ADANIPORTS.NS
2026-07-01,1833.75,1802.98,1865.61,ADANIPORTS.NS
2026-07-02,1834.27,1805.43,1864.05,ADANIPORTS.NS
2026-07-03,1832.06,1800.74,1862.48,ADANIPORTS.NS
2026-07-06,1831.46,1800.93,1861.94,ADANIPORTS.NS
2026-07-07,1833.46,1803.31,1863.78,ADANIPORTS.NS
2026-07-08,1838.82,1806.04,1865.52,ADANIPORTS.NS
2026-07-09,1837.49,1806.01,1867.77,ADANIPORTS.NS
2026-07-10,1833.38,1801.92,1863.41,ADANIPORTS.NS
2026-07-13,1827.02,1797.16,1859.45,ADANIPORTS.NS
2026-07-14,1827.22,1797.79,1856.43,ADANIPORTS.NS
2026-07-15,1830.88,1800.01,1860.44,ADANIPORTS.NS
2026-07-16,1827.99,1798.35,1857.9,ADANIPORTS.NS
2026-07-17,1822.46,1793.76,1852.75,ADANIPORTS.NS
2026-07-20,1812.93,1783.46,1845.5,ADANIPORTS.NS
2026-07-21,1812.43,1781.85,1843.16,ADANIPORTS.NS
2026-07-22,1815.56,1785.27,1846.32,ADANIPORTS.NS
2026-07-23,1812.29,1783.32,1841.53,ADANIPORTS.NS
2026-07-24,1806.53,1774.07,1836.48,ADANIPORTS.NS
2026-07-27,1796.87,1767.95,1827.8,ADANIPORTS.NS
2026-07-28,1796.44,1765.79,1826.01,ADANIPORTS.NS
2026-07-29,1799.64,1768.91,1831.53,ADANIPORTS.NS
2026-07-30,1796.44,1765.91,1826.73,ADANIPORTS.NS
2026-07-31,1790.7,1762.25,1821.57,ADANIPORTS.NS
2026-08-03,1780.71,1748.5,1810.66,ADANIPORTS.NS
2026-08-04,1780.0,1747.22,1811.18,ADANIPORTS.NS
2026-08-05,1782.84,1752.66,1814.85,ADANIPORTS.NS
2026-08-06,1779.19,1748.05,1807.83,ADANIPORTS.NS
2026-08-07,1772.94,1742.0,1803.2,ADANIPORTS.NS
2026-08-10,1761.25,1729.52,1793.73,ADANIPORTS.NS
2026-08-11,1760.01,1729.51,1791.22,ADANIPORTS.NS
2026-08-12,1762.39,1732.26,1793.07,ADANIPORTS.NS
2026-08-13,1758.39,1728.08,1789.63,ADANIPORTS.NS
2026-08-14,1751.94,1719.89,1780.62,ADANIPORTS.NS
2026-08-17,1740.84,1710.15,1771.16,ADANIPORTS.NS
2026-08-18,1740.3,1709.28,1769.73,ADANIPORTS.NS
2026-08-19,1743.67,1713.31,1774.11,ADANIPORTS.NS
2026-08-20,1740.96,1710.23,1772.04,ADANIPORTS.NS
2026-08-21,1736.11,1706.35,1767.17,ADANIPORTS.NS
2026-08-24,1731.6,1700.41,1761.82,ADANIPORTS.NS
2026-08-25,1733.79,1700.15,1763.35,ADANIPORTS.NS
2026-08-26,1740.12,1708.74,1766.85,ADANIPORTS.NS
2026-08-27,1740.54,1709.91,1772.07,ADANIPORTS.NS
2026-08-28,1738.96,1707.33,1768.96,ADANIPORTS.NS
2026-08-31,1744.52,1715.97,1774.31,ADANIPORTS.NS
2026-09-01,1749.96,1718.69,1782.78,ADANIPORTS.NS
2026-09-02,1759.4,1730.51,1790.59,ADANIPORTS.NS
2026-09-03,1762.73,1731.56,1792.42,ADANIPORTS.NS
2025-07-24,7346.67,7212.96,7478.59,APOLLOHOSP.NS
2025-07-25,7335.33,7210.25,7471.97,APOLLOHOSP.NS
2025-07-28,7310.03,7183.63,7432.16,APOLLOHOSP.NS
2025-07-29,7308.86,7182.93,7432.93,APOLLOHOSP.NS
2025-07-30,7328.97,7198.87,7457.07,APOLLOHOSP.NS
2025-07-31,7325.62,7195.83,7453.31,APOLLOHOSP.NS
2025-08-01,7326.55,7200.24,7458.8,APOLLOHOSP.NS
2025-08-04,7342.56,7216.13,7471.47,APOLLOHOSP.NS
2025-08-05,7355.77,7235.04,7489.35,APOLLOHOSP.NS
2025-08-06,7390.16,7266.84,7524.81,APOLLOHOSP.NS
2025-08-07,7400.73,7274.89,7538.83,APOLLOHOSP.NS
2025-08-08,7414.99,7282.31,7542.89,APOLLOHOSP.NS
2025-08-11,7465.57,7333.04,7599.25,APOLLOHOSP.NS
2025-08-12,7488.02,7356.44,7618.21,APOLLOHOSP.NS
2025-08-13,7530.32,7402.65,7659.31,APOLLOHOSP.NS
2025-08-14,7547.43,7408.54,7678.84,APOLLOHOSP.NS
2025-08-18,7624.8,7494.9,7764.67,APOLLOHOSP.NS
2025-08-19,7647.13,7519.78,7779.69,APOLLOHOSP.NS
2025-08-20,7688.14,7566.33,7828.12,APOLLOHOSP.NS
2025-08-21,7702.89,7568.33,7836.11,APOLLOHOSP.NS
2025-08-22,7718.95,7581.53,7845.9,APOLLOHOSP.NS
2025-08-25,7761.71,7629.53,7886.7,APOLLOHOSP.NS
2025-08-26,7777.57,7640.32,7901.6,APOLLOHOSP.NS
2025-08-28,7818.67,7681.18,7955.65,APOLLOHOSP.NS
2025-08-29,7826.65,7696.44,7954.63,APOLLOHOSP.NS
2025-09-01,7842.55,7717.25,7969.24,APOLLOHOSP.NS
2025-09-02,7848.65,7714.05,7975.48,APOLLOHOSP.NS
2025-09-03,7872.46,7750.59,8001.15,APOLLOHOSP.NS
2025-09-04,7869.08,7741.4,7997.6,APOLLOHOSP.NS
2025-09-05,7866.17,7731.55,7996.37,APOLLOHOSP.NS
2025-09-08,7847.45,7719.48,7977.53,APOLLOHOSP.NS
2025-09-09,7841.49,7714.47,7967.23,APOLLOHOSP.NS
2025-09-10,7853.08,7721.09,7988.86,APOLLOHOSP.NS
2025-09-11,7837.44,7703.1,7961.8,APOLLOHOSP.NS
2025-09-12,7822.3,7685.6,7955.11,APOLLOHOSP.NS
2025-09-15,7768.55,7643.22,7902.74,APOLLOHOSP.NS
2025-09-16,7752.01,7617.1,7880.75,APOLLOHOSP.NS
2025-09-17,7753.86,7627.46,7892.47,APOLLOHOSP.NS
2025-09-18,7729.5,7599.52,7869.7,APOLLOHOSP.NS
2025-09-19,7706.89,7576.44,7837.12,APOLLOHOSP.NS
2025-09-22,7639.92,7514.5,7762.51,APOLLOHOSP.NS
2025-09-23,7622.58,7496.47,7759.49,APOLLOHOSP.NS
2025-09-24,7625.66,7487.37,7759.96,APOLLOHOSP.NS
2025-09-25,7604.64,7472.38,7722.29,APOLLOHOSP.NS
2025-09-26,7587.52,7455.71,7714.86,APOLLOHOSP.NS
2025-09-29,7549.8,7422.46,7679.91,APOLLOHOSP.NS
2025-09-30,7546.19,7409.9,7670.0,APOLLOHOSP.NS
2025-10-01,7564.74,7425.52,7701.46,APOLLOHOSP.NS
2025-10-03,7561.82,7430.83,7685.04,APOLLOHOSP.NS
2025-10-06,7583.3,7446.36,7713.74,APOLLOHOSP.NS
2025-10-07,7599.68,7471.04,7731.74,APOLLOHOSP.NS
2025-10-08,7637.7,7505.33,7764.9,APOLLOHOSP.NS
2025-10-09,7652.22,7518.96,7787.94,APOLLOHOSP.NS
2025-10-10,7670.58,7537.87,7805.41,APOLLOHOSP.NS
2025-10-13,7732.24,7598.02,7870.9,APOLLOHOSP.NS
2025-10-14,7757.14,7624.61,7878.33,APOLLOHOSP.NS
2025-10-15,7800.84,7663.97,7934.63,APOLLOHOSP.NS
2025-10-16,7818.02,7688.11,7950.73,APOLLOHOSP.NS
2025-10-17,7835.91,7702.79,7957.99,APOLLOHOSP.NS
2025-10-20,7877.2,7750.93,8018.83,APOLLOHOSP.NS
2025-10-21,7889.29,7764.0,8015.03,APOLLOHOSP.NS
2025-10-23,7916.67,7794.86,8044.06,APOLLOHOSP.NS
2025-10-24,7914.49,7784.88,8038.43,APOLLOHOSP.NS
2025-10-27,7886.77,7752.92,8015.57,APOLLOHOSP.NS
2025-10-28,7874.39,7740.37,8006.2,APOLLOHOSP.NS
2025-10-29,7878.12,7750.28,8008.14,APOLLOHOSP.NS
2025-10-30,7853.38,7723.95,7985.71,APOLLOHOSP.NS
2025-10-31,7828.17,7701.93,7960.39,APOLLOHOSP.NS
2025-11-03,7741.01,7606.91,7865.84,APOLLOHOSP.NS
2025-11-04,7713.14,7586.18,7843.07,APOLLOHOSP.NS
2025-11-06,7669.06,7535.81,7805.46,APOLLOHOSP.NS
2025-11-07,7636.53,7500.74,7764.79,APOLLOHOSP.NS
2025-11-10,7544.29,7403.44,7671.45,APOLLOHOSP.NS
2025-11-11,7519.96,7403.65,7657.1,APOLLOHOSP.NS
2025-11-12,7516.59,7389.29,7650.37,APOLLOHOSP.NS
2025-11-13,7489.48,7364.23,7625.46,APOLLOHOSP.NS
2025-11-14,7466.37,7333.34,7600.21,APOLLOHOSP.NS
2025-11-17,7408.39,7278.06,7537.33,APOLLOHOSP.NS
2025-11-18,7396.13,7274.49,7522.66,APOLLOHOSP.NS
2025-11-19,7404.49,7265.34,7539.09,APOLLOHOSP.NS
2025-11-20,7388.38,7263.69,7526.46,APOLLOHOSP.NS
2025-11-21,7375.23,7243.71,7506.53,APOLLOHOSP.NS
2025-11-24,7337.99,7202.6,7458.2,APOLLOHOSP.NS
2025-11-25,7328.99,7192.81,7458.64,APOLLOHOSP.NS
2025-11-26,7338.61,7197.66,7459.29,APOLLOHOSP.NS
2025-11-27,7321.79,7182.06,7458.25,APOLLOHOSP.NS
2025-11-28,7306.01,7174.34,7428.66,APOLLOHOSP.NS
2025-12-01,7251.24,7123.8,7386.76,APOLLOHOSP.NS
2025-12-02,7234.03,7107.98,7353.84,APOLLOHOSP.NS
2025-12-03,7234.82,7101.6,7364.18,APOLLOHOSP.NS
2025-12-04,7208.92,7071.74,7344.19,APOLLOHOSP.NS
2025-12-05,7184.21,7051.83,7317.65,APOLLOHOSP.NS
2025-12-08,7107.57,6975.78,7242.16,APOLLOHOSP.NS
2025-12-09,7085.97,6958.82,7208.08,APOLLOHOSP.NS
2025-12-10,7084.37,6953.43,7208.49,APOLLOHOSP.NS
2025-12-11,7058.34,6931.1,7186.75,APOLLOHOSP.NS
2025-12-12,7035.97,6910.33,7163.66,APOLLOHOSP.NS
2025-12-15,6982.12,6853.47,7112.37,APOLLOHOSP.NS
2025-12-16,6973.33,6850.33,7099.07,APOLLOHOSP.NS
2025-12-17,6986.93,6847.02,7121.29,APOLLOHOSP.NS
2025-12-18,6978.26,6841.47,7107.09,APOLLOHOSP.NS
2025-12-19,6975.1,6848.7,7103.3,APOLLOHOSP.NS
2025-12-22,6985.99,6858.3,7118.17,APOLLOHOSP.NS
2025-12-23,6999.61,6869.46,7124.31,APOLLOHOSP.NS
2025-12-24,7035.2,6900.37,7166.4,APOLLOHOSP.NS
2025-12-26,7063.99,6931.82,7198.17,APOLLOHOSP.NS
2025-12-29,7120.11,6976.17,7246.11,APOLLOHOSP.NS
2025-12-30,7142.97,7020.1,7271.92,APOLLOHOSP.NS
2025-12-31,7184.34,7057.12,7319.3,APOLLOHOSP.NS
2026-01-01,7198.85,7063.95,7335.93,APOLLOHOSP.NS
2026-01-02,7213.64,7082.71,7342.04,APOLLOHOSP.NS
2026-01-05,7242.46,7114.24,7376.26,APOLLOHOSP.NS
2026-01-06,7249.26,7123.95,7374.06,APOLLOHOSP.NS
2026-01-07,7271.57,7148.07,7401.91,APOLLOHOSP.NS
2026-01-08,7264.43,7135.84,7394.33,APOLLOHOSP.NS
2026-01-09,7255.44,7137.62,7395.53,APOLLOHOSP.NS
2026-01-12,7205.8,7066.64,7334.01,APOLLOHOSP.NS
2026-01-13,7186.11,7059.18,7321.24,APOLLOHOSP.NS
2026-01-14,7182.82,7041.95,7304.55,APOLLOHOSP.NS
2026-01-15,7151.59,7020.96,7292.73,APOLLOHOSP.NS
2026-01-16,7120.64,6986.67,7248.99,APOLLOHOSP.NS
2026-01-19,7023.24,6889.39,7154.21,APOLLOHOSP.NS
2026-01-20,6995.14,6852.45,7129.69,APOLLOHOSP.NS
2026-01-21,6987.76,6861.74,7123.99,APOLLOHOSP.NS
2026-01-22,6956.93,6822.1,7079.05,APOLLOHOSP.NS
2026-01-23,6930.98,6794.97,7053.87,APOLLOHOSP.NS
2026-01-27,6869.97,6744.48,7000.91,APOLLOHOSP.NS
2026-01-28,6888.63,6761.56,7027.59,APOLLOHOSP.NS
2026-01-29,6887.02,6757.68,7022.81,APOLLOHOSP.NS
2026-01-30,6892.96,6760.94,7012.23,APOLLOHOSP.NS
2026-02-02,6943.3,6813.04,7068.72,APOLLOHOSP.NS
2026-02-03,6974.01,6856.07,7099.84,APOLLOHOSP.NS
2026-02-04,7028.56,6907.65,7162.63,APOLLOHOSP.NS
2026-02-05,7061.67,6935.08,7193.25,APOLLOHOSP.NS
2026-02-06,7100.55,6968.19,7236.1,APOLLOHOSP.NS
2026-02-09,7233.39,7095.97,7355.86,APOLLOHOSP.NS
2026-02-10,7284.6,7150.23,7421.83,APOLLOHOSP.NS
2026-02-11,7355.55,7223.69,7492.95,APOLLOHOSP.NS
2026-02-12,7400.75,7266.31,7534.97,APOLLOHOSP.NS
2026-02-13,7447.22,7321.34,7592.89,APOLLOHOSP.NS
2026-02-16,7575.75,7443.2,7695.25,APOLLOHOSP.NS
2026-02-17,7616.86,7480.63,7745.74,APOLLOHOSP.NS
2026-02-18,7673.75,7543.17,7800.84,APOLLOHOSP.NS
2026-02-19,7701.24,7576.12,7831.3,APOLLOHOSP.NS
2026-02-20,7726.75,7591.7,7850.61,APOLLOHOSP.NS
2026-02-23,7777.39,7650.61,7905.23,APOLLOHOSP.NS
2026-02-24,7789.15,7668.48,7917.62,APOLLOHOSP.NS
2026-02-25,7815.83,7689.07,7935.91,APOLLOHOSP.NS
2026-02-26,7812.78,7684.31,7949.37,APOLLOHOSP.NS
2026-02-27,7807.87,7669.01,7936.86,APOLLOHOSP.NS
2026-03-02,7772.47,7638.57,7899.08,APOLLOHOSP.NS
2026-03-04,7761.54,7630.31,7887.91,APOLLOHOSP.NS
2026-03-05,7737.03,7596.08,7865.78,APOLLOHOSP.NS
2026-03-06,7713.09,7586.23,7846.79,APOLLOHOSP.NS
2026-03-09,7635.89,7507.89,7767.69,APOLLOHOSP.NS
2026-03-10,7613.19,7480.08,7742.0,APOLLOHOSP.NS
2026-03-11,7609.91,7476.27,7734.3,APOLLOHOSP.NS
2026-03-12,7581.49,7448.65,7709.87,APOLLOHOSP.NS
2026-03-13,7555.86,7430.64,7695.47,APOLLOHOSP.NS
2026-03-16,7485.17,7359.17,7623.55,APOLLOHOSP.NS
2026-03-17,7467.82,7330.61,7607.96,APOLLOHOSP.NS
2026-03-18,7471.14,7335.03,7605.67,APOLLOHOSP.NS
2026-03-19,7450.37,7321.4,7573.05,APOLLOHOSP.NS
2026-03-20,7433.23,7298.28,7563.44,APOLLOHOSP.NS
2026-03-23,7391.38,7256.55,7521.92,APOLLOHOSP.NS
2026-03-24,7384.28,7252.81,7508.45,APOLLOHOSP.NS
2026-03-25,7397.97,7266.03,7522.9,APOLLOHOSP.NS
2026-03-27,7380.83,7249.31,7503.69,APOLLOHOSP.NS
2026-03-30,7369.41,7233.95,7505.54,APOLLOHOSP.NS
2026-04-01,7395.49,7266.73,7531.34,APOLLOHOSP.NS
2026-04-02,7394.58,7261.36,7523.38,APOLLOHOSP.NS
2026-04-06,7412.31,7290.6,7543.16,APOLLOHOSP.NS
2026-04-07,7423.46,7289.13,7554.25,APOLLOHOSP.NS
2026-04-08,7454.97,7318.17,7589.51,APOLLOHOSP.NS
2026-04-09,7461.92,7330.8,7598.27,APOLLOHOSP.NS
2026-04-10,7471.95,7339.83,7603.0,APOLLOHOSP.NS
2026-04-13,7507.17,7374.56,7630.42,APOLLOHOSP.NS
2026-04-15,7560.53,7434.88,7692.01,APOLLOHOSP.NS
2026-04-16,7571.9,7439.96,7708.14,APOLLOHOSP.NS
2026-04-17,7585.67,7455.12,7721.94,APOLLOHOSP.NS
2026-04-20,7627.79,7508.68,7755.11,APOLLOHOSP.NS
2026-04-21,7645.45,7511.17,7776.74,APOLLOHOSP.NS
2026-04-22,7682.18,7549.98,7812.96,APOLLOHOSP.NS
2026-04-23,7693.08,7564.86,7827.26,APOLLOHOSP.NS
2026-04-24,7705.78,7570.43,7832.35,APOLLOHOSP.NS
2026-04-27,7742.06,7608.4,7884.95,APOLLOHOSP.NS
2026-04-28,7757.21,7628.65,7880.16,APOLLOHOSP.NS
2026-04-29,7791.34,7664.15,7924.23,APOLLOHOSP.NS
2026-04-30,7799.66,7666.99,7924.96,APOLLOHOSP.NS
2026-05-01,7809.94,7683.26,7946.46,APOLLOHOSP.NS
2026-05-04,7840.95,7701.02,7967.09,APOLLOHOSP.NS
2026-05-05,7855.32,7732.19,7986.6,APOLLOHOSP.NS
2026-05-06,7889.28,7762.07,8019.07,APOLLOHOSP.NS
2026-05-07,7898.08,7768.78,8029.36,APOLLOHOSP.NS
2026-05-08,7909.51,7786.49,8037.29,APOLLOHOSP.NS
2026-05-11,7947.78,7825.27,8077.85,APOLLOHOSP.NS
2026-05-12,7965.67,7834.27,8098.56,APOLLOHOSP.NS
2026-05-13,8003.54,7873.88,8127.96,APOLLOHOSP.NS
2026-05-14,8016.54,7892.59,8145.7,APOLLOHOSP.NS
2026-05-15,8032.31,7910.01,8168.37,APOLLOHOSP.NS
2026-05-18,8082.95,7964.48,8215.5,APOLLOHOSP.NS
2026-05-19,8104.22,7974.34,8240.25,APOLLOHOSP.NS
2026-05-20,8144.84,7999.58,8285.48,APOLLOHOSP.NS
2026-05-21,8159.82,8024.39,8294.67,APOLLOHOSP.NS
2026-05-22,8176.67,8043.47,8300.21,APOLLOHOSP.NS
2026-05-25,8224.3,8090.63,8350.73,APOLLOHOSP.NS
2026-05-26,8242.32,8115.55,8367.91,APOLLOHOSP.NS
2026-05-27,8278.56,8146.72,8409.19,APOLLOHOSP.NS
2026-05-28,8288.08,8151.62,8418.59,APOLLOHOSP.NS
2026-05-29,8298.47,8175.29,8428.9,APOLLOHOSP.NS
2026-06-01,8322.01,8194.02,8453.54,APOLLOHOSP.NS
2026-06-02,8330.98,8204.92,8465.3,APOLLOHOSP.NS
2026-06-03,8358.02,8226.57,8489.32,APOLLOHOSP.NS
2026-06-04,8358.39,8227.14,8493.08,APOLLOHOSP.NS
2026-06-05,8359.92,8234.03,8491.39,APOLLOHOSP.NS
2026-06-08,8360.93,8230.52,8493.19,APOLLOHOSP.NS
2026-06-09,8364.47,8237.42,8486.65,APOLLOHOSP.NS
2026-06-10,8387.4,8266.43,8524.0,APOLLOHOSP.NS
2026-06-11,8385.15,8258.56,8513.96,APOLLOHOSP.NS
2026-06-12,8385.66,8256.84,8518.22,APOLLOHOSP.NS
2026-06-15,8393.68,8265.36,8513.92,APOLLOHOSP.NS
2026-06-16,8402.86,8278.5,8536.41,APOLLOHOSP.NS
2026-06-17,8432.96,8299.68,8560.9,APOLLOHOSP.NS
2026-06-18,8439.26,8300.08,8567.49,APOLLOHOSP.NS
2026-06-19,8449.52,8316.31,8581.76,APOLLOHOSP.NS
2026-06-22,8491.65,8353.13,8624.24,APOLLOHOSP.NS
2026-06-23,8512.93,8394.42,8636.84,APOLLOHOSP.NS
2026-06-24,8555.0,8429.65,8677.27,APOLLOHOSP.NS
2026-06-25,8572.83,8444.63,8707.92,APOLLOHOSP.NS
2026-06-26,8593.88,8462.26,8717.83,APOLLOHOSP.NS
2026-06-29,8661.16,8519.91,8793.96,APOLLOHOSP.NS
2026-06-30,8687.6,8552.86,8822.35,APOLLOHOSP.NS
2026-07-01,8732.9,8617.17,8864.56,APOLLOHOSP.NS
2026-07-02,8751.9,8623.05,8888.57,APOLLOHOSP.NS
2026-07-03,8771.98,8630.83,8897.73,APOLLOHOSP.NS
2026-07-06,8823.33,8701.85,8951.9,APOLLOHOSP.NS
2026-07-07,8840.35,8708.13,8974.37,APOLLOHOSP.NS
2026-07-08,8874.4,8734.29,9006.23,APOLLOHOSP.NS
2026-07-09,8880.53,8749.82,9009.53,APOLLOHOSP.NS
2026-07-10,8886.35,8756.94,9012.9,APOLLOHOSP.NS
2026-07-13,8889.53,8759.84,9021.25,APOLLOHOSP.NS
2026-07-14,8889.74,8762.29,9029.53,APOLLOHOSP.NS
2026-07-15,8907.16,8778.81,9038.54,APOLLOHOSP.NS
2026-07-16,8897.18,8767.15,9022.52,APOLLOHOSP.NS
2026-07-17,8887.71,8760.03,9016.94,APOLLOHOSP.NS
2026-07-20,8852.89,8727.66,8989.54,APOLLOHOSP.NS
2026-07-21,8843.84,8716.6,8982.52,APOLLOHOSP.NS
2026-07-22,8854.03,8733.04,8984.45,APOLLOHOSP.NS
2026-07-23,8838.93,8712.72,8970.4,APOLLOHOSP.NS
2026-07-24,8826.56,8695.22,8953.83,APOLLOHOSP.NS
2026-07-27,8796.24,8659.4,8934.17,APOLLOHOSP.NS
2026-07-28,8792.89,8665.56,8929.35,APOLLOHOSP.NS
2026-07-29,8810.65,8669.48,8937.26,APOLLOHOSP.NS
2026-07-30,8804.82,8669.39,8928.7,APOLLOHOSP.NS
2026-07-31,8803.2,8671.67,8938.3,APOLLOHOSP.NS
2026-08-03,8811.58,8683.54,8946.51,APOLLOHOSP.NS
2026-08-04,8822.41,8687.66,8947.44,APOLLOHOSP.NS
2026-08-05,8854.54,8725.71,8982.5,APOLLOHOSP.NS
2026-08-06,8863.01,8730.71,9009.32,APOLLOHOSP.NS
2026-08-07,8875.39,8738.66,9010.87,APOLLOHOSP.NS
2026-08-10,8921.74,8778.13,9060.61,APOLLOHOSP.NS
2026-08-11,8943.29,8818.22,9065.48,APOLLOHOSP.NS
2026-08-12,8984.94,8857.53,9119.31,APOLLOHOSP.NS
2026-08-13,9001.66,8861.46,9131.08,APOLLOHOSP.NS
2026-08-14,9020.93,8888.57,9152.68,APOLLOHOSP.NS
2026-08-17,9079.7,8954.79,9211.39,APOLLOHOSP.NS
2026-08-18,9102.7,8963.95,9243.71,APOLLOHOSP.NS
2026-08-19,9144.54,9009.78,9270.71,APOLLOHOSP.NS
2026-08-20,9160.26,9029.05,9286.76,APOLLOHOSP.NS
2026-08-21,9177.42,9032.56,9302.7,APOLLOHOSP.NS
2026-08-24,9224.12,9098.28,9348.23,APOLLOHOSP.NS
2026-08-25,9241.47,9108.13,9376.21,APOLLOHOSP.NS
2026-08-26,9277.0,9155.17,9406.93,APOLLOHOSP.NS
2026-08-27,9285.79,9143.67,9414.6,APOLLOHOSP.NS
2026-08-28,9295.49,9170.98,9424.76,APOLLOHOSP.NS
2026-08-31,9316.95,9191.85,9446.18,APOLLOHOSP.NS
2026-09-01,9325.04,9198.19,9456.15,APOLLOHOSP.NS
2026-09-02,9350.9,9218.78,9480.62,APOLLOHOSP.NS
2026-09-03,9349.64,9218.82,9472.61,APOLLOHOSP.NS
2025-07-24,2318.34,2267.39,2369.82,ASIANPAINT.NS
2025-07-25,2332.29,2280.27,2388.4,ASIANPAINT.NS
2025-07-28,2351.54,2297.06,2403.11,ASIANPAINT.NS
2025-07-29,2361.64,2307.28,2419.18,ASIANPAINT.NS
2025-07-30,2382.97,2330.88,2435.14,ASIANPAINT.NS
2025-07-31,2383.82,2331.05,2438.92,ASIANPAINT.NS
2025-08-01,2400.42,2345.84,2451.06,ASIANPAINT.NS
2025-08-04,2422.94,2369.97,2475.39,ASIANPAINT.NS
2025-08-05,2432.55,2383.29,2482.51,ASIANPAINT.NS
2025-08-06,2452.62,2400.16,2504.31,ASIANPAINT.NS
2025-08-07,2451.49,2399.83,2507.1,ASIANPAINT.NS
2025-08-08,2465.45,2413.24,2519.31,ASIANPAINT.NS
2025-08-11,2476.92,2424.88,2530.05,ASIANPAINT.NS
2025-08-12,2482.12,2424.34,2535.85,ASIANPAINT.NS
2025-08-13,2497.59,2447.02,2549.81,ASIANPAINT.NS
2025-08-14,2491.8,2437.16,2541.85,ASIANPAINT.NS
2025-08-18,2499.83,2446.41,2553.89,ASIANPAINT.NS
2025-08-19,2501.43,2444.68,2551.09,ASIANPAINT.NS
2025-08-20,2513.74,2462.55,2564.76,ASIANPAINT.NS
2025-08-21,2505.25,2451.07,2557.31,ASIANPAINT.NS
2025-08-22,2512.37,2456.87,2568.2,ASIANPAINT.NS
2025-08-25,2507.36,2454.34,2562.5,ASIANPAINT.NS
2025-08-26,2508.56,2456.35,2563.2,ASIANPAINT.NS
2025-08-28,2512.51,2459.64,2564.64,ASIANPAINT.NS
2025-08-29,2519.98,2466.19,2577.99,ASIANPAINT.NS
2025-09-01,2516.06,2465.5,2567.87,ASIANPAINT.NS
2025-09-02,2517.32,2465.02,2566.74,ASIANPAINT.NS
2025-09-03,2529.3,2478.13,2580.76,ASIANPAINT.NS
2025-09-04,2520.34,2465.06,2574.25,ASIANPAINT.NS
2025-09-05,2526.68,2471.17,2580.15,ASIANPAINT.NS
2025-09-08,2516.07,2460.53,2571.46,ASIANPAINT.NS
2025-09-09,2513.93,2462.81,2567.86,ASIANPAINT.NS
2025-09-10,2521.93,2470.87,2577.74,ASIANPAINT.NS
2025-09-11,2508.45,2454.49,2557.68,ASIANPAINT.NS
2025-09-12,2509.78,2457.13,2564.69,ASIANPAINT.NS
2025-09-15,2482.07,2429.51,2540.11,ASIANPAINT.NS
2025-09-16,2473.88,2420.15,2524.39,ASIANPAINT.NS
2025-09-17,2475.87,2424.55,2535.81,ASIANPAINT.NS
2025-09-18,2456.54,2403.16,2512.12,ASIANPAINT.NS
2025-09-19,2452.33,2395.28,2506.59,ASIANPAINT.NS
2025-09-22,2411.12,2357.84,2462.34,ASIANPAINT.NS
2025-09-23,2399.88,2347.15,2451.84,ASIANPAINT.NS
2025-09-24,2399.7,2347.68,2450.07,ASIANPAINT.NS
2025-09-25,2379.18,2325.76,2435.49,ASIANPAINT.NS
2025-09-26,2374.82,2321.48,2425.28,ASIANPAINT.NS
2025-09-29,2339.55,2286.21,2389.91,ASIANPAINT.NS
2025-09-30,2332.4,2280.55,2382.24,ASIANPAINT.NS
2025-10-01,2337.3,2284.91,2393.74,ASIANPAINT.NS
2025-10-03,2325.18,2273.08,2377.26,ASIANPAINT.NS
2025-10-06,2313.93,2259.9,2366.15,ASIANPAINT.NS
2025-10-07,2315.54,2262.49,2365.64,ASIANPAINT.NS
2025-10-08,2329.34,2275.87,2379.57,ASIANPAINT.NS
2025-10-09,2323.69,2274.13,2374.95,ASIANPAINT.NS
2025-10-10,2334.84,2281.98,2387.3,ASIANPAINT.NS
2025-10-13,2347.53,2294.94,2402.12,ASIANPAINT.NS
2025-10-14,2356.01,2303.87,2407.07,ASIANPAINT.NS
2025-10-15,2375.98,2321.29,2428.3,ASIANPAINT.NS
2025-10-16,2375.75,2321.18,2428.86,ASIANPAINT.NS
2025-10-17,2391.55,2339.67,2443.99,ASIANPAINT.NS
2025-10-20,2413.6,2361.74,2462.74,ASIANPAINT.NS
2025-10-21,2423.8,2371.42,2474.74,ASIANPAINT.NS
2025-10-23,2445.32,2392.35,2498.09,ASIANPAINT.NS
2025-10-24,2461.37,2407.57,2512.3,ASIANPAINT.NS
2025-10-27,2483.02,2429.98,2536.38,ASIANPAINT.NS
2025-10-28,2493.1,2435.96,2545.68,ASIANPAINT.NS
2025-10-29,2514.29,2461.94,2568.95,ASIANPAINT.NS
2025-10-30,2515.08,2464.73,2567.97,ASIANPAINT.NS
2025-10-31,2531.91,2478.03,2583.34,ASIANPAINT.NS
2025-11-03,2558.82,2504.72,2612.49,ASIANPAINT.NS
2025-11-04,2571.72,2518.7,2626.61,ASIANPAINT.NS
2025-11-06,2600.86,2548.85,2655.34,ASIANPAINT.NS
2025-11-07,2621.91,2564.45,2672.8,ASIANPAINT.NS
2025-11-10,2662.95,2612.72,2717.84,ASIANPAINT.NS
2025-11-11,2680.62,2628.33,2732.65,ASIANPAINT.NS
2025-11-12,2709.71,2657.26,2760.06,ASIANPAINT.NS
2025-11-13,2718.49,2661.53,2771.34,ASIANPAINT.NS
2025-11-14,2743.18,2690.12,2794.12,ASIANPAINT.NS
2025-11-17,2790.33,2737.64,2841.29,ASIANPAINT.NS
2025-11-18,2807.97,2755.43,2862.7,ASIANPAINT.NS
2025-11-19,2835.81,2784.17,2887.24,ASIANPAINT.NS
2025-11-20,2842.04,2791.37,2894.04,ASIANPAINT.NS
2025-11-21,2862.82,2808.31,2917.29,ASIANPAINT.NS
2025-11-24,2890.0,2838.89,2943.03,ASIANPAINT.NS
2025-11-25,2898.37,2845.36,2948.27,ASIANPAINT.NS
2025-11-26,2915.76,2864.57,2969.78,ASIANPAINT.NS
2025-11-27,2910.52,2857.47,2965.41,ASIANPAINT.NS
2025-11-28,2918.94,2869.35,2975.59,ASIANPAINT.NS
2025-12-01,2905.7,2856.1,2956.72,ASIANPAINT.NS
2025-12-02,2900.2,2846.85,2948.28,ASIANPAINT.NS
2025-12-03,2903.92,2851.96,2959.85,ASIANPAINT.NS
2025-12-04,2885.45,2834.02,2937.54,ASIANPAINT.NS
2025-12-05,2881.31,2823.31,2938.79,ASIANPAINT.NS
2025-12-08,2836.57,2786.86,2890.78,ASIANPAINT.NS
2025-12-09,2823.28,2768.74,2871.15,ASIANPAINT.NS
2025-12-10,2820.8,2770.21,2874.94,ASIANPAINT.NS
2025-12-11,2797.82,2746.58,2851.37,ASIANPAINT.NS
2025-12-12,2790.96,2735.42,2842.19,ASIANPAINT.NS
2025-12-15,2748.85,2696.77,2802.19,ASIANPAINT.NS
2025-12-16,2739.89,2685.39,2794.97,ASIANPAINT.NS
2025-12-17,2743.31,2689.41,2798.74,ASIANPAINT.NS
2025-12-18,2727.66,2671.47,2777.67,ASIANPAINT.NS
2025-12-19,2729.35,2677.63,2786.31,ASIANPAINT.NS
2025-12-22,2718.19,2663.53,2770.65,ASIANPAINT.NS
2025-12-23,2720.49,2667.74,2777.8,ASIANPAINT.NS
2025-12-24,2735.22,2680.18,2788.18,ASIANPAINT.NS
2025-12-26,2742.95,2692.15,2792.22,ASIANPAINT.NS
2025-12-29,2758.38,2703.1,2807.21,ASIANPAINT.NS
2025-12-30,2767.1,2715.52,2821.96,ASIANPAINT.NS
2025-12-31,2786.74,2731.83,2839.51,ASIANPAINT.NS
2026-01-01,2785.47,2733.16,2838.07,ASIANPAINT.NS
2026-01-02,2799.36,2746.4,2850.07,ASIANPAINT.NS
2026-01-05,2808.95,2757.39,2864.95,ASIANPAINT.NS
2026-01-06,2812.27,2758.23,2863.54,ASIANPAINT.NS
2026-01-07,2824.93,2769.93,2876.92,ASIANPAINT.NS
2026-01-08,2815.19,2759.15,2865.73,ASIANPAINT.NS
2026-01-09,2819.3,2766.26,2872.34,ASIANPAINT.NS
2026-01-12,2793.59,2739.86,2849.11,ASIANPAINT.NS
2026-01-13,2783.89,2731.68,2834.63,ASIANPAINT.NS
2026-01-14,2783.26,2732.31,2835.74,ASIANPAINT.NS
2026-01-15,2760.25,2705.19,2813.78,ASIANPAINT.NS
2026-01-16,2751.31,2699.25,2809.56,ASIANPAINT.NS
2026-01-19,2690.08,2642.14,2740.92,ASIANPAINT.NS
2026-01-20,2670.39,2616.8,2720.45,ASIANPAINT.NS
2026-01-21,2661.0,2611.06,2714.42,ASIANPAINT.NS
2026-01-22,2630.55,2576.83,2681.61,ASIANPAINT.NS
2026-01-23,2615.62,2563.02,2671.07,ASIANPAINT.NS
2026-01-27,2526.03,2476.24,2577.02,ASIANPAINT.NS
2026-01-28,2518.29,2463.91,2573.09,ASIANPAINT.NS
2026-01-29,2490.91,2438.17,2549.13,ASIANPAINT.NS
2026-01-30,2480.36,2431.38,2532.03,ASIANPAINT.NS
2026-02-02,2430.11,2378.2,2481.78,ASIANPAINT.NS
2026-02-03,2418.89,2367.1,2470.48,ASIANPAINT.NS
2026-02-04,2420.02,2367.29,2474.05,ASIANPAINT.NS
2026-02-05,2401.92,2351.44,2452.92,ASIANPAINT.NS
2026-02-06,2400.87,2352.59,2451.89,ASIANPAINT.NS
2026-02-09,2378.69,2327.23,2432.28,ASIANPAINT.NS
2026-02-10,2376.17,2323.65,2429.9,ASIANPAINT.NS
2026-02-11,2385.43,2331.76,2439.17,ASIANPAINT.NS
2026-02-12,2374.77,2318.41,2427.41,ASIANPAINT.NS
2026-02-13,2380.37,2327.32,2432.53,ASIANPAINT.NS
2026-02-16,2372.71,2318.76,2424.97,ASIANPAINT.NS
2026-02-17,2373.05,2325.34,2419.85,ASIANPAINT.NS
2026-02-18,2384.17,2331.42,2442.41,ASIANPAINT.NS
2026-02-19,2374.36,2321.69,2427.91,ASIANPAINT.NS
2026-02-20,2379.86,2327.65,2430.7,ASIANPAINT.NS
2026-02-23,2366.56,2314.77,2418.35,ASIANPAINT.NS
2026-02-24,2363.49,2314.26,2416.09,ASIANPAINT.NS
2026-02-25,2370.59,2318.05,2425.29,ASIANPAINT.NS
2026-02-26,2356.24,2304.14,2409.75,ASIANPAINT.NS
2026-02-27,2356.76,2302.09,2405.51,ASIANPAINT.NS
2026-03-02,2327.16,2272.58,2376.02,ASIANPAINT.NS
2026-03-04,2320.24,2264.93,2371.1,ASIANPAINT.NS
2026-03-05,2300.71,2248.09,2351.48,ASIANPAINT.NS
2026-03-06,2296.38,2242.04,2351.3,ASIANPAINT.NS
2026-03-09,2255.08,2205.93,2312.59,ASIANPAINT.NS
2026-03-10,2243.78,2193.71,2299.09,ASIANPAINT.NS
2026-03-11,2243.47,2187.52,2293.31,ASIANPAINT.NS
2026-03-12,2222.72,2170.44,2277.13,ASIANPAINT.NS
2026-03-13,2217.96,2164.33,2269.35,ASIANPAINT.NS
2026-03-16,2180.41,2126.9,2235.83,ASIANPAINT.NS
2026-03-17,2172.07,2116.63,2224.63,ASIANPAINT.NS
2026-03-18,2175.57,2120.53,2226.93,ASIANPAINT.NS
2026-03-19,2159.43,2107.98,2210.93,ASIANPAINT.NS
2026-03-20,2160.07,2111.89,2212.22,ASIANPAINT.NS
2026-03-23,2142.93,2089.39,2193.46,ASIANPAINT.NS
2026-03-24,2142.58,2094.21,2194.45,ASIANPAINT.NS
2026-03-25,2154.54,2102.91,2204.89,ASIANPAINT.NS
2026-03-27,2157.02,2105.14,2207.06,ASIANPAINT.NS
2026-03-30,2167.96,2116.38,2221.66,ASIANPAINT.NS
2026-04-01,2197.82,2144.22,2249.32,ASIANPAINT.NS
2026-04-02,2199.17,2146.05,2252.79,ASIANPAINT.NS
2026-04-06,2249.12,2192.07,2302.99,ASIANPAINT.NS
2026-04-07,2263.54,2208.15,2320.41,ASIANPAINT.NS
2026-04-08,2289.19,2236.63,2340.06,ASIANPAINT.NS
2026-04-09,2294.34,2242.88,2345.64,ASIANPAINT.NS
2026-04-10,2315.19,2263.55,2371.13,ASIANPAINT.NS
2026-04-13,2350.05,2296.81,2400.8,ASIANPAINT.NS
2026-04-15,2387.48,2334.59,2437.69,ASIANPAINT.NS
2026-04-16,2390.06,2334.48,2442.39,ASIANPAINT.NS
2026-04-17,2407.59,2350.49,2462.03,ASIANPAINT.NS
2026-04-20,2428.93,2379.46,2482.72,ASIANPAINT.NS
2026-04-21,2437.09,2384.04,2486.58,ASIANPAINT.NS
2026-04-22,2455.37,2401.57,2510.19,ASIANPAINT.NS
2026-04-23,2452.21,2399.19,2506.96,ASIANPAINT.NS
2026-04-24,2463.99,2410.9,2513.2,ASIANPAINT.NS
2026-04-27,2469.14,2416.55,2523.06,ASIANPAINT.NS
2026-04-28,2472.61,2420.09,2527.24,ASIANPAINT.NS
2026-04-29,2486.68,2432.68,2537.48,ASIANPAINT.NS
2026-04-30,2479.87,2428.86,2529.3,ASIANPAINT.NS
2026-05-01,2488.64,2437.3,2541.32,ASIANPAINT.NS
2026-05-04,2488.75,2435.25,2537.16,ASIANPAINT.NS
2026-05-05,2491.91,2435.94,2542.51,ASIANPAINT.NS
2026-05-06,2506.34,2454.02,2557.86,ASIANPAINT.NS
2026-05-07,2500.5,2449.17,2552.81,ASIANPAINT.NS
2026-05-08,2510.78,2455.38,2563.46,ASIANPAINT.NS
2026-05-11,2518.11,2465.67,2570.75,ASIANPAINT.NS
2026-05-12,2524.26,2475.08,2576.68,ASIANPAINT.NS
2026-05-13,2541.81,2488.39,2594.01,ASIANPAINT.NS
2026-05-14,2539.13,2485.84,2592.98,ASIANPAINT.NS
2026-05-15,2552.53,2499.74,2605.23,ASIANPAINT.NS
2026-05-18,2567.88,2514.44,2622.32,ASIANPAINT.NS
2026-05-19,2576.02,2521.99,2628.32,ASIANPAINT.NS
2026-05-20,2595.1,2540.97,2648.36,ASIANPAINT.NS
2026-05-21,2593.46,2541.14,2649.15,ASIANPAINT.NS
2026-05-22,2607.36,2556.54,2661.23,ASIANPAINT.NS
2026-05-25,2620.98,2568.56,2672.32,ASIANPAINT.NS
2026-05-26,2627.5,2580.11,2680.48,ASIANPAINT.NS
2026-05-27,2644.5,2592.8,2699.14,ASIANPAINT.NS
2026-05-28,2640.36,2585.87,2691.52,ASIANPAINT.NS
2026-05-29,2651.42,2595.87,2702.5,ASIANPAINT.NS
2026-06-01,2655.13,2604.14,2709.03,ASIANPAINT.NS
2026-06-02,2658.16,2607.32,2715.62,ASIANPAINT.NS
2026-06-03,2671.7,2621.42,2729.59,ASIANPAINT.NS
2026-06-04,2664.21,2613.0,2715.88,ASIANPAINT.NS
2026-06-05,2672.1,2615.52,2723.99,ASIANPAINT.NS
2026-06-08,2667.98,2615.03,2718.24,ASIANPAINT.NS
2026-06-09,2669.08,2615.95,2718.03,ASIANPAINT.NS
2026-06-10,2681.08,2628.03,2733.5,ASIANPAINT.NS
2026-06-11,2672.45,2620.25,2725.78,ASIANPAINT.NS
2026-06-12,2679.57,2628.13,2730.61,ASIANPAINT.NS
2026-06-15,2675.15,2624.36,2727.94,ASIANPAINT.NS
2026-06-16,2676.68,2618.57,2726.12,ASIANPAINT.NS
2026-06-17,2689.28,2634.73,2744.45,ASIANPAINT.NS
2026-06-18,2681.35,2622.26,2732.88,ASIANPAINT.NS
2026-06-19,2689.2,2634.04,2739.23,ASIANPAINT.NS
2026-06-22,2686.56,2634.62,2737.82,ASIANPAINT.NS
2026-06-23,2688.34,2637.17,2744.81,ASIANPAINT.NS
2026-06-24,2700.92,2647.97,2755.62,ASIANPAINT.NS
2026-06-25,2692.69,2640.2,2744.32,ASIANPAINT.NS
2026-06-26,2699.92,2644.36,2752.26,ASIANPAINT.NS
2026-06-29,2693.46,2643.74,2745.63,ASIANPAINT.NS
2026-06-30,2693.36,2641.36,2743.69,ASIANPAINT.NS
2026-07-01,2703.83,2651.16,2760.47,ASIANPAINT.NS
2026-07-02,2693.3,2634.66,2747.85,ASIANPAINT.NS
2026-07-03,2698.11,2644.15,2750.47,ASIANPAINT.NS
2026-07-06,2684.41,2632.2,2735.65,ASIANPAINT.NS
2026-07-07,2682.19,2627.76,2733.35,ASIANPAINT.NS
2026-07-08,2690.82,2636.76,2745.14,ASIANPAINT.NS
2026-07-09,2678.82,2621.58,2729.79,ASIANPAINT.NS
2026-07-10,2682.6,2630.58,2736.23,ASIANPAINT.NS
2026-07-13,2669.12,2617.04,2723.29,ASIANPAINT.NS
2026-07-14,2668.21,2620.37,2718.74,ASIANPAINT.NS
2026-07-15,2678.81,2628.71,2731.63,ASIANPAINT.NS
2026-07-16,2669.44,2614.36,2722.68,ASIANPAINT.NS
2026-07-17,2676.5,2624.6,2727.97,ASIANPAINT.NS
2026-07-20,2676.23,2624.47,2729.05,ASIANPAINT.NS
2026-07-21,2680.63,2629.42,2733.72,ASIANPAINT.NS
2026-07-22,2696.87,2646.82,2750.14,ASIANPAINT.NS
2026-07-23,2693.33,2641.06,2747.1,ASIANPAINT.NS
2026-07-24,2706.33,2654.03,2758.09,ASIANPAINT.NS
2026-07-27,2723.31,2670.37,2771.47,ASIANPAINT.NS
2026-07-28,2732.9,2680.3,2787.4,ASIANPAINT.NS
2026-07-29,2753.86,2696.23,2804.88,ASIANPAINT.NS
2026-07-30,2754.5,2701.05,2805.44,ASIANPAINT.NS
2026-07-31,2771.03,2717.93,2825.41,ASIANPAINT.NS
2026-08-03,2794.22,2742.34,2847.75,ASIANPAINT.NS
2026-08-04,2804.31,2751.61,2860.02,ASIANPAINT.NS
2026-08-05,2824.97,2770.42,2880.58,ASIANPAINT.NS
2026-08-06,2824.53,2770.88,2879.23,ASIANPAINT.NS
2026-08-07,2839.26,2787.58,2889.46,ASIANPAINT.NS
2026-08-10,2853.28,2801.32,2906.49,ASIANPAINT.NS
2026-08-11,2859.35,2804.35,2908.12,ASIANPAINT.NS
2026-08-12,2875.66,2821.61,2927.2,ASIANPAINT.NS
2026-08-13,2870.67,2818.48,2922.83,ASIANPAINT.NS
2026-08-14,2880.73,2831.24,2931.71,ASIANPAINT.NS
2026-08-17,2881.2,2828.73,2937.06,ASIANPAINT.NS
2026-08-18,2883.21,2830.65,2936.47,ASIANPAINT.NS
2026-08-19,2895.83,2840.76,2944.88,ASIANPAINT.NS
2026-08-20,2887.56,2835.97,2939.42,ASIANPAINT.NS
2026-08-21,2894.82,2845.08,2949.69,ASIANPAINT.NS
2026-08-24,2889.78,2837.52,2943.77,ASIANPAINT.NS
2026-08-25,2890.9,2844.27,2943.91,ASIANPAINT.NS
2026-08-26,2903.03,2850.76,2954.93,ASIANPAINT.NS
2026-08-27,2894.62,2842.36,2951.05,ASIANPAINT.NS
2026-08-28,2902.0,2850.31,2952.97,ASIANPAINT.NS
2026-08-31,2898.12,2845.93,2951.33,ASIANPAINT.NS
2026-09-01,2899.55,2844.53,2952.9,ASIANPAINT.NS
2026-09-02,2911.8,2855.57,2964.23,ASIANPAINT.NS
2026-09-03,2903.21,2851.81,2954.38,ASIANPAINT.NS
2025-07-24,1074.29,1048.8,1099.64,AXISBANK.NS
2025-07-25,1072.72,1045.85,1097.61,AXISBANK.NS
2025-07-28,1067.73,1042.11,1093.39,AXISBANK.NS
2025-07-29,1066.85,1040.58,1091.76,AXISBANK.NS
2025-07-30,1072.21,1048.61,1098.19,AXISBANK.NS
2025-07-31,1071.17,1045.27,1094.23,AXISBANK.NS
2025-08-01,1072.57,1047.56,1097.48,AXISBANK.NS
2025-08-04,1073.74,1045.33,1099.5,AXISBANK.NS
2025-08-05,1073.91,1049.91,1098.49,AXISBANK.NS
2025-08-06,1079.78,1055.86,1104.48,AXISBANK.NS
2025-08-07,1078.75,1054.58,1103.98,AXISBANK.NS
2025-08-08,1079.69,1055.76,1105.3,AXISBANK.NS
2025-08-11,1077.04,1051.37,1103.44,AXISBANK.NS
2025-08-12,1075.32,1049.92,1099.16,AXISBANK.NS
2025-08-13,1079.11,1053.0,1105.75,AXISBANK.NS
2025-08-14,1075.87,1050.79,1100.56,AXISBANK.NS
2025-08-18,1065.73,1040.01,1091.78,AXISBANK.NS
2025-08-19,1062.35,1036.52,1089.34,AXISBANK.NS
2025-08-20,1064.8,1040.38,1090.36,AXISBANK.NS
2025-08-21,1060.59,1036.68,1084.32,AXISBANK.NS
2025-08-22,1058.71,1033.84,1083.85,AXISBANK.NS
2025-08-25,1050.77,1025.74,1074.87,AXISBANK.NS
2025-08-26,1048.58,1022.26,1072.71,AXISBANK.NS
2025-08-28,1050.47,1026.03,1075.45,AXISBANK.NS
2025-08-29,1050.97,1026.43,1076.04,AXISBANK.NS
2025-09-01,1051.83,1026.66,1077.4,AXISBANK.NS
2025-09-02,1052.94,1029.67,1078.67,AXISBANK.NS
2025-09-03,1060.37,1036.78,1085.86,AXISBANK.NS
2025-09-04,1061.55,1035.59,1085.63,AXISBANK.NS
2025-09-05,1065.35,1040.18,1092.97,AXISBANK.NS
2025-09-08,1075.14,1050.89,1101.01,AXISBANK.NS
2025-09-09,1078.72,1052.88,1103.35,AXISBANK.NS
2025-09-10,1088.31,1064.03,1113.35,AXISBANK.NS
2025-09-11,1091.3,1065.66,1116.61,AXISBANK.NS
2025-09-12,1096.54,1072.37,1122.4,AXISBANK.NS
2025-09-15,1108.41,1083.33,1134.02,AXISBANK.NS
2025-09-16,1111.97,1085.85,1135.59,AXISBANK.NS
2025-09-17,1121.22,1098.23,1148.63,AXISBANK.NS
2025-09-18,1123.57,1099.51,1148.26,AXISBANK.NS
2025-09-19,1127.94,1102.88,1155.33,AXISBANK.NS
2025-09-22,1136.13,1111.38,1160.81,AXISBANK.NS
2025-09-23,1138.29,1114.23,1163.73,AXISBANK.NS
2025-09-24,1146.12,1119.76,1170.08,AXISBANK.NS
2025-09-25,1147.09,1123.16,1171.2,AXISBANK.NS
2025-09-26,1150.16,1126.02,1177.7,AXISBANK.NS
2025-09-29,1155.28,1130.83,1182.02,AXISBANK.NS
2025-09-30,1156.76,1131.67,1182.12,AXISBANK.NS
2025-10-01,1164.13,1140.44,1188.42,AXISBANK.NS
2025-10-03,1167.85,1143.57,1193.82,AXISBANK.NS
2025-10-06,1173.84,1146.79,1197.14,AXISBANK.NS
2025-10-07,1175.89,1151.05,1201.1,AXISBANK.NS
2025-10-08,1183.9,1159.54,1208.49,AXISBANK.NS
2025-10-09,1185.3,1159.74,1210.76,AXISBANK.NS
2025-10-10,1189.0,1163.6,1212.55,AXISBANK.NS
2025-10-13,1196.76,1170.74,1222.17,AXISBANK.NS
2025-10-14,1199.16,1174.66,1223.42,AXISBANK.NS
2025-10-15,1207.37,1181.51,1231.23,AXISBANK.NS
2025-10-16,1208.78,1183.04,1232.47,AXISBANK.NS
2025-10-17,1212.3,1186.97,1237.68,AXISBANK.NS
2025-10-20,1218.2,1191.73,1243.32,AXISBANK.NS
2025-10-21,1219.57,1194.84,1245.58,AXISBANK.NS
2025-10-23,1226.59,1200.85,1252.19,AXISBANK.NS
2025-10-24,1228.6,1203.51,1253.41,AXISBANK.NS
2025-10-27,1229.51,1206.25,1252.54,AXISBANK.NS
2025-10-28,1229.2,1204.07,1253.11,AXISBANK.NS
2025-10-29,1234.56,1209.66,1260.07,AXISBANK.NS
2025-10-30,1233.07,1209.05,1259.05,AXISBANK.NS
2025-10-31,1233.68,1209.02,1257.33,AXISBANK.NS
2025-11-03,1231.59,1206.01,1256.36,AXISBANK.NS
2025-11-04,1230.76,1205.92,1255.63,AXISBANK.NS
2025-11-06,1234.37,1209.47,1258.34,AXISBANK.NS
2025-11-07,1235.26,1209.82,1260.09,AXISBANK.NS
2025-11-10,1235.48,1209.92,1260.08,AXISBANK.NS
2025-11-11,1235.84,1211.45,1260.53,AXISBANK.NS
2025-11-12,1242.29,1216.65,1267.57,AXISBANK.NS
2025-11-13,1242.28,1218.4,1266.25,AXISBANK.NS
2025-11-14,1244.72,1218.6,1269.84,AXISBANK.NS
2025-11-17,1249.58,1222.77,1273.96,AXISBANK.NS
2025-11-18,1251.32,1225.67,1277.17,AXISBANK.NS
2025-11-19,1259.0,1234.97,1285.57,AXISBANK.NS
2025-11-20,1260.01,1234.7,1284.55,AXISBANK.NS
2025-11-21,1263.23,1238.23,1288.44,AXISBANK.NS
2025-11-24,1268.75,1244.73,1294.59,AXISBANK.NS
2025-11-25,1270.07,1244.55,1296.76,AXISBANK.NS
2025-11-26,1277.0,1252.51,1303.67,AXISBANK.NS
2025-11-27,1276.94,1251.03,1302.13,AXISBANK.NS
2025-11-28,1278.78,1255.57,1304.05,AXISBANK.NS
2025-12-01,1278.47,1253.59,1306.03,AXISBANK.NS
2025-12-02,1277.4,1252.74,1301.15,AXISBANK.NS
2025-12-03,1281.79,1257.26,1305.26,AXISBANK.NS
2025-12-04,1279.08,1255.27,1302.23,AXISBANK.NS
2025-12-05,1278.21,1253.71,1303.68,AXISBANK.NS
2025-12-08,1269.97,1243.62,1294.42,AXISBANK.NS
2025-12-09,1266.51,1242.19,1290.14,AXISBANK.NS
2025-12-10,1268.69,1242.58,1292.99,AXISBANK.NS
2025-12-11,1264.03,1239.6,1288.74,AXISBANK.NS
2025-12-12,1261.49,1237.56,1286.01,AXISBANK.NS
2025-12-15,1250.25,1225.27,1275.25,AXISBANK.NS
2025-12-16,1246.53,1219.89,1270.41,AXISBANK.NS
2025-12-17,1248.84,1224.1,1275.26,AXISBANK.NS
2025-12-18,1244.69,1220.86,1269.01,AXISBANK.NS
2025-12-19,1243.04,1218.37,1267.01,AXISBANK.NS
2025-12-22,1236.55,1211.34,1261.59,AXISBANK.NS
2025-12-23,1234.99,1209.15,1259.08,AXISBANK.NS
2025-12-24,1239.72,1214.92,1264.51,AXISBANK.NS
2025-12-26,1239.26,1215.5,1262.73,AXISBANK.NS
2025-12-29,1241.38,1216.2,1265.6,AXISBANK.NS
2025-12-30,1242.66,1219.34,1267.21,AXISBANK.NS
2025-12-31,1250.12,1224.34,1275.65,AXISBANK.NS
2026-01-01,1251.17,1225.7,1275.86,AXISBANK.NS
2026-01-02,1254.68,1229.48,1282.11,AXISBANK.NS
2026-01-05,1262.65,1236.66,1286.81,AXISBANK.NS
2026-01-06,1265.32,1241.65,1289.06,AXISBANK.NS
2026-01-07,1273.87,1249.71,1297.83,AXISBANK.NS
2026-01-08,1275.7,1250.15,1300.51,AXISBANK.NS
2026-01-09,1279.67,1254.19,1303.51,AXISBANK.NS
2026-01-12,1287.24,1263.95,1313.02,AXISBANK.NS
2026-01-13,1289.25,1264.65,1314.49,AXISBANK.NS
2026-01-14,1296.9,1269.85,1322.51,AXISBANK.NS
2026-01-15,1297.62,1273.34,1322.87,AXISBANK.NS
2026-01-16,1300.35,1275.64,1325.15,AXISBANK.NS
2026-01-19,1303.57,1277.19,1328.07,AXISBANK.NS
2026-01-20,1304.07,1280.47,1328.54,AXISBANK.NS
2026-01-21,1310.25,1283.89,1334.4,AXISBANK.NS
2026-01-22,1309.59,1284.0,1333.85,AXISBANK.NS
2026-01-23,1311.04,1284.9,1335.07,AXISBANK.NS
2026-01-27,1311.45,1287.26,1335.27,AXISBANK.NS
2026-01-28,1317.38,1294.77,1341.68,AXISBANK.NS
2026-01-29,1316.71,1291.65,1341.67,AXISBANK.NS
2026-01-30,1318.41,1293.56,1343.3,AXISBANK.NS
2026-02-02,1321.07,1295.43,1346.44,AXISBANK.NS
2026-02-03,1322.25,1295.69,1345.55,AXISBANK.NS
2026-02-04,1329.55,1304.09,1355.03,AXISBANK.NS
2026-02-05,1330.4,1304.18,1355.6,AXISBANK.NS
2026-02-06,1333.73,1308.86,1358.32,AXISBANK.NS
2026-02-09,1341.46,1316.83,1367.6,AXISBANK.NS
2026-02-10,1344.23,1320.6,1370.04,AXISBANK.NS
2026-02-11,1352.97,1326.67,1378.97,AXISBANK.NS
2026-02-12,1355.06,1331.15,1379.91,AXISBANK.NS
2026-02-13,1359.38,1334.31,1383.03,AXISBANK.NS
2026-02-16,1368.05,1343.2,1392.94,AXISBANK.NS
2026-02-17,1370.31,1346.26,1397.03,AXISBANK.NS
2026-02-18,1378.05,1352.96,1403.81,AXISBANK.NS
2026-02-19,1378.66,1356.45,1404.27,AXISBANK.NS
2026-02-20,1380.97,1356.03,1406.66,AXISBANK.NS
2026-02-23,1380.46,1356.75,1405.76,AXISBANK.NS
2026-02-24,1378.63,1353.1,1402.91,AXISBANK.NS
2026-02-25,1381.84,1357.03,1408.09,AXISBANK.NS
2026-02-26,1377.48,1352.29,1402.44,AXISBANK.NS
2026-02-27,1374.46,1349.15,1398.81,AXISBANK.NS
2026-03-02,1356.41,1333.23,1382.07,AXISBANK.NS
2026-03-04,1345.62,1320.28,1371.5,AXISBANK.NS
2026-03-05,1335.3,1308.0,1359.77,AXISBANK.NS
2026-03-06,1326.54,1302.08,1350.2,AXISBANK.NS
2026-03-09,1293.58,1269.58,1317.99,AXISBANK.NS
2026-03-10,1281.77,1256.57,1307.84,AXISBANK.NS
2026-03-11,1275.71,1250.41,1298.15,AXISBANK.NS
2026-03-12,1262.97,1238.17,1287.33,AXISBANK.NS
2026-03-13,1252.61,1227.07,1276.16,AXISBANK.NS
2026-03-16,1220.35,1196.14,1245.74,AXISBANK.NS
2026-03-17,1210.69,1185.23,1234.68,AXISBANK.NS
2026-03-18,1207.74,1181.92,1232.23,AXISBANK.NS
2026-03-19,1199.05,1170.66,1224.68,AXISBANK.NS
2026-03-20,1193.65,1170.86,1219.82,AXISBANK.NS
2026-03-23,1181.07,1156.05,1206.57,AXISBANK.NS
2026-03-24,1179.29,1154.85,1205.76,AXISBANK.NS
2026-03-25,1184.71,1157.99,1211.72,AXISBANK.NS
2026-03-27,1188.33,1162.78,1213.81,AXISBANK.NS
2026-03-30,1202.69,1176.13,1225.87,AXISBANK.NS
2026-04-01,1222.94,1197.58,1247.02,AXISBANK.NS
2026-04-02,1230.47,1206.07,1255.42,AXISBANK.NS
2026-04-06,1270.34,1244.25,1295.59,AXISBANK.NS
2026-04-07,1280.13,1256.77,1304.7,AXISBANK.NS
2026-04-08,1295.58,1269.38,1318.23,AXISBANK.NS
2026-04-09,1303.95,1279.36,1329.53,AXISBANK.NS
2026-04-10,1314.02,1287.78,1338.1,AXISBANK.NS
2026-04-13,1336.19,1310.6,1360.74,AXISBANK.NS
2026-04-15,1351.71,1327.12,1376.77,AXISBANK.NS
2026-04-16,1354.03,1328.35,1379.25,AXISBANK.NS
2026-04-17,1357.43,1330.17,1382.04,AXISBANK.NS
2026-04-20,1356.98,1331.32,1381.74,AXISBANK.NS
2026-04-21,1354.41,1328.07,1379.0,AXISBANK.NS
2026-04-22,1356.67,1331.78,1381.03,AXISBANK.NS
2026-04-23,1351.27,1325.97,1374.56,AXISBANK.NS
2026-04-24,1347.24,1322.58,1371.77,AXISBANK.NS
2026-04-27,1327.49,1305.3,1352.55,AXISBANK.NS
2026-04-28,1319.81,1293.08,1344.48,AXISBANK.NS
2026-04-29,1317.73,1293.39,1341.12,AXISBANK.NS
2026-04-30,1308.83,1284.85,1333.32,AXISBANK.NS
2026-05-01,1302.15,1277.26,1325.74,AXISBANK.NS
2026-05-04,1279.7,1254.97,1303.96,AXISBANK.NS
2026-05-05,1272.79,1246.5,1297.48,AXISBANK.NS
2026-05-06,1272.24,1246.98,1297.67,AXISBANK.NS
2026-05-07,1265.57,1241.56,1291.86,AXISBANK.NS
2026-05-08,1261.74,1237.27,1286.3,AXISBANK.NS
2026-05-11,1250.62,1225.49,1276.01,AXISBANK.NS
2026-05-12,1248.09,1224.28,1272.54,AXISBANK.NS
2026-05-13,1252.06,1226.78,1276.61,AXISBANK.NS
2026-05-14,1249.94,1224.83,1274.35,AXISBANK.NS
2026-05-15,1250.61,1225.36,1276.92,AXISBANK.NS
2026-05-18,1251.84,1226.44,1276.76,AXISBANK.NS
2026-05-19,1252.83,1227.7,1276.15,AXISBANK.NS
2026-05-20,1259.93,1235.14,1285.83,AXISBANK.NS
2026-05-21,1260.53,1236.34,1286.06,AXISBANK.NS
2026-05-22,1263.49,1240.06,1288.95,AXISBANK.NS
2026-05-25,1269.09,1243.66,1292.11,AXISBANK.NS
2026-05-26,1270.76,1244.61,1295.5,AXISBANK.NS
2026-05-27,1278.22,1251.38,1302.63,AXISBANK.NS
2026-05-28,1278.91,1252.95,1303.28,AXISBANK.NS
2026-05-29,1281.74,1257.51,1305.54,AXISBANK.NS
2026-06-01,1286.21,1262.37,1311.53,AXISBANK.NS
2026-06-02,1287.46,1263.27,1310.85,AXISBANK.NS
2026-06-03,1294.57,1270.72,1319.21,AXISBANK.NS
2026-06-04,1295.02,1270.39,1321.14,AXISBANK.NS
2026-06-05,1297.76,1270.89,1321.24,AXISBANK.NS
2026-06-08,1303.12,1279.32,1328.78,AXISBANK.NS
2026-06-09,1305.09,1279.52,1331.18,AXISBANK.NS
2026-06-10,1313.11,1287.95,1337.81,AXISBANK.NS
2026-06-11,1314.65,1289.47,1339.92,AXISBANK.NS
2026-06-12,1318.62,1293.39,1343.26,AXISBANK.NS
2026-06-15,1328.07,1303.65,1353.55,AXISBANK.NS
2026-06-16,1331.34,1306.47,1356.79,AXISBANK.NS
2026-06-17,1340.54,1314.11,1364.69,AXISBANK.NS
2026-06-18,1343.06,1318.29,1367.65,AXISBANK.NS
2026-06-19,1347.76,1321.42,1372.41,AXISBANK.NS
2026-06-22,1357.31,1330.28,1379.64,AXISBANK.NS
2026-06-23,1359.76,1334.2,1385.4,AXISBANK.NS
2026-06-24,1367.65,1342.03,1392.83,AXISBANK.NS
2026-06-25,1368.37,1343.81,1393.24,AXISBANK.NS
2026-06-26,1370.76,1346.31,1395.62,AXISBANK.NS
2026-06-29,1370.49,1344.95,1394.66,AXISBANK.NS
2026-06-30,1368.81,1343.55,1393.85,AXISBANK.NS
2026-07-01,1372.24,1347.12,1397.33,AXISBANK.NS
2026-07-02,1368.21,1342.53,1395.53,AXISBANK.NS
2026-07-03,1365.65,1340.28,1391.86,AXISBANK.NS
2026-07-06,1350.15,1328.43,1375.15,AXISBANK.NS
2026-07-07,1343.57,1317.41,1368.67,AXISBANK.NS
2026-07-08,1342.33,1315.77,1364.95,AXISBANK.NS
2026-07-09,1333.96,1307.11,1360.22,AXISBANK.NS
2026-07-10,1327.47,1303.95,1351.78,AXISBANK.NS
2026-07-13,1303.26,1278.58,1327.85,AXISBANK.NS
2026-07-14,1294.98,1270.69,1320.15,AXISBANK.NS
2026-07-15,1292.71,1268.92,1318.19,AXISBANK.NS
2026-07-16,1283.98,1260.48,1310.55,AXISBANK.NS
2026-07-17,1277.79,1253.11,1302.87,AXISBANK.NS
2026-07-20,1258.3,1232.13,1282.15,AXISBANK.NS
2026-07-21,1252.72,1229.49,1277.03,AXISBANK.NS
2026-07-22,1253.61,1230.33,1278.06,AXISBANK.NS
2026-07-23,1248.41,1223.87,1271.65,AXISBANK.NS
2026-07-24,1246.07,1221.01,1271.51,AXISBANK.NS
2026-07-27,1239.02,1214.07,1262.93,AXISBANK.NS
2026-07-28,1237.58,1213.19,1262.06,AXISBANK.NS
2026-07-29,1242.46,1215.68,1267.9,AXISBANK.NS
2026-07-30,1241.03,1215.52,1264.68,AXISBANK.NS
2026-07-31,1242.14,1220.18,1266.82,AXISBANK.NS
2026-08-03,1243.01,1218.47,1268.68,AXISBANK.NS
2026-08-04,1243.26,1218.14,1268.02,AXISBANK.NS
2026-08-05,1249.31,1224.52,1274.28,AXISBANK.NS
2026-08-06,1248.52,1221.23,1273.03,AXISBANK.NS
2026-08-07,1249.77,1224.5,1276.26,AXISBANK.NS
2026-08-10,1248.3,1224.3,1273.87,AXISBANK.NS
2026-08-11,1247.0,1222.1,1271.73,AXISBANK.NS
2026-08-12,1251.22,1223.12,1276.66,AXISBANK.NS
2026-08-13,1248.39,1223.71,1274.03,AXISBANK.NS
2026-08-14,1247.46,1223.21,1271.45,AXISBANK.NS
2026-08-17,1239.4,1213.75,1265.53,AXISBANK.NS
2026-08-18,1236.14,1211.2,1260.87,AXISBANK.NS
2026-08-19,1238.64,1213.5,1264.64,AXISBANK.NS
2026-08-20,1234.39,1209.33,1261.01,AXISBANK.NS
2026-08-21,1232.39,1208.79,1256.3,AXISBANK.NS
2026-08-24,1223.58,1198.88,1249.17,AXISBANK.NS
2026-08-25,1220.96,1195.03,1245.39,AXISBANK.NS
2026-08-26,1224.54,1199.05,1250.62,AXISBANK.NS
2026-08-27,1221.81,1197.07,1246.92,AXISBANK.NS
2026-08-28,1221.73,1195.86,1246.55,AXISBANK.NS
2026-08-31,1220.73,1194.54,1245.91,AXISBANK.NS
2026-09-01,1221.23,1197.0,1247.09,AXISBANK.NS
2026-09-02,1228.07,1203.29,1254.51,AXISBANK.NS
2026-09-03,1228.69,1202.97,1253.95,AXISBANK.NS
2025-07-24,7830.38,7643.35,8010.64,BAJAJ-AUTO.NS
2025-07-25,7845.97,7659.85,8027.83,BAJAJ-AUTO.NS
2025-07-28,7956.68,7762.64,8134.43,BAJAJ-AUTO.NS
2025-07-29,7985.23,7810.25,8170.28,BAJAJ-AUTO.NS
2025-07-30,8044.94,7863.3,8233.15,BAJAJ-AUTO.NS
2025-07-31,8083.92,7903.09,8278.96,BAJAJ-AUTO.NS
2025-08-01,8075.05,7885.34,8280.55,BAJAJ-AUTO.NS
2025-08-04,8113.76,7939.05,8292.6,BAJAJ-AUTO.NS
2025-08-05,8120.55,7948.9,8304.84,BAJAJ-AUTO.NS
2025-08-06,8160.46,7976.41,8345.0,BAJAJ-AUTO.NS
2025-08-07,8182.05,7992.64,8356.88,BAJAJ-AUTO.NS
2025-08-08,8158.6,7975.46,8343.64,BAJAJ-AUTO.NS
2025-08-11,8173.55,7997.18,8353.3,BAJAJ-AUTO.NS
2025-08-12,8179.7,8002.57,8371.31,BAJAJ-AUTO.NS
2025-08-13,8222.72,8041.5,8403.51,BAJAJ-AUTO.NS
2025-08-14,8251.08,8073.01,8427.83,BAJAJ-AUTO.NS
2025-08-18,8301.64,8124.45,8482.89,BAJAJ-AUTO.NS
2025-08-19,8328.64,8154.13,8518.1,BAJAJ-AUTO.NS
2025-08-20,8393.92,8231.04,8579.48,BAJAJ-AUTO.NS
2025-08-21,8445.38,8258.61,8626.45,BAJAJ-AUTO.NS
2025-08-22,8455.47,8277.52,8636.98,BAJAJ-AUTO.NS
2025-08-25,8583.59,8402.07,8774.85,BAJAJ-AUTO.NS
2025-08-26,8628.11,8450.56,8812.31,BAJAJ-AUTO.NS
2025-08-28,8770.49,8597.92,8951.57,BAJAJ-AUTO.NS
2025-08-29,8787.76,8611.55,8958.08,BAJAJ-AUTO.NS
2025-09-01,8910.82,8721.89,9097.26,BAJAJ-AUTO.NS
2025-09-02,8944.26,8768.51,9125.94,BAJAJ-AUTO.NS
2025-09-03,9008.33,8836.65,9194.3,BAJAJ-AUTO.NS
2025-09-04,9050.56,8861.23,9235.36,BAJAJ-AUTO.NS
2025-09-05,9043.27,8853.95,9229.28,BAJAJ-AUTO.NS
2025-09-08,9071.33,8893.14,9261.92,BAJAJ-AUTO.NS
2025-09-09,9067.85,8883.13,9252.12,BAJAJ-AUTO.NS
2025-09-10,9093.45,8913.41,9263.74,BAJAJ-AUTO.NS
2025-09-11,9096.42,8919.19,9280.49,BAJAJ-AUTO.NS
2025-09-12,9049.82,8866.77,9248.26,BAJAJ-AUTO.NS
2025-09-15,8967.32,8771.36,9141.07,BAJAJ-AUTO.NS
2025-09-16,8931.86,8758.18,9115.8,BAJAJ-AUTO.NS
2025-09-17,8929.03,8754.57,9103.69,BAJAJ-AUTO.NS
2025-09-18,8907.66,8729.94,9086.57,BAJAJ-AUTO.NS
2025-09-19,8841.27,8655.36,9017.26,BAJAJ-AUTO.NS
2025-09-22,8729.9,8551.77,8915.72,BAJAJ-AUTO.NS
2025-09-23,8695.45,8518.27,8871.11,BAJAJ-AUTO.NS
2025-09-24,8698.89,8510.66,8868.52,BAJAJ-AUTO.NS
2025-09-25,8688.85,8510.8,8877.8,BAJAJ-AUTO.NS
2025-09-26,8638.52,8457.19,8817.21,BAJAJ-AUTO.NS
2025-09-29,8599.03,8422.05,8774.87,BAJAJ-AUTO.NS
2025-09-30,8594.45,8409.14,8756.38,BAJAJ-AUTO.NS
2025-10-01,8629.56,8448.99,8814.27,BAJAJ-AUTO.NS
2025-10-03,8634.91,8448.43,8810.0,BAJAJ-AUTO.NS
2025-10-06,8688.48,8503.35,8875.72,BAJAJ-AUTO.NS
2025-10-07,8710.59,8533.74,8897.58,BAJAJ-AUTO.NS
2025-10-08,8769.2,8589.4,8950.41,BAJAJ-AUTO.NS
2025-10-09,8811.65,8626.96,8993.0,BAJAJ-AUTO.NS
2025-10-10,8809.98,8618.66,8986.59,BAJAJ-AUTO.NS
2025-10-13,8883.25,8692.87,9050.81,BAJAJ-AUTO.NS
2025-10-14,8902.54,8728.07,9087.79,BAJAJ-AUTO.NS
2025-10-15,8953.76,8777.32,9127.18,BAJAJ-AUTO.NS
2025-10-16,8984.53,8800.49,9172.72,BAJAJ-AUTO.NS
2025-10-17,8967.2,8803.21,9149.86,BAJAJ-AUTO.NS
2025-10-20,8974.48,8783.83,9145.06,BAJAJ-AUTO.NS
2025-10-21,8967.37,8795.18,9152.53,BAJAJ-AUTO.NS
2025-10-23,8993.88,8817.62,9165.86,BAJAJ-AUTO.NS
2025-10-24,8948.86,8764.62,9131.95,BAJAJ-AUTO.NS
2025-10-27,8881.13,8705.88,9056.33,BAJAJ-AUTO.NS
2025-10-28,8853.67,8680.57,9042.52,BAJAJ-AUTO.NS
2025-10-29,8860.17,8669.28,9031.44,BAJAJ-AUTO.NS
2025-10-30,8849.31,8677.93,9032.96,BAJAJ-AUTO.NS
2025-10-31,8794.42,8603.29,8963.22,BAJAJ-AUTO.NS
2025-11-03,8721.22,8545.47,8905.81,BAJAJ-AUTO.NS
2025-11-04,8699.92,8514.88,8881.35,BAJAJ-AUTO.NS
2025-11-06,8718.71,8541.46,8899.39,BAJAJ-AUTO.NS
2025-11-07,8680.12,8500.93,8862.39,BAJAJ-AUTO.NS
2025-11-10,8669.16,8490.71,8843.32,BAJAJ-AUTO.NS
2025-11-11,8671.22,8507.24,8866.55,BAJAJ-AUTO.NS
2025-11-12,8711.28,8522.47,8898.12,BAJAJ-AUTO.NS
2025-11-13,8737.11,8559.35,8920.87,BAJAJ-AUTO.NS
2025-11-14,8721.1,8538.5,8898.6,BAJAJ-AUTO.NS
2025-11-17,8767.6,8577.63,8943.35,BAJAJ-AUTO.NS
2025-11-18,8783.93,8610.5,8958.89,BAJAJ-AUTO.NS
2025-11-19,8835.25,8667.53,9021.51,BAJAJ-AUTO.NS
2025-11-20,8869.11,8690.24,9053.76,BAJAJ-AUTO.NS
2025-11-21,8857.78,8677.6,9035.42,BAJAJ-AUTO.NS
2025-11-24,8898.23,8707.9,9074.22,BAJAJ-AUTO.NS
2025-11-25,8906.28,8714.46,9072.34,BAJAJ-AUTO.NS
2025-11-26,8946.64,8770.98,9134.93,BAJAJ-AUTO.NS
2025-11-27,8967.2,8787.91,9152.58,BAJAJ-AUTO.NS
2025-11-28,8940.63,8754.71,9119.85,BAJAJ-AUTO.NS
2025-12-01,8928.68,8755.68,9116.88,BAJAJ-AUTO.NS
2025-12-02,8918.75,8739.47,9103.98,BAJAJ-AUTO.NS
2025-12-03,8941.72,8763.21,9121.39,BAJAJ-AUTO.NS
2025-12-04,8946.03,8768.19,9117.32,BAJAJ-AUTO.NS
2025-12-05,8904.79,8722.99,9079.04,BAJAJ-AUTO.NS
2025-12-08,8862.35,8695.69,9046.76,BAJAJ-AUTO.NS
2025-12-09,8847.81,8663.77,9032.52,BAJAJ-AUTO.NS
2025-12-10,8869.28,8689.46,9042.2,BAJAJ-AUTO.NS
2025-12-11,8875.29,8684.63,9056.39,BAJAJ-AUTO.NS
2025-12-12,8838.97,8658.86,9019.58,BAJAJ-AUTO.NS
2025-12-15,8829.48,8652.28,9003.38,BAJAJ-AUTO.NS
2025-12-16,8831.24,8654.52,9008.24,BAJAJ-AUTO.NS
2025-12-17,8871.17,8690.61,9060.8,BAJAJ-AUTO.NS
2025-12-18,8897.37,8702.65,9079.85,BAJAJ-AUTO.NS
2025-12-19,8882.53,8713.06,9067.45,BAJAJ-AUTO.NS
2025-12-22,8940.47,8767.7,9125.71,BAJAJ-AUTO.NS
2025-12-23,8964.05,8791.66,9146.2,BAJAJ-AUTO.NS
2025-12-24,9024.65,8855.28,9211.69,BAJAJ-AUTO.NS
2025-12-26,9072.16,8900.14,9246.61,BAJAJ-AUTO.NS
2025-12-29,9165.77,8988.53,9363.64,BAJAJ-AUTO.NS
2025-12-30,9195.22,9012.09,9377.72,BAJAJ-AUTO.NS
2025-12-31,9258.41,9077.51,9437.69,BAJAJ-AUTO.NS
2026-01-01,9302.93,9133.89,9490.76,BAJAJ-AUTO.NS
2026-01-02,9301.11,9120.49,9472.83,BAJAJ-AUTO.NS
2026-01-05,9363.91,9182.58,9536.0,BAJAJ-AUTO.NS
2026-01-06,9377.6,9207.46,9558.5,BAJAJ-AUTO.NS
2026-01-07,9422.79,9243.37,9606.58,BAJAJ-AUTO.NS
2026-01-08,9447.46,9261.28,9624.97,BAJAJ-AUTO.NS
2026-01-09,9424.32,9251.47,9614.78,BAJAJ-AUTO.NS
2026-01-12,9418.88,9236.16,9612.84,BAJAJ-AUTO.NS
2026-01-13,9409.92,9227.84,9596.89,BAJAJ-AUTO.NS
2026-01-14,9433.28,9252.97,9624.47,BAJAJ-AUTO.NS
2026-01-15,9437.34,9249.52,9620.52,BAJAJ-AUTO.NS
2026-01-16,9395.24,9203.28,9561.43,BAJAJ-AUTO.NS
2026-01-19,9346.19,9167.02,9521.45,BAJAJ-AUTO.NS
2026-01-20,9328.04,9143.22,9513.88,BAJAJ-AUTO.NS
2026-01-21,9345.19,9155.26,9524.56,BAJAJ-AUTO.NS
2026-01-22,9346.15,9161.04,9527.46,BAJAJ-AUTO.NS
2026-01-23,9304.1,9120.96,9485.33,BAJAJ-AUTO.NS
2026-01-27,9267.47,9091.2,9457.95,BAJAJ-AUTO.NS
2026-01-28,9299.08,9105.17,9473.49,BAJAJ-AUTO.NS
2026-01-29,9316.74,9142.58,9505.28,BAJAJ-AUTO.NS
2026-01-30,9293.3,9107.57,9476.59,BAJAJ-AUTO.NS
2026-02-02,9326.46,9139.25,9509.24,BAJAJ-AUTO.NS
2026-02-03,9342.68,9169.67,9536.11,BAJAJ-AUTO.NS
2026-02-04,9396.62,9204.82,9580.61,BAJAJ-AUTO.NS
2026-02-05,9436.08,9255.92,9618.79,BAJAJ-AUTO.NS
2026-02-06,9433.49,9268.08,9612.01,BAJAJ-AUTO.NS
2026-02-09,9519.44,9339.67,9698.55,BAJAJ-AUTO.NS
2026-02-10,9548.77,9374.71,9732.89,BAJAJ-AUTO.NS
2026-02-11,9613.05,9433.84,9802.73,BAJAJ-AUTO.NS
2026-02-12,9659.83,9484.45,9840.26,BAJAJ-AUTO.NS
2026-02-13,9661.3,9485.15,9847.71,BAJAJ-AUTO.NS
2026-02-16,9738.53,9554.21,9914.98,BAJAJ-AUTO.NS
2026-02-17,9757.78,9579.7,9944.39,BAJAJ-AUTO.NS
2026-02-18,9808.43,9618.11,9993.45,BAJAJ-AUTO.NS
2026-02-19,9838.11,9652.32,10014.26,BAJAJ-AUTO.NS
2026-02-20,9819.19,9628.94,10013.37,BAJAJ-AUTO.NS
2026-02-23,9817.78,9656.25,10007.8,BAJAJ-AUTO.NS
2026-02-24,9806.0,9613.18,9984.13,BAJAJ-AUTO.NS
2026-02-25,9823.82,9638.03,10004.01,BAJAJ-AUTO.NS
2026-02-26,9819.3,9642.56,10001.14,BAJAJ-AUTO.NS
2026-02-27,9765.23,9567.49,9947.68,BAJAJ-AUTO.NS
2026-03-02,9657.49,9484.51,9829.23,BAJAJ-AUTO.NS
2026-03-04,9596.77,9417.61,9784.06,BAJAJ-AUTO.NS
2026-03-05,9561.53,9382.92,9726.2,BAJAJ-AUTO.NS
2026-03-06,9479.14,9286.94,9656.29,BAJAJ-AUTO.NS
2026-03-09,9304.77,9133.79,9493.46,BAJAJ-AUTO.NS
2026-03-10,9243.91,9053.06,9421.63,BAJAJ-AUTO.NS
2026-03-11,9218.18,9031.93,9415.56,BAJAJ-AUTO.NS
2026-03-12,9176.3,8993.45,9351.99,BAJAJ-AUTO.NS
2026-03-13,9091.65,8901.12,9270.83,BAJAJ-AUTO.NS
2026-03-16,8937.02,8751.49,9123.52,BAJAJ-AUTO.NS
2026-03-17,8891.35,8696.61,9072.59,BAJAJ-AUTO.NS
2026-03-18,8884.85,8705.44,9072.87,BAJAJ-AUTO.NS
2026-03-19,8865.97,8687.51,9038.33,BAJAJ-AUTO.NS
2026-03-20,8807.77,8620.56,8984.29,BAJAJ-AUTO.NS
2026-03-23,8749.36,8560.29,8931.15,BAJAJ-AUTO.NS
2026-03-24,8739.89,8565.83,8924.95,BAJAJ-AUTO.NS
2026-03-25,8770.83,8586.47,8949.06,BAJAJ-AUTO.NS
2026-03-27,8770.27,8578.05,8942.34,BAJAJ-AUTO.NS
2026-03-30,8823.05,8635.72,9017.56,BAJAJ-AUTO.NS
2026-04-01,8910.71,8724.61,9084.36,BAJAJ-AUTO.NS
2026-04-02,8959.48,8787.96,9140.05,BAJAJ-AUTO.NS
2026-04-06,9079.9,8897.18,9263.69,BAJAJ-AUTO.NS
2026-04-07,9118.08,8944.22,9300.72,BAJAJ-AUTO.NS
2026-04-08,9191.07,9003.95,9372.99,BAJAJ-AUTO.NS
2026-04-09,9246.52,9073.77,9426.03,BAJAJ-AUTO.NS
2026-04-10,9256.79,9074.1,9448.82,BAJAJ-AUTO.NS
2026-04-13,9363.65,9179.14,9543.68,BAJAJ-AUTO.NS
2026-04-15,9459.09,9277.86,9635.92,BAJAJ-AUTO.NS
2026-04-16,9504.39,9328.62,9686.17,BAJAJ-AUTO.NS
2026-04-17,9503.53,9317.76,9676.99,BAJAJ-AUTO.NS
2026-04-20,9574.98,9391.49,9759.63,BAJAJ-AUTO.NS
2026-04-21,9594.98,9425.64,9773.53,BAJAJ-AUTO.NS
2026-04-22,9648.88,9478.55,9831.44,BAJAJ-AUTO.NS
2026-04-23,9685.0,9478.63,9858.18,BAJAJ-AUTO.NS
2026-04-24,9676.33,9507.77,9856.7,BAJAJ-AUTO.NS
2026-04-27,9734.3,9549.94,9911.63,BAJAJ-AUTO.NS
2026-04-28,9753.37,9568.54,9926.99,BAJAJ-AUTO.NS
2026-04-29,9808.11,9621.91,9991.64,BAJAJ-AUTO.NS
2026-04-30,9846.73,9663.24,10016.45,BAJAJ-AUTO.NS
2026-05-01,9842.1,9658.86,10025.43,BAJAJ-AUTO.NS
2026-05-04,9919.24,9731.5,10094.16,BAJAJ-AUTO.NS
2026-05-05,9946.16,9768.78,10128.67,BAJAJ-AUTO.NS
2026-05-06,10008.97,9827.61,10200.58,BAJAJ-AUTO.NS
2026-05-07,10055.57,9881.73,10236.54,BAJAJ-AUTO.NS
2026-05-08,10058.48,9871.98,10240.27,BAJAJ-AUTO.NS
2026-05-11,10152.48,9986.19,10345.64,BAJAJ-AUTO.NS
2026-05-12,10182.16,9992.08,10364.18,BAJAJ-AUTO.NS
2026-05-13,10245.9,10067.98,10419.14,BAJAJ-AUTO.NS
2026-05-14,10291.4,10105.31,10480.69,BAJAJ-AUTO.NS
2026-05-15,10291.07,10108.04,10460.95,BAJAJ-AUTO.NS
2026-05-18,10361.81,10178.18,10534.45,BAJAJ-AUTO.NS
2026-05-19,10379.26,10195.73,10563.43,BAJAJ-AUTO.NS
2026-05-20,10428.66,10249.08,10601.95,BAJAJ-AUTO.NS
2026-05-21,10457.88,10277.91,10635.67,BAJAJ-AUTO.NS
2026-05-22,10439.5,10255.2,10621.85,BAJAJ-AUTO.NS
2026-05-25,10447.97,10275.16,10607.85,BAJAJ-AUTO.NS
2026-05-26,10442.85,10245.74,10619.94,BAJAJ-AUTO.NS
2026-05-27,10469.28,10264.71,10651.56,BAJAJ-AUTO.NS
2026-05-28,10475.43,10305.23,10656.45,BAJAJ-AUTO.NS
2026-05-29,10434.18,10249.76,10613.12,BAJAJ-AUTO.NS
2026-06-01,10377.95,10206.07,10572.17,BAJAJ-AUTO.NS
2026-06-02,10353.39,10169.59,10546.37,BAJAJ-AUTO.NS
2026-06-03,10361.8,10167.42,10545.31,BAJAJ-AUTO.NS
2026-06-04,10351.48,10170.38,10527.59,BAJAJ-AUTO.NS
2026-06-05,10295.45,10117.82,10476.81,BAJAJ-AUTO.NS
2026-06-08,10205.76,10020.35,10392.14,BAJAJ-AUTO.NS
2026-06-09,10173.77,9991.1,10363.31,BAJAJ-AUTO.NS
2026-06-10,10176.57,10005.23,10353.5,BAJAJ-AUTO.NS
2026-06-11,10162.43,9975.47,10344.62,BAJAJ-AUTO.NS
2026-06-12,10104.29,9917.95,10290.54,BAJAJ-AUTO.NS
2026-06-15,10017.73,9835.78,10208.54,BAJAJ-AUTO.NS
2026-06-16,9989.64,9813.27,10183.93,BAJAJ-AUTO.NS
2026-06-17,9997.61,9810.25,10166.33,BAJAJ-AUTO.NS
2026-06-18,9989.85,9806.34,10169.8,BAJAJ-AUTO.NS
2026-06-19,9939.22,9756.12,10123.58,BAJAJ-AUTO.NS
2026-06-22,9881.53,9698.57,10074.82,BAJAJ-AUTO.NS
2026-06-23,9865.08,9681.38,10041.19,BAJAJ-AUTO.NS
2026-06-24,9885.71,9704.29,10055.82,BAJAJ-AUTO.NS
2026-06-25,9891.61,9700.75,10074.86,BAJAJ-AUTO.NS
2026-06-26,9855.69,9680.62,10034.83,BAJAJ-AUTO.NS
2026-06-29,9848.47,9665.04,10033.96,BAJAJ-AUTO.NS
2026-06-30,9851.01,9673.75,10041.3,BAJAJ-AUTO.NS
2026-07-01,9891.69,9714.05,10084.0,BAJAJ-AUTO.NS
2026-07-02,9918.69,9734.58,10115.32,BAJAJ-AUTO.NS
2026-07-03,9904.86,9713.41,10090.04,BAJAJ-AUTO.NS
2026-07-06,9968.85,9797.37,10139.74,BAJAJ-AUTO.NS
2026-07-07,9996.31,9823.27,10178.3,BAJAJ-AUTO.NS
2026-07-08,10062.19,9870.11,10245.05,BAJAJ-AUTO.NS
2026-07-09,10114.43,9933.85,10303.22,BAJAJ-AUTO.NS
2026-07-10,10125.6,9933.91,10309.48,BAJAJ-AUTO.NS
2026-07-13,10260.34,10080.4,10441.17,BAJAJ-AUTO.NS
2026-07-14,10308.9,10123.45,10484.12,BAJAJ-AUTO.NS
2026-07-15,10394.11,10215.51,10570.01,BAJAJ-AUTO.NS
2026-07-16,10463.58,10273.13,10648.94,BAJAJ-AUTO.NS
2026-07-17,10489.6,10317.14,10669.61,BAJAJ-AUTO.NS
2026-07-20,10652.07,10472.18,10837.1,BAJAJ-AUTO.NS
2026-07-21,10703.64,10532.45,10888.77,BAJAJ-AUTO.NS
2026-07-22,10788.53,10604.99,10961.17,BAJAJ-AUTO.NS
2026-07-23,10854.35,10662.43,11050.3,BAJAJ-AUTO.NS
2026-07-24,10873.43,10700.29,11059.21,BAJAJ-AUTO.NS
2026-07-27,10996.6,10814.73,11179.39,BAJAJ-AUTO.NS
2026-07-28,11029.7,10850.91,11201.77,BAJAJ-AUTO.NS
2026-07-29,11094.0,10907.45,11270.71,BAJAJ-AUTO.NS
2026-07-30,11137.51,10953.11,11326.02,BAJAJ-AUTO.NS
2026-07-31,11133.0,10964.01,11305.59,BAJAJ-AUTO.NS
2026-08-03,11182.89,10996.46,11356.41,BAJAJ-AUTO.NS
2026-08-04,11192.48,11003.38,11373.3,BAJAJ-AUTO.NS
2026-08-05,11234.6,11058.42,11416.95,BAJAJ-AUTO.NS
2026-08-06,11257.77,11066.48,11426.68,BAJAJ-AUTO.NS
2026-08-07,11235.23,11049.76,11420.11,BAJAJ-AUTO.NS
2026-08-10,11248.71,11070.72,11424.63,BAJAJ-AUTO.NS
2026-08-11,11253.01,11064.26,11427.17,BAJAJ-AUTO.NS
2026-08-12,11293.56,11119.4,11478.16,BAJAJ-AUTO.NS
2026-08-13,11318.9,11142.92,11501.31,BAJAJ-AUTO.NS
2026-08-14,11302.23,11120.33,11482.72,BAJAJ-AUTO.NS
2026-08-17,11353.57,11182.4,11535.19,BAJAJ-AUTO.NS
2026-08-18,11376.18,11192.75,11548.58,BAJAJ-AUTO.NS
2026-08-19,11437.13,11252.96,11626.79,BAJAJ-AUTO.NS
2026-08-20,11484.44,11300.29,11674.67,BAJAJ-AUTO.NS
2026-08-21,11490.71,11309.78,11667.32,BAJAJ-AUTO.NS
2026-08-24,11610.34,11429.33,11776.4,BAJAJ-AUTO.NS
2026-08-25,11653.35,11469.29,11826.47,BAJAJ-AUTO.NS
2026-08-26,11732.47,11549.13,11904.66,BAJAJ-AUTO.NS
2026-08-27,11795.14,11621.17,11988.37,BAJAJ-AUTO.NS
2026-08-28,11813.4,11635.39,12008.96,BAJAJ-AUTO.NS
2026-08-31,11944.74,11749.72,12129.4,BAJAJ-AUTO.NS
2026-09-01,11982.61,11799.39,12171.38,BAJAJ-AUTO.NS
2026-09-02,12051.84,11879.84,12228.04,BAJAJ-AUTO.NS
2026-09-03,12099.89,11926.6,12281.68,BAJAJ-AUTO.NS
2025-07-24,1974.57,1939.41,2012.37,BAJAJFINSV.NS
2025-07-25,1969.96,1931.18,2004.39,BAJAJFINSV.NS
2025-07-28,1962.54,1926.34,1998.71,BAJAJFINSV.NS
2025-07-29,1958.78,1924.28,1995.68,BAJAJFINSV.NS
2025-07-30,1957.79,1919.16,1993.61,BAJAJFINSV.NS
2025-07-31,1954.31,1915.66,1991.59,BAJAJFINSV.NS
2025-08-01,1951.56,1913.82,1990.08,BAJAJFINSV.NS
2025-08-04,1948.95,1911.4,1983.37,BAJAJFINSV.NS
2025-08-05,1946.4,1912.11,1981.83,BAJAJFINSV.NS
2025-08-06,1946.35,1912.12,1981.59,BAJAJFINSV.NS
2025-08-07,1943.56,1905.86,1982.38,BAJAJFINSV.NS
2025-08-08,1941.23,1906.38,1980.13,BAJAJFINSV.NS
2025-08-11,1938.65,1903.62,1974.31,BAJAJFINSV.NS
2025-08-12,1935.83,1899.26,1973.0,BAJAJFINSV.NS
2025-08-13,1935.49,1898.2,1972.42,BAJAJFINSV.NS
2025-08-14,1932.43,1896.17,1967.97,BAJAJFINSV.NS
2025-08-18,1928.35,1890.28,1966.43,BAJAJFINSV.NS
2025-08-19,1926.54,1889.13,1962.31,BAJAJFINSV.NS
2025-08-20,1927.62,1890.65,1961.57,BAJAJFINSV.NS
2025-08-21,1926.45,1888.57,1964.86,BAJAJFINSV.NS
2025-08-22,1926.34,1891.4,1962.79,BAJAJFINSV.NS
2025-08-25,1934.57,1897.16,1970.03,BAJAJFINSV.NS
2025-08-26,1936.85,1898.09,1974.45,BAJAJFINSV.NS
2025-08-28,1945.81,1909.73,1979.33,BAJAJFINSV.NS
2025-08-29,1950.48,1914.05,1987.79,BAJAJFINSV.NS
2025-09-01,1972.85,1935.76,2010.07,BAJAJFINSV.NS
2025-09-02,1979.4,1944.12,2018.3,BAJAJFINSV.NS
2025-09-03,1988.73,1951.72,2022.69,BAJAJFINSV.NS
2025-09-04,1995.52,1959.83,2032.05,BAJAJFINSV.NS
2025-09-05,2002.88,1964.91,2039.17,BAJAJFINSV.NS
2025-09-08,2028.72,1992.8,2064.75,BAJAJFINSV.NS
2025-09-09,2034.71,2001.46,2071.75,BAJAJFINSV.NS
2025-09-10,2042.59,2005.12,2076.55,BAJAJFINSV.NS
2025-09-11,2047.03,2011.95,2085.16,BAJAJFINSV.NS
2025-09-12,2051.17,2013.35,2087.04,BAJAJFINSV.NS
2025-09-15,2062.81,2027.11,2098.42,BAJAJFINSV.NS
2025-09-16,2062.86,2026.17,2099.45,BAJAJFINSV.NS
2025-09-17,2064.4,2030.21,2100.46,BAJAJFINSV.NS
2025-09-18,2062.23,2027.09,2099.91,BAJAJFINSV.NS
2025-09-19,2059.66,2024.85,2093.82,BAJAJFINSV.NS
2025-09-22,2052.07,2017.89,2087.82,BAJAJFINSV.NS
2025-09-23,2046.53,2010.9,2083.55,BAJAJFINSV.NS
2025-09-24,2043.13,2006.1,2077.84,BAJAJFINSV.NS
2025-09-25,2036.81,2002.04,2074.75,BAJAJFINSV.NS
2025-09-26,2030.97,1994.82,2068.44,BAJAJFINSV.NS
2025-09-29,2019.65,1983.82,2058.36,BAJAJFINSV.NS
2025-09-30,2015.03,1977.37,2050.01,BAJAJFINSV.NS
2025-10-01,2013.62,1976.77,2049.06,BAJAJFINSV.NS
2025-10-03,2008.48,1972.39,2044.54,BAJAJFINSV.NS
2025-10-06,2013.96,1978.47,2049.62,BAJAJFINSV.NS
2025-10-07,2016.09,1979.22,2052.84,BAJAJFINSV.NS
2025-10-08,2021.74,1987.52,2058.41,BAJAJFINSV.NS
2025-10-09,2025.66,1989.48,2063.05,BAJAJFINSV.NS
2025-10-10,2030.99,1994.86,2067.79,BAJAJFINSV.NS
2025-10-13,2056.0,2020.42,2093.38,BAJAJFINSV.NS
2025-10-14,2063.43,2026.11,2101.62,BAJAJFINSV.NS
2025-10-15,2073.55,2037.04,2109.18,BAJAJFINSV.NS
2025-10-16,2080.97,2046.1,2116.79,BAJAJFINSV.NS
2025-10-17,2088.75,2051.39,2126.26,BAJAJFINSV.NS
2025-10-20,2114.29,2074.95,2149.43,BAJAJFINSV.NS
2025-10-21,2119.58,2082.33,2154.41,BAJAJFINSV.NS
2025-10-23,2129.59,2092.98,2165.95,BAJAJFINSV.NS
2025-10-24,2132.15,2098.87,2168.52,BAJAJFINSV.NS
2025-10-27,2137.67,2101.03,2174.37,BAJAJFINSV.NS
2025-10-28,2135.34,2099.46,2174.32,BAJAJFINSV.NS
2025-10-29,2134.41,2097.54,2169.35,BAJAJFINSV.NS
2025-10-30,2129.72,2094.55,2166.78,BAJAJFINSV.NS
2025-10-31,2124.63,2088.39,2159.18,BAJAJFINSV.NS
2025-11-03,2109.78,2073.74,2144.7,BAJAJFINSV.NS
2025-11-04,2102.02,2067.1,2137.15,BAJAJFINSV.NS
2025-11-06,2088.23,2049.84,2124.59,BAJAJFINSV.NS
2025-11-07,2080.54,2042.21,2119.61,BAJAJFINSV.NS
2025-11-10,2064.22,2027.76,2100.82,BAJAJFINSV.NS
2025-11-11,2058.01,2020.69,2093.56,BAJAJFINSV.NS
2025-11-12,2054.98,2019.35,2092.34,BAJAJFINSV.NS
2025-11-13,2049.99,2014.36,2086.43,BAJAJFINSV.NS
2025-11-14,2046.32,2008.62,2082.68,BAJAJFINSV.NS
2025-11-17,2045.08,2007.97,2081.82,BAJAJFINSV.NS
2025-11-18,2044.41,2006.89,2079.27,BAJAJFINSV.NS
2025-11-19,2046.94,2009.88,2082.81,BAJAJFINSV.NS
2025-11-20,2047.36,2011.57,2085.14,BAJAJFINSV.NS
2025-11-21,2048.82,2010.82,2087.59,BAJAJFINSV.NS
2025-11-24,2060.06,2026.43,2096.41,BAJAJFINSV.NS
2025-11-25,2062.25,2025.09,2098.43,BAJAJFINSV.NS
2025-11-26,2066.87,2030.25,2103.79,BAJAJFINSV.NS
2025-11-27,2068.59,2029.3,2102.49,BAJAJFINSV.NS
2025-11-28,2070.55,2035.93,2107.45,BAJAJFINSV.NS
2025-12-01,2078.62,2040.51,2113.92,BAJAJFINSV.NS
2025-12-02,2078.38,2041.68,2114.3,BAJAJFINSV.NS
2025-12-03,2080.02,2043.38,2116.81,BAJAJFINSV.NS
2025-12-04,2078.31,2041.98,2117.67,BAJAJFINSV.NS
2025-12-05,2076.5,2041.22,2111.43,BAJAJFINSV.NS
2025-12-08,2072.43,2033.72,2107.22,BAJAJFINSV.NS
2025-12-09,2068.27,2033.22,2106.56,BAJAJFINSV.NS
2025-12-10,2066.24,2030.07,2100.24,BAJAJFINSV.NS
2025-12-11,2061.22,2023.67,2097.06,BAJAJFINSV.NS
2025-12-12,2056.54,2023.13,2092.71,BAJAJFINSV.NS
2025-12-15,2047.15,2008.52,2082.72,BAJAJFINSV.NS
2025-12-16,2042.44,2007.13,2078.57,BAJAJFINSV.NS
2025-12-17,2040.48,2003.47,2075.41,BAJAJFINSV.NS
2025-12-18,2036.13,1997.66,2071.36,BAJAJFINSV.NS
2025-12-19,2032.67,1996.23,2067.07,BAJAJFINSV.NS
2025-12-22,2029.67,1993.54,2067.53,BAJAJFINSV.NS
2025-12-23,2027.71,1990.77,2062.21,BAJAJFINSV.NS
2025-12-24,2028.64,1994.38,2065.22,BAJAJFINSV.NS
2025-12-26,2026.64,1989.69,2063.23,BAJAJFINSV.NS
2025-12-29,2030.83,1994.54,2067.96,BAJAJFINSV.NS
2025-12-30,2030.51,1993.89,2066.72,BAJAJFINSV.NS
2025-12-31,2032.58,1995.91,2068.38,BAJAJFINSV.NS
2026-01-01,2031.75,1997.54,2068.24,BAJAJFINSV.NS
2026-01-02,2031.17,1994.58,2068.16,BAJAJFINSV.NS
2026-01-05,2031.88,1998.31,2066.0,BAJAJFINSV.NS
2026-01-06,2029.3,1991.15,2065.8,BAJAJFINSV.NS
2026-01-07,2028.67,1991.83,2063.35,BAJAJFINSV.NS
2026-01-08,2024.74,1988.22,2058.59,BAJAJFINSV.NS
2026-01-09,2020.76,1982.82,2056.51,BAJAJFINSV.NS
2026-01-12,2010.53,1972.83,2047.11,BAJAJFINSV.NS
2026-01-13,2004.42,1967.4,2039.24,BAJAJFINSV.NS
2026-01-14,2000.5,1961.72,2036.35,BAJAJFINSV.NS
2026-01-15,1993.65,1956.08,2030.3,BAJAJFINSV.NS
2026-01-16,1987.21,1950.0,2025.75,BAJAJFINSV.NS
2026-01-19,1973.19,1933.25,2006.6,BAJAJFINSV.NS
2026-01-20,1967.23,1933.5,2002.6,BAJAJFINSV.NS
2026-01-21,1964.23,1927.77,2000.08,BAJAJFINSV.NS
2026-01-22,1959.07,1921.97,1996.41,BAJAJFINSV.NS
2026-01-23,1955.1,1918.34,1987.67,BAJAJFINSV.NS
2026-01-27,1951.85,1914.29,1989.04,BAJAJFINSV.NS
2026-01-28,1954.39,1916.93,1991.77,BAJAJFINSV.NS
2026-01-29,1955.11,1918.1,1989.84,BAJAJFINSV.NS
2026-01-30,1957.24,1920.72,1994.88,BAJAJFINSV.NS
2026-02-02,1973.24,1936.55,2011.4,BAJAJFINSV.NS
2026-02-03,1978.07,1942.37,2014.64,BAJAJFINSV.NS
2026-02-04,1985.9,1948.12,2022.19,BAJAJFINSV.NS
2026-02-05,1991.38,1954.25,2027.61,BAJAJFINSV.NS
2026-02-06,1997.62,1959.03,2035.78,BAJAJFINSV.NS
2026-02-09,2021.2,1985.44,2055.12,BAJAJFINSV.NS
2026-02-10,2026.75,1990.33,2063.0,BAJAJFINSV.NS
2026-02-11,2034.32,1999.95,2074.13,BAJAJFINSV.NS
2026-02-12,2038.56,2002.49,2076.35,BAJAJFINSV.NS
2026-02-13,2042.58,2005.55,2078.06,BAJAJFINSV.NS
2026-02-16,2053.87,2017.3,2088.31,BAJAJFINSV.NS
2026-02-17,2053.63,2018.13,2091.47,BAJAJFINSV.NS
2026-02-18,2054.67,2016.28,2091.37,BAJAJFINSV.NS
2026-02-19,2051.75,2013.72,2089.46,BAJAJFINSV.NS
2026-02-20,2048.07,2010.05,2082.11,BAJAJFINSV.NS
2026-02-23,2034.11,1997.77,2070.74,BAJAJFINSV.NS
2026-02-24,2025.11,1989.86,2060.28,BAJAJFINSV.NS
2026-02-25,2017.41,1982.6,2054.68,BAJAJFINSV.NS
2026-02-26,2005.87,1969.1,2040.26,BAJAJFINSV.NS
2026-02-27,1993.8,1956.77,2031.13,BAJAJFINSV.NS
2026-03-02,1956.98,1921.21,1994.56,BAJAJFINSV.NS
2026-03-04,1927.77,1891.93,1963.97,BAJAJFINSV.NS
2026-03-05,1910.98,1872.98,1946.4,BAJAJFINSV.NS
2026-03-06,1894.4,1859.02,1932.02,BAJAJFINSV.NS
2026-03-09,1848.77,1812.09,1884.22,BAJAJFINSV.NS
2026-03-10,1831.89,1795.32,1867.72,BAJAJFINSV.NS
2026-03-11,1817.77,1779.73,1854.03,BAJAJFINSV.NS
2026-03-12,1801.32,1763.97,1838.44,BAJAJFINSV.NS
2026-03-13,1785.88,1749.45,1822.66,BAJAJFINSV.NS
2026-03-16,1748.25,1713.29,1785.25,BAJAJFINSV.NS
2026-03-17,1735.47,1698.73,1772.72,BAJAJFINSV.NS
2026-03-18,1726.1,1691.46,1762.78,BAJAJFINSV.NS
2026-03-19,1715.0,1679.22,1752.23,BAJAJFINSV.NS
2026-03-20,1705.46,1668.71,1742.63,BAJAJFINSV.NS
2026-03-23,1688.36,1652.6,1723.31,BAJAJFINSV.NS
2026-03-24,1683.15,1647.23,1720.71,BAJAJFINSV.NS
2026-03-25,1681.62,1648.0,1718.42,BAJAJFINSV.NS
2026-03-27,1677.13,1642.84,1716.96,BAJAJFINSV.NS
2026-03-30,1684.33,1645.84,1720.24,BAJAJFINSV.NS
2026-04-01,1692.92,1656.65,1729.07,BAJAJFINSV.NS
2026-04-02,1697.01,1660.05,1734.87,BAJAJFINSV.NS
2026-04-06,1726.39,1688.98,1763.95,BAJAJFINSV.NS
2026-04-07,1733.28,1694.07,1768.29,BAJAJFINSV.NS
2026-04-08,1742.82,1705.89,1780.25,BAJAJFINSV.NS
2026-04-09,1749.65,1715.32,1784.74,BAJAJFINSV.NS
2026-04-10,1756.91,1720.81,1792.53,BAJAJFINSV.NS
2026-04-13,1781.74,1745.57,1814.95,BAJAJFINSV.NS
2026-04-15,1794.6,1754.72,1829.38,BAJAJFINSV.NS
2026-04-16,1798.54,1761.88,1834.23,BAJAJFINSV.NS
2026-04-17,1802.23,1767.9,1841.55,BAJAJFINSV.NS
2026-04-20,1813.12,1776.51,1849.84,BAJAJFINSV.NS
2026-04-21,1813.2,1777.44,1850.7,BAJAJFINSV.NS
2026-04-22,1814.93,1779.79,1851.78,BAJAJFINSV.NS
2026-04-23,1813.13,1778.65,1849.05,BAJAJFINSV.NS
2026-04-24,1811.09,1775.25,1848.3,BAJAJFINSV.NS
2026-04-27,1805.92,1770.45,1844.74,BAJAJFINSV.NS
2026-04-28,1801.35,1764.6,1836.51,BAJAJFINSV.NS
2026-04-29,1798.94,1761.17,1835.63,BAJAJFINSV.NS
2026-04-30,1793.57,1754.88,1828.1,BAJAJFINSV.NS
2026-05-01,1788.59,1752.36,1826.78,BAJAJFINSV.NS
2026-05-04,1778.68,1741.82,1816.12,BAJAJFINSV.NS
2026-05-05,1773.94,1739.08,1808.12,BAJAJFINSV.NS
2026-05-06,1772.01,1732.96,1809.64,BAJAJFINSV.NS
2026-05-07,1767.76,1731.52,1801.73,BAJAJFINSV.NS
2026-05-08,1764.46,1725.66,1799.62,BAJAJFINSV.NS
2026-05-11,1762.23,1726.41,1799.65,BAJAJFINSV.NS
2026-05-12,1760.61,1725.19,1799.06,BAJAJFINSV.NS
2026-05-13,1761.92,1725.64,1797.16,BAJAJFINSV.NS
2026-05-14,1760.9,1723.92,1795.4,BAJAJFINSV.NS
2026-05-15,1760.73,1726.09,1795.17,BAJAJFINSV.NS
2026-05-18,1766.27,1732.18,1802.13,BAJAJFINSV.NS
2026-05-19,1766.4,1729.87,1803.86,BAJAJFINSV.NS
2026-05-20,1768.94,1734.18,1804.44,BAJAJFINSV.NS
2026-05-21,1768.58,1732.03,1806.12,BAJAJFINSV.NS
2026-05-22,1768.46,1732.34,1803.83,BAJAJFINSV.NS
2026-05-25,1770.57,1734.65,1806.67,BAJAJFINSV.NS
2026-05-26,1768.46,1727.75,1804.63,BAJAJFINSV.NS
2026-05-27,1768.29,1730.77,1803.47,BAJAJFINSV.NS
2026-05-28,1764.83,1730.81,1803.29,BAJAJFINSV.NS
2026-05-29,1761.34,1724.98,1798.18,BAJAJFINSV.NS
2026-06-01,1752.67,1715.69,1790.52,BAJAJFINSV.NS
2026-06-02,1747.15,1709.71,1779.81,BAJAJFINSV.NS
2026-06-03,1743.86,1707.52,1779.33,BAJAJFINSV.NS
2026-06-04,1737.69,1699.25,1773.69,BAJAJFINSV.NS
2026-06-05,1731.99,1695.8,1769.09,BAJAJFINSV.NS
2026-06-08,1720.7,1683.77,1758.7,BAJAJFINSV.NS
2026-06-09,1715.86,1677.24,1751.17,BAJAJFINSV.NS
2026-06-10,1714.1,1676.56,1750.65,BAJAJFINSV.NS
2026-06-11,1710.31,1674.06,1746.94,BAJAJFINSV.NS
2026-06-12,1707.84,1670.39,1744.25,BAJAJFINSV.NS
2026-06-15,1710.84,1673.81,1744.97,BAJAJFINSV.NS
2026-06-16,1712.06,1675.05,1748.49,BAJAJFINSV.NS
2026-06-17,1716.83,1680.39,1753.42,BAJAJFINSV.NS
2026-06-18,1719.93,1683.91,1754.15,BAJAJFINSV.NS
2026-06-19,1724.58,1689.25,1760.67,BAJAJFINSV.NS
2026-06-22,1748.84,1710.02,1786.03,BAJAJFINSV.NS
2026-06-23,1756.62,1718.05,1791.09,BAJAJFINSV.NS
2026-06-24,1767.48,1730.19,1803.04,BAJAJFINSV.NS
2026-06-25,1776.05,1740.38,1812.44,BAJAJFINSV.NS
2026-06-26,1785.43,1748.44,1825.15,BAJAJFINSV.NS
2026-06-29,1818.64,1782.71,1855.32,BAJAJFINSV.NS
2026-06-30,1827.46,1792.08,1863.49,BAJAJFINSV.NS
2026-07-01,1838.33,1803.29,1878.01,BAJAJFINSV.NS
2026-07-02,1845.89,1811.16,1882.1,BAJAJFINSV.NS
2026-07-03,1853.28,1816.78,1889.92,BAJAJFINSV.NS
2026-07-06,1875.19,1838.93,1913.4,BAJAJFINSV.NS
2026-07-07,1878.76,1843.68,1912.21,BAJAJFINSV.NS
2026-07-08,1883.81,1845.1,1921.81,BAJAJFINSV.NS
2026-07-09,1885.13,1846.52,1921.94,BAJAJFINSV.NS
2026-07-10,1885.96,1850.08,1923.11,BAJAJFINSV.NS
2026-07-13,1887.73,1851.95,1925.14,BAJAJFINSV.NS
2026-07-14,1884.85,1848.05,1921.77,BAJAJFINSV.NS
2026-07-15,1883.79,1847.25,1918.63,BAJAJFINSV.NS
2026-07-16,1879.44,1841.19,1913.72,BAJAJFINSV.NS
2026-07-17,1875.13,1838.41,1911.43,BAJAJFINSV.NS
2026-07-20,1865.2,1827.25,1901.71,BAJAJFINSV.NS
2026-07-21,1859.78,1824.09,1898.27,BAJAJFINSV.NS
2026-07-22,1856.87,1820.82,1896.0,BAJAJFINSV.NS
2026-07-23,1851.33,1816.81,1885.93,BAJAJFINSV.NS
2026-07-24,1846.47,1811.49,1883.25,BAJAJFINSV.NS
2026-07-27,1838.06,1798.47,1874.52,BAJAJFINSV.NS
2026-07-28,1833.96,1799.34,1870.21,BAJAJFINSV.NS
2026-07-29,1832.64,1795.3,1867.73,BAJAJFINSV.NS
2026-07-30,1828.86,1788.12,1865.84,BAJAJFINSV.NS
2026-07-31,1825.85,1789.61,1861.87,BAJAJFINSV.NS
2026-08-03,1822.77,1786.57,1859.03,BAJAJFINSV.NS
2026-08-04,1820.15,1785.54,1855.75,BAJAJFINSV.NS
2026-08-05,1820.09,1784.13,1856.43,BAJAJFINSV.NS
2026-08-06,1817.32,1782.07,1850.68,BAJAJFINSV.NS
2026-08-07,1815.05,1779.28,1851.94,BAJAJFINSV.NS
2026-08-10,1812.71,1775.0,1849.66,BAJAJFINSV.NS
2026-08-11,1809.96,1771.44,1844.09,BAJAJFINSV.NS
2026-08-12,1809.64,1773.77,1845.59,BAJAJFINSV.NS
2026-08-13,1806.58,1770.85,1842.44,BAJAJFINSV.NS
2026-08-14,1804.03,1768.24,1841.02,BAJAJFINSV.NS
2026-08-17,1801.74,1763.78,1836.77,BAJAJFINSV.NS
2026-08-18,1799.53,1763.95,1833.63,BAJAJFINSV.NS
2026-08-19,1800.12,1762.18,1834.36,BAJAJFINSV.NS
2026-08-20,1798.37,1762.94,1836.02,BAJAJFINSV.NS
2026-08-21,1797.59,1759.29,1832.11,BAJAJFINSV.NS
2026-08-24,1803.42,1766.06,1840.44,BAJAJFINSV.NS
2026-08-25,1804.82,1767.07,1842.22,BAJAJFINSV.NS
2026-08-26,1809.42,1773.71,1845.98,BAJAJFINSV.NS
2026-08-27,1812.01,1773.93,1846.23,BAJAJFINSV.NS
2026-08-28,1815.82,1778.22,1850.99,BAJAJFINSV.NS
2026-08-31,1836.01,1799.63,1870.77,BAJAJFINSV.NS
2026-09-01,1842.02,1806.62,1876.69,BAJAJFINSV.NS
2026-09-02,1850.96,1812.52,1888.53,BAJAJFINSV.NS
2026-09-03,1857.5,1820.39,1894.75,BAJAJFINSV.NS
2025-07-24,889.13,867.58,911.62,BAJFINANCE.NS
2025-07-25,892.03,871.14,913.97,BAJFINANCE.NS
2025-07-28,890.71,869.45,914.42,BAJFINANCE.NS
2025-07-29,889.35,866.14,910.82,BAJFINANCE.NS
2025-07-30,890.56,869.43,913.22,BAJFINANCE.NS
2025-07-31,889.07,868.35,910.23,BAJFINANCE.NS
2025-08-01,891.09,868.76,914.22,BAJFINANCE.NS
2025-08-04,886.52,864.31,908.93,BAJFINANCE.NS
2025-08-05,883.95,861.76,905.46,BAJFINANCE.NS
2025-08-06,883.95,862.71,905.26,BAJFINANCE.NS
2025-08-07,881.27,857.65,902.96,BAJFINANCE.NS
2025-08-08,882.13,860.51,906.04,BAJFINANCE.NS
2025-08-11,874.78,852.22,896.63,BAJFINANCE.NS
2025-08-12,871.63,849.13,893.61,BAJFINANCE.NS
2025-08-13,871.28,850.59,893.06,BAJFINANCE.NS
2025-08-14,868.52,846.72,891.54,BAJFINANCE.NS
2025-08-18,864.94,841.37,886.68,BAJFINANCE.NS
2025-08-19,863.4,840.36,887.2,BAJFINANCE.NS
2025-08-20,865.01,842.8,885.69,BAJFINANCE.NS
2025-08-21,864.54,842.25,886.62,BAJFINANCE.NS
2025-08-22,868.23,846.82,889.84,BAJFINANCE.NS
2025-08-25,872.98,850.57,894.52,BAJFINANCE.NS
2025-08-26,874.96,852.66,897.18,BAJFINANCE.NS
2025-08-28,883.37,862.1,905.4,BAJFINANCE.NS
2025-08-29,890.7,869.83,912.32,BAJFINANCE.NS
2025-09-01,905.58,884.0,927.45,BAJFINANCE.NS
2025-09-02,910.47,887.09,931.33,BAJFINANCE.NS
2025-09-03,918.27,896.61,940.65,BAJFINANCE.NS
2025-09-04,923.67,900.91,947.33,BAJFINANCE.NS
2025-09-05,932.79,910.22,953.56,BAJFINANCE.NS
2025-09-08,950.23,929.62,971.16,BAJFINANCE.NS
2025-09-09,954.99,932.14,976.61,BAJFINANCE.NS
2025-09-10,962.17,938.57,983.59,BAJFINANCE.NS
2025-09-11,966.46,944.61,988.58,BAJFINANCE.NS
2025-09-12,974.03,951.91,996.95,BAJFINANCE.NS
2025-09-15,984.52,963.19,1006.29,BAJFINANCE.NS
2025-09-16,986.37,963.12,1008.22,BAJFINANCE.NS
2025-09-17,990.46,969.09,1012.37,BAJFINANCE.NS
2025-09-18,991.54,970.26,1012.6,BAJFINANCE.NS
2025-09-19,995.85,972.93,1017.58,BAJFINANCE.NS
2025-09-22,996.99,975.29,1018.56,BAJFINANCE.NS
2025-09-23,996.11,973.62,1016.85,BAJFINANCE.NS
2025-09-24,997.75,976.02,1018.68,BAJFINANCE.NS
2025-09-25,996.73,974.84,1018.47,BAJFINANCE.NS
2025-09-26,999.33,977.89,1020.0,BAJFINANCE.NS
2025-09-29,997.96,976.76,1020.37,BAJFINANCE.NS
2025-09-30,997.14,976.65,1019.18,BAJFINANCE.NS
2025-10-01,999.31,977.65,1022.73,BAJFINANCE.NS
2025-10-03,1003.18,981.6,1025.34,BAJFINANCE.NS
2025-10-06,1007.74,985.45,1030.65,BAJFINANCE.NS
2025-10-07,1009.34,987.02,1031.23,BAJFINANCE.NS
2025-10-08,1014.03,990.15,1035.32,BAJFINANCE.NS
2025-10-09,1016.51,994.56,1038.43,BAJFINANCE.NS
2025-10-10,1022.95,1000.39,1045.84,BAJFINANCE.NS
2025-10-13,1034.05,1012.45,1055.67,BAJFINANCE.NS
2025-10-14,1037.28,1016.99,1059.85,BAJFINANCE.NS
2025-10-15,1043.22,1021.05,1065.27,BAJFINANCE.NS
2025-10-16,1046.53,1025.04,1067.82,BAJFINANCE.NS
2025-10-17,1053.36,1029.87,1074.87,BAJFINANCE.NS
2025-10-20,1062.64,1041.77,1085.89,BAJFINANCE.NS
2025-10-21,1064.27,1043.93,1085.97,BAJFINANCE.NS
2025-10-23,1068.93,1047.24,1089.07,BAJFINANCE.NS
2025-10-24,1072.85,1051.77,1095.27,BAJFINANCE.NS
2025-10-27,1071.53,1046.95,1091.78,BAJFINANCE.NS
2025-10-28,1069.22,1048.02,1090.12,BAJFINANCE.NS
2025-10-29,1069.07,1046.96,1090.58,BAJFINANCE.NS
2025-10-30,1065.85,1044.38,1086.18,BAJFINANCE.NS
2025-10-31,1065.81,1045.05,1087.37,BAJFINANCE.NS
2025-11-03,1053.8,1031.66,1075.3,BAJFINANCE.NS
2025-11-04,1048.53,1026.63,1070.71,BAJFINANCE.NS
2025-11-06,1040.46,1018.55,1061.74,BAJFINANCE.NS
2025-11-07,1038.76,1016.53,1060.57,BAJFINANCE.NS
2025-11-10,1024.74,1002.3,1046.01,BAJFINANCE.NS
2025-11-11,1019.8,997.1,1040.19,BAJFINANCE.NS
2025-11-12,1017.87,995.06,1039.18,BAJFINANCE.NS
2025-11-13,1013.75,992.88,1035.46,BAJFINANCE.NS
2025-11-14,1013.68,994.67,1036.49,BAJFINANCE.NS
2025-11-17,1006.43,984.29,1029.11,BAJFINANCE.NS
2025-11-18,1004.18,982.57,1026.76,BAJFINANCE.NS
2025-11-19,1005.04,982.33,1027.49,BAJFINANCE.NS
2025-11-20,1003.76,982.33,1024.4,BAJFINANCE.NS
2025-11-21,1006.5,985.0,1028.01,BAJFINANCE.NS
2025-11-24,1006.92,985.39,1028.1,BAJFINANCE.NS
2025-11-25,1006.79,985.22,1028.08,BAJFINANCE.NS
2025-11-26,1009.5,987.45,1032.33,BAJFINANCE.NS
2025-11-27,1009.74,988.81,1032.62,BAJFINANCE.NS
2025-11-28,1013.66,992.08,1035.33,BAJFINANCE.NS
2025-12-01,1015.51,993.65,1036.67,BAJFINANCE.NS
2025-12-02,1015.17,993.72,1036.55,BAJFINANCE.NS
2025-12-03,1017.34,993.41,1038.68,BAJFINANCE.NS
2025-12-04,1016.75,994.62,1038.79,BAJFINANCE.NS
2025-12-05,1019.58,996.99,1042.27,BAJFINANCE.NS
2025-12-08,1017.04,994.46,1039.97,BAJFINANCE.NS
2025-12-09,1015.0,991.23,1037.99,BAJFINANCE.NS
2025-12-10,1015.44,993.94,1038.7,BAJFINANCE.NS
2025-12-11,1013.14,990.49,1035.1,BAJFINANCE.NS
2025-12-12,1014.31,992.88,1036.13,BAJFINANCE.NS
2025-12-15,1007.45,985.63,1028.66,BAJFINANCE.NS
2025-12-16,1004.3,981.7,1027.11,BAJFINANCE.NS
2025-12-17,1003.82,982.2,1026.17,BAJFINANCE.NS
2025-12-18,1000.8,979.85,1024.23,BAJFINANCE.NS
2025-12-19,1001.46,979.14,1021.51,BAJFINANCE.NS
2025-12-22,994.2,972.81,1017.05,BAJFINANCE.NS
2025-12-23,991.23,970.05,1013.32,BAJFINANCE.NS
2025-12-24,991.07,967.95,1014.26,BAJFINANCE.NS
2025-12-26,989.55,967.8,1011.48,BAJFINANCE.NS
2025-12-29,983.64,962.86,1004.25,BAJFINANCE.NS
2025-12-30,981.01,958.85,1002.47,BAJFINANCE.NS
2025-12-31,981.08,957.86,1003.12,BAJFINANCE.NS
2026-01-01,978.55,954.83,1000.29,BAJFINANCE.NS
2026-01-02,979.61,958.93,1002.95,BAJFINANCE.NS
2026-01-05,972.59,950.13,993.81,BAJFINANCE.NS
2026-01-06,969.27,948.35,990.55,BAJFINANCE.NS
2026-01-07,968.49,947.61,990.86,BAJFINANCE.NS
2026-01-08,965.0,942.54,987.96,BAJFINANCE.NS
2026-01-09,965.0,941.84,986.58,BAJFINANCE.NS
2026-01-12,954.57,931.23,975.41,BAJFINANCE.NS
2026-01-13,950.17,927.51,972.39,BAJFINANCE.NS
2026-01-14,948.42,925.04,970.95,BAJFINANCE.NS
2026-01-15,944.1,923.17,967.11,BAJFINANCE.NS
2026-01-16,943.47,921.59,965.49,BAJFINANCE.NS
2026-01-19,932.71,910.18,955.15,BAJFINANCE.NS
2026-01-20,928.84,906.15,950.32,BAJFINANCE.NS
2026-01-21,927.98,906.42,949.71,BAJFINANCE.NS
2026-01-22,924.93,902.97,944.69,BAJFINANCE.NS
2026-01-23,925.95,904.54,947.78,BAJFINANCE.NS
2026-01-27,921.57,900.76,941.88,BAJFINANCE.NS
2026-01-28,924.07,901.72,946.98,BAJFINANCE.NS
2026-01-29,924.62,902.74,946.91,BAJFINANCE.NS
2026-01-30,929.43,907.14,951.52,BAJFINANCE.NS
2026-02-02,937.73,914.88,958.15,BAJFINANCE.NS
2026-02-03,940.84,919.39,963.3,BAJFINANCE.NS
2026-02-04,947.1,925.89,967.75,BAJFINANCE.NS
2026-02-05,951.2,929.18,973.92,BAJFINANCE.NS
2026-02-06,959.26,937.85,982.01,BAJFINANCE.NS
2026-02-09,974.96,953.41,995.93,BAJFINANCE.NS
2026-02-10,979.55,958.71,1002.18,BAJFINANCE.NS
2026-02-11,986.73,967.44,1009.01,BAJFINANCE.NS
2026-02-12,991.14,969.68,1013.16,BAJFINANCE.NS
2026-02-13,998.9,977.02,1021.04,BAJFINANCE.NS
2026-02-16,1009.85,988.12,1033.68,BAJFINANCE.NS
2026-02-17,1011.61,989.67,1033.74,BAJFINANCE.NS
2026-02-18,1015.37,993.48,1037.74,BAJFINANCE.NS
2026-02-19,1015.82,993.35,1037.09,BAJFINANCE.NS
2026-02-20,1019.11,998.2,1042.41,BAJFINANCE.NS
2026-02-23,1014.28,991.73,1034.91,BAJFINANCE.NS
2026-02-24,1010.22,987.79,1032.65,BAJFINANCE.NS
2026-02-25,1008.0,987.14,1030.1,BAJFINANCE.NS
2026-02-26,1002.41,980.33,1024.18,BAJFINANCE.NS
2026-02-27,999.67,978.29,1020.1,BAJFINANCE.NS
2026-03-02,977.67,955.9,1000.45,BAJFINANCE.NS
2026-03-04,961.48,938.99,982.16,BAJFINANCE.NS
2026-03-05,951.59,927.95,973.38,BAJFINANCE.NS
2026-03-06,945.09,923.88,966.51,BAJFINANCE.NS
2026-03-09,915.33,892.46,937.82,BAJFINANCE.NS
2026-03-10,904.8,883.14,926.08,BAJFINANCE.NS
2026-03-11,897.19,875.69,917.19,BAJFINANCE.NS
2026-03-12,887.32,866.3,908.85,BAJFINANCE.NS
2026-03-13,881.49,860.63,903.85,BAJFINANCE.NS
2026-03-16,857.44,836.28,878.73,BAJFINANCE.NS
2026-03-17,849.92,828.91,871.68,BAJFINANCE.NS
2026-03-18,845.81,825.64,868.61,BAJFINANCE.NS
2026-03-19,839.86,817.88,862.46,BAJFINANCE.NS
2026-03-20,838.32,817.01,860.92,BAJFINANCE.NS
2026-03-23,828.7,805.28,850.92,BAJFINANCE.NS
2026-03-24,826.3,804.32,848.19,BAJFINANCE.NS
2026-03-25,827.35,805.91,847.45,BAJFINANCE.NS
2026-03-27,830.07,807.9,855.14,BAJFINANCE.NS
2026-03-30,834.64,813.28,857.86,BAJFINANCE.NS
2026-04-01,841.44,820.13,863.09,BAJFINANCE.NS
2026-04-02,844.21,822.24,865.68,BAJFINANCE.NS
2026-04-06,862.79,840.76,881.95,BAJFINANCE.NS
2026-04-07,866.26,843.07,887.36,BAJFINANCE.NS
2026-04-08,872.47,850.86,894.43,BAJFINANCE.NS
2026-04-09,876.12,854.32,898.38,BAJFINANCE.NS
2026-04-10,883.36,862.35,906.05,BAJFINANCE.NS
2026-04-13,894.82,873.63,917.0,BAJFINANCE.NS
2026-04-15,902.91,882.05,924.88,BAJFINANCE.NS
2026-04-16,905.45,884.42,927.07,BAJFINANCE.NS
2026-04-17,911.44,889.9,932.65,BAJFINANCE.NS
2026-04-20,918.46,896.33,939.48,BAJFINANCE.NS
2026-04-21,919.65,898.65,941.7,BAJFINANCE.NS
2026-04-22,923.33,901.95,943.61,BAJFINANCE.NS
2026-04-23,924.26,901.87,945.25,BAJFINANCE.NS
2026-04-24,928.64,906.2,949.22,BAJFINANCE.NS
2026-04-27,931.12,908.01,954.55,BAJFINANCE.NS
2026-04-28,930.9,908.19,952.88,BAJFINANCE.NS
2026-04-29,933.24,911.77,955.93,BAJFINANCE.NS
2026-04-30,932.88,911.11,955.87,BAJFINANCE.NS
2026-05-01,936.03,914.02,958.03,BAJFINANCE.NS
2026-05-04,935.1,913.08,956.27,BAJFINANCE.NS
2026-05-05,933.8,911.15,953.78,BAJFINANCE.NS
2026-05-06,935.08,914.62,957.86,BAJFINANCE.NS
2026-05-07,933.66,909.76,954.39,BAJFINANCE.NS
2026-05-08,935.75,912.34,955.6,BAJFINANCE.NS
2026-05-11,931.54,908.93,951.56,BAJFINANCE.NS
2026-05-12,929.12,907.45,950.78,BAJFINANCE.NS
2026-05-13,929.24,906.69,951.35,BAJFINANCE.NS
2026-05-14,926.65,906.04,949.32,BAJFINANCE.NS
2026-05-15,927.57,904.86,947.9,BAJFINANCE.NS
2026-05-18,919.86,897.82,942.12,BAJFINANCE.NS
2026-05-19,916.34,894.72,938.27,BAJFINANCE.NS
2026-05-20,915.43,892.9,937.51,BAJFINANCE.NS
2026-05-21,911.9,889.35,934.72,BAJFINANCE.NS
2026-05-22,911.98,889.78,932.91,BAJFINANCE.NS
2026-05-25,902.66,882.47,925.33,BAJFINANCE.NS
2026-05-26,898.97,877.55,919.03,BAJFINANCE.NS
2026-05-27,898.12,874.59,919.74,BAJFINANCE.NS
2026-05-28,894.89,872.3,917.22,BAJFINANCE.NS
2026-05-29,895.52,872.9,916.59,BAJFINANCE.NS
2026-06-01,889.5,867.43,911.33,BAJFINANCE.NS
2026-06-02,887.47,864.53,910.29,BAJFINANCE.NS
2026-06-03,888.54,867.02,910.08,BAJFINANCE.NS
2026-06-04,887.48,865.79,909.63,BAJFINANCE.NS
2026-06-05,890.54,871.02,911.97,BAJFINANCE.NS
2026-06-08,893.0,870.93,915.8,BAJFINANCE.NS
2026-06-09,894.1,872.53,917.09,BAJFINANCE.NS
2026-06-10,898.4,876.52,919.97,BAJFINANCE.NS
2026-06-11,900.63,878.88,923.23,BAJFINANCE.NS
2026-06-12,906.98,885.37,930.12,BAJFINANCE.NS
2026-06-15,918.94,895.33,941.88,BAJFINANCE.NS
2026-06-16,922.94,901.72,944.64,BAJFINANCE.NS
2026-06-17,929.94,908.05,951.5,BAJFINANCE.NS
2026-06-18,934.62,910.73,956.41,BAJFINANCE.NS
2026-06-19,943.15,921.29,964.49,BAJFINANCE.NS
2026-06-22,959.78,938.22,982.14,BAJFINANCE.NS
2026-06-23,964.64,942.13,988.26,BAJFINANCE.NS
2026-06-24,972.14,949.16,995.12,BAJFINANCE.NS
2026-06-25,976.97,954.79,999.16,BAJFINANCE.NS
2026-06-26,985.29,962.96,1007.88,BAJFINANCE.NS
2026-06-29,999.33,978.99,1019.54,BAJFINANCE.NS
2026-06-30,1002.75,979.69,1023.25,BAJFINANCE.NS
2026-07-01,1008.58,985.42,1030.33,BAJFINANCE.NS
2026-07-02,1011.53,987.16,1034.42,BAJFINANCE.NS
2026-07-03,1017.82,995.86,1040.53,BAJFINANCE.NS
2026-07-06,1025.17,1002.43,1046.67,BAJFINANCE.NS
2026-07-07,1026.32,1003.06,1048.42,BAJFINANCE.NS
2026-07-08,1029.9,1006.19,1051.83,BAJFINANCE.NS
2026-07-09,1030.68,1008.68,1053.03,BAJFINANCE.NS
2026-07-10,1034.89,1013.41,1056.77,BAJFINANCE.NS
2026-07-13,1036.87,1015.76,1057.68,BAJFINANCE.NS
2026-07-14,1036.55,1015.49,1057.51,BAJFINANCE.NS
2026-07-15,1038.85,1016.41,1060.83,BAJFINANCE.NS
2026-07-16,1038.52,1016.51,1061.27,BAJFINANCE.NS
2026-07-17,1041.8,1019.28,1064.88,BAJFINANCE.NS
2026-07-20,1041.85,1019.98,1064.75,BAJFINANCE.NS
2026-07-21,1041.12,1020.01,1063.56,BAJFINANCE.NS
2026-07-22,1043.08,1021.16,1066.69,BAJFINANCE.NS
2026-07-23,1042.46,1020.68,1064.77,BAJFINANCE.NS
2026-07-24,1045.46,1025.41,1067.39,BAJFINANCE.NS
2026-07-27,1044.54,1023.29,1066.09,BAJFINANCE.NS
2026-07-28,1043.36,1021.88,1065.22,BAJFINANCE.NS
2026-07-29,1044.78,1022.01,1068.33,BAJFINANCE.NS
2026-07-30,1043.51,1022.87,1066.82,BAJFINANCE.NS
2026-07-31,1045.76,1024.11,1066.25,BAJFINANCE.NS
2026-08-03,1041.94,1019.13,1063.04,BAJFINANCE.NS
2026-08-04,1039.61,1019.2,1060.45,BAJFINANCE.NS
2026-08-05,1039.83,1017.05,1060.8,BAJFINANCE.NS
2026-08-06,1037.33,1014.2,1060.54,BAJFINANCE.NS
2026-08-07,1038.36,1016.75,1061.93,BAJFINANCE.NS
2026-08-10,1031.24,1008.91,1052.89,BAJFINANCE.NS
2026-08-11,1028.08,1005.5,1049.2,BAJFINANCE.NS
2026-08-12,1027.64,1005.86,1049.14,BAJFINANCE.NS
2026-08-13,1024.73,1002.42,1046.11,BAJFINANCE.NS
2026-08-14,1025.6,1002.78,1046.94,BAJFINANCE.NS
2026-08-17,1019.9,999.87,1042.59,BAJFINANCE.NS
2026-08-18,1017.89,996.83,1038.52,BAJFINANCE.NS
2026-08-19,1018.97,996.84,1040.16,BAJFINANCE.NS
2026-08-20,1017.93,995.69,1040.66,BAJFINANCE.NS
2026-08-21,1021.01,997.89,1042.63,BAJFINANCE.NS
2026-08-24,1023.78,1001.05,1045.44,BAJFINANCE.NS
2026-08-25,1025.08,1002.75,1046.08,BAJFINANCE.NS
2026-08-26,1029.64,1006.71,1049.96,BAJFINANCE.NS
2026-08-27,1032.2,1011.23,1053.89,BAJFINANCE.NS
2026-08-28,1038.93,1015.67,1060.7,BAJFINANCE.NS
2026-08-31,1052.35,1029.81,1074.27,BAJFINANCE.NS
2026-09-01,1056.9,1035.03,1079.08,BAJFINANCE.NS
2026-09-02,1064.45,1042.29,1085.75,BAJFINANCE.NS
2026-09-03,1069.68,1046.91,1092.09,BAJFINANCE.NS
2025-07-24,1882.8,1848.85,1916.93,BHARTIARTL.NS
2025-07-25,1882.98,1847.95,1920.02,BHARTIARTL.NS
2025-07-28,1885.26,1852.25,1922.21,BHARTIARTL.NS
2025-07-29,1890.07,1856.05,1921.49,BHARTIARTL.NS
2025-07-30,1891.12,1855.09,1926.11,BHARTIARTL.NS
2025-07-31,1891.74,1857.11,1926.56,BHARTIARTL.NS
2025-08-01,1891.16,1854.97,1924.1,BHARTIARTL.NS
2025-08-04,1889.49,1857.41,1926.56,BHARTIARTL.NS
2025-08-05,1892.51,1856.1,1925.39,BHARTIARTL.NS
2025-08-06,1891.6,1853.81,1925.92,BHARTIARTL.NS
2025-08-07,1890.12,1855.94,1923.74,BHARTIARTL.NS
2025-08-08,1887.35,1852.49,1921.17,BHARTIARTL.NS
2025-08-11,1879.27,1842.05,1914.06,BHARTIARTL.NS
2025-08-12,1880.39,1845.29,1911.54,BHARTIARTL.NS
2025-08-13,1877.8,1840.7,1909.32,BHARTIARTL.NS
2025-08-14,1874.92,1840.01,1908.83,BHARTIARTL.NS
2025-08-18,1862.12,1829.09,1896.17,BHARTIARTL.NS
2025-08-19,1863.79,1829.4,1895.63,BHARTIARTL.NS
2025-08-20,1862.18,1822.98,1896.09,BHARTIARTL.NS
2025-08-21,1860.71,1825.63,1896.06,BHARTIARTL.NS
2025-08-22,1858.67,1822.87,1894.39,BHARTIARTL.NS
2025-08-25,1857.02,1818.56,1891.48,BHARTIARTL.NS
2025-08-26,1861.6,1827.48,1894.96,BHARTIARTL.NS
2025-08-28,1864.59,1828.71,1896.96,BHARTIARTL.NS
2025-08-29,1865.58,1833.26,1899.65,BHARTIARTL.NS
2025-09-01,1872.07,1840.47,1906.35,BHARTIARTL.NS
2025-09-02,1878.8,1845.08,1912.63,BHARTIARTL.NS
2025-09-03,1881.99,1845.87,1919.69,BHARTIARTL.NS
2025-09-04,1884.92,1849.36,1920.72,BHARTIARTL.NS
2025-09-05,1886.8,1852.09,1922.18,BHARTIARTL.NS
2025-09-08,1892.98,1859.23,1927.48,BHARTIARTL.NS
2025-09-09,1898.64,1861.19,1932.17,BHARTIARTL.NS
2025-09-10,1900.29,1863.79,1936.46,BHARTIARTL.NS
2025-09-11,1901.29,1865.99,1934.67,BHARTIARTL.NS
2025-09-12,1900.88,1865.29,1936.89,BHARTIARTL.NS
2025-09-15,1898.75,1864.5,1932.43,BHARTIARTL.NS
2025-09-16,1901.41,1865.7,1936.02,BHARTIARTL.NS
2025-09-17,1900.1,1865.34,1932.99,BHARTIARTL.NS
2025-09-18,1898.25,1860.61,1932.26,BHARTIARTL.NS
2025-09-19,1895.19,1861.31,1928.89,BHARTIARTL.NS
2025-09-22,1887.11,1853.76,1923.26,BHARTIARTL.NS
2025-09-23,1888.68,1852.69,1924.77,BHARTIARTL.NS
2025-09-24,1886.8,1853.96,1920.85,BHARTIARTL.NS
2025-09-25,1884.93,1850.23,1918.15,BHARTIARTL.NS
2025-09-26,1882.43,1847.31,1917.61,BHARTIARTL.NS
2025-09-29,1879.42,1844.81,1913.83,BHARTIARTL.NS
2025-09-30,1883.72,1848.97,1916.72,BHARTIARTL.NS
2025-10-01,1885.02,1849.23,1920.39,BHARTIARTL.NS
2025-10-03,1888.11,1851.3,1923.02,BHARTIARTL.NS
2025-10-06,1897.81,1862.02,1933.32,BHARTIARTL.NS
2025-10-07,1906.41,1871.24,1940.21,BHARTIARTL.NS
2025-10-08,1911.91,1875.36,1944.9,BHARTIARTL.NS
2025-10-09,1917.6,1884.01,1954.55,BHARTIARTL.NS
2025-10-10,1922.7,1890.2,1955.24,BHARTIARTL.NS
2025-10-13,1941.27,1907.78,1976.6,BHARTIARTL.NS
2025-10-14,1951.9,1916.73,1987.21,BHARTIARTL.NS
2025-10-15,1958.91,1925.97,1994.98,BHARTIARTL.NS
2025-10-16,1965.6,1931.22,1999.42,BHARTIARTL.NS
2025-10-17,1971.17,1937.46,2006.35,BHARTIARTL.NS
2025-10-20,1988.25,1954.47,2022.49,BHARTIARTL.NS
2025-10-21,1997.54,1959.65,2032.08,BHARTIARTL.NS
2025-10-23,2007.64,1971.06,2040.43,BHARTIARTL.NS
2025-10-24,2011.07,1976.45,2044.65,BHARTIARTL.NS
2025-10-27,2021.23,1988.28,2057.6,BHARTIARTL.NS
2025-10-28,2028.28,1993.68,2063.38,BHARTIARTL.NS
2025-10-29,2031.51,1995.16,2067.27,BHARTIARTL.NS
2025-10-30,2034.33,2000.83,2068.6,BHARTIARTL.NS
2025-10-31,2036.06,2001.27,2071.36,BHARTIARTL.NS
2025-11-03,2042.74,2006.25,2077.59,BHARTIARTL.NS
2025-11-04,2049.2,2014.22,2081.96,BHARTIARTL.NS
2025-11-06,2054.86,2017.76,2086.06,BHARTIARTL.NS
2025-11-07,2056.74,2019.5,2089.62,BHARTIARTL.NS
2025-11-10,2064.67,2028.84,2097.96,BHARTIARTL.NS
2025-11-11,2071.64,2038.23,2106.1,BHARTIARTL.NS
2025-11-12,2075.01,2040.0,2108.45,BHARTIARTL.NS
2025-11-13,2078.12,2046.87,2114.68,BHARTIARTL.NS
2025-11-14,2080.18,2046.15,2116.93,BHARTIARTL.NS
2025-11-17,2087.2,2053.4,2120.49,BHARTIARTL.NS
2025-11-18,2093.25,2057.18,2126.77,BHARTIARTL.NS
2025-11-19,2095.37,2062.7,2129.38,BHARTIARTL.NS
2025-11-20,2096.87,2061.85,2130.31,BHARTIARTL.NS
2025-11-21,2096.99,2061.3,2130.68,BHARTIARTL.NS
2025-11-24,2096.37,2061.33,2131.32,BHARTIARTL.NS
2025-11-25,2099.42,2061.87,2131.64,BHARTIARTL.NS
2025-11-26,2098.4,2067.17,2132.37,BHARTIARTL.NS
2025-11-27,2096.69,2062.76,2130.55,BHARTIARTL.NS
2025-11-28,2093.59,2058.61,2127.86,BHARTIARTL.NS
2025-12-01,2084.11,2050.79,2117.54,BHARTIARTL.NS
2025-12-02,2084.71,2051.73,2119.22,BHARTIARTL.NS
2025-12-03,2081.59,2045.78,2115.61,BHARTIARTL.NS
2025-12-04,2078.2,2043.51,2113.05,BHARTIARTL.NS
2025-12-05,2073.9,2040.95,2107.37,BHARTIARTL.NS
2025-12-08,2063.87,2028.81,2098.06,BHARTIARTL.NS
2025-12-09,2065.34,2031.12,2100.1,BHARTIARTL.NS
2025-12-10,2063.61,2027.56,2099.22,BHARTIARTL.NS
2025-12-11,2062.07,2029.19,2097.87,BHARTIARTL.NS
2025-12-12,2060.05,2025.43,2095.79,BHARTIARTL.NS
2025-12-15,2058.73,2023.93,2095.56,BHARTIARTL.NS
2025-12-16,2063.45,2029.69,2099.47,BHARTIARTL.NS
2025-12-17,2064.99,2031.67,2100.95,BHARTIARTL.NS
2025-12-18,2066.66,2032.03,2103.29,BHARTIARTL.NS
2025-12-19,2067.65,2032.75,2100.19,BHARTIARTL.NS
2025-12-22,2073.43,2038.25,2108.26,BHARTIARTL.NS
2025-12-23,2079.58,2043.12,2113.12,BHARTIARTL.NS
2025-12-24,2081.96,2047.7,2118.18,BHARTIARTL.NS
2025-12-26,2084.4,2050.32,2118.35,BHARTIARTL.NS
2025-12-29,2084.78,2049.4,2121.21,BHARTIARTL.NS
2025-12-30,2087.84,2055.45,2121.27,BHARTIARTL.NS
2025-12-31,2086.56,2050.5,2121.06,BHARTIARTL.NS
2026-01-01,2084.27,2050.37,2118.62,BHARTIARTL.NS
2026-01-02,2080.21,2044.16,2114.89,BHARTIARTL.NS
2026-01-05,2065.19,2034.89,2097.81,BHARTIARTL.NS
2026-01-06,2062.96,2029.22,2099.17,BHARTIARTL.NS
2026-01-07,2056.49,2020.54,2090.32,BHARTIARTL.NS
2026-01-08,2049.25,2014.55,2084.8,BHARTIARTL.NS
2026-01-09,2040.58,2007.52,2076.3,BHARTIARTL.NS
2026-01-12,2014.81,1978.56,2050.63,BHARTIARTL.NS
2026-01-13,2010.3,1974.79,2047.92,BHARTIARTL.NS
2026-01-14,2002.33,1964.12,2035.68,BHARTIARTL.NS
2026-01-15,1994.38,1958.42,2026.49,BHARTIARTL.NS
2026-01-16,1985.83,1950.91,2020.55,BHARTIARTL.NS
2026-01-19,1965.33,1931.83,1999.58,BHARTIARTL.NS
2026-01-20,1964.1,1927.59,2002.15,BHARTIARTL.NS
2026-01-21,1960.06,1925.87,1996.23,BHARTIARTL.NS
2026-01-22,1956.64,1922.8,1987.62,BHARTIARTL.NS
2026-01-23,1953.1,1919.72,1985.2,BHARTIARTL.NS
2026-01-27,1954.01,1920.48,1990.64,BHARTIARTL.NS
2026-01-28,1955.69,1917.01,1990.6,BHARTIARTL.NS
2026-01-29,1957.75,1921.18,1992.6,BHARTIARTL.NS
2026-01-30,1959.36,1923.84,1993.16,BHARTIARTL.NS
2026-02-02,1968.07,1934.45,2001.85,BHARTIARTL.NS
2026-02-03,1975.48,1936.5,2008.01,BHARTIARTL.NS
2026-02-04,1979.23,1943.89,2013.77,BHARTIARTL.NS
2026-02-05,1982.57,1945.74,2016.25,BHARTIARTL.NS
2026-02-06,1984.64,1951.46,2020.64,BHARTIARTL.NS
2026-02-09,1989.84,1955.64,2024.73,BHARTIARTL.NS
2026-02-10,1994.55,1960.09,2030.03,BHARTIARTL.NS
2026-02-11,1994.92,1960.81,2029.56,BHARTIARTL.NS
2026-02-12,1994.26,1958.45,2029.19,BHARTIARTL.NS
2026-02-13,1991.81,1955.97,2027.67,BHARTIARTL.NS
2026-02-16,1981.21,1944.57,2014.99,BHARTIARTL.NS
2026-02-17,1980.23,1948.34,2013.3,BHARTIARTL.NS
2026-02-18,1974.87,1942.56,2012.25,BHARTIARTL.NS
2026-02-19,1968.55,1933.57,2002.63,BHARTIARTL.NS
2026-02-20,1960.6,1925.66,1997.21,BHARTIARTL.NS
2026-02-23,1935.28,1901.45,1969.21,BHARTIARTL.NS
2026-02-24,1930.24,1896.66,1964.7,BHARTIARTL.NS
2026-02-25,1921.34,1887.73,1957.13,BHARTIARTL.NS
2026-02-26,1912.02,1874.09,1945.26,BHARTIARTL.NS
2026-02-27,1901.66,1867.54,1937.0,BHARTIARTL.NS
2026-03-02,1872.69,1838.36,1905.79,BHARTIARTL.NS
2026-03-04,1859.23,1826.46,1893.84,BHARTIARTL.NS
2026-03-05,1850.95,1815.89,1885.66,BHARTIARTL.NS
2026-03-06,1842.1,1806.29,1877.92,BHARTIARTL.NS
2026-03-09,1820.09,1782.4,1853.82,BHARTIARTL.NS
2026-03-10,1817.96,1780.89,1850.93,BHARTIARTL.NS
2026-03-11,1812.75,1778.23,1846.97,BHARTIARTL.NS
2026-03-12,1807.83,1773.83,1844.19,BHARTIARTL.NS
2026-03-13,1802.46,1766.43,1835.74,BHARTIARTL.NS
2026-03-16,1791.21,1756.15,1827.51,BHARTIARTL.NS
2026-03-17,1792.64,1757.67,1826.08,BHARTIARTL.NS
2026-03-18,1790.92,1759.26,1825.39,BHARTIARTL.NS
2026-03-19,1789.39,1754.05,1823.91,BHARTIARTL.NS
2026-03-20,1787.3,1753.61,1821.53,BHARTIARTL.NS
2026-03-23,1785.04,1750.8,1818.38,BHARTIARTL.NS
2026-03-24,1789.14,1754.34,1825.37,BHARTIARTL.NS
2026-03-25,1789.92,1752.64,1822.6,BHARTIARTL.NS
2026-03-27,1790.77,1755.04,1823.17,BHARTIARTL.NS
2026-03-30,1793.83,1758.49,1828.92,BHARTIARTL.NS
2026-04-01,1801.33,1768.17,1838.63,BHARTIARTL.NS
2026-04-02,1803.14,1768.7,1840.95,BHARTIARTL.NS
2026-04-06,1808.39,1774.13,1843.3,BHARTIARTL.NS
2026-04-07,1813.94,1782.19,1848.55,BHARTIARTL.NS
2026-04-08,1815.78,1782.84,1851.73,BHARTIARTL.NS
2026-04-09,1817.26,1780.09,1855.54,BHARTIARTL.NS
2026-04-10,1817.61,1780.56,1853.21,BHARTIARTL.NS
2026-04-13,1819.39,1785.94,1853.69,BHARTIARTL.NS
2026-04-15,1824.37,1790.59,1856.55,BHARTIARTL.NS
2026-04-16,1824.5,1790.5,1858.76,BHARTIARTL.NS
2026-04-17,1823.44,1787.11,1857.97,BHARTIARTL.NS
2026-04-20,1820.94,1787.71,1855.47,BHARTIARTL.NS
2026-04-21,1823.99,1791.29,1858.93,BHARTIARTL.NS
2026-04-22,1823.32,1789.53,1860.01,BHARTIARTL.NS
2026-04-23,1822.32,1785.84,1858.78,BHARTIARTL.NS
2026-04-24,1820.29,1786.6,1853.96,BHARTIARTL.NS
2026-04-27,1815.99,1784.37,1849.23,BHARTIARTL.NS
2026-04-28,1818.88,1782.95,1855.35,BHARTIARTL.NS
2026-04-29,1818.28,1779.75,1853.09,BHARTIARTL.NS
2026-04-30,1817.58,1783.27,1852.86,BHARTIARTL.NS
2026-05-01,1816.07,1783.67,1853.17,BHARTIARTL.NS
2026-05-04,1814.53,1779.43,1846.42,BHARTIARTL.NS
2026-05-05,1818.66,1784.06,1854.77,BHARTIARTL.NS
2026-05-06,1819.38,1785.55,1852.61,BHARTIARTL.NS
2026-05-07,1820.07,1784.94,1854.26,BHARTIARTL.NS
2026-05-08,1819.97,1783.99,1854.74,BHARTIARTL.NS
2026-05-11,1822.3,1787.84,1856.54,BHARTIARTL.NS
2026-05-12,1827.45,1792.74,1860.02,BHARTIARTL.NS
2026-05-13,1829.0,1791.33,1868.09,BHARTIARTL.NS
2026-05-14,1830.28,1794.73,1866.23,BHARTIARTL.NS
2026-05-15,1830.5,1794.31,1864.9,BHARTIARTL.NS
2026-05-18,1832.01,1797.28,1864.78,BHARTIARTL.NS
2026-05-19,1836.27,1802.63,1871.6,BHARTIARTL.NS
2026-05-20,1836.62,1799.07,1869.97,BHARTIARTL.NS
2026-05-21,1836.42,1801.09,1872.02,BHARTIARTL.NS
2026-05-22,1834.9,1800.34,1872.19,BHARTIARTL.NS
2026-05-25,1830.06,1792.47,1864.95,BHARTIARTL.NS
2026-05-26,1831.97,1796.42,1869.19,BHARTIARTL.NS
2026-05-27,1829.98,1798.67,1865.64,BHARTIARTL.NS
2026-05-28,1827.47,1793.14,1863.58,BHARTIARTL.NS
2026-05-29,1823.77,1788.61,1855.36,BHARTIARTL.NS
2026-06-01,1813.61,1781.69,1848.43,BHARTIARTL.NS
2026-06-02,1814.36,1780.97,1852.07,BHARTIARTL.NS
2026-06-03,1811.58,1774.88,1844.61,BHARTIARTL.NS
2026-06-04,1808.71,1772.52,1842.47,BHARTIARTL.NS
2026-06-05,1805.08,1771.08,1838.93,BHARTIARTL.NS
2026-06-08,1797.91,1764.27,1832.19,BHARTIARTL.NS
2026-06-09,1800.56,1767.82,1837.29,BHARTIARTL.NS
2026-06-10,1800.09,1763.17,1835.37,BHARTIARTL.NS
2026-06-11,1799.9,1767.32,1835.94,BHARTIARTL.NS
2026-06-12,1799.28,1762.59,1833.29,BHARTIARTL.NS
2026-06-15,1802.54,1766.89,1837.54,BHARTIARTL.NS
2026-06-16,1808.9,1774.92,1843.28,BHARTIARTL.NS
2026-06-17,1812.15,1778.65,1846.58,BHARTIARTL.NS
2026-06-18,1815.6,1781.54,1850.04,BHARTIARTL.NS
2026-06-19,1818.47,1785.19,1853.23,BHARTIARTL.NS
2026-06-22,1830.66,1795.11,1864.8,BHARTIARTL.NS
2026-06-23,1839.31,1803.81,1875.66,BHARTIARTL.NS
2026-06-24,1844.41,1810.66,1882.67,BHARTIARTL.NS
2026-06-25,1849.27,1815.08,1883.62,BHARTIARTL.NS
2026-06-26,1853.08,1818.19,1883.31,BHARTIARTL.NS
2026-06-29,1865.29,1830.23,1899.67,BHARTIARTL.NS
2026-06-30,1873.06,1839.83,1907.91,BHARTIARTL.NS
2026-07-01,1876.9,1842.24,1911.77,BHARTIARTL.NS
2026-07-02,1880.15,1846.03,1913.8,BHARTIARTL.NS
2026-07-03,1882.07,1846.48,1913.86,BHARTIARTL.NS
2026-07-06,1887.46,1852.09,1922.07,BHARTIARTL.NS
2026-07-07,1892.78,1855.38,1926.91,BHARTIARTL.NS
2026-07-08,1894.2,1859.83,1928.69,BHARTIARTL.NS
2026-07-09,1895.11,1861.05,1931.54,BHARTIARTL.NS
2026-07-10,1894.84,1862.51,1931.45,BHARTIARTL.NS
2026-07-13,1894.9,1860.32,1932.12,BHARTIARTL.NS
2026-07-14,1898.99,1863.64,1930.85,BHARTIARTL.NS
2026-07-15,1899.47,1864.65,1934.55,BHARTIARTL.NS
2026-07-16,1899.74,1865.56,1934.22,BHARTIARTL.NS
2026-07-17,1899.11,1861.89,1934.71,BHARTIARTL.NS
2026-07-20,1899.64,1866.48,1933.71,BHARTIARTL.NS
2026-07-21,1904.28,1870.63,1939.16,BHARTIARTL.NS
2026-07-22,1905.43,1869.13,1937.78,BHARTIARTL.NS
2026-07-23,1906.44,1872.95,1943.21,BHARTIARTL.NS
2026-07-24,1906.58,1873.17,1942.43,BHARTIARTL.NS
2026-07-27,1908.98,1873.81,1945.16,BHARTIARTL.NS
2026-07-28,1913.94,1879.5,1947.34,BHARTIARTL.NS
2026-07-29,1915.19,1881.02,1952.95,BHARTIARTL.NS
2026-07-30,1916.07,1883.14,1953.33,BHARTIARTL.NS
2026-07-31,1915.79,1880.37,1950.64,BHARTIARTL.NS
2026-08-03,1915.26,1880.02,1947.85,BHARTIARTL.NS
2026-08-04,1918.71,1884.85,1957.65,BHARTIARTL.NS
2026-08-05,1918.22,1883.48,1953.64,BHARTIARTL.NS
2026-08-06,1917.16,1881.85,1952.07,BHARTIARTL.NS
2026-08-07,1914.8,1880.35,1949.11,BHARTIARTL.NS
2026-08-10,1907.71,1872.34,1939.81,BHARTIARTL.NS
2026-08-11,1909.06,1875.26,1943.57,BHARTIARTL.NS
2026-08-12,1906.63,1873.13,1941.15,BHARTIARTL.NS
2026-08-13,1903.83,1868.15,1938.06,BHARTIARTL.NS
2026-08-14,1900.0,1864.68,1934.61,BHARTIARTL.NS
2026-08-17,1890.55,1859.7,1925.66,BHARTIARTL.NS
2026-08-18,1891.92,1855.46,1925.16,BHARTIARTL.NS
2026-08-19,1889.92,1855.99,1924.93,BHARTIARTL.NS
2026-08-20,1888.0,1854.96,1923.78,BHARTIARTL.NS
2026-08-21,1885.47,1851.55,1919.03,BHARTIARTL.NS
2026-08-24,1882.17,1847.52,1916.44,BHARTIARTL.NS
2026-08-25,1886.19,1851.26,1920.67,BHARTIARTL.NS
2026-08-26,1887.06,1853.32,1924.29,BHARTIARTL.NS
2026-08-27,1888.14,1853.42,1921.36,BHARTIARTL.NS
2026-08-28,1888.66,1856.23,1925.57,BHARTIARTL.NS
2026-08-31,1894.15,1858.55,1928.65,BHARTIARTL.NS
2026-09-01,1900.72,1862.95,1934.66,BHARTIARTL.NS
2026-09-02,1903.83,1870.54,1939.67,BHARTIARTL.NS
2026-09-03,1906.78,1873.46,1941.04,BHARTIARTL.NS
2025-07-24,312.63,305.17,319.89,BPCL.NS
2025-07-25,311.76,304.16,318.77,BPCL.NS
2025-07-28,311.09,303.19,318.43,BPCL.NS
2025-07-29,310.5,303.13,317.93,BPCL.NS
2025-07-30,312.48,304.83,319.98,BPCL.NS
2025-07-31,310.49,302.29,317.67,BPCL.NS
2025-08-01,309.29,302.14,316.91,BPCL.NS
2025-08-04,307.74,299.93,314.89,BPCL.NS
2025-08-05,306.9,299.75,314.19,BPCL.NS
2025-08-06,308.69,301.25,316.38,BPCL.NS
2025-08-07,306.54,298.95,314.17,BPCL.NS
2025-08-08,305.22,297.2,312.63,BPCL.NS
2025-08-11,303.59,296.17,311.06,BPCL.NS
2025-08-12,302.82,295.96,310.15,BPCL.NS
2025-08-13,304.7,297.08,311.95,BPCL.NS
2025-08-14,302.69,294.86,310.47,BPCL.NS
2025-08-18,300.56,293.52,308.02,BPCL.NS
2025-08-19,300.04,292.7,307.49,BPCL.NS
2025-08-20,302.18,294.94,309.34,BPCL.NS
2025-08-21,300.42,292.39,307.34,BPCL.NS
2025-08-22,299.52,291.96,306.82,BPCL.NS
2025-08-25,299.21,291.05,307.08,BPCL.NS
2025-08-26,298.88,291.46,306.29,BPCL.NS
2025-08-28,299.59,292.34,307.25,BPCL.NS
2025-08-29,298.84,291.51,306.12,BPCL.NS
2025-09-01,298.93,291.77,306.0,BPCL.NS
2025-09-02,298.74,291.19,305.94,BPCL.NS
2025-09-03,301.2,293.72,308.77,BPCL.NS
2025-09-04,299.78,292.39,307.58,BPCL.NS
2025-09-05,299.21,292.09,306.68,BPCL.NS
2025-09-08,300.09,292.83,307.66,BPCL.NS
2025-09-09,300.23,292.57,307.6,BPCL.NS
2025-09-10,303.08,295.6,310.62,BPCL.NS
2025-09-11,302.07,294.37,310.13,BPCL.NS
2025-09-12,301.97,294.43,309.57,BPCL.NS
2025-09-15,304.42,297.12,311.73,BPCL.NS
2025-09-16,305.13,297.43,312.46,BPCL.NS
2025-09-17,308.54,301.07,315.95,BPCL.NS
2025-09-18,308.09,300.71,315.18,BPCL.NS
2025-09-19,308.52,300.69,315.58,BPCL.NS
2025-09-22,312.32,304.8,320.26,BPCL.NS
2025-09-23,313.35,305.85,320.67,BPCL.NS
2025-09-24,317.0,309.52,324.36,BPCL.NS
2025-09-25,316.69,309.33,324.07,BPCL.NS
2025-09-26,317.17,309.59,324.87,BPCL.NS
2025-09-29,320.42,312.96,328.73,BPCL.NS
2025-09-30,321.05,313.5,328.67,BPCL.NS
2025-10-01,324.18,316.01,331.16,BPCL.NS
2025-10-03,323.04,315.72,331.32,BPCL.NS
2025-10-06,323.81,316.48,331.03,BPCL.NS
2025-10-07,323.54,316.06,331.32,BPCL.NS
2025-10-08,325.79,318.29,333.2,BPCL.NS
2025-10-09,324.01,316.54,331.74,BPCL.NS
2025-10-10,322.98,314.89,330.55,BPCL.NS
2025-10-13,321.85,314.48,328.81,BPCL.NS
2025-10-14,321.19,313.39,328.68,BPCL.NS
2025-10-15,323.2,315.29,330.38,BPCL.NS
2025-10-16,321.34,313.64,329.27,BPCL.NS
2025-10-17,320.41,313.13,327.88,BPCL.NS
2025-10-20,320.67,313.19,328.38,BPCL.NS
2025-10-21,320.82,313.71,328.13,BPCL.NS
2025-10-23,323.07,315.57,329.89,BPCL.NS
2025-10-24,323.38,315.74,330.6,BPCL.NS
2025-10-27,327.84,320.28,335.47,BPCL.NS
2025-10-28,329.46,321.62,337.35,BPCL.NS
2025-10-29,333.88,326.24,341.49,BPCL.NS
2025-10-30,334.53,327.41,341.92,BPCL.NS
2025-10-31,336.14,328.86,343.58,BPCL.NS
2025-11-03,343.64,336.44,351.01,BPCL.NS
2025-11-04,345.91,338.02,353.73,BPCL.NS
2025-11-06,351.58,344.62,358.89,BPCL.NS
2025-11-07,353.11,345.5,360.76,BPCL.NS
2025-11-10,358.89,351.14,366.09,BPCL.NS
2025-11-11,360.09,352.61,367.06,BPCL.NS
2025-11-12,363.65,355.79,371.16,BPCL.NS
2025-11-13,363.01,355.73,370.57,BPCL.NS
2025-11-14,362.89,356.24,370.6,BPCL.NS
2025-11-17,363.06,355.1,370.75,BPCL.NS
2025-11-18,362.28,355.35,370.19,BPCL.NS
2025-11-19,363.88,355.7,371.1,BPCL.NS
2025-11-20,361.33,353.12,368.73,BPCL.NS
2025-11-21,359.41,352.54,367.39,BPCL.NS
2025-11-24,355.05,347.44,362.35,BPCL.NS
2025-11-25,353.18,345.72,360.15,BPCL.NS
2025-11-26,353.93,346.44,361.4,BPCL.NS
2025-11-27,350.79,343.0,358.58,BPCL.NS
2025-11-28,348.55,341.5,355.98,BPCL.NS
2025-12-01,344.88,337.54,352.34,BPCL.NS
2025-12-02,343.76,336.17,351.56,BPCL.NS
2025-12-03,345.49,338.1,353.26,BPCL.NS
2025-12-04,343.53,336.71,351.04,BPCL.NS
2025-12-05,342.65,335.62,350.17,BPCL.NS
2025-12-08,343.79,336.93,351.3,BPCL.NS
2025-12-09,344.38,336.97,352.22,BPCL.NS
2025-12-10,347.81,340.17,355.43,BPCL.NS
2025-12-11,347.5,340.68,355.61,BPCL.NS
2025-12-12,348.18,340.55,355.23,BPCL.NS
2025-12-15,353.1,345.58,360.02,BPCL.NS
2025-12-16,354.56,346.88,362.23,BPCL.NS
2025-12-17,358.63,351.09,366.13,BPCL.NS
2025-12-18,358.71,350.84,366.22,BPCL.NS
2025-12-19,359.53,351.25,367.04,BPCL.NS
2025-12-22,363.38,356.05,371.1,BPCL.NS
2025-12-23,364.02,357.05,371.41,BPCL.NS
2025-12-24,367.07,359.96,374.65,BPCL.NS
2025-12-26,365.43,357.83,372.62,BPCL.NS
2025-12-29,364.67,357.79,372.19,BPCL.NS
2025-12-30,363.71,356.53,371.36,BPCL.NS
2025-12-31,365.17,357.57,372.67,BPCL.NS
2026-01-01,362.54,354.34,370.51,BPCL.NS
2026-01-02,360.59,352.74,368.59,BPCL.NS
2026-01-05,356.42,348.82,364.48,BPCL.NS
2026-01-06,354.68,347.1,362.67,BPCL.NS
2026-01-07,355.58,348.33,362.71,BPCL.NS
2026-01-08,352.59,345.32,360.21,BPCL.NS
2026-01-09,350.51,343.08,357.68,BPCL.NS
2026-01-12,347.26,339.58,354.78,BPCL.NS
2026-01-13,346.23,339.21,353.43,BPCL.NS
2026-01-14,348.01,340.84,355.98,BPCL.NS
2026-01-15,346.08,338.2,353.26,BPCL.NS
2026-01-16,345.17,337.41,352.79,BPCL.NS
2026-01-19,345.99,338.46,353.34,BPCL.NS
2026-01-20,346.41,337.96,353.91,BPCL.NS
2026-01-21,349.64,342.67,357.01,BPCL.NS
2026-01-22,349.13,342.04,356.72,BPCL.NS
2026-01-23,349.61,342.32,356.63,BPCL.NS
2026-01-27,355.52,347.83,363.34,BPCL.NS
2026-01-28,359.64,352.41,367.24,BPCL.NS
2026-01-29,359.87,352.34,367.27,BPCL.NS
2026-01-30,360.96,353.77,368.05,BPCL.NS
2026-02-02,366.47,359.08,374.16,BPCL.NS
2026-02-03,367.97,361.09,375.12,BPCL.NS
2026-02-04,372.05,363.7,379.53,BPCL.NS
2026-02-05,372.14,364.73,379.25,BPCL.NS
2026-02-06,372.97,366.2,380.88,BPCL.NS
2026-02-09,377.14,369.27,384.08,BPCL.NS
2026-02-10,378.05,370.33,385.44,BPCL.NS
2026-02-11,381.46,373.7,388.78,BPCL.NS
2026-02-12,380.81,373.11,387.88,BPCL.NS
2026-02-13,380.85,373.6,387.86,BPCL.NS
2026-02-16,382.31,374.96,389.13,BPCL.NS
2026-02-17,382.19,374.31,389.52,BPCL.NS
2026-02-18,384.51,376.59,391.44,BPCL.NS
2026-02-19,382.71,374.86,390.33,BPCL.NS
2026-02-20,381.53,374.12,389.13,BPCL.NS
2026-02-23,378.9,371.33,386.22,BPCL.NS
2026-02-24,377.28,368.83,384.8,BPCL.NS
2026-02-25,378.02,370.59,385.38,BPCL.NS
2026-02-26,374.57,367.18,382.04,BPCL.NS
2026-02-27,371.69,364.73,379.05,BPCL.NS
2026-03-02,363.67,356.3,371.75,BPCL.NS
2026-03-04,359.13,351.37,366.47,BPCL.NS
2026-03-05,353.88,346.3,361.46,BPCL.NS
2026-03-06,349.25,341.88,356.72,BPCL.NS
2026-03-09,336.56,329.13,343.67,BPCL.NS
2026-03-10,331.81,324.67,339.03,BPCL.NS
2026-03-11,329.61,322.15,336.85,BPCL.NS
2026-03-12,323.46,315.86,330.98,BPCL.NS
2026-03-13,318.14,310.76,325.78,BPCL.NS
2026-03-16,304.88,297.38,312.2,BPCL.NS
2026-03-17,300.48,292.63,308.23,BPCL.NS
2026-03-18,298.93,291.36,306.44,BPCL.NS
2026-03-19,293.69,286.3,301.18,BPCL.NS
2026-03-20,289.57,282.19,296.98,BPCL.NS
2026-03-23,281.44,273.86,288.7,BPCL.NS
2026-03-24,279.2,271.97,287.02,BPCL.NS
2026-03-25,279.99,272.41,287.24,BPCL.NS
2026-03-27,275.74,268.68,282.94,BPCL.NS
2026-03-30,275.8,268.19,283.06,BPCL.NS
2026-04-01,279.71,271.38,287.31,BPCL.NS
2026-04-02,279.51,272.71,287.35,BPCL.NS
2026-04-06,286.48,278.63,293.73,BPCL.NS
2026-04-07,288.5,281.43,296.21,BPCL.NS
2026-04-08,293.2,286.11,300.73,BPCL.NS
2026-04-09,293.99,287.02,301.69,BPCL.NS
2026-04-10,295.58,287.91,302.54,BPCL.NS
2026-04-13,302.12,294.55,309.24,BPCL.NS
2026-04-15,307.83,300.46,316.09,BPCL.NS
2026-04-16,307.79,300.14,315.35,BPCL.NS
2026-04-17,308.35,300.56,315.65,BPCL.NS
2026-04-20,310.92,303.4,318.85,BPCL.NS
2026-04-21,311.04,303.48,318.71,BPCL.NS
2026-04-22,313.57,305.93,321.27,BPCL.NS
2026-04-23,311.96,304.11,320.03,BPCL.NS
2026-04-24,310.97,303.57,318.64,BPCL.NS
2026-04-27,309.26,301.37,316.73,BPCL.NS
2026-04-28,308.16,300.99,315.61,BPCL.NS
2026-04-29,309.58,301.87,316.91,BPCL.NS
2026-04-30,307.01,299.62,314.15,BPCL.NS
2026-05-01,305.21,298.04,312.81,BPCL.NS
2026-05-04,301.97,294.1,309.65,BPCL.NS
2026-05-05,300.66,293.38,308.14,BPCL.NS
2026-05-06,302.02,294.29,309.43,BPCL.NS
2026-05-07,299.5,291.7,306.41,BPCL.NS
2026-05-08,297.89,291.12,304.49,BPCL.NS
2026-05-11,295.77,288.49,303.23,BPCL.NS
2026-05-12,294.96,287.75,302.93,BPCL.NS
2026-05-13,296.87,289.48,304.41,BPCL.NS
2026-05-14,294.94,287.32,302.49,BPCL.NS
2026-05-15,293.92,286.34,300.88,BPCL.NS
2026-05-18,293.54,286.1,301.37,BPCL.NS
2026-05-19,293.27,285.2,300.55,BPCL.NS
2026-05-20,295.68,287.84,302.59,BPCL.NS
2026-05-21,294.21,286.67,301.1,BPCL.NS
2026-05-22,293.61,286.41,301.38,BPCL.NS
2026-05-25,294.24,286.45,301.58,BPCL.NS
2026-05-26,294.23,286.78,301.84,BPCL.NS
2026-05-27,296.86,288.96,304.21,BPCL.NS
2026-05-28,295.59,288.15,302.96,BPCL.NS
2026-05-29,295.16,287.72,302.12,BPCL.NS
2026-06-01,296.2,289.66,304.15,BPCL.NS
2026-06-02,296.31,289.22,303.8,BPCL.NS
2026-06-03,299.06,291.46,306.61,BPCL.NS
2026-06-04,297.91,290.1,305.41,BPCL.NS
2026-06-05,297.6,290.29,305.61,BPCL.NS
2026-06-08,299.02,291.47,306.99,BPCL.NS
2026-06-09,299.26,291.83,306.82,BPCL.NS
2026-06-10,302.15,294.72,309.6,BPCL.NS
2026-06-11,301.12,293.73,308.09,BPCL.NS
2026-06-12,300.92,293.39,308.49,BPCL.NS
2026-06-15,302.63,294.84,310.13,BPCL.NS
2026-06-16,302.92,294.69,310.08,BPCL.NS
2026-06-17,305.84,298.37,313.12,BPCL.NS
2026-06-18,304.82,297.54,311.55,BPCL.NS
2026-06-19,304.6,297.5,312.19,BPCL.NS
2026-06-22,306.09,298.59,313.65,BPCL.NS
2026-06-23,306.26,298.99,314.05,BPCL.NS
2026-06-24,309.03,301.09,316.74,BPCL.NS
2026-06-25,307.85,300.94,315.21,BPCL.NS
2026-06-26,307.46,300.05,314.81,BPCL.NS
2026-06-29,308.36,300.82,316.13,BPCL.NS
2026-06-30,308.34,300.96,315.58,BPCL.NS
2026-07-01,310.93,303.22,317.88,BPCL.NS
2026-07-02,309.57,302.23,317.1,BPCL.NS
2026-07-03,309.02,301.27,315.65,BPCL.NS
2026-07-06,309.55,302.09,317.51,BPCL.NS
2026-07-07,309.45,302.25,316.85,BPCL.NS
2026-07-08,311.97,304.88,319.49,BPCL.NS
2026-07-09,310.57,303.76,318.23,BPCL.NS
2026-07-10,309.99,302.81,317.81,BPCL.NS
2026-07-13,310.52,303.17,317.88,BPCL.NS
2026-07-14,310.42,302.65,317.35,BPCL.NS
2026-07-15,312.94,305.54,320.42,BPCL.NS
2026-07-16,311.53,304.2,319.17,BPCL.NS
2026-07-17,310.93,303.52,318.95,BPCL.NS
2026-07-20,311.25,303.37,319.07,BPCL.NS
2026-07-21,311.04,303.71,318.28,BPCL.NS
2026-07-22,313.41,305.94,321.01,BPCL.NS
2026-07-23,311.82,304.42,319.31,BPCL.NS
2026-07-24,311.0,303.37,318.35,BPCL.NS
2026-07-27,310.53,303.57,317.75,BPCL.NS
2026-07-28,310.0,302.4,317.3,BPCL.NS
2026-07-29,312.05,304.68,319.67,BPCL.NS
2026-07-30,310.13,302.53,317.21,BPCL.NS
2026-07-31,308.98,301.38,316.24,BPCL.NS
2026-08-03,307.55,300.89,315.38,BPCL.NS
2026-08-04,306.75,298.71,314.31,BPCL.NS
2026-08-05,308.55,300.77,315.96,BPCL.NS
2026-08-06,306.41,299.01,314.2,BPCL.NS
2026-08-07,305.09,297.65,312.47,BPCL.NS
2026-08-10,303.4,295.64,311.12,BPCL.NS
2026-08-11,302.6,295.21,309.91,BPCL.NS
2026-08-12,304.44,296.44,312.36,BPCL.NS
2026-08-13,302.39,294.99,309.14,BPCL.NS
2026-08-14,301.2,293.27,308.36,BPCL.NS
2026-08-17,300.08,292.53,307.85,BPCL.NS
2026-08-18,299.51,291.88,306.72,BPCL.NS
2026-08-19,301.61,294.4,308.83,BPCL.NS
2026-08-20,299.81,291.79,306.87,BPCL.NS
2026-08-21,298.87,291.6,305.91,BPCL.NS
2026-08-24,298.46,291.27,305.92,BPCL.NS
2026-08-25,298.1,290.84,305.65,BPCL.NS
2026-08-26,300.39,292.74,307.76,BPCL.NS
2026-08-27,298.78,291.39,305.85,BPCL.NS
2026-08-28,298.0,290.42,305.8,BPCL.NS
2026-08-31,298.02,290.38,305.56,BPCL.NS
2026-09-01,297.79,290.24,304.87,BPCL.NS
2026-09-02,300.22,292.84,307.63,BPCL.NS
2026-09-03,298.75,290.86,306.06,BPCL.NS
2026-09-04,298.14,291.19,305.74,BPCL.NS
2025-07-24,5641.06,5549.48,5741.94,BRITANNIA.NS
2025-07-25,5641.96,5542.03,5746.81,BRITANNIA.NS
2025-07-28,5620.96,5522.96,5728.1,BRITANNIA.NS
2025-07-29,5622.32,5521.94,5725.51,BRITANNIA.NS
2025-07-30,5607.91,5502.82,5705.84,BRITANNIA.NS
2025-07-31,5590.71,5486.9,5685.83,BRITANNIA.NS
2025-08-01,5580.43,5485.53,5686.38,BRITANNIA.NS
2025-08-04,5531.46,5432.39,5631.52,BRITANNIA.NS
2025-08-05,5526.25,5432.8,5620.37,BRITANNIA.NS
2025-08-06,5507.07,5409.96,5598.24,BRITANNIA.NS
2025-08-07,5487.09,5388.13,5583.2,BRITANNIA.NS
2025-08-08,5476.22,5379.43,5580.56,BRITANNIA.NS
2025-08-11,5439.87,5343.8,5537.04,BRITANNIA.NS
2025-08-12,5443.86,5342.87,5540.46,BRITANNIA.NS
2025-08-13,5436.36,5334.94,5534.56,BRITANNIA.NS
2025-08-14,5430.44,5336.73,5525.74,BRITANNIA.NS
2025-08-18,5459.68,5361.67,5557.27,BRITANNIA.NS
2025-08-19,5486.53,5381.58,5578.82,BRITANNIA.NS
2025-08-20,5502.72,5406.31,5599.8,BRITANNIA.NS
2025-08-21,5520.94,5414.14,5614.92,BRITANNIA.NS
2025-08-22,5550.56,5453.89,5646.44,BRITANNIA.NS
2025-08-25,5643.03,5545.76,5742.65,BRITANNIA.NS
2025-08-26,5690.09,5591.92,5785.01,BRITANNIA.NS
2025-08-28,5758.61,5658.7,5856.96,BRITANNIA.NS
2025-08-29,5801.49,5707.25,5894.5,BRITANNIA.NS
2025-09-01,5915.53,5819.69,6012.09,BRITANNIA.NS
2025-09-02,5963.2,5866.82,6067.52,BRITANNIA.NS
2025-09-03,5994.83,5898.68,6087.85,BRITANNIA.NS
2025-09-04,6022.8,5917.86,6115.59,BRITANNIA.NS
2025-09-05,6056.25,5952.75,6154.94,BRITANNIA.NS
2025-09-08,6124.22,6028.89,6217.9,BRITANNIA.NS
2025-09-09,6151.48,6054.43,6240.97,BRITANNIA.NS
2025-09-10,6160.73,6058.84,6261.2,BRITANNIA.NS
2025-09-11,6164.75,6058.09,6258.38,BRITANNIA.NS
2025-09-12,6173.08,6070.54,6272.66,BRITANNIA.NS
2025-09-15,6163.12,6059.46,6260.79,BRITANNIA.NS
2025-09-16,6165.02,6060.75,6263.23,BRITANNIA.NS
2025-09-17,6149.92,6042.92,6240.94,BRITANNIA.NS
2025-09-18,6130.98,6033.32,6233.76,BRITANNIA.NS
2025-09-19,6118.12,6022.18,6223.69,BRITANNIA.NS
2025-09-22,6057.98,5955.7,6156.36,BRITANNIA.NS
2025-09-23,6048.34,5958.61,6138.69,BRITANNIA.NS
2025-09-24,6024.49,5925.8,6122.96,BRITANNIA.NS
2025-09-25,5999.66,5895.75,6098.29,BRITANNIA.NS
2025-09-26,5983.74,5882.07,6092.73,BRITANNIA.NS
2025-09-29,5930.45,5825.31,6037.03,BRITANNIA.NS
2025-09-30,5927.84,5832.12,6026.05,BRITANNIA.NS
2025-10-01,5913.01,5812.34,6005.53,BRITANNIA.NS
2025-10-03,5895.06,5797.45,5997.74,BRITANNIA.NS
2025-10-06,5882.95,5788.25,5980.44,BRITANNIA.NS
2025-10-07,5894.59,5793.43,5988.01,BRITANNIA.NS
2025-10-08,5893.73,5791.09,5995.99,BRITANNIA.NS
2025-10-09,5892.98,5792.39,5987.55,BRITANNIA.NS
2025-10-10,5901.67,5805.13,5995.11,BRITANNIA.NS
2025-10-13,5919.77,5815.87,6012.99,BRITANNIA.NS
2025-10-14,5938.47,5837.35,6037.96,BRITANNIA.NS
2025-10-15,5943.01,5847.62,6040.11,BRITANNIA.NS
2025-10-16,5945.96,5849.92,6048.93,BRITANNIA.NS
2025-10-17,5956.64,5861.82,6054.87,BRITANNIA.NS
2025-10-20,5971.14,5875.76,6071.0,BRITANNIA.NS
2025-10-21,5985.83,5888.75,6085.11,BRITANNIA.NS
2025-10-23,5982.04,5885.61,6076.94,BRITANNIA.NS
2025-10-24,5985.83,5886.8,6088.86,BRITANNIA.NS
2025-10-27,5977.15,5881.38,6078.48,BRITANNIA.NS
2025-10-28,5983.95,5882.03,6080.03,BRITANNIA.NS
2025-10-29,5975.66,5873.27,6077.18,BRITANNIA.NS
2025-10-30,5965.22,5859.79,6057.26,BRITANNIA.NS
2025-10-31,5962.28,5855.52,6060.72,BRITANNIA.NS
2025-11-03,5937.68,5842.11,6035.27,BRITANNIA.NS
2025-11-04,5940.83,5836.38,6037.01,BRITANNIA.NS
2025-11-06,5917.43,5820.42,6015.66,BRITANNIA.NS
2025-11-07,5913.43,5815.26,6008.29,BRITANNIA.NS
2025-11-10,5890.09,5786.07,5983.62,BRITANNIA.NS
2025-11-11,5894.87,5796.39,5983.71,BRITANNIA.NS
2025-11-12,5885.9,5788.99,5979.46,BRITANNIA.NS
2025-11-13,5875.99,5778.54,5976.93,BRITANNIA.NS
2025-11-14,5874.68,5780.9,5968.57,BRITANNIA.NS
2025-11-17,5860.08,5769.32,5960.57,BRITANNIA.NS
2025-11-18,5867.76,5768.68,5959.5,BRITANNIA.NS
2025-11-19,5861.58,5767.91,5961.61,BRITANNIA.NS
2025-11-20,5854.34,5750.85,5949.98,BRITANNIA.NS
2025-11-21,5855.55,5760.41,5956.77,BRITANNIA.NS
2025-11-24,5847.74,5749.51,5946.42,BRITANNIA.NS
2025-11-25,5857.52,5755.03,5960.78,BRITANNIA.NS
2025-11-26,5853.43,5758.09,5951.92,BRITANNIA.NS
2025-11-27,5848.34,5749.43,5942.92,BRITANNIA.NS
2025-11-28,5851.81,5753.83,5959.9,BRITANNIA.NS
2025-12-01,5852.05,5752.52,5950.99,BRITANNIA.NS
2025-12-02,5865.11,5772.34,5967.75,BRITANNIA.NS
2025-12-03,5864.67,5769.11,5965.6,BRITANNIA.NS
2025-12-04,5863.6,5760.56,5954.41,BRITANNIA.NS
2025-12-05,5871.49,5771.13,5975.16,BRITANNIA.NS
2025-12-08,5887.06,5787.74,5985.0,BRITANNIA.NS
2025-12-09,5905.77,5811.89,6001.2,BRITANNIA.NS
2025-12-10,5911.12,5810.54,6008.58,BRITANNIA.NS
2025-12-11,5915.9,5815.57,6021.8,BRITANNIA.NS
2025-12-12,5929.56,5825.96,6030.63,BRITANNIA.NS
2025-12-15,5960.88,5875.49,6058.8,BRITANNIA.NS
2025-12-16,5983.86,5886.41,6081.75,BRITANNIA.NS
2025-12-17,5992.78,5888.2,6091.19,BRITANNIA.NS
2025-12-18,6000.3,5903.87,6098.15,BRITANNIA.NS
2025-12-19,6015.77,5919.43,6111.5,BRITANNIA.NS
2025-12-22,6045.95,5949.83,6140.92,BRITANNIA.NS
2025-12-23,6066.17,5966.99,6156.52,BRITANNIA.NS
2025-12-24,6071.09,5973.92,6168.76,BRITANNIA.NS
2025-12-26,6082.42,5980.63,6183.6,BRITANNIA.NS
2025-12-29,6086.86,5976.48,6182.98,BRITANNIA.NS
2025-12-30,6096.7,5991.13,6195.09,BRITANNIA.NS
2025-12-31,6090.58,5993.27,6184.39,BRITANNIA.NS
2026-01-01,6081.32,5983.28,6173.98,BRITANNIA.NS
2026-01-02,6078.5,5980.95,6174.39,BRITANNIA.NS
2026-01-05,6047.31,5941.83,6144.44,BRITANNIA.NS
2026-01-06,6045.92,5949.29,6143.83,BRITANNIA.NS
2026-01-07,6029.2,5932.73,6122.68,BRITANNIA.NS
2026-01-08,6010.14,5913.01,6111.98,BRITANNIA.NS
2026-01-09,5998.5,5897.39,6104.05,BRITANNIA.NS
2026-01-12,5948.0,5845.94,6045.86,BRITANNIA.NS
2026-01-13,5942.89,5843.72,6041.14,BRITANNIA.NS
2026-01-14,5923.92,5823.65,6023.0,BRITANNIA.NS
2026-01-15,5904.13,5804.72,6004.64,BRITANNIA.NS
2026-01-16,5893.23,5792.34,5993.64,BRITANNIA.NS
2026-01-19,5853.62,5750.85,5947.74,BRITANNIA.NS
2026-01-20,5854.78,5750.59,5946.66,BRITANNIA.NS
2026-01-21,5843.23,5745.61,5945.03,BRITANNIA.NS
2026-01-22,5831.87,5729.23,5934.9,BRITANNIA.NS
2026-01-23,5830.29,5733.86,5927.5,BRITANNIA.NS
2026-01-27,5834.87,5731.73,5935.72,BRITANNIA.NS
2026-01-28,5834.72,5744.53,5938.26,BRITANNIA.NS
2026-01-29,5834.71,5739.49,5939.45,BRITANNIA.NS
2026-01-30,5844.29,5735.16,5946.34,BRITANNIA.NS
2026-02-02,5867.39,5766.63,5958.93,BRITANNIA.NS
2026-02-03,5888.98,5790.47,5986.89,BRITANNIA.NS
2026-02-04,5897.22,5795.78,5997.94,BRITANNIA.NS
2026-02-05,5904.77,5810.55,6003.76,BRITANNIA.NS
2026-02-06,5921.02,5828.4,6016.14,BRITANNIA.NS
2026-02-09,5958.49,5854.65,6054.59,BRITANNIA.NS
2026-02-10,5982.91,5884.89,6079.0,BRITANNIA.NS
2026-02-11,5992.98,5898.89,6090.58,BRITANNIA.NS
2026-02-12,6001.37,5894.12,6099.35,BRITANNIA.NS
2026-02-13,6017.49,5910.55,6113.41,BRITANNIA.NS
2026-02-16,6048.82,5949.2,6146.92,BRITANNIA.NS
2026-02-17,6069.35,5970.78,6171.16,BRITANNIA.NS
2026-02-18,6074.65,5978.26,6168.08,BRITANNIA.NS
2026-02-19,6077.42,5981.61,6170.71,BRITANNIA.NS
2026-02-20,6087.09,5995.12,6186.8,BRITANNIA.NS
2026-02-23,6094.37,5991.94,6197.71,BRITANNIA.NS
2026-02-24,6105.43,6009.07,6201.58,BRITANNIA.NS
2026-02-25,6100.6,5998.24,6202.59,BRITANNIA.NS
2026-02-26,6092.62,5993.65,6194.51,BRITANNIA.NS
2026-02-27,6090.97,5989.32,6184.2,BRITANNIA.NS
2026-03-02,6061.53,5964.0,6163.88,BRITANNIA.NS
2026-03-04,6041.78,5940.71,6137.8,BRITANNIA.NS
2026-03-05,6020.64,5920.44,6116.52,BRITANNIA.NS
2026-03-06,6005.86,5906.55,6110.09,BRITANNIA.NS
2026-03-09,5938.57,5841.92,6035.12,BRITANNIA.NS
2026-03-10,5925.06,5824.04,6016.23,BRITANNIA.NS
2026-03-11,5896.19,5800.34,5992.47,BRITANNIA.NS
2026-03-12,5864.95,5761.4,5959.53,BRITANNIA.NS
2026-03-13,5841.08,5740.19,5938.78,BRITANNIA.NS
2026-03-16,5753.78,5656.66,5850.37,BRITANNIA.NS
2026-03-17,5736.43,5639.8,5824.6,BRITANNIA.NS
2026-03-18,5705.29,5607.42,5801.46,BRITANNIA.NS
2026-03-19,5673.42,5577.81,5769.65,BRITANNIA.NS
2026-03-20,5650.61,5551.32,5746.06,BRITANNIA.NS
2026-03-23,5576.81,5476.73,5673.5,BRITANNIA.NS
2026-03-24,5567.33,5465.55,5665.7,BRITANNIA.NS
2026-03-25,5545.64,5448.01,5647.26,BRITANNIA.NS
2026-03-27,5514.22,5416.05,5612.19,BRITANNIA.NS
2026-03-30,5484.06,5387.3,5579.89,BRITANNIA.NS
2026-04-01,5485.73,5389.76,5589.08,BRITANNIA.NS
2026-04-02,5481.73,5388.12,5584.12,BRITANNIA.NS
2026-04-06,5507.03,5403.9,5609.8,BRITANNIA.NS
2026-04-07,5528.7,5425.48,5629.71,BRITANNIA.NS
2026-04-08,5537.64,5433.97,5641.57,BRITANNIA.NS
2026-04-09,5546.43,5443.38,5644.91,BRITANNIA.NS
2026-04-10,5564.35,5469.52,5659.39,BRITANNIA.NS
2026-04-13,5608.29,5504.68,5702.55,BRITANNIA.NS
2026-04-15,5647.15,5550.57,5746.1,BRITANNIA.NS
2026-04-16,5657.42,5557.07,5755.68,BRITANNIA.NS
2026-04-17,5675.06,5574.01,5768.83,BRITANNIA.NS
2026-04-20,5708.14,5599.77,5807.91,BRITANNIA.NS
2026-04-21,5728.14,5627.47,5826.59,BRITANNIA.NS
2026-04-22,5732.3,5641.78,5836.27,BRITANNIA.NS
2026-04-23,5733.32,5641.76,5835.92,BRITANNIA.NS
2026-04-24,5740.65,5638.43,5836.74,BRITANNIA.NS
2026-04-27,5737.89,5641.74,5839.59,BRITANNIA.NS
2026-04-28,5744.84,5643.39,5848.57,BRITANNIA.NS
2026-04-29,5735.65,5639.72,5833.04,BRITANNIA.NS
2026-04-30,5723.19,5617.73,5822.2,BRITANNIA.NS
2026-05-01,5717.05,5614.14,5813.34,BRITANNIA.NS
2026-05-04,5675.25,5584.01,5768.01,BRITANNIA.NS
2026-05-05,5670.03,5566.91,5773.16,BRITANNIA.NS
2026-05-06,5649.27,5552.49,5750.76,BRITANNIA.NS
2026-05-07,5625.91,5520.79,5728.45,BRITANNIA.NS
2026-05-08,5609.62,5514.82,5710.97,BRITANNIA.NS
2026-05-11,5542.44,5437.97,5641.84,BRITANNIA.NS
2026-05-12,5530.58,5430.57,5627.49,BRITANNIA.NS
2026-05-13,5504.14,5410.0,5609.39,BRITANNIA.NS
2026-05-14,5476.07,5377.29,5575.28,BRITANNIA.NS
2026-05-15,5456.06,5362.53,5549.34,BRITANNIA.NS
2026-05-18,5383.61,5284.53,5477.31,BRITANNIA.NS
2026-05-19,5371.93,5277.08,5474.79,BRITANNIA.NS
2026-05-20,5346.62,5244.91,5445.06,BRITANNIA.NS
2026-05-21,5320.6,5226.9,5419.89,BRITANNIA.NS
2026-05-22,5303.53,5202.66,5402.8,BRITANNIA.NS
2026-05-25,5244.91,5140.76,5345.93,BRITANNIA.NS
2026-05-26,5239.37,5134.53,5332.13,BRITANNIA.NS
2026-05-27,5220.88,5117.6,5322.62,BRITANNIA.NS
2026-05-28,5202.3,5110.93,5309.75,BRITANNIA.NS
2026-05-29,5193.23,5094.42,5292.12,BRITANNIA.NS
2026-06-01,5161.2,5059.83,5261.87,BRITANNIA.NS
2026-06-02,5165.12,5066.45,5267.82,BRITANNIA.NS
2026-06-03,5156.23,5054.61,5256.68,BRITANNIA.NS
2026-06-04,5147.33,5040.85,5241.83,BRITANNIA.NS
2026-06-05,5147.88,5055.79,5254.88,BRITANNIA.NS
2026-06-08,5143.59,5040.95,5236.74,BRITANNIA.NS
2026-06-09,5156.08,5052.64,5249.63,BRITANNIA.NS
2026-06-10,5155.29,5053.51,5252.87,BRITANNIA.NS
2026-06-11,5153.92,5056.71,5253.61,BRITANNIA.NS
2026-06-12,5161.41,5060.14,5255.52,BRITANNIA.NS
2026-06-15,5173.83,5084.54,5269.45,BRITANNIA.NS
2026-06-16,5190.44,5090.14,5291.63,BRITANNIA.NS
2026-06-17,5193.05,5084.36,5287.64,BRITANNIA.NS
2026-06-18,5194.39,5096.9,5302.99,BRITANNIA.NS
2026-06-19,5203.92,5105.18,5303.86,BRITANNIA.NS
2026-06-22,5219.0,5119.74,5311.78,BRITANNIA.NS
2026-06-23,5235.59,5132.56,5335.29,BRITANNIA.NS
2026-06-24,5237.86,5139.17,5334.72,BRITANNIA.NS
2026-06-25,5238.64,5135.86,5338.16,BRITANNIA.NS
2026-06-26,5247.49,5145.94,5350.05,BRITANNIA.NS
2026-06-29,5260.69,5168.72,5363.89,BRITANNIA.NS
2026-06-30,5277.0,5181.12,5377.87,BRITANNIA.NS
2026-07-01,5279.27,5179.13,5374.93,BRITANNIA.NS
2026-07-02,5280.37,5182.57,5381.7,BRITANNIA.NS
2026-07-03,5289.9,5190.56,5385.86,BRITANNIA.NS
2026-07-06,5307.35,5211.53,5410.42,BRITANNIA.NS
2026-07-07,5325.7,5223.6,5421.48,BRITANNIA.NS
2026-07-08,5330.25,5234.51,5429.87,BRITANNIA.NS
2026-07-09,5333.78,5231.96,5428.29,BRITANNIA.NS
2026-07-10,5345.78,5247.38,5456.65,BRITANNIA.NS
2026-07-13,5369.72,5269.55,5472.65,BRITANNIA.NS
2026-07-14,5389.51,5284.89,5498.72,BRITANNIA.NS
2026-07-15,5394.9,5301.76,5491.4,BRITANNIA.NS
2026-07-16,5398.55,5301.56,5491.18,BRITANNIA.NS
2026-07-17,5409.83,5309.52,5505.45,BRITANNIA.NS
2026-07-20,5425.65,5328.83,5522.46,BRITANNIA.NS
2026-07-21,5440.53,5336.37,5536.83,BRITANNIA.NS
2026-07-22,5439.86,5345.31,5545.23,BRITANNIA.NS
2026-07-23,5436.32,5341.89,5538.54,BRITANNIA.NS
2026-07-24,5439.34,5334.79,5535.79,BRITANNIA.NS
2026-07-27,5424.91,5324.61,5523.78,BRITANNIA.NS
2026-07-28,5428.38,5331.77,5521.27,BRITANNIA.NS
2026-07-29,5415.96,5317.89,5521.36,BRITANNIA.NS
2026-07-30,5400.56,5303.8,5501.33,BRITANNIA.NS
2026-07-31,5391.86,5298.39,5499.0,BRITANNIA.NS
2026-08-03,5345.78,5245.56,5447.11,BRITANNIA.NS
2026-08-04,5340.78,5244.88,5439.42,BRITANNIA.NS
2026-08-05,5321.37,5223.16,5418.73,BRITANNIA.NS
2026-08-06,5300.73,5202.26,5400.53,BRITANNIA.NS
2026-08-07,5288.73,5188.61,5385.42,BRITANNIA.NS
2026-08-10,5246.21,5143.46,5348.96,BRITANNIA.NS
2026-08-11,5247.28,5151.11,5344.82,BRITANNIA.NS
2026-08-12,5236.45,5144.35,5335.53,BRITANNIA.NS
2026-08-13,5226.87,5132.8,5331.16,BRITANNIA.NS
2026-08-14,5228.34,5128.88,5331.57,BRITANNIA.NS
2026-08-17,5239.16,5146.05,5343.02,BRITANNIA.NS
2026-08-18,5261.54,5172.29,5357.96,BRITANNIA.NS
2026-08-19,5273.31,5172.43,5375.21,BRITANNIA.NS
2026-08-20,5287.25,5196.61,5386.43,BRITANNIA.NS
2026-08-21,5312.79,5207.48,5410.1,BRITANNIA.NS
2026-08-24,5395.04,5295.01,5487.56,BRITANNIA.NS
2026-08-25,5439.57,5342.35,5539.99,BRITANNIA.NS
2026-08-26,5471.98,5367.92,5568.22,BRITANNIA.NS
2026-08-27,5504.68,5399.29,5597.93,BRITANNIA.NS
2026-08-28,5546.73,5453.43,5653.41,BRITANNIA.NS
2026-08-31,5662.05,5560.45,5758.76,BRITANNIA.NS
2026-09-01,5711.39,5609.93,5815.22,BRITANNIA.NS
2026-09-02,5745.26,5645.92,5839.49,BRITANNIA.NS
2026-09-03,5776.02,5677.17,5872.82,BRITANNIA.NS
2025-07-24,1521.55,1495.37,1547.85,CIPLA.NS
2025-07-25,1516.32,1491.16,1544.79,CIPLA.NS
2025-07-28,1511.91,1485.63,1537.71,CIPLA.NS
2025-07-29,1506.66,1482.31,1532.74,CIPLA.NS
2025-07-30,1506.01,1480.06,1532.11,CIPLA.NS
2025-07-31,1509.51,1483.46,1533.79,CIPLA.NS
2025-08-01,1507.29,1481.37,1534.41,CIPLA.NS
2025-08-04,1511.29,1485.0,1536.66,CIPLA.NS
2025-08-05,1508.51,1482.61,1536.07,CIPLA.NS
2025-08-06,1510.12,1484.12,1535.53,CIPLA.NS
2025-08-07,1515.65,1491.08,1541.51,CIPLA.NS
2025-08-08,1515.23,1490.09,1541.83,CIPLA.NS
2025-08-11,1523.24,1496.75,1550.26,CIPLA.NS
2025-08-12,1521.4,1497.47,1547.42,CIPLA.NS
2025-08-13,1523.77,1497.27,1548.01,CIPLA.NS
2025-08-14,1529.91,1504.9,1555.81,CIPLA.NS
2025-08-18,1538.99,1513.03,1566.79,CIPLA.NS
2025-08-19,1537.38,1509.43,1563.18,CIPLA.NS
2025-08-20,1539.96,1513.76,1566.53,CIPLA.NS
2025-08-21,1546.29,1521.78,1573.49,CIPLA.NS
2025-08-22,1546.53,1519.62,1572.54,CIPLA.NS
2025-08-25,1555.88,1531.79,1580.68,CIPLA.NS
2025-08-26,1554.26,1527.38,1581.97,CIPLA.NS
2025-08-28,1562.84,1536.38,1589.96,CIPLA.NS
2025-08-29,1562.69,1536.04,1587.0,CIPLA.NS
2025-09-01,1569.66,1542.84,1594.65,CIPLA.NS
2025-09-02,1566.76,1541.31,1591.58,CIPLA.NS
2025-09-03,1567.68,1541.74,1593.49,CIPLA.NS
2025-09-04,1571.95,1547.66,1598.4,CIPLA.NS
2025-09-05,1569.68,1544.8,1594.67,CIPLA.NS
2025-09-08,1568.69,1542.74,1596.45,CIPLA.NS
2025-09-09,1562.7,1536.33,1588.01,CIPLA.NS
2025-09-10,1560.37,1532.92,1586.58,CIPLA.NS
2025-09-11,1561.29,1535.6,1588.88,CIPLA.NS
2025-09-12,1555.63,1530.49,1581.34,CIPLA.NS
2025-09-15,1544.92,1518.64,1572.03,CIPLA.NS
2025-09-16,1536.09,1509.63,1562.19,CIPLA.NS
2025-09-17,1531.23,1507.22,1557.0,CIPLA.NS
2025-09-18,1530.02,1503.44,1556.08,CIPLA.NS
2025-09-19,1522.7,1497.7,1551.04,CIPLA.NS
2025-09-22,1510.29,1483.96,1535.1,CIPLA.NS
2025-09-23,1502.12,1476.33,1528.68,CIPLA.NS
2025-09-24,1498.59,1471.59,1524.79,CIPLA.NS
2025-09-25,1499.34,1473.38,1522.84,CIPLA.NS
2025-09-26,1494.61,1469.26,1522.92,CIPLA.NS
2025-09-29,1493.38,1466.93,1522.44,CIPLA.NS
2025-09-30,1489.86,1462.85,1516.45,CIPLA.NS
2025-10-01,1491.31,1464.71,1516.52,CIPLA.NS
2025-10-03,1497.9,1471.21,1522.65,CIPLA.NS
2025-10-06,1512.38,1487.82,1539.2,CIPLA.NS
2025-10-07,1513.61,1486.75,1538.66,CIPLA.NS
2025-10-08,1519.38,1492.3,1545.27,CIPLA.NS
2025-10-09,1529.15,1500.11,1554.3,CIPLA.NS
2025-10-10,1532.95,1507.49,1559.86,CIPLA.NS
2025-10-13,1552.62,1527.73,1578.14,CIPLA.NS
2025-10-14,1553.98,1525.19,1579.94,CIPLA.NS
2025-10-15,1559.05,1531.43,1584.04,CIPLA.NS
2025-10-16,1567.3,1540.8,1593.08,CIPLA.NS
2025-10-17,1568.78,1543.22,1594.95,CIPLA.NS
2025-10-20,1577.3,1552.01,1605.31,CIPLA.NS
2025-10-21,1573.81,1546.84,1600.4,CIPLA.NS
2025-10-23,1576.31,1551.91,1602.54,CIPLA.NS
2025-10-24,1572.09,1545.91,1598.17,CIPLA.NS
2025-10-27,1563.7,1538.35,1589.16,CIPLA.NS
2025-10-28,1555.06,1529.6,1580.61,CIPLA.NS
2025-10-29,1550.14,1523.42,1575.72,CIPLA.NS
2025-10-30,1548.64,1522.45,1575.32,CIPLA.NS
2025-10-31,1540.82,1515.14,1565.92,CIPLA.NS
2025-11-03,1525.9,1501.62,1551.34,CIPLA.NS
2025-11-04,1516.6,1490.62,1543.81,CIPLA.NS
2025-11-06,1511.14,1487.17,1536.68,CIPLA.NS
2025-11-07,1504.88,1478.54,1530.48,CIPLA.NS
2025-11-10,1498.18,1470.45,1523.18,CIPLA.NS
2025-11-11,1492.51,1465.79,1517.72,CIPLA.NS
2025-11-12,1491.63,1465.43,1517.69,CIPLA.NS
2025-11-13,1495.09,1470.3,1521.86,CIPLA.NS
2025-11-14,1492.98,1468.67,1519.35,CIPLA.NS
2025-11-17,1498.07,1470.8,1524.0,CIPLA.NS
2025-11-18,1495.77,1469.3,1523.81,CIPLA.NS
2025-11-19,1497.83,1471.32,1525.06,CIPLA.NS
2025-11-20,1503.74,1477.71,1531.86,CIPLA.NS
2025-11-21,1503.56,1474.72,1528.95,CIPLA.NS
2025-11-24,1510.92,1484.31,1537.4,CIPLA.NS
2025-11-25,1508.22,1480.34,1534.03,CIPLA.NS
2025-11-26,1509.35,1482.71,1534.69,CIPLA.NS
2025-11-27,1513.84,1488.42,1539.07,CIPLA.NS
2025-11-28,1511.81,1487.45,1536.77,CIPLA.NS
2025-12-01,1511.85,1484.46,1536.62,CIPLA.NS
2025-12-02,1506.41,1479.43,1531.72,CIPLA.NS
2025-12-03,1504.8,1477.08,1530.21,CIPLA.NS
2025-12-04,1506.65,1480.73,1531.18,CIPLA.NS
2025-12-05,1502.17,1477.54,1528.48,CIPLA.NS
2025-12-08,1496.72,1470.18,1521.91,CIPLA.NS
2025-12-09,1490.28,1465.08,1514.97,CIPLA.NS
2025-12-10,1488.14,1462.33,1512.88,CIPLA.NS
2025-12-11,1489.95,1465.08,1516.45,CIPLA.NS
2025-12-12,1485.92,1459.81,1511.13,CIPLA.NS
2025-12-15,1484.58,1457.98,1512.29,CIPLA.NS
2025-12-16,1480.27,1454.59,1505.92,CIPLA.NS
2025-12-17,1480.53,1454.78,1507.74,CIPLA.NS
2025-12-18,1484.92,1459.06,1511.32,CIPLA.NS
2025-12-19,1483.58,1457.51,1509.89,CIPLA.NS
2025-12-22,1489.95,1462.82,1515.54,CIPLA.NS
2025-12-23,1487.77,1462.53,1512.19,CIPLA.NS
2025-12-24,1489.8,1464.06,1513.03,CIPLA.NS
2025-12-26,1494.99,1469.21,1521.52,CIPLA.NS
2025-12-29,1500.23,1473.26,1525.46,CIPLA.NS
2025-12-30,1496.39,1471.81,1521.63,CIPLA.NS
2025-12-31,1496.13,1470.08,1521.51,CIPLA.NS
2026-01-01,1498.93,1472.09,1524.66,CIPLA.NS
2026-01-02,1494.92,1468.79,1519.55,CIPLA.NS
2026-01-05,1486.83,1460.1,1512.47,CIPLA.NS
2026-01-06,1477.88,1452.9,1503.91,CIPLA.NS
2026-01-07,1472.31,1448.18,1498.38,CIPLA.NS
2026-01-08,1469.75,1444.46,1496.7,CIPLA.NS
2026-01-09,1460.38,1435.29,1485.44,CIPLA.NS
2026-01-12,1437.53,1411.74,1463.21,CIPLA.NS
2026-01-13,1424.41,1399.16,1449.86,CIPLA.NS
2026-01-14,1415.2,1389.23,1441.89,CIPLA.NS
2026-01-15,1409.59,1383.42,1434.79,CIPLA.NS
2026-01-16,1397.85,1372.19,1424.33,CIPLA.NS
2026-01-19,1372.18,1347.19,1398.46,CIPLA.NS
2026-01-20,1359.61,1333.74,1385.75,CIPLA.NS
2026-01-21,1351.69,1325.21,1379.39,CIPLA.NS
2026-01-22,1348.06,1321.19,1374.29,CIPLA.NS
2026-01-23,1338.95,1313.27,1364.08,CIPLA.NS
2026-01-27,1316.4,1289.7,1342.44,CIPLA.NS
2026-01-28,1313.28,1287.38,1340.17,CIPLA.NS
2026-01-29,1314.64,1289.46,1340.35,CIPLA.NS
2026-01-30,1310.58,1285.96,1336.34,CIPLA.NS
2026-02-02,1310.83,1284.43,1337.17,CIPLA.NS
2026-02-03,1307.32,1281.27,1333.75,CIPLA.NS
2026-02-04,1308.41,1281.49,1335.57,CIPLA.NS
2026-02-05,1313.59,1287.56,1339.48,CIPLA.NS
2026-02-06,1312.95,1289.67,1338.86,CIPLA.NS
2026-02-09,1320.72,1295.13,1348.05,CIPLA.NS
2026-02-10,1318.77,1292.06,1343.68,CIPLA.NS
2026-02-11,1320.96,1295.0,1348.78,CIPLA.NS
2026-02-12,1326.81,1299.26,1351.32,CIPLA.NS
2026-02-13,1326.42,1302.44,1352.29,CIPLA.NS
2026-02-16,1332.88,1307.43,1357.69,CIPLA.NS
2026-02-17,1329.95,1305.08,1357.5,CIPLA.NS
2026-02-18,1330.96,1305.74,1358.87,CIPLA.NS
2026-02-19,1335.47,1309.53,1361.06,CIPLA.NS
2026-02-20,1333.64,1309.01,1358.84,CIPLA.NS
2026-02-23,1335.43,1308.42,1362.34,CIPLA.NS
2026-02-24,1330.94,1304.16,1356.66,CIPLA.NS
2026-02-25,1330.4,1303.69,1356.51,CIPLA.NS
2026-02-26,1333.4,1308.58,1361.38,CIPLA.NS
2026-02-27,1330.1,1305.34,1358.63,CIPLA.NS
2026-03-02,1327.65,1302.93,1355.0,CIPLA.NS
2026-03-04,1319.83,1294.6,1344.42,CIPLA.NS
2026-03-05,1321.4,1292.73,1346.77,CIPLA.NS
2026-03-06,1316.62,1288.83,1342.19,CIPLA.NS
2026-03-09,1309.35,1285.19,1335.92,CIPLA.NS
2026-03-10,1301.7,1273.33,1327.02,CIPLA.NS
2026-03-11,1297.92,1272.19,1324.1,CIPLA.NS
2026-03-12,1297.59,1270.25,1323.03,CIPLA.NS
2026-03-13,1290.85,1263.89,1316.13,CIPLA.NS
2026-03-16,1277.61,1251.44,1304.15,CIPLA.NS
2026-03-17,1268.05,1244.93,1295.72,CIPLA.NS
2026-03-18,1262.45,1236.33,1289.61,CIPLA.NS
2026-03-19,1260.45,1234.52,1285.85,CIPLA.NS
2026-03-20,1252.22,1228.04,1279.58,CIPLA.NS
2026-03-23,1236.09,1211.17,1261.88,CIPLA.NS
2026-03-24,1226.21,1200.42,1250.56,CIPLA.NS
2026-03-25,1220.69,1192.95,1247.94,CIPLA.NS
2026-03-27,1211.84,1186.57,1237.57,CIPLA.NS
2026-03-30,1201.06,1173.15,1226.31,CIPLA.NS
2026-04-01,1191.31,1164.98,1218.57,CIPLA.NS
2026-04-02,1193.17,1167.85,1217.85,CIPLA.NS
2026-04-06,1191.26,1164.79,1216.73,CIPLA.NS
2026-04-07,1188.45,1163.79,1214.82,CIPLA.NS
2026-04-08,1190.42,1165.75,1217.1,CIPLA.NS
2026-04-09,1196.72,1172.46,1222.06,CIPLA.NS
2026-04-10,1197.45,1170.4,1224.92,CIPLA.NS
2026-04-13,1211.08,1186.73,1237.34,CIPLA.NS
2026-04-15,1216.81,1192.4,1243.32,CIPLA.NS
2026-04-16,1225.86,1202.07,1251.19,CIPLA.NS
2026-04-17,1228.98,1202.82,1254.71,CIPLA.NS
2026-04-20,1247.54,1222.08,1274.82,CIPLA.NS
2026-04-21,1249.1,1224.14,1276.26,CIPLA.NS
2026-04-22,1254.8,1226.73,1280.27,CIPLA.NS
2026-04-23,1264.17,1239.4,1292.28,CIPLA.NS
2026-04-24,1267.35,1240.6,1292.5,CIPLA.NS
2026-04-27,1285.03,1257.28,1309.29,CIPLA.NS
2026-04-28,1286.08,1259.36,1311.92,CIPLA.NS
2026-04-29,1291.23,1263.64,1316.98,CIPLA.NS
2026-04-30,1300.05,1274.42,1327.27,CIPLA.NS
2026-05-01,1302.73,1276.79,1325.85,CIPLA.NS
2026-05-04,1319.29,1291.99,1343.64,CIPLA.NS
2026-05-05,1320.16,1292.93,1346.61,CIPLA.NS
2026-05-06,1325.21,1299.14,1350.83,CIPLA.NS
2026-05-07,1334.03,1307.8,1360.04,CIPLA.NS
2026-05-08,1336.76,1311.92,1363.11,CIPLA.NS
2026-05-11,1353.61,1328.27,1379.88,CIPLA.NS
2026-05-12,1354.5,1327.38,1379.68,CIPLA.NS
2026-05-13,1359.47,1335.87,1385.51,CIPLA.NS
2026-05-14,1368.06,1341.34,1393.87,CIPLA.NS
2026-05-15,1370.38,1344.38,1395.7,CIPLA.NS
2026-05-18,1384.59,1359.21,1409.03,CIPLA.NS
2026-05-19,1384.05,1357.45,1411.27,CIPLA.NS
2026-05-20,1387.29,1361.56,1412.74,CIPLA.NS
2026-05-21,1393.85,1367.26,1420.56,CIPLA.NS
2026-05-22,1393.86,1367.73,1418.65,CIPLA.NS
2026-05-25,1399.63,1374.95,1425.66,CIPLA.NS
2026-05-26,1395.89,1371.2,1422.33,CIPLA.NS
2026-05-27,1395.85,1369.52,1423.73,CIPLA.NS
2026-05-28,1399.08,1373.15,1423.28,CIPLA.NS
2026-05-29,1395.77,1370.03,1420.61,CIPLA.NS
2026-06-01,1392.46,1367.21,1418.14,CIPLA.NS
2026-06-02,1386.22,1358.89,1414.33,CIPLA.NS
2026-06-03,1384.02,1360.85,1410.94,CIPLA.NS
2026-06-04,1385.53,1359.98,1412.2,CIPLA.NS
2026-06-05,1380.98,1353.52,1405.92,CIPLA.NS
2026-06-08,1377.12,1352.34,1405.45,CIPLA.NS
2026-06-09,1371.81,1346.23,1396.75,CIPLA.NS
2026-06-10,1371.1,1344.95,1398.59,CIPLA.NS
2026-06-11,1374.63,1349.1,1400.88,CIPLA.NS
2026-06-12,1372.6,1347.99,1398.7,CIPLA.NS
2026-06-15,1378.72,1353.52,1404.72,CIPLA.NS
2026-06-16,1377.32,1353.62,1404.75,CIPLA.NS
2026-06-17,1380.67,1356.07,1404.65,CIPLA.NS
2026-06-18,1388.32,1363.76,1418.21,CIPLA.NS
2026-06-19,1390.37,1364.74,1416.43,CIPLA.NS
2026-06-22,1407.59,1383.3,1433.05,CIPLA.NS
2026-06-23,1409.2,1382.78,1433.65,CIPLA.NS
2026-06-24,1415.1,1388.24,1442.73,CIPLA.NS
2026-06-25,1424.75,1399.79,1449.23,CIPLA.NS
2026-06-26,1428.22,1400.28,1454.2,CIPLA.NS
2026-06-29,1445.79,1419.29,1471.48,CIPLA.NS
2026-06-30,1446.19,1419.35,1470.65,CIPLA.NS
2026-07-01,1450.23,1425.5,1476.58,CIPLA.NS
2026-07-02,1457.4,1431.08,1483.74,CIPLA.NS
2026-07-03,1457.82,1433.11,1484.56,CIPLA.NS
2026-07-06,1463.49,1439.74,1489.18,CIPLA.NS
2026-07-07,1459.27,1433.06,1484.76,CIPLA.NS
2026-07-08,1458.49,1432.0,1485.19,CIPLA.NS
2026-07-09,1460.78,1435.9,1487.38,CIPLA.NS
2026-07-10,1456.31,1429.39,1481.91,CIPLA.NS
2026-07-13,1448.3,1422.57,1474.84,CIPLA.NS
2026-07-14,1440.11,1416.65,1466.23,CIPLA.NS
2026-07-15,1435.79,1408.99,1461.07,CIPLA.NS
2026-07-16,1435.01,1410.02,1461.34,CIPLA.NS
2026-07-17,1428.0,1404.28,1454.31,CIPLA.NS
2026-07-20,1415.74,1390.76,1442.93,CIPLA.NS
2026-07-21,1407.28,1380.17,1433.18,CIPLA.NS
2026-07-22,1403.24,1377.93,1429.29,CIPLA.NS
2026-07-23,1403.26,1378.81,1429.18,CIPLA.NS
2026-07-24,1397.53,1371.54,1424.8,CIPLA.NS
2026-07-27,1391.48,1365.31,1418.88,CIPLA.NS
2026-07-28,1385.68,1359.9,1410.32,CIPLA.NS
2026-07-29,1384.49,1358.04,1410.65,CIPLA.NS
2026-07-30,1387.47,1363.33,1414.75,CIPLA.NS
2026-07-31,1384.76,1359.11,1411.1,CIPLA.NS
2026-08-03,1387.53,1361.0,1415.06,CIPLA.NS
2026-08-04,1384.43,1359.01,1410.34,CIPLA.NS
2026-08-05,1385.77,1360.54,1411.88,CIPLA.NS
2026-08-06,1391.06,1367.16,1415.59,CIPLA.NS
2026-08-07,1390.44,1362.11,1416.27,CIPLA.NS
2026-08-10,1398.08,1371.83,1423.85,CIPLA.NS
2026-08-11,1396.15,1370.27,1423.14,CIPLA.NS
2026-08-12,1398.46,1372.95,1424.68,CIPLA.NS
2026-08-13,1404.56,1379.83,1430.01,CIPLA.NS
2026-08-14,1404.58,1378.63,1429.56,CIPLA.NS
2026-08-17,1413.5,1386.65,1438.05,CIPLA.NS
2026-08-18,1411.86,1385.76,1437.48,CIPLA.NS
2026-08-19,1414.41,1390.1,1439.12,CIPLA.NS
2026-08-20,1420.72,1393.86,1446.39,CIPLA.NS
2026-08-21,1420.94,1395.97,1445.48,CIPLA.NS
2026-08-24,1430.32,1405.23,1457.38,CIPLA.NS
2026-08-25,1428.76,1403.46,1456.79,CIPLA.NS
2026-08-26,1431.33,1406.93,1457.27,CIPLA.NS
2026-08-27,1437.56,1409.27,1463.84,CIPLA.NS
2026-08-28,1437.59,1411.89,1464.45,CIPLA.NS
2026-08-31,1445.37,1417.86,1471.23,CIPLA.NS
2026-09-01,1442.85,1416.48,1467.47,CIPLA.NS
2026-09-02,1444.2,1419.47,1469.37,CIPLA.NS
2026-09-03,1448.95,1422.75,1473.33,CIPLA.NS
2025-07-24,355.68,347.5,364.27,COALINDIA.NS
2025-07-25,354.31,346.73,363.1,COALINDIA.NS
2025-07-28,354.82,346.4,362.87,COALINDIA.NS
2025-07-29,354.85,346.78,363.51,COALINDIA.NS
2025-07-30,355.49,347.51,363.89,COALINDIA.NS
2025-07-31,356.44,348.85,364.83,COALINDIA.NS
2025-08-01,355.41,346.93,363.56,COALINDIA.NS
2025-08-04,356.87,348.23,365.47,COALINDIA.NS
2025-08-05,357.17,349.03,365.32,COALINDIA.NS
2025-08-06,358.04,349.94,366.68,COALINDIA.NS
2025-08-07,359.18,350.97,366.93,COALINDIA.NS
2025-08-08,358.3,350.02,366.97,COALINDIA.NS
2025-08-11,359.95,352.07,368.25,COALINDIA.NS
2025-08-12,360.22,351.41,368.44,COALINDIA.NS
2025-08-13,361.04,353.3,368.93,COALINDIA.NS
2025-08-14,362.08,353.11,370.68,COALINDIA.NS
2025-08-18,362.33,354.13,370.4,COALINDIA.NS
2025-08-19,362.47,354.15,371.1,COALINDIA.NS
2025-08-20,363.17,354.94,372.14,COALINDIA.NS
2025-08-21,364.12,355.73,372.09,COALINDIA.NS
2025-08-22,363.07,354.41,371.64,COALINDIA.NS
2025-08-25,364.35,355.93,372.33,COALINDIA.NS
2025-08-26,364.6,356.44,372.85,COALINDIA.NS
2025-08-28,366.61,357.85,374.89,COALINDIA.NS
2025-08-29,365.8,357.94,374.27,COALINDIA.NS
2025-09-01,368.01,359.17,375.96,COALINDIA.NS
2025-09-02,368.6,360.56,377.34,COALINDIA.NS
2025-09-03,369.8,361.71,378.15,COALINDIA.NS
2025-09-04,371.29,362.66,379.96,COALINDIA.NS
2025-09-05,370.79,362.59,379.08,COALINDIA.NS
2025-09-08,373.7,365.03,381.85,COALINDIA.NS
2025-09-09,374.41,366.24,382.6,COALINDIA.NS
2025-09-10,375.66,367.26,383.9,COALINDIA.NS
2025-09-11,377.11,368.05,385.34,COALINDIA.NS
2025-09-12,376.5,368.26,385.12,COALINDIA.NS
2025-09-15,378.52,370.5,387.11,COALINDIA.NS
2025-09-16,378.76,370.43,387.12,COALINDIA.NS
2025-09-17,379.47,370.59,387.6,COALINDIA.NS
2025-09-18,380.31,371.3,388.7,COALINDIA.NS
2025-09-19,379.02,370.49,387.17,COALINDIA.NS
2025-09-22,378.8,370.84,387.0,COALINDIA.NS
2025-09-23,378.27,369.79,386.6,COALINDIA.NS
2025-09-24,378.21,370.06,387.02,COALINDIA.NS
2025-09-25,378.32,369.99,387.32,COALINDIA.NS
2025-09-26,376.34,367.72,385.02,COALINDIA.NS
2025-09-29,374.43,366.15,382.46,COALINDIA.NS
2025-09-30,373.51,364.56,381.79,COALINDIA.NS
2025-10-01,373.16,365.03,382.09,COALINDIA.NS
2025-10-03,371.02,362.34,379.9,COALINDIA.NS
2025-10-06,369.54,360.95,377.93,COALINDIA.NS
2025-10-07,368.96,360.93,377.72,COALINDIA.NS
2025-10-08,369.04,360.71,377.5,COALINDIA.NS
2025-10-09,369.47,360.62,378.22,COALINDIA.NS
2025-10-10,367.99,359.73,376.05,COALINDIA.NS
2025-10-13,368.49,359.54,377.52,COALINDIA.NS
2025-10-14,368.6,359.62,376.07,COALINDIA.NS
2025-10-15,369.36,360.31,377.28,COALINDIA.NS
2025-10-16,370.44,362.37,378.9,COALINDIA.NS
2025-10-17,369.58,360.93,377.53,COALINDIA.NS
2025-10-20,371.57,363.18,380.47,COALINDIA.NS
2025-10-21,372.04,363.2,380.24,COALINDIA.NS
2025-10-23,374.33,365.65,383.33,COALINDIA.NS
2025-10-24,373.56,364.89,381.85,COALINDIA.NS
2025-10-27,375.33,366.77,383.17,COALINDIA.NS
2025-10-28,375.57,367.21,383.69,COALINDIA.NS
2025-10-29,376.32,368.24,384.2,COALINDIA.NS
2025-10-30,377.25,368.92,385.65,COALINDIA.NS
2025-10-31,376.1,367.81,384.77,COALINDIA.NS
2025-11-03,376.62,367.79,384.8,COALINDIA.NS
2025-11-04,376.44,367.85,384.72,COALINDIA.NS
2025-11-06,377.32,368.81,385.16,COALINDIA.NS
2025-11-07,375.82,367.48,384.46,COALINDIA.NS
2025-11-10,375.54,367.37,383.46,COALINDIA.NS
2025-11-11,375.19,366.6,383.46,COALINDIA.NS
2025-11-12,375.4,367.18,383.66,COALINDIA.NS
2025-11-13,375.87,367.4,384.4,COALINDIA.NS
2025-11-14,374.34,365.99,383.1,COALINDIA.NS
2025-11-17,374.18,365.66,382.66,COALINDIA.NS
2025-11-18,373.92,365.82,382.39,COALINDIA.NS
2025-11-19,374.25,365.62,382.37,COALINDIA.NS
2025-11-20,374.84,366.81,383.24,COALINDIA.NS
2025-11-21,373.43,365.33,382.42,COALINDIA.NS
2025-11-24,373.6,364.92,382.43,COALINDIA.NS
2025-11-25,373.42,365.07,381.78,COALINDIA.NS
2025-11-26,373.82,365.75,382.44,COALINDIA.NS
2025-11-27,374.46,365.96,382.87,COALINDIA.NS
2025-11-28,373.1,365.23,381.96,COALINDIA.NS
2025-12-01,373.36,364.44,382.23,COALINDIA.NS
2025-12-02,373.21,365.11,381.43,COALINDIA.NS
2025-12-03,373.65,365.07,381.3,COALINDIA.NS
2025-12-04,374.37,366.14,382.89,COALINDIA.NS
2025-12-05,373.09,364.7,381.51,COALINDIA.NS
2025-12-08,373.88,365.14,382.36,COALINDIA.NS
2025-12-09,374.02,366.0,381.64,COALINDIA.NS
2025-12-10,374.8,366.5,382.44,COALINDIA.NS
2025-12-11,375.91,367.63,384.17,COALINDIA.NS
2025-12-12,375.11,366.4,383.77,COALINDIA.NS
2025-12-15,377.68,368.84,386.33,COALINDIA.NS
2025-12-16,378.53,370.19,387.18,COALINDIA.NS
2025-12-17,380.06,371.35,388.83,COALINDIA.NS
2025-12-18,381.97,372.96,390.82,COALINDIA.NS
2025-12-19,381.98,373.91,389.65,COALINDIA.NS
2025-12-22,387.02,379.17,395.72,COALINDIA.NS
2025-12-23,388.66,380.32,397.55,COALINDIA.NS
2025-12-24,390.94,382.66,399.21,COALINDIA.NS
2025-12-26,394.18,386.2,402.85,COALINDIA.NS
2025-12-29,400.58,391.87,409.29,COALINDIA.NS
2025-12-30,402.46,393.73,410.21,COALINDIA.NS
2025-12-31,404.89,396.65,413.19,COALINDIA.NS
2026-01-01,407.51,398.38,415.45,COALINDIA.NS
2026-01-02,408.06,399.14,416.14,COALINDIA.NS
2026-01-05,413.54,405.14,421.87,COALINDIA.NS
2026-01-06,414.93,406.32,423.71,COALINDIA.NS
2026-01-07,416.76,407.82,425.16,COALINDIA.NS
2026-01-08,418.72,409.86,426.57,COALINDIA.NS
2026-01-09,418.55,410.56,427.45,COALINDIA.NS
2026-01-12,421.64,412.89,429.24,COALINDIA.NS
2026-01-13,422.2,414.06,430.91,COALINDIA.NS
2026-01-14,423.21,414.58,431.57,COALINDIA.NS
2026-01-15,424.37,415.93,433.14,COALINDIA.NS
2026-01-16,423.43,415.59,432.27,COALINDIA.NS
2026-01-19,424.47,415.71,432.87,COALINDIA.NS
2026-01-20,424.44,415.99,432.41,COALINDIA.NS
2026-01-21,424.94,416.05,432.54,COALINDIA.NS
2026-01-22,425.65,417.44,434.23,COALINDIA.NS
2026-01-23,424.31,415.47,432.98,COALINDIA.NS
2026-01-27,424.27,415.12,432.58,COALINDIA.NS
2026-01-28,424.61,416.5,432.88,COALINDIA.NS
2026-01-29,425.18,417.16,433.25,COALINDIA.NS
2026-01-30,423.73,415.45,432.27,COALINDIA.NS
2026-02-02,423.62,413.88,432.77,COALINDIA.NS
2026-02-03,423.31,415.41,432.0,COALINDIA.NS
2026-02-04,423.56,414.86,431.72,COALINDIA.NS
2026-02-05,424.03,415.67,432.52,COALINDIA.NS
2026-02-06,422.48,413.61,431.04,COALINDIA.NS
2026-02-09,422.11,413.66,430.56,COALINDIA.NS
2026-02-10,421.74,413.37,430.76,COALINDIA.NS
2026-02-11,421.94,413.63,430.26,COALINDIA.NS
2026-02-12,422.41,413.39,430.79,COALINDIA.NS
2026-02-13,420.9,411.89,429.03,COALINDIA.NS
2026-02-16,420.99,412.91,429.93,COALINDIA.NS
2026-02-17,420.91,412.48,428.9,COALINDIA.NS
2026-02-18,421.5,413.01,429.89,COALINDIA.NS
2026-02-19,422.44,414.14,430.37,COALINDIA.NS
2026-02-20,421.49,413.11,429.71,COALINDIA.NS
2026-02-23,423.77,415.39,432.13,COALINDIA.NS
2026-02-24,424.59,416.01,432.89,COALINDIA.NS
2026-02-25,426.12,417.87,434.85,COALINDIA.NS
2026-02-26,428.06,419.69,436.26,COALINDIA.NS
2026-02-27,428.14,418.93,436.51,COALINDIA.NS
2026-03-02,433.52,425.36,442.32,COALINDIA.NS
2026-03-04,437.74,429.09,445.48,COALINDIA.NS
2026-03-05,440.48,431.37,448.7,COALINDIA.NS
2026-03-06,441.25,432.49,449.55,COALINDIA.NS
2026-03-09,447.85,439.91,455.82,COALINDIA.NS
2026-03-10,449.7,441.09,458.25,COALINDIA.NS
2026-03-11,452.0,443.61,460.57,COALINDIA.NS
2026-03-12,454.43,446.08,462.43,COALINDIA.NS
2026-03-13,454.69,445.83,463.33,COALINDIA.NS
2026-03-16,458.62,450.28,466.88,COALINDIA.NS
2026-03-17,459.24,450.75,467.39,COALINDIA.NS
2026-03-18,460.19,451.99,468.62,COALINDIA.NS
2026-03-19,461.13,452.33,469.41,COALINDIA.NS
2026-03-20,459.81,451.45,468.13,COALINDIA.NS
2026-03-23,458.74,449.76,466.87,COALINDIA.NS
2026-03-24,457.71,449.23,466.49,COALINDIA.NS
2026-03-25,457.06,448.08,465.66,COALINDIA.NS
2026-03-27,453.8,444.89,462.09,COALINDIA.NS
2026-03-30,449.6,441.01,458.72,COALINDIA.NS
2026-04-01,446.85,438.35,455.27,COALINDIA.NS
2026-04-02,446.11,437.85,454.46,COALINDIA.NS
2026-04-06,440.79,432.13,449.2,COALINDIA.NS
2026-04-07,440.04,431.69,448.52,COALINDIA.NS
2026-04-08,440.09,431.46,448.18,COALINDIA.NS
2026-04-09,440.61,432.3,449.04,COALINDIA.NS
2026-04-10,439.36,430.28,448.0,COALINDIA.NS
2026-04-13,441.34,433.18,449.68,COALINDIA.NS
2026-04-15,443.79,435.14,452.41,COALINDIA.NS
2026-04-16,445.8,437.4,453.89,COALINDIA.NS
2026-04-17,445.95,436.85,454.21,COALINDIA.NS
2026-04-20,451.27,443.48,460.37,COALINDIA.NS
2026-04-21,452.89,444.51,461.88,COALINDIA.NS
2026-04-22,455.06,446.73,463.39,COALINDIA.NS
2026-04-23,457.44,449.43,465.55,COALINDIA.NS
2026-04-24,457.75,449.1,465.63,COALINDIA.NS
2026-04-27,462.36,453.73,470.49,COALINDIA.NS
2026-04-28,463.37,454.37,472.07,COALINDIA.NS
2026-04-29,464.79,456.47,473.42,COALINDIA.NS
2026-04-30,466.29,457.93,474.6,COALINDIA.NS
2026-05-01,465.6,457.55,474.35,COALINDIA.NS
2026-05-04,466.87,458.47,475.72,COALINDIA.NS
2026-05-05,466.73,458.88,475.48,COALINDIA.NS
2026-05-06,467.03,459.31,474.67,COALINDIA.NS
2026-05-07,467.47,458.91,475.49,COALINDIA.NS
2026-05-08,465.8,458.04,474.17,COALINDIA.NS
2026-05-11,464.73,456.3,472.89,COALINDIA.NS
2026-05-12,464.08,455.24,472.27,COALINDIA.NS
2026-05-13,464.0,456.06,473.01,COALINDIA.NS
2026-05-14,464.19,455.96,472.55,COALINDIA.NS
2026-05-15,462.42,453.86,471.54,COALINDIA.NS
2026-05-18,461.79,453.62,470.51,COALINDIA.NS
2026-05-19,461.49,452.73,469.9,COALINDIA.NS
2026-05-20,461.83,453.54,470.37,COALINDIA.NS
2026-05-21,462.51,453.65,470.89,COALINDIA.NS
2026-05-22,461.25,453.11,469.81,COALINDIA.NS
2026-05-25,462.17,453.3,470.32,COALINDIA.NS
2026-05-26,462.31,453.64,470.31,COALINDIA.NS
2026-05-27,463.03,454.23,470.9,COALINDIA.NS
2026-05-28,464.01,455.74,472.8,COALINDIA.NS
2026-05-29,462.95,454.41,471.48,COALINDIA.NS
2026-06-01,463.84,455.55,472.25,COALINDIA.NS
2026-06-02,463.74,455.9,472.4,COALINDIA.NS
2026-06-03,464.12,455.43,472.78,COALINDIA.NS
2026-06-04,464.64,456.78,472.84,COALINDIA.NS
2026-06-05,463.03,454.71,471.0,COALINDIA.NS
2026-06-08,461.81,453.44,470.68,COALINDIA.NS
2026-06-09,460.91,452.86,469.96,COALINDIA.NS
2026-06-10,460.46,452.06,469.02,COALINDIA.NS
2026-06-11,460.15,452.44,468.67,COALINDIA.NS
2026-06-12,457.72,448.96,465.75,COALINDIA.NS
2026-06-15,454.28,445.82,462.89,COALINDIA.NS
2026-06-16,452.78,444.72,461.19,COALINDIA.NS
2026-06-17,451.8,443.21,460.3,COALINDIA.NS
2026-06-18,451.06,442.34,459.86,COALINDIA.NS
2026-06-19,448.3,439.94,455.87,COALINDIA.NS
2026-06-22,444.48,435.5,452.84,COALINDIA.NS
2026-06-23,443.05,434.52,451.32,COALINDIA.NS
2026-06-24,442.24,433.87,450.68,COALINDIA.NS
2026-06-25,441.74,433.09,450.17,COALINDIA.NS
2026-06-26,439.3,429.92,447.98,COALINDIA.NS
2026-06-29,436.77,428.42,444.84,COALINDIA.NS
2026-06-30,435.83,427.82,444.73,COALINDIA.NS
2026-07-01,435.52,427.18,444.52,COALINDIA.NS
2026-07-02,435.53,426.56,442.96,COALINDIA.NS
2026-07-03,433.59,425.41,441.86,COALINDIA.NS
2026-07-06,432.4,424.3,440.97,COALINDIA.NS
2026-07-07,431.84,423.5,440.23,COALINDIA.NS
2026-07-08,431.87,422.51,440.85,COALINDIA.NS
2026-07-09,432.17,423.71,440.45,COALINDIA.NS
2026-07-10,430.48,422.39,439.35,COALINDIA.NS
2026-07-13,429.79,421.36,438.07,COALINDIA.NS
2026-07-14,429.33,420.64,437.43,COALINDIA.NS
2026-07-15,429.45,421.2,437.79,COALINDIA.NS
2026-07-16,429.82,420.71,437.88,COALINDIA.NS
2026-07-17,428.2,420.25,437.06,COALINDIA.NS
2026-07-20,427.75,419.46,436.83,COALINDIA.NS
2026-07-21,427.41,418.72,436.33,COALINDIA.NS
2026-07-22,427.66,419.0,435.94,COALINDIA.NS
2026-07-23,428.21,419.67,437.07,COALINDIA.NS
2026-07-24,426.78,418.01,435.11,COALINDIA.NS
2026-07-27,427.1,419.53,435.16,COALINDIA.NS
2026-07-28,427.07,418.4,435.81,COALINDIA.NS
2026-07-29,427.65,418.81,436.35,COALINDIA.NS
2026-07-30,428.53,420.15,436.0,COALINDIA.NS
2026-07-31,427.45,419.4,436.57,COALINDIA.NS
2026-08-03,428.78,420.34,436.43,COALINDIA.NS
2026-08-04,429.05,420.18,436.77,COALINDIA.NS
2026-08-05,429.9,421.69,438.5,COALINDIA.NS
2026-08-06,431.03,422.96,439.65,COALINDIA.NS
2026-08-07,430.15,421.69,438.54,COALINDIA.NS
2026-08-10,431.83,423.06,440.2,COALINDIA.NS
2026-08-11,432.12,424.01,440.79,COALINDIA.NS
2026-08-12,432.97,423.94,441.97,COALINDIA.NS
2026-08-13,434.04,425.97,442.63,COALINDIA.NS
2026-08-14,433.08,425.06,441.34,COALINDIA.NS
2026-08-17,434.39,425.62,442.8,COALINDIA.NS
2026-08-18,434.54,426.29,443.17,COALINDIA.NS
2026-08-19,435.25,426.59,443.74,COALINDIA.NS
2026-08-20,436.2,427.67,444.73,COALINDIA.NS
2026-08-21,435.13,426.29,443.36,COALINDIA.NS
2026-08-24,436.34,428.23,444.75,COALINDIA.NS
2026-08-25,436.54,428.1,444.95,COALINDIA.NS
2026-08-26,437.35,428.19,446.05,COALINDIA.NS
2026-08-27,438.44,429.7,446.48,COALINDIA.NS
2026-08-28,437.57,428.19,446.11,COALINDIA.NS
2026-08-31,439.58,431.12,447.87,COALINDIA.NS
2026-09-01,440.12,431.73,448.13,COALINDIA.NS
2026-09-02,441.26,432.79,449.43,COALINDIA.NS
2026-09-03,442.7,433.92,451.15,COALINDIA.NS
2026-09-04,442.17,433.83,450.9,COALINDIA.NS
2025-07-24,6580.74,6455.92,6705.95,DIVISLAB.NS
2025-07-25,6561.19,6438.41,6697.48,DIVISLAB.NS
2025-07-28,6526.66,6391.91,6660.38,DIVISLAB.NS
2025-07-29,6522.03,6394.84,6658.03,DIVISLAB.NS
2025-07-30,6508.24,6370.45,6645.02,DIVISLAB.NS
2025-07-31,6499.67,6368.54,6635.79,DIVISLAB.NS
2025-08-01,6449.74,6320.64,6576.48,DIVISLAB.NS
2025-08-04,6337.02,6219.85,6461.97,DIVISLAB.NS
2025-08-05,6312.2,6184.38,6434.83,DIVISLAB.NS
2025-08-06,6281.78,6154.88,6406.64,DIVISLAB.NS
2025-08-07,6260.44,6139.52,6388.92,DIVISLAB.NS
2025-08-08,6201.8,6070.04,6331.69,DIVISLAB.NS
2025-08-11,6088.19,5949.32,6216.49,DIVISLAB.NS
2025-08-12,6071.32,5934.05,6212.13,DIVISLAB.NS
2025-08-13,6052.7,5920.78,6174.66,DIVISLAB.NS
2025-08-14,6046.7,5921.6,6172.82,DIVISLAB.NS
2025-08-18,5962.95,5842.77,6087.73,DIVISLAB.NS
2025-08-19,5972.45,5846.37,6103.57,DIVISLAB.NS
2025-08-20,5980.76,5849.52,6111.44,DIVISLAB.NS
2025-08-21,6001.65,5865.31,6133.26,DIVISLAB.NS
2025-08-22,5987.8,5859.41,6116.64,DIVISLAB.NS
2025-08-25,6013.68,5890.84,6144.36,DIVISLAB.NS
2025-08-26,6041.6,5892.78,6165.86,DIVISLAB.NS
2025-08-28,6098.19,5968.09,6227.08,DIVISLAB.NS
2025-08-29,6092.77,5954.01,6220.77,DIVISLAB.NS
2025-09-01,6121.49,5993.62,6249.76,DIVISLAB.NS
2025-09-02,6142.99,6025.07,6274.99,DIVISLAB.NS
2025-09-03,6156.83,6032.25,6286.15,DIVISLAB.NS
2025-09-04,6176.78,6034.82,6307.69,DIVISLAB.NS
2025-09-05,6155.62,6022.84,6284.13,DIVISLAB.NS
2025-09-08,6124.96,5998.94,6251.36,DIVISLAB.NS
2025-09-09,6124.32,5996.2,6248.08,DIVISLAB.NS
2025-09-10,6115.78,5989.18,6249.77,DIVISLAB.NS
2025-09-11,6113.67,5993.79,6243.53,DIVISLAB.NS
2025-09-12,6071.35,5945.26,6204.07,DIVISLAB.NS
2025-09-15,5987.8,5866.25,6112.43,DIVISLAB.NS
2025-09-16,5974.62,5844.72,6104.32,DIVISLAB.NS
2025-09-17,5956.72,5826.35,6090.43,DIVISLAB.NS
2025-09-18,5948.7,5822.3,6064.98,DIVISLAB.NS
2025-09-19,5904.14,5781.41,6027.11,DIVISLAB.NS
2025-09-22,5836.71,5716.62,5966.22,DIVISLAB.NS
2025-09-23,5836.38,5699.25,5964.31,DIVISLAB.NS
2025-09-24,5834.8,5692.51,5961.0,DIVISLAB.NS
2025-09-25,5846.32,5723.27,5977.5,DIVISLAB.NS
2025-09-26,5824.16,5696.19,5950.97,DIVISLAB.NS
2025-09-29,5836.98,5712.56,5971.93,DIVISLAB.NS
2025-09-30,5866.15,5742.64,6001.7,DIVISLAB.NS
2025-10-01,5894.59,5774.12,6025.94,DIVISLAB.NS
2025-10-03,5943.42,5807.68,6067.15,DIVISLAB.NS
2025-10-06,6036.48,5905.07,6166.84,DIVISLAB.NS
2025-10-07,6088.21,5968.67,6212.79,DIVISLAB.NS
2025-10-08,6136.5,6011.09,6268.71,DIVISLAB.NS
2025-10-09,6194.87,6067.17,6325.06,DIVISLAB.NS
2025-10-10,6215.8,6093.17,6344.08,DIVISLAB.NS
2025-10-13,6329.18,6204.86,6460.84,DIVISLAB.NS
2025-10-14,6380.76,6256.06,6505.87,DIVISLAB.NS
2025-10-15,6425.55,6303.4,6558.12,DIVISLAB.NS
2025-10-16,6477.26,6344.42,6602.89,DIVISLAB.NS
2025-10-17,6488.57,6354.44,6620.74,DIVISLAB.NS
2025-10-20,6558.18,6435.37,6694.25,DIVISLAB.NS
2025-10-21,6591.31,6445.18,6718.35,DIVISLAB.NS
2025-10-23,6647.34,6509.45,6777.95,DIVISLAB.NS
2025-10-24,6637.36,6513.67,6760.71,DIVISLAB.NS
2025-10-27,6643.27,6511.48,6771.49,DIVISLAB.NS
2025-10-28,6656.29,6517.66,6777.54,DIVISLAB.NS
2025-10-29,6662.2,6545.88,6784.72,DIVISLAB.NS
2025-10-30,6675.32,6552.93,6804.83,DIVISLAB.NS
2025-10-31,6648.88,6528.78,6781.85,DIVISLAB.NS
2025-11-03,6614.91,6482.58,6736.22,DIVISLAB.NS
2025-11-04,6617.97,6489.99,6746.59,DIVISLAB.NS
2025-11-06,6621.99,6488.76,6745.3,DIVISLAB.NS
2025-11-07,6590.32,6473.16,6716.54,DIVISLAB.NS
2025-11-10,6548.26,6428.29,6685.19,DIVISLAB.NS
2025-11-11,6550.63,6423.65,6674.27,DIVISLAB.NS
2025-11-12,6548.29,6422.57,6676.11,DIVISLAB.NS
2025-11-13,6555.28,6426.53,6685.5,DIVISLAB.NS
2025-11-14,6524.58,6397.74,6655.1,DIVISLAB.NS
2025-11-17,6486.35,6355.5,6620.9,DIVISLAB.NS
2025-11-18,6489.9,6361.76,6621.53,DIVISLAB.NS
2025-11-19,6488.54,6361.93,6617.21,DIVISLAB.NS
2025-11-20,6496.26,6368.53,6620.82,DIVISLAB.NS
2025-11-21,6466.02,6336.39,6592.6,DIVISLAB.NS
2025-11-24,6427.57,6303.2,6557.02,DIVISLAB.NS
2025-11-25,6430.64,6304.23,6560.4,DIVISLAB.NS
2025-11-26,6428.71,6297.97,6552.7,DIVISLAB.NS
2025-11-27,6435.85,6305.47,6563.18,DIVISLAB.NS
2025-11-28,6405.12,6277.6,6537.79,DIVISLAB.NS
2025-12-01,6366.7,6239.57,6498.38,DIVISLAB.NS
2025-12-02,6370.61,6242.39,6507.7,DIVISLAB.NS
2025-12-03,6370.07,6244.0,6499.94,DIVISLAB.NS
2025-12-04,6379.22,6258.82,6509.04,DIVISLAB.NS
2025-12-05,6351.18,6228.99,6478.86,DIVISLAB.NS
2025-12-08,6325.11,6197.36,6455.81,DIVISLAB.NS
2025-12-09,6334.55,6202.19,6465.07,DIVISLAB.NS
2025-12-10,6340.18,6209.12,6476.29,DIVISLAB.NS
2025-12-11,6356.08,6229.2,6486.28,DIVISLAB.NS
2025-12-12,6335.28,6204.7,6467.3,DIVISLAB.NS
2025-12-15,6332.74,6196.56,6463.25,DIVISLAB.NS
2025-12-16,6350.18,6224.47,6475.01,DIVISLAB.NS
2025-12-17,6363.65,6225.46,6483.31,DIVISLAB.NS
2025-12-18,6387.07,6264.44,6508.68,DIVISLAB.NS
2025-12-19,6373.31,6241.72,6495.62,DIVISLAB.NS
2025-12-22,6387.55,6263.35,6524.14,DIVISLAB.NS
2025-12-23,6408.69,6274.28,6530.99,DIVISLAB.NS
2025-12-24,6424.72,6292.78,6541.28,DIVISLAB.NS
2025-12-26,6435.73,6297.29,6563.15,DIVISLAB.NS
2025-12-29,6441.86,6312.4,6559.33,DIVISLAB.NS
2025-12-30,6457.55,6330.41,6579.87,DIVISLAB.NS
2025-12-31,6466.8,6334.51,6588.92,DIVISLAB.NS
2026-01-01,6483.53,6356.86,6616.95,DIVISLAB.NS
2026-01-02,6460.61,6331.71,6586.45,DIVISLAB.NS
2026-01-05,6433.42,6315.54,6562.88,DIVISLAB.NS
2026-01-06,6436.56,6313.45,6552.07,DIVISLAB.NS
2026-01-07,6432.83,6299.92,6544.52,DIVISLAB.NS
2026-01-08,6436.31,6315.09,6561.63,DIVISLAB.NS
2026-01-09,6400.07,6273.25,6531.71,DIVISLAB.NS
2026-01-12,6334.44,6214.5,6463.76,DIVISLAB.NS
2026-01-13,6325.92,6194.23,6456.28,DIVISLAB.NS
2026-01-14,6311.4,6184.53,6446.23,DIVISLAB.NS
2026-01-15,6305.15,6176.64,6438.35,DIVISLAB.NS
2026-01-16,6260.39,6135.67,6389.19,DIVISLAB.NS
2026-01-19,6177.76,6041.02,6304.08,DIVISLAB.NS
2026-01-20,6166.79,6028.65,6291.22,DIVISLAB.NS
2026-01-21,6151.55,6023.15,6262.06,DIVISLAB.NS
2026-01-22,6146.34,6021.9,6272.5,DIVISLAB.NS
2026-01-23,6104.4,5971.26,6234.38,DIVISLAB.NS
2026-01-27,6039.43,5911.16,6167.02,DIVISLAB.NS
2026-01-28,6035.33,5912.54,6162.09,DIVISLAB.NS
2026-01-29,6042.65,5919.04,6168.07,DIVISLAB.NS
2026-01-30,6014.46,5889.81,6140.54,DIVISLAB.NS
2026-02-02,5997.75,5861.84,6116.8,DIVISLAB.NS
2026-02-03,6013.3,5869.64,6136.61,DIVISLAB.NS
2026-02-04,6026.35,5905.92,6152.72,DIVISLAB.NS
2026-02-05,6050.86,5919.43,6174.17,DIVISLAB.NS
2026-02-06,6039.7,5910.99,6166.7,DIVISLAB.NS
2026-02-09,6070.76,5944.52,6204.29,DIVISLAB.NS
2026-02-10,6100.41,5972.07,6226.93,DIVISLAB.NS
2026-02-11,6126.34,5998.13,6251.56,DIVISLAB.NS
2026-02-12,6162.31,6039.77,6288.53,DIVISLAB.NS
2026-02-13,6161.02,6031.78,6284.31,DIVISLAB.NS
2026-02-16,6211.02,6075.46,6339.59,DIVISLAB.NS
2026-02-17,6243.12,6108.34,6360.15,DIVISLAB.NS
2026-02-18,6269.47,6136.96,6396.11,DIVISLAB.NS
2026-02-19,6303.85,6163.32,6428.11,DIVISLAB.NS
2026-02-20,6298.98,6175.83,6425.7,DIVISLAB.NS
2026-02-23,6326.86,6196.02,6459.28,DIVISLAB.NS
2026-02-24,6348.16,6231.93,6479.99,DIVISLAB.NS
2026-02-25,6362.23,6240.0,6487.49,DIVISLAB.NS
2026-02-26,6383.03,6260.71,6507.03,DIVISLAB.NS
2026-02-27,6363.46,6235.08,6493.37,DIVISLAB.NS
2026-03-02,6342.69,6208.79,6460.7,DIVISLAB.NS
2026-03-04,6344.09,6219.54,6478.11,DIVISLAB.NS
2026-03-05,6348.12,6221.72,6473.71,DIVISLAB.NS
2026-03-06,6312.23,6187.21,6442.34,DIVISLAB.NS
2026-03-09,6247.16,6120.24,6375.58,DIVISLAB.NS
2026-03-10,6238.85,6109.39,6358.54,DIVISLAB.NS
2026-03-11,6224.63,6095.06,6359.62,DIVISLAB.NS
2026-03-12,6218.78,6088.21,6349.34,DIVISLAB.NS
2026-03-13,6174.53,6046.67,6301.55,DIVISLAB.NS
2026-03-16,6094.01,5970.09,6224.04,DIVISLAB.NS
2026-03-17,6083.82,5957.01,6215.36,DIVISLAB.NS
2026-03-18,6069.31,5943.75,6189.52,DIVISLAB.NS
2026-03-19,6064.72,5943.81,6190.54,DIVISLAB.NS
2026-03-20,6023.2,5904.4,6145.59,DIVISLAB.NS
2026-03-23,5958.85,5825.54,6086.84,DIVISLAB.NS
2026-03-24,5956.34,5826.48,6084.21,DIVISLAB.NS
2026-03-25,5950.46,5817.42,6073.03,DIVISLAB.NS
2026-03-27,5924.01,5791.69,6040.94,DIVISLAB.NS
2026-03-30,5893.36,5762.5,6018.44,DIVISLAB.NS
2026-04-01,5909.1,5786.63,6036.58,DIVISLAB.NS
2026-04-02,5926.29,5794.46,6059.52,DIVISLAB.NS
2026-04-06,5913.99,5781.52,6047.08,DIVISLAB.NS
2026-04-07,5935.78,5809.41,6067.76,DIVISLAB.NS
2026-04-08,5954.35,5822.04,6090.84,DIVISLAB.NS
2026-04-09,5983.73,5848.73,6115.48,DIVISLAB.NS
2026-04-10,5976.9,5840.82,6098.4,DIVISLAB.NS
2026-04-13,6019.1,5885.43,6140.35,DIVISLAB.NS
2026-04-15,6082.37,5955.62,6216.91,DIVISLAB.NS
2026-04-16,6122.86,5990.4,6259.28,DIVISLAB.NS
2026-04-17,6126.84,6002.13,6245.64,DIVISLAB.NS
2026-04-20,6198.98,6080.85,6330.29,DIVISLAB.NS
2026-04-21,6241.21,6120.1,6358.33,DIVISLAB.NS
2026-04-22,6279.29,6144.75,6411.44,DIVISLAB.NS
2026-04-23,6327.13,6196.85,6451.99,DIVISLAB.NS
2026-04-24,6337.53,6202.95,6472.57,DIVISLAB.NS
2026-04-27,6422.34,6298.78,6563.92,DIVISLAB.NS
2026-04-28,6466.25,6336.57,6596.36,DIVISLAB.NS
2026-04-29,6504.62,6383.11,6647.32,DIVISLAB.NS
2026-04-30,6551.27,6424.0,6675.77,DIVISLAB.NS
2026-05-04,6626.45,6499.45,6753.82,DIVISLAB.NS
2026-05-05,6661.59,6532.09,6779.54,DIVISLAB.NS
2026-05-06,6689.78,6559.71,6816.09,DIVISLAB.NS
2026-05-07,6724.95,6599.4,6856.58,DIVISLAB.NS
2026-05-08,6719.98,6593.75,6849.74,DIVISLAB.NS
2026-05-11,6743.96,6613.54,6871.08,DIVISLAB.NS
2026-05-12,6763.36,6631.97,6892.59,DIVISLAB.NS
2026-05-13,6775.55,6658.05,6908.25,DIVISLAB.NS
2026-05-14,6794.66,6667.9,6923.62,DIVISLAB.NS
2026-05-15,6773.79,6639.36,6889.94,DIVISLAB.NS
2026-05-18,6753.18,6623.26,6882.06,DIVISLAB.NS
2026-05-19,6759.41,6634.46,6889.8,DIVISLAB.NS
2026-05-20,6759.55,6636.32,6897.03,DIVISLAB.NS
2026-05-21,6767.88,6644.85,6889.56,DIVISLAB.NS
2026-05-22,6737.61,6613.76,6871.74,DIVISLAB.NS
2026-05-25,6697.64,6574.49,6824.41,DIVISLAB.NS
2026-05-26,6700.42,6569.13,6825.97,DIVISLAB.NS
2026-05-27,6698.56,6570.5,6817.16,DIVISLAB.NS
2026-05-28,6706.24,6585.54,6833.88,DIVISLAB.NS
2026-05-29,6676.58,6536.8,6807.39,DIVISLAB.NS
2026-06-01,6644.54,6514.23,6778.83,DIVISLAB.NS
2026-06-02,6651.43,6524.42,6776.67,DIVISLAB.NS
2026-06-03,6654.11,6523.72,6781.63,DIVISLAB.NS
2026-06-04,6666.57,6540.32,6794.99,DIVISLAB.NS
2026-06-05,6641.76,6517.38,6781.63,DIVISLAB.NS
2026-06-08,6622.98,6491.15,6743.25,DIVISLAB.NS
2026-06-09,6633.43,6496.85,6759.45,DIVISLAB.NS
2026-06-10,6639.09,6505.96,6776.78,DIVISLAB.NS
2026-06-11,6653.89,6519.89,6775.44,DIVISLAB.NS
2026-06-12,6630.77,6496.68,6763.21,DIVISLAB.NS
2026-06-15,6613.55,6489.12,6736.8,DIVISLAB.NS
2026-06-16,6623.64,6502.68,6754.87,DIVISLAB.NS
2026-06-17,6628.69,6497.91,6761.78,DIVISLAB.NS
2026-06-18,6642.85,6519.71,6761.64,DIVISLAB.NS
2026-06-19,6619.19,6497.39,6746.23,DIVISLAB.NS
2026-06-22,6603.11,6467.08,6724.22,DIVISLAB.NS
2026-06-23,6615.16,6480.28,6745.84,DIVISLAB.NS
2026-06-24,6623.28,6496.98,6753.64,DIVISLAB.NS
2026-06-25,6641.75,6519.04,6767.92,DIVISLAB.NS
2026-06-26,6623.8,6490.6,6752.9,DIVISLAB.NS
2026-06-29,6633.94,6499.71,6761.97,DIVISLAB.NS
2026-06-30,6657.8,6530.74,6794.01,DIVISLAB.NS
2026-07-01,6679.18,6552.07,6810.47,DIVISLAB.NS
2026-07-02,6712.23,6579.66,6840.27,DIVISLAB.NS
2026-07-03,6710.0,6584.66,6849.39,DIVISLAB.NS
2026-07-06,6771.73,6634.77,6900.29,DIVISLAB.NS
2026-07-07,6813.25,6683.63,6943.28,DIVISLAB.NS
2026-07-08,6851.95,6729.78,6984.13,DIVISLAB.NS
2026-07-09,6901.59,6775.17,7034.13,DIVISLAB.NS
2026-07-10,6914.85,6787.95,7046.94,DIVISLAB.NS
2026-07-13,7012.54,6882.1,7131.81,DIVISLAB.NS
2026-07-14,7061.37,6929.41,7191.17,DIVISLAB.NS
2026-07-15,7104.51,6981.31,7229.23,DIVISLAB.NS
2026-07-16,7155.5,7036.05,7289.1,DIVISLAB.NS
2026-07-17,7166.8,7033.79,7287.12,DIVISLAB.NS
2026-07-20,7237.81,7110.01,7370.45,DIVISLAB.NS
2026-07-21,7270.83,7140.07,7402.31,DIVISLAB.NS
2026-07-22,7294.88,7161.19,7421.18,DIVISLAB.NS
2026-07-23,7323.72,7184.54,7453.17,DIVISLAB.NS
2026-07-24,7310.09,7179.42,7438.31,DIVISLAB.NS
2026-07-27,7293.46,7166.01,7423.83,DIVISLAB.NS
2026-07-28,7294.48,7158.43,7426.89,DIVISLAB.NS
2026-07-29,7286.02,7163.02,7406.46,DIVISLAB.NS
2026-07-30,7282.37,7158.5,7404.36,DIVISLAB.NS
2026-07-31,7236.84,7106.26,7363.35,DIVISLAB.NS
2026-08-03,7133.54,7012.75,7257.52,DIVISLAB.NS
2026-08-04,7110.41,6980.72,7243.95,DIVISLAB.NS
2026-08-05,7080.91,6947.4,7215.29,DIVISLAB.NS
2026-08-06,7059.71,6934.96,7189.35,DIVISLAB.NS
2026-08-07,7000.42,6876.09,7122.75,DIVISLAB.NS
2026-08-10,6880.49,6753.17,7001.06,DIVISLAB.NS
2026-08-11,6860.22,6737.51,6991.05,DIVISLAB.NS
2026-08-12,6837.68,6705.59,6970.63,DIVISLAB.NS
2026-08-13,6827.34,6701.07,6949.29,DIVISLAB.NS
2026-08-14,6782.54,6656.95,6915.69,DIVISLAB.NS
2026-08-17,6723.96,6605.24,6851.73,DIVISLAB.NS
2026-08-18,6728.54,6606.82,6861.9,DIVISLAB.NS
2026-08-19,6732.14,6600.31,6859.59,DIVISLAB.NS
2026-08-20,6748.64,6611.89,6878.78,DIVISLAB.NS
2026-08-21,6730.8,6598.92,6867.61,DIVISLAB.NS
2026-08-24,6747.95,6623.15,6873.86,DIVISLAB.NS
2026-08-25,6774.23,6651.06,6905.67,DIVISLAB.NS
2026-08-26,6796.96,6672.25,6919.21,DIVISLAB.NS
2026-08-27,6829.63,6703.07,6954.28,DIVISLAB.NS
2026-08-28,6824.67,6700.07,6955.04,DIVISLAB.NS
2026-08-31,6858.68,6730.8,6985.53,DIVISLAB.NS
2026-09-01,6883.09,6752.12,7011.54,DIVISLAB.NS
2026-09-02,6900.28,6771.12,7023.76,DIVISLAB.NS
2026-09-03,6923.94,6796.38,7051.95,DIVISLAB.NS
2026-09-04,6906.77,6776.08,7036.69,DIVISLAB.NS
2025-07-24,1278.11,1250.46,1306.51,DRREDDY.NS
2025-07-25,1270.57,1245.53,1296.1,DRREDDY.NS
2025-07-28,1249.82,1222.41,1277.09,DRREDDY.NS
2025-07-29,1244.74,1219.41,1270.87,DRREDDY.NS
2025-07-30,1239.66,1214.06,1266.91,DRREDDY.NS
2025-07-31,1238.06,1211.44,1266.96,DRREDDY.NS
2025-08-01,1236.09,1211.2,1262.12,DRREDDY.NS
2025-08-04,1230.64,1203.78,1257.49,DRREDDY.NS
2025-08-05,1229.94,1203.96,1257.35,DRREDDY.NS
2025-08-06,1228.8,1202.69,1256.99,DRREDDY.NS
2025-08-07,1230.67,1205.48,1258.4,DRREDDY.NS
2025-08-08,1231.67,1203.88,1256.72,DRREDDY.NS
2025-08-11,1232.28,1206.5,1259.12,DRREDDY.NS
2025-08-12,1232.74,1209.5,1260.1,DRREDDY.NS
2025-08-13,1232.41,1205.23,1258.85,DRREDDY.NS
2025-08-14,1234.79,1206.68,1260.79,DRREDDY.NS
2025-08-18,1236.81,1209.62,1262.9,DRREDDY.NS
2025-08-19,1237.29,1211.49,1264.34,DRREDDY.NS
2025-08-20,1237.07,1209.62,1265.38,DRREDDY.NS
2025-08-21,1239.68,1212.7,1266.45,DRREDDY.NS
2025-08-22,1241.37,1214.13,1269.7,DRREDDY.NS
2025-08-25,1244.56,1218.41,1271.56,DRREDDY.NS
2025-08-26,1246.27,1220.98,1273.76,DRREDDY.NS
2025-08-28,1251.63,1224.59,1279.84,DRREDDY.NS
2025-08-29,1254.98,1230.26,1282.05,DRREDDY.NS
2025-09-01,1263.26,1237.23,1289.95,DRREDDY.NS
2025-09-02,1266.51,1241.08,1293.93,DRREDDY.NS
2025-09-03,1269.04,1242.3,1296.27,DRREDDY.NS
2025-09-04,1274.31,1248.43,1301.34,DRREDDY.NS
2025-09-05,1278.46,1252.33,1304.66,DRREDDY.NS
2025-09-08,1286.81,1260.4,1312.62,DRREDDY.NS
2025-09-09,1289.21,1262.35,1315.89,DRREDDY.NS
2025-09-10,1290.44,1264.23,1316.35,DRREDDY.NS
2025-09-11,1293.96,1264.99,1317.88,DRREDDY.NS
2025-09-12,1295.91,1269.73,1321.48,DRREDDY.NS
2025-09-15,1295.47,1266.33,1320.89,DRREDDY.NS
2025-09-16,1294.37,1265.01,1320.22,DRREDDY.NS
2025-09-17,1291.94,1266.7,1319.83,DRREDDY.NS
2025-09-18,1291.7,1264.2,1318.61,DRREDDY.NS
2025-09-19,1289.9,1263.81,1314.99,DRREDDY.NS
2025-09-22,1279.01,1253.71,1306.98,DRREDDY.NS
2025-09-23,1274.97,1246.95,1300.77,DRREDDY.NS
2025-09-24,1269.99,1244.67,1295.75,DRREDDY.NS
2025-09-25,1267.65,1241.67,1291.74,DRREDDY.NS
2025-09-26,1264.26,1236.2,1288.78,DRREDDY.NS
2025-09-29,1251.84,1222.59,1277.2,DRREDDY.NS
2025-09-30,1248.41,1222.38,1274.14,DRREDDY.NS
2025-10-01,1244.56,1218.44,1270.46,DRREDDY.NS
2025-10-03,1242.53,1215.42,1268.64,DRREDDY.NS
2025-10-06,1238.31,1213.15,1264.36,DRREDDY.NS
2025-10-07,1238.0,1212.51,1265.48,DRREDDY.NS
2025-10-08,1237.34,1210.95,1262.08,DRREDDY.NS
2025-10-09,1239.78,1211.6,1266.98,DRREDDY.NS
2025-10-10,1241.47,1214.86,1268.55,DRREDDY.NS
2025-10-13,1244.73,1220.37,1270.01,DRREDDY.NS
2025-10-14,1246.17,1219.26,1269.44,DRREDDY.NS
2025-10-15,1246.78,1218.49,1272.89,DRREDDY.NS
2025-10-16,1250.0,1221.28,1277.16,DRREDDY.NS
2025-10-17,1251.95,1225.57,1280.03,DRREDDY.NS
2025-10-20,1252.94,1225.44,1277.88,DRREDDY.NS
2025-10-21,1252.7,1226.23,1279.28,DRREDDY.NS
2025-10-23,1252.05,1224.6,1279.13,DRREDDY.NS
2025-10-24,1251.35,1225.8,1277.21,DRREDDY.NS
2025-10-27,1243.71,1216.17,1270.5,DRREDDY.NS
2025-10-28,1240.65,1215.19,1268.01,DRREDDY.NS
2025-10-29,1236.55,1210.88,1264.68,DRREDDY.NS
2025-10-30,1234.99,1206.25,1262.42,DRREDDY.NS
2025-10-31,1232.25,1206.22,1255.67,DRREDDY.NS
2025-11-03,1221.05,1193.28,1246.76,DRREDDY.NS
2025-11-04,1217.79,1194.48,1243.91,DRREDDY.NS
2025-11-06,1213.33,1187.05,1239.53,DRREDDY.NS
2025-11-07,1211.97,1186.2,1239.22,DRREDDY.NS
2025-11-10,1207.62,1180.86,1232.54,DRREDDY.NS
2025-11-11,1207.38,1181.27,1237.47,DRREDDY.NS
2025-11-12,1206.88,1180.67,1233.89,DRREDDY.NS
2025-11-13,1209.62,1182.04,1235.79,DRREDDY.NS
2025-11-14,1211.79,1184.56,1238.39,DRREDDY.NS
2025-11-17,1217.74,1190.56,1243.73,DRREDDY.NS
2025-11-18,1220.58,1194.54,1248.37,DRREDDY.NS
2025-11-19,1222.86,1196.41,1250.14,DRREDDY.NS
2025-11-20,1228.04,1199.27,1253.5,DRREDDY.NS
2025-11-21,1232.24,1204.8,1258.43,DRREDDY.NS
2025-11-24,1241.65,1215.58,1267.33,DRREDDY.NS
2025-11-25,1244.73,1218.94,1271.5,DRREDDY.NS
2025-11-26,1246.81,1218.01,1273.5,DRREDDY.NS
2025-11-27,1251.37,1225.91,1277.05,DRREDDY.NS
2025-11-28,1254.58,1229.27,1281.92,DRREDDY.NS
2025-12-01,1259.28,1233.29,1286.89,DRREDDY.NS
2025-12-02,1260.4,1235.53,1286.15,DRREDDY.NS
2025-12-03,1260.45,1233.48,1287.69,DRREDDY.NS
2025-12-04,1262.96,1237.21,1289.09,DRREDDY.NS
2025-12-05,1264.16,1237.54,1292.02,DRREDDY.NS
2025-12-08,1263.63,1235.12,1290.21,DRREDDY.NS
2025-12-09,1263.42,1237.27,1290.52,DRREDDY.NS
2025-12-10,1262.37,1236.76,1288.45,DRREDDY.NS
2025-12-11,1264.05,1237.69,1292.62,DRREDDY.NS
2025-12-12,1264.67,1238.93,1293.61,DRREDDY.NS
2025-12-15,1263.81,1237.9,1291.12,DRREDDY.NS
2025-12-16,1263.84,1235.98,1289.0,DRREDDY.NS
2025-12-17,1263.14,1237.54,1291.48,DRREDDY.NS
2025-12-18,1265.22,1237.54,1291.38,DRREDDY.NS
2025-12-19,1266.25,1240.84,1293.75,DRREDDY.NS
2025-12-22,1266.01,1241.55,1292.86,DRREDDY.NS
2025-12-23,1265.88,1240.02,1290.68,DRREDDY.NS
2025-12-24,1264.76,1239.16,1292.52,DRREDDY.NS
2025-12-26,1266.13,1241.19,1294.14,DRREDDY.NS
2025-12-29,1260.83,1234.66,1289.05,DRREDDY.NS
2025-12-30,1258.4,1231.16,1284.17,DRREDDY.NS
2025-12-31,1254.73,1228.09,1281.19,DRREDDY.NS
2026-01-01,1253.32,1229.56,1280.81,DRREDDY.NS
2026-01-02,1250.39,1222.1,1278.25,DRREDDY.NS
2026-01-05,1236.09,1209.79,1263.22,DRREDDY.NS
2026-01-06,1230.83,1206.05,1257.45,DRREDDY.NS
2026-01-07,1224.56,1199.4,1251.25,DRREDDY.NS
2026-01-08,1220.86,1194.3,1248.95,DRREDDY.NS
2026-01-09,1216.02,1190.57,1244.37,DRREDDY.NS
2026-01-12,1198.88,1171.65,1224.6,DRREDDY.NS
2026-01-13,1193.81,1168.18,1221.31,DRREDDY.NS
2026-01-14,1188.34,1161.81,1216.23,DRREDDY.NS
2026-01-15,1186.07,1157.21,1213.11,DRREDDY.NS
2026-01-16,1183.28,1155.92,1209.94,DRREDDY.NS
2026-01-19,1175.74,1150.09,1203.47,DRREDDY.NS
2026-01-20,1174.86,1146.88,1201.7,DRREDDY.NS
2026-01-21,1173.96,1147.74,1199.55,DRREDDY.NS
2026-01-22,1176.55,1149.79,1204.09,DRREDDY.NS
2026-01-23,1178.82,1152.85,1205.34,DRREDDY.NS
2026-01-27,1190.7,1163.58,1217.9,DRREDDY.NS
2026-01-28,1194.4,1167.71,1220.1,DRREDDY.NS
2026-01-29,1201.22,1174.56,1229.25,DRREDDY.NS
2026-01-30,1207.28,1182.31,1233.42,DRREDDY.NS
2026-02-02,1223.25,1196.58,1250.95,DRREDDY.NS
2026-02-03,1228.74,1202.98,1256.08,DRREDDY.NS
2026-02-04,1233.3,1206.5,1259.09,DRREDDY.NS
2026-02-05,1240.35,1215.25,1267.16,DRREDDY.NS
2026-02-06,1246.05,1218.4,1272.45,DRREDDY.NS
2026-02-09,1257.83,1231.54,1284.39,DRREDDY.NS
2026-02-10,1261.08,1234.64,1286.59,DRREDDY.NS
2026-02-11,1263.12,1236.08,1288.57,DRREDDY.NS
2026-02-12,1267.46,1240.5,1295.31,DRREDDY.NS
2026-02-13,1270.31,1242.89,1296.31,DRREDDY.NS
2026-02-16,1273.71,1248.13,1300.02,DRREDDY.NS
2026-02-17,1274.49,1248.95,1303.06,DRREDDY.NS
2026-02-18,1274.32,1247.41,1301.26,DRREDDY.NS
2026-02-19,1276.76,1250.65,1305.06,DRREDDY.NS
2026-02-20,1278.07,1252.33,1304.81,DRREDDY.NS
2026-02-23,1279.15,1251.75,1305.34,DRREDDY.NS
2026-02-24,1279.9,1254.08,1305.54,DRREDDY.NS
2026-02-25,1280.03,1252.99,1304.84,DRREDDY.NS
2026-02-26,1283.06,1256.73,1311.83,DRREDDY.NS
2026-02-27,1285.2,1256.94,1313.04,DRREDDY.NS
2026-03-02,1289.46,1262.28,1314.94,DRREDDY.NS
2026-03-04,1292.29,1265.1,1319.15,DRREDDY.NS
2026-03-05,1296.01,1269.42,1323.03,DRREDDY.NS
2026-03-06,1298.55,1271.37,1322.98,DRREDDY.NS
2026-03-09,1301.78,1273.59,1327.94,DRREDDY.NS
2026-03-10,1302.34,1275.98,1329.21,DRREDDY.NS
2026-03-11,1301.67,1274.29,1328.37,DRREDDY.NS
2026-03-12,1303.22,1276.29,1329.85,DRREDDY.NS
2026-03-13,1303.14,1276.32,1330.86,DRREDDY.NS
2026-03-16,1296.15,1268.86,1320.03,DRREDDY.NS
2026-03-17,1292.75,1266.39,1319.11,DRREDDY.NS
2026-03-18,1287.95,1264.04,1314.0,DRREDDY.NS
2026-03-19,1285.3,1260.01,1312.17,DRREDDY.NS
2026-03-20,1281.06,1253.33,1309.25,DRREDDY.NS
2026-03-23,1262.75,1237.83,1288.67,DRREDDY.NS
2026-03-24,1256.27,1230.68,1284.75,DRREDDY.NS
2026-03-25,1248.9,1221.31,1275.19,DRREDDY.NS
2026-03-27,1238.64,1213.77,1265.12,DRREDDY.NS
2026-03-30,1220.4,1194.36,1246.7,DRREDDY.NS
2026-04-01,1210.2,1181.48,1236.98,DRREDDY.NS
2026-04-02,1208.4,1184.19,1235.66,DRREDDY.NS
2026-04-06,1201.45,1176.57,1228.59,DRREDDY.NS
2026-04-07,1201.64,1172.67,1228.67,DRREDDY.NS
2026-04-08,1201.83,1174.76,1225.76,DRREDDY.NS
2026-04-09,1205.5,1179.68,1231.08,DRREDDY.NS
2026-04-10,1208.8,1181.73,1233.95,DRREDDY.NS
2026-04-13,1219.19,1192.21,1247.45,DRREDDY.NS
2026-04-15,1227.86,1201.58,1255.72,DRREDDY.NS
2026-04-16,1234.9,1207.83,1261.95,DRREDDY.NS
2026-04-17,1241.01,1213.16,1267.09,DRREDDY.NS
2026-04-20,1256.13,1227.62,1281.69,DRREDDY.NS
2026-04-21,1261.05,1233.61,1287.69,DRREDDY.NS
2026-04-22,1264.93,1238.95,1290.77,DRREDDY.NS
2026-04-23,1271.22,1245.12,1297.03,DRREDDY.NS
2026-04-24,1276.1,1250.4,1301.98,DRREDDY.NS
2026-04-27,1285.35,1258.27,1311.73,DRREDDY.NS
2026-04-28,1287.84,1261.59,1314.93,DRREDDY.NS
2026-04-29,1289.16,1263.09,1317.64,DRREDDY.NS
2026-04-30,1292.87,1267.3,1318.48,DRREDDY.NS
2026-05-01,1295.19,1270.28,1322.62,DRREDDY.NS
2026-05-04,1297.58,1269.01,1325.1,DRREDDY.NS
2026-05-05,1298.19,1271.37,1323.42,DRREDDY.NS
2026-05-06,1297.91,1271.68,1324.5,DRREDDY.NS
2026-05-07,1300.28,1273.64,1326.98,DRREDDY.NS
2026-05-08,1301.53,1273.86,1328.62,DRREDDY.NS
2026-05-11,1302.17,1275.0,1326.94,DRREDDY.NS
2026-05-12,1302.58,1274.03,1330.54,DRREDDY.NS
2026-05-13,1302.21,1276.57,1328.43,DRREDDY.NS
2026-05-14,1304.56,1278.73,1329.06,DRREDDY.NS
2026-05-15,1305.81,1280.41,1332.8,DRREDDY.NS
2026-05-18,1306.01,1277.58,1332.01,DRREDDY.NS
2026-05-19,1305.97,1278.98,1332.69,DRREDDY.NS
2026-05-20,1304.95,1280.06,1330.96,DRREDDY.NS
2026-05-21,1306.43,1279.73,1334.87,DRREDDY.NS
2026-05-22,1306.55,1279.49,1330.06,DRREDDY.NS
2026-05-25,1301.99,1275.97,1327.93,DRREDDY.NS
2026-05-26,1299.98,1274.13,1326.25,DRREDDY.NS
2026-05-27,1296.85,1272.17,1322.88,DRREDDY.NS
2026-05-28,1296.14,1270.27,1320.77,DRREDDY.NS
2026-05-29,1294.07,1265.77,1321.0,DRREDDY.NS
2026-06-01,1283.55,1256.68,1312.96,DRREDDY.NS
2026-06-02,1280.0,1251.08,1306.26,DRREDDY.NS
2026-06-03,1275.69,1250.53,1302.87,DRREDDY.NS
2026-06-04,1274.2,1247.95,1299.64,DRREDDY.NS
2026-06-05,1271.82,1245.83,1298.41,DRREDDY.NS
2026-06-08,1263.54,1238.22,1290.85,DRREDDY.NS
2026-06-09,1261.88,1237.23,1290.55,DRREDDY.NS
2026-06-10,1260.0,1233.13,1285.44,DRREDDY.NS
2026-06-11,1261.48,1234.62,1286.79,DRREDDY.NS
2026-06-12,1262.55,1235.3,1289.36,DRREDDY.NS
2026-06-15,1266.92,1241.22,1292.78,DRREDDY.NS
2026-06-16,1269.93,1243.62,1295.79,DRREDDY.NS
2026-06-17,1272.79,1244.89,1300.06,DRREDDY.NS
2026-06-18,1278.96,1252.77,1304.62,DRREDDY.NS
2026-06-19,1284.55,1259.34,1310.62,DRREDDY.NS
2026-06-22,1300.25,1273.61,1325.0,DRREDDY.NS
2026-06-23,1305.94,1277.98,1333.8,DRREDDY.NS
2026-06-24,1310.75,1283.71,1337.02,DRREDDY.NS
2026-06-25,1318.08,1293.3,1344.86,DRREDDY.NS
2026-06-26,1323.97,1299.51,1351.18,DRREDDY.NS
2026-06-29,1335.06,1306.93,1361.69,DRREDDY.NS
2026-06-30,1337.34,1309.81,1363.88,DRREDDY.NS
2026-07-01,1337.88,1311.66,1364.46,DRREDDY.NS
2026-07-02,1340.09,1315.51,1365.72,DRREDDY.NS
2026-07-03,1340.12,1313.7,1364.3,DRREDDY.NS
2026-07-06,1330.08,1302.54,1354.61,DRREDDY.NS
2026-07-07,1324.55,1297.99,1350.92,DRREDDY.NS
2026-07-08,1317.11,1291.29,1342.49,DRREDDY.NS
2026-07-09,1311.33,1284.09,1337.14,DRREDDY.NS
2026-07-10,1303.48,1275.82,1328.98,DRREDDY.NS
2026-07-13,1271.97,1246.06,1298.12,DRREDDY.NS
2026-07-14,1260.42,1235.29,1287.15,DRREDDY.NS
2026-07-15,1247.7,1220.14,1273.85,DRREDDY.NS
2026-07-16,1237.47,1211.06,1265.19,DRREDDY.NS
2026-07-17,1226.08,1199.65,1253.32,DRREDDY.NS
2026-07-20,1189.66,1162.36,1217.41,DRREDDY.NS
2026-07-21,1178.4,1152.58,1206.17,DRREDDY.NS
2026-07-22,1166.9,1140.12,1194.6,DRREDDY.NS
2026-07-23,1158.76,1130.18,1184.54,DRREDDY.NS
2026-07-24,1150.25,1123.46,1176.96,DRREDDY.NS
2026-07-27,1126.39,1099.57,1152.91,DRREDDY.NS
2026-07-28,1120.28,1092.92,1146.34,DRREDDY.NS
2026-07-29,1114.2,1086.92,1137.88,DRREDDY.NS
2026-07-30,1111.65,1085.04,1137.63,DRREDDY.NS
2026-07-31,1108.8,1084.89,1135.84,DRREDDY.NS
2026-08-03,1101.18,1074.44,1127.93,DRREDDY.NS
2026-08-04,1099.93,1071.41,1127.86,DRREDDY.NS
2026-08-05,1098.35,1072.37,1125.74,DRREDDY.NS
2026-08-06,1099.85,1074.61,1127.45,DRREDDY.NS
2026-08-07,1100.58,1074.14,1126.44,DRREDDY.NS
2026-08-10,1100.79,1075.37,1127.1,DRREDDY.NS
2026-08-11,1101.22,1072.72,1129.8,DRREDDY.NS
2026-08-12,1100.89,1074.12,1127.41,DRREDDY.NS
2026-08-13,1103.29,1075.54,1131.54,DRREDDY.NS
2026-08-14,1104.59,1078.84,1132.49,DRREDDY.NS
2026-08-17,1105.33,1078.45,1131.44,DRREDDY.NS
2026-08-18,1105.75,1078.99,1132.25,DRREDDY.NS
2026-08-19,1105.43,1078.93,1130.33,DRREDDY.NS
2026-08-20,1107.91,1080.24,1134.71,DRREDDY.NS
2026-08-21,1109.42,1082.82,1135.21,DRREDDY.NS
2026-08-24,1111.83,1085.75,1137.98,DRREDDY.NS
2026-08-25,1113.22,1085.22,1140.28,DRREDDY.NS
2026-08-26,1114.08,1086.9,1140.47,DRREDDY.NS
2026-08-27,1117.93,1092.68,1145.86,DRREDDY.NS
2026-08-28,1120.96,1094.26,1148.6,DRREDDY.NS
2026-08-31,1128.45,1101.69,1154.6,DRREDDY.NS
2026-09-01,1131.53,1104.94,1154.92,DRREDDY.NS
2026-09-02,1133.96,1106.89,1159.26,DRREDDY.NS
2026-09-03,1139.2,1112.26,1164.91,DRREDDY.NS
2026-09-04,1143.4,1117.61,1170.41,DRREDDY.NS
2025-07-24,5246.3,5107.67,5397.64,EICHERMOT.NS
2025-07-25,5299.73,5141.75,5443.67,EICHERMOT.NS
2025-07-28,5383.36,5225.33,5529.3,EICHERMOT.NS
2025-07-29,5432.83,5292.32,5581.57,EICHERMOT.NS
2025-07-30,5478.05,5321.01,5619.93,EICHERMOT.NS
2025-07-31,5489.78,5344.13,5643.7,EICHERMOT.NS
2025-08-01,5536.15,5377.29,5697.59,EICHERMOT.NS
2025-08-04,5590.0,5442.09,5739.68,EICHERMOT.NS
2025-08-05,5627.63,5480.87,5787.47,EICHERMOT.NS
2025-08-06,5660.58,5515.74,5804.93,EICHERMOT.NS
2025-08-07,5659.95,5500.36,5816.95,EICHERMOT.NS
2025-08-08,5694.19,5546.96,5849.01,EICHERMOT.NS
2025-08-11,5716.31,5549.64,5866.34,EICHERMOT.NS
2025-08-12,5745.89,5591.5,5912.19,EICHERMOT.NS
2025-08-13,5772.46,5623.69,5919.39,EICHERMOT.NS
2025-08-14,5767.34,5610.08,5921.88,EICHERMOT.NS
2025-08-18,5827.04,5681.84,5996.23,EICHERMOT.NS
2025-08-19,5862.97,5719.08,6011.35,EICHERMOT.NS
2025-08-20,5898.02,5738.85,6049.78,EICHERMOT.NS
2025-08-21,5903.35,5745.8,6056.7,EICHERMOT.NS
2025-08-22,5947.39,5791.37,6099.73,EICHERMOT.NS
2025-08-25,6020.37,5876.25,6161.56,EICHERMOT.NS
2025-08-26,6073.13,5925.32,6219.85,EICHERMOT.NS
2025-08-28,6147.82,5996.74,6291.35,EICHERMOT.NS
2025-08-29,6208.64,6046.04,6360.43,EICHERMOT.NS
2025-09-01,6326.04,6176.43,6472.76,EICHERMOT.NS
2025-09-02,6390.52,6229.82,6529.92,EICHERMOT.NS
2025-09-03,6452.4,6307.5,6597.84,EICHERMOT.NS
2025-09-04,6482.26,6318.9,6639.63,EICHERMOT.NS
2025-09-05,6547.94,6394.58,6699.17,EICHERMOT.NS
2025-09-08,6663.58,6501.48,6806.58,EICHERMOT.NS
2025-09-09,6721.82,6573.05,6865.76,EICHERMOT.NS
2025-09-10,6774.69,6631.3,6919.68,EICHERMOT.NS
2025-09-11,6792.86,6640.55,6942.69,EICHERMOT.NS
2025-09-12,6844.34,6692.23,6999.36,EICHERMOT.NS
2025-09-15,6904.57,6752.5,7051.19,EICHERMOT.NS
2025-09-16,6941.05,6782.34,7088.27,EICHERMOT.NS
2025-09-17,6971.06,6813.34,7126.19,EICHERMOT.NS
2025-09-18,6965.66,6815.44,7117.58,EICHERMOT.NS
2025-09-19,6993.22,6851.67,7148.33,EICHERMOT.NS
2025-09-22,6983.48,6839.16,7145.53,EICHERMOT.NS
2025-09-23,6998.42,6836.79,7145.79,EICHERMOT.NS
2025-09-24,7008.33,6858.71,7155.15,EICHERMOT.NS
2025-09-25,6984.54,6837.58,7131.39,EICHERMOT.NS
2025-09-26,6995.68,6845.29,7145.27,EICHERMOT.NS
2025-09-29,6949.99,6812.19,7100.04,EICHERMOT.NS
2025-09-30,6957.68,6799.67,7099.86,EICHERMOT.NS
2025-10-01,6962.73,6814.63,7108.01,EICHERMOT.NS
2025-10-03,6947.13,6797.98,7096.03,EICHERMOT.NS
2025-10-06,6911.44,6750.36,7078.98,EICHERMOT.NS
2025-10-07,6925.36,6779.93,7082.93,EICHERMOT.NS
2025-10-08,6937.6,6773.84,7088.03,EICHERMOT.NS
2025-10-09,6919.08,6771.66,7073.94,EICHERMOT.NS
2025-10-10,6938.0,6787.91,7083.34,EICHERMOT.NS
2025-10-13,6925.66,6784.45,7074.44,EICHERMOT.NS
2025-10-14,6946.02,6787.72,7094.65,EICHERMOT.NS
2025-10-15,6963.62,6812.43,7113.68,EICHERMOT.NS
2025-10-16,6949.19,6801.21,7098.7,EICHERMOT.NS
2025-10-17,6970.78,6820.02,7126.58,EICHERMOT.NS
2025-10-20,6957.15,6806.76,7118.08,EICHERMOT.NS
2025-10-21,6974.0,6817.15,7126.69,EICHERMOT.NS
2025-10-23,6966.02,6835.73,7113.05,EICHERMOT.NS
2025-10-24,6980.31,6830.44,7135.73,EICHERMOT.NS
2025-10-27,6940.7,6787.61,7092.96,EICHERMOT.NS
2025-10-28,6948.43,6800.47,7095.1,EICHERMOT.NS
2025-10-29,6952.27,6802.69,7102.93,EICHERMOT.NS
2025-10-30,6923.38,6754.18,7077.22,EICHERMOT.NS
2025-10-31,6930.29,6789.38,7096.14,EICHERMOT.NS
2025-11-03,6876.38,6729.29,7020.92,EICHERMOT.NS
2025-11-04,6882.67,6747.28,7023.97,EICHERMOT.NS
2025-11-06,6860.52,6708.36,7012.45,EICHERMOT.NS
2025-11-07,6871.89,6725.84,7023.35,EICHERMOT.NS
2025-11-10,6842.87,6685.32,6983.66,EICHERMOT.NS
2025-11-11,6860.85,6722.71,7010.12,EICHERMOT.NS
2025-11-12,6878.18,6724.47,7033.52,EICHERMOT.NS
2025-11-13,6865.85,6719.09,7014.01,EICHERMOT.NS
2025-11-14,6892.1,6740.52,7054.46,EICHERMOT.NS
2025-11-17,6908.91,6746.76,7056.31,EICHERMOT.NS
2025-11-18,6941.38,6805.88,7089.61,EICHERMOT.NS
2025-11-19,6972.23,6825.61,7112.29,EICHERMOT.NS
2025-11-20,6972.11,6827.97,7121.62,EICHERMOT.NS
2025-11-21,7008.96,6851.86,7161.04,EICHERMOT.NS
2025-11-24,7045.64,6896.77,7202.73,EICHERMOT.NS
2025-11-25,7080.2,6928.45,7225.16,EICHERMOT.NS
2025-11-26,7110.74,6965.92,7268.39,EICHERMOT.NS
2025-11-27,7107.94,6955.2,7264.44,EICHERMOT.NS
2025-11-28,7139.82,6995.1,7280.57,EICHERMOT.NS
2025-12-01,7149.46,6998.1,7299.51,EICHERMOT.NS
2025-12-02,7171.81,7022.64,7326.14,EICHERMOT.NS
2025-12-03,7189.08,7040.57,7339.52,EICHERMOT.NS
2025-12-04,7172.32,7021.12,7335.37,EICHERMOT.NS
2025-12-05,7189.94,7044.95,7351.69,EICHERMOT.NS
2025-12-08,7159.11,7004.26,7324.27,EICHERMOT.NS
2025-12-09,7170.05,7016.57,7314.08,EICHERMOT.NS
2025-12-10,7177.55,7032.34,7337.08,EICHERMOT.NS
2025-12-11,7152.97,7004.58,7307.3,EICHERMOT.NS
2025-12-12,7164.98,7020.82,7306.94,EICHERMOT.NS
2025-12-15,7132.13,6977.61,7293.1,EICHERMOT.NS
2025-12-16,7147.55,7001.52,7304.07,EICHERMOT.NS
2025-12-17,7162.02,7009.96,7311.54,EICHERMOT.NS
2025-12-18,7146.75,6996.85,7293.24,EICHERMOT.NS
2025-12-19,7170.16,7029.03,7323.97,EICHERMOT.NS
2025-12-22,7180.9,7010.98,7337.55,EICHERMOT.NS
2025-12-23,7212.63,7061.69,7361.49,EICHERMOT.NS
2025-12-24,7243.53,7078.96,7386.26,EICHERMOT.NS
2025-12-26,7282.88,7129.34,7438.88,EICHERMOT.NS
2025-12-29,7328.99,7167.45,7477.1,EICHERMOT.NS
2025-12-30,7367.67,7221.42,7534.38,EICHERMOT.NS
2025-12-31,7402.49,7267.91,7557.65,EICHERMOT.NS
2026-01-01,7403.89,7246.09,7561.22,EICHERMOT.NS
2026-01-02,7439.6,7294.61,7587.94,EICHERMOT.NS
2026-01-05,7455.53,7303.56,7603.42,EICHERMOT.NS
2026-01-06,7477.2,7320.17,7631.56,EICHERMOT.NS
2026-01-07,7491.9,7332.29,7637.69,EICHERMOT.NS
2026-01-08,7470.38,7328.65,7619.75,EICHERMOT.NS
2026-01-09,7480.84,7330.63,7634.07,EICHERMOT.NS
2026-01-12,7412.27,7268.47,7573.16,EICHERMOT.NS
2026-01-13,7404.9,7253.05,7559.36,EICHERMOT.NS
2026-01-14,7391.23,7239.59,7541.27,EICHERMOT.NS
2026-01-15,7342.71,7188.1,7500.76,EICHERMOT.NS
2026-01-16,7328.22,7172.37,7478.37,EICHERMOT.NS
2026-01-19,7203.42,7061.82,7354.33,EICHERMOT.NS
2026-01-20,7185.37,7033.6,7333.72,EICHERMOT.NS
2026-01-21,7165.82,7007.12,7308.72,EICHERMOT.NS
2026-01-22,7116.53,6957.28,7280.59,EICHERMOT.NS
2026-01-23,7106.58,6955.17,7257.19,EICHERMOT.NS
2026-01-27,7035.5,6883.23,7186.24,EICHERMOT.NS
2026-01-28,7046.36,6891.47,7203.83,EICHERMOT.NS
2026-01-29,7031.72,6878.03,7187.18,EICHERMOT.NS
2026-01-30,7060.07,6898.44,7213.16,EICHERMOT.NS
2026-02-02,7111.25,6962.96,7257.7,EICHERMOT.NS
2026-02-03,7164.62,7010.64,7305.23,EICHERMOT.NS
2026-02-04,7220.94,7073.54,7381.47,EICHERMOT.NS
2026-02-05,7250.63,7103.75,7405.56,EICHERMOT.NS
2026-02-06,7321.31,7166.82,7461.06,EICHERMOT.NS
2026-02-09,7479.14,7330.08,7626.29,EICHERMOT.NS
2026-02-10,7558.79,7397.18,7691.92,EICHERMOT.NS
2026-02-11,7635.69,7484.56,7786.38,EICHERMOT.NS
2026-02-12,7679.76,7520.73,7830.57,EICHERMOT.NS
2026-02-13,7758.27,7604.22,7915.15,EICHERMOT.NS
2026-02-16,7898.23,7743.33,8046.76,EICHERMOT.NS
2026-02-17,7958.13,7809.13,8108.64,EICHERMOT.NS
2026-02-18,8008.69,7869.81,8164.11,EICHERMOT.NS
2026-02-19,8020.23,7866.74,8189.22,EICHERMOT.NS
2026-02-20,8060.47,7909.72,8213.18,EICHERMOT.NS
2026-02-23,8057.65,7897.28,8207.31,EICHERMOT.NS
2026-02-24,8063.14,7914.91,8220.23,EICHERMOT.NS
2026-02-25,8057.3,7908.68,8210.42,EICHERMOT.NS
2026-02-26,8011.33,7857.44,8155.96,EICHERMOT.NS
2026-02-27,7993.89,7841.42,8145.12,EICHERMOT.NS
2026-03-02,7825.82,7668.39,7975.38,EICHERMOT.NS
2026-03-04,7730.07,7575.66,7875.0,EICHERMOT.NS
2026-03-05,7642.98,7494.56,7792.31,EICHERMOT.NS
2026-03-06,7589.55,7430.5,7743.77,EICHERMOT.NS
2026-03-09,7348.31,7201.84,7494.91,EICHERMOT.NS
2026-03-10,7292.1,7133.98,7449.06,EICHERMOT.NS
2026-03-11,7234.79,7087.56,7392.68,EICHERMOT.NS
2026-03-12,7148.14,7000.65,7294.02,EICHERMOT.NS
2026-03-13,7101.13,6955.47,7256.46,EICHERMOT.NS
2026-03-16,6911.59,6765.03,7053.36,EICHERMOT.NS
2026-03-17,6881.89,6717.34,7027.1,EICHERMOT.NS
2026-03-18,6854.81,6709.92,7001.57,EICHERMOT.NS
2026-03-19,6801.49,6655.72,6955.78,EICHERMOT.NS
2026-03-20,6790.26,6639.19,6948.2,EICHERMOT.NS
2026-03-23,6716.24,6553.21,6857.96,EICHERMOT.NS
2026-03-24,6725.64,6571.16,6874.96,EICHERMOT.NS
2026-03-25,6736.97,6578.88,6879.45,EICHERMOT.NS
2026-03-27,6745.08,6596.28,6893.43,EICHERMOT.NS
2026-03-30,6763.45,6615.46,6921.21,EICHERMOT.NS
2026-04-01,6831.43,6689.34,6983.05,EICHERMOT.NS
2026-04-02,6834.19,6685.95,6980.7,EICHERMOT.NS
2026-04-06,6921.38,6764.08,7084.27,EICHERMOT.NS
2026-04-07,6959.99,6797.57,7105.03,EICHERMOT.NS
2026-04-08,6994.99,6831.86,7140.31,EICHERMOT.NS
2026-04-09,6997.15,6849.18,7141.08,EICHERMOT.NS
2026-04-10,7034.61,6886.41,7194.17,EICHERMOT.NS
2026-04-13,7065.61,6918.26,7221.77,EICHERMOT.NS
2026-04-15,7123.82,6974.6,7276.15,EICHERMOT.NS
2026-04-16,7117.61,6962.65,7263.93,EICHERMOT.NS
2026-04-17,7146.53,6993.81,7305.43,EICHERMOT.NS
2026-04-20,7152.23,7009.82,7307.56,EICHERMOT.NS
2026-04-21,7175.44,7015.18,7330.71,EICHERMOT.NS
2026-04-22,7194.77,7040.5,7342.26,EICHERMOT.NS
2026-04-23,7181.21,7023.39,7332.22,EICHERMOT.NS
2026-04-24,7203.08,7067.49,7351.87,EICHERMOT.NS
2026-04-27,7189.15,7044.01,7337.19,EICHERMOT.NS
2026-04-28,7206.14,7054.54,7358.91,EICHERMOT.NS
2026-04-29,7219.31,7062.73,7361.19,EICHERMOT.NS
2026-04-30,7199.61,7046.41,7347.56,EICHERMOT.NS
2026-05-01,7215.3,7061.12,7368.32,EICHERMOT.NS
2026-05-04,7182.32,7039.62,7338.87,EICHERMOT.NS
2026-05-05,7192.8,7049.82,7346.01,EICHERMOT.NS
2026-05-06,7199.41,7049.38,7346.75,EICHERMOT.NS
2026-05-07,7173.16,7013.13,7327.82,EICHERMOT.NS
2026-05-08,7182.41,7026.94,7327.5,EICHERMOT.NS
2026-05-11,7131.74,6983.2,7279.19,EICHERMOT.NS
2026-05-12,7137.28,6993.12,7288.71,EICHERMOT.NS
2026-05-13,7139.66,6983.05,7277.35,EICHERMOT.NS
2026-05-14,7110.03,6964.06,7258.42,EICHERMOT.NS
2026-05-15,7116.88,6970.03,7258.88,EICHERMOT.NS
2026-05-18,7066.18,6917.58,7227.57,EICHERMOT.NS
2026-05-19,7074.42,6915.69,7223.68,EICHERMOT.NS
2026-05-20,7080.96,6936.4,7241.32,EICHERMOT.NS
2026-05-21,7056.99,6899.28,7193.11,EICHERMOT.NS
2026-05-22,7070.97,6926.1,7227.62,EICHERMOT.NS
2026-05-25,7050.03,6894.94,7197.67,EICHERMOT.NS
2026-05-26,7070.63,6922.59,7236.31,EICHERMOT.NS
2026-05-27,7090.51,6930.18,7237.69,EICHERMOT.NS
2026-05-28,7080.65,6924.94,7240.15,EICHERMOT.NS
2026-05-29,7109.31,6954.05,7253.66,EICHERMOT.NS
2026-06-01,7133.29,6987.39,7281.21,EICHERMOT.NS
2026-06-02,7168.29,7027.0,7321.27,EICHERMOT.NS
2026-06-03,7201.83,7048.07,7347.85,EICHERMOT.NS
2026-06-04,7204.62,7060.42,7344.9,EICHERMOT.NS
2026-06-05,7244.69,7090.14,7395.73,EICHERMOT.NS
2026-06-08,7293.17,7139.07,7447.33,EICHERMOT.NS
2026-06-09,7332.48,7182.72,7481.92,EICHERMOT.NS
2026-06-10,7368.21,7217.82,7523.28,EICHERMOT.NS
2026-06-11,7370.98,7222.13,7535.73,EICHERMOT.NS
2026-06-12,7408.78,7253.32,7564.37,EICHERMOT.NS
2026-06-15,7437.38,7287.87,7584.33,EICHERMOT.NS
2026-06-16,7466.04,7329.63,7614.35,EICHERMOT.NS
2026-06-17,7489.37,7341.5,7641.51,EICHERMOT.NS
2026-06-18,7478.22,7316.21,7625.5,EICHERMOT.NS
2026-06-19,7500.82,7348.69,7651.33,EICHERMOT.NS
2026-06-22,7479.13,7323.54,7622.39,EICHERMOT.NS
2026-06-23,7490.52,7346.93,7637.42,EICHERMOT.NS
2026-06-24,7496.87,7353.76,7648.47,EICHERMOT.NS
2026-06-25,7469.38,7323.15,7619.93,EICHERMOT.NS
2026-06-26,7476.61,7318.39,7633.84,EICHERMOT.NS
2026-06-29,7417.54,7264.67,7564.54,EICHERMOT.NS
2026-06-30,7420.26,7269.85,7570.16,EICHERMOT.NS
2026-07-01,7420.19,7265.31,7573.01,EICHERMOT.NS
2026-07-02,7388.69,7246.72,7534.2,EICHERMOT.NS
2026-07-03,7394.42,7243.92,7542.27,EICHERMOT.NS
2026-07-06,7346.31,7187.98,7501.41,EICHERMOT.NS
2026-07-07,7357.75,7203.87,7518.17,EICHERMOT.NS
2026-07-08,7368.76,7206.7,7531.19,EICHERMOT.NS
2026-07-09,7350.52,7192.1,7508.73,EICHERMOT.NS
2026-07-10,7371.5,7217.2,7528.46,EICHERMOT.NS
2026-07-13,7378.47,7226.0,7534.89,EICHERMOT.NS
2026-07-14,7410.38,7263.2,7556.04,EICHERMOT.NS
2026-07-15,7442.35,7287.26,7594.21,EICHERMOT.NS
2026-07-16,7445.25,7284.3,7597.03,EICHERMOT.NS
2026-07-17,7487.17,7332.22,7660.84,EICHERMOT.NS
2026-07-20,7552.53,7392.73,7693.99,EICHERMOT.NS
2026-07-21,7601.39,7457.72,7757.48,EICHERMOT.NS
2026-07-22,7648.62,7510.25,7807.02,EICHERMOT.NS
2026-07-23,7664.85,7513.04,7814.25,EICHERMOT.NS
2026-07-24,7718.01,7561.39,7864.48,EICHERMOT.NS
2026-07-27,7803.33,7657.37,7953.76,EICHERMOT.NS
2026-07-28,7854.1,7701.01,8006.98,EICHERMOT.NS
2026-07-29,7900.93,7750.1,8055.57,EICHERMOT.NS
2026-07-30,7914.53,7765.42,8066.34,EICHERMOT.NS
2026-07-31,7962.97,7800.69,8105.49,EICHERMOT.NS
2026-08-03,8023.67,7880.66,8180.74,EICHERMOT.NS
2026-08-04,8063.59,7895.18,8221.9,EICHERMOT.NS
2026-08-05,8098.74,7948.3,8247.19,EICHERMOT.NS
2026-08-06,8100.14,7943.44,8255.14,EICHERMOT.NS
2026-08-07,8136.22,7991.76,8280.32,EICHERMOT.NS
2026-08-10,8162.05,8013.39,8312.4,EICHERMOT.NS
2026-08-11,8192.15,8044.02,8339.16,EICHERMOT.NS
2026-08-12,8218.86,8072.11,8374.11,EICHERMOT.NS
2026-08-13,8213.45,8039.05,8361.78,EICHERMOT.NS
2026-08-14,8244.55,8088.87,8407.92,EICHERMOT.NS
2026-08-17,8267.94,8109.5,8424.9,EICHERMOT.NS
2026-08-18,8301.64,8145.63,8453.83,EICHERMOT.NS
2026-08-19,8334.16,8186.88,8483.36,EICHERMOT.NS
2026-08-20,8336.7,8196.82,8490.15,EICHERMOT.NS
2026-08-21,8377.76,8212.53,8524.09,EICHERMOT.NS
2026-08-24,8441.23,8281.28,8598.49,EICHERMOT.NS
2026-08-25,8490.85,8333.0,8641.45,EICHERMOT.NS
2026-08-26,8540.06,8384.0,8682.93,EICHERMOT.NS
2026-08-27,8559.72,8426.36,8703.02,EICHERMOT.NS
2026-08-28,8617.98,8466.1,8773.35,EICHERMOT.NS
2026-08-31,8729.82,8566.4,8872.4,EICHERMOT.NS
2026-09-01,8793.31,8643.69,8951.86,EICHERMOT.NS
2026-09-02,8854.7,8700.51,8996.61,EICHERMOT.NS
2026-09-03,8884.57,8729.08,9048.4,EICHERMOT.NS
2025-07-24,2710.66,2664.32,2762.8,GRASIM.NS
2025-07-25,2701.65,2648.57,2753.29,GRASIM.NS
2025-07-28,2712.44,2658.11,2759.02,GRASIM.NS
2025-07-29,2716.01,2671.86,2764.63,GRASIM.NS
2025-07-30,2726.45,2676.95,2775.36,GRASIM.NS
2025-07-31,2728.06,2676.16,2777.78,GRASIM.NS
2025-08-01,2723.82,2676.93,2773.57,GRASIM.NS
2025-08-04,2746.02,2695.99,2795.3,GRASIM.NS
2025-08-05,2752.17,2701.72,2802.31,GRASIM.NS
2025-08-06,2764.49,2718.38,2812.73,GRASIM.NS
2025-08-07,2767.26,2714.45,2817.61,GRASIM.NS
2025-08-08,2763.46,2713.4,2815.81,GRASIM.NS
2025-08-11,2782.83,2733.62,2829.47,GRASIM.NS
2025-08-12,2786.83,2740.22,2834.93,GRASIM.NS
2025-08-13,2796.51,2745.68,2846.77,GRASIM.NS
2025-08-14,2796.25,2743.84,2845.79,GRASIM.NS
2025-08-18,2797.85,2747.34,2840.59,GRASIM.NS
2025-08-19,2798.42,2745.84,2850.79,GRASIM.NS
2025-08-20,2804.9,2756.85,2855.27,GRASIM.NS
2025-08-21,2801.74,2751.11,2850.94,GRASIM.NS
2025-08-22,2792.11,2743.6,2840.05,GRASIM.NS
2025-08-25,2796.09,2746.94,2845.56,GRASIM.NS
2025-08-26,2796.1,2749.41,2848.34,GRASIM.NS
2025-08-28,2799.81,2749.77,2847.02,GRASIM.NS
2025-08-29,2791.06,2741.52,2839.68,GRASIM.NS
2025-09-01,2799.74,2749.79,2851.78,GRASIM.NS
2025-09-02,2801.75,2754.23,2848.42,GRASIM.NS
2025-09-03,2810.23,2759.04,2853.74,GRASIM.NS
2025-09-04,2809.54,2759.55,2863.85,GRASIM.NS
2025-09-05,2802.69,2754.99,2853.51,GRASIM.NS
2025-09-08,2815.48,2771.43,2865.54,GRASIM.NS
2025-09-09,2818.07,2768.91,2864.18,GRASIM.NS
2025-09-10,2826.67,2777.14,2871.95,GRASIM.NS
2025-09-11,2825.6,2772.83,2875.2,GRASIM.NS
2025-09-12,2817.84,2770.48,2868.1,GRASIM.NS
2025-09-15,2824.86,2774.0,2873.99,GRASIM.NS
2025-09-16,2824.65,2775.72,2873.13,GRASIM.NS
2025-09-17,2830.1,2782.61,2877.29,GRASIM.NS
2025-09-18,2825.6,2776.66,2874.76,GRASIM.NS
2025-09-19,2814.26,2766.24,2863.2,GRASIM.NS
2025-09-22,2810.58,2759.43,2855.13,GRASIM.NS
2025-09-23,2807.18,2759.49,2858.31,GRASIM.NS
2025-09-24,2809.81,2759.3,2855.11,GRASIM.NS
2025-09-25,2802.96,2754.51,2854.66,GRASIM.NS
2025-09-26,2789.81,2740.66,2838.32,GRASIM.NS
2025-09-29,2784.75,2735.77,2834.69,GRASIM.NS
2025-09-30,2782.37,2734.97,2830.51,GRASIM.NS
2025-10-01,2786.79,2735.32,2835.6,GRASIM.NS
2025-10-03,2772.62,2725.27,2827.57,GRASIM.NS
2025-10-06,2781.06,2730.25,2828.67,GRASIM.NS
2025-10-07,2784.11,2738.1,2831.37,GRASIM.NS
2025-10-08,2794.25,2745.39,2842.83,GRASIM.NS
2025-10-09,2795.82,2743.75,2844.19,GRASIM.NS
2025-10-10,2791.84,2742.63,2843.66,GRASIM.NS
2025-10-13,2816.68,2767.02,2865.53,GRASIM.NS
2025-10-14,2824.34,2770.71,2872.09,GRASIM.NS
2025-10-15,2838.45,2791.6,2889.57,GRASIM.NS
2025-10-16,2843.24,2793.02,2893.2,GRASIM.NS
2025-10-17,2841.65,2791.39,2892.29,GRASIM.NS
2025-10-20,2868.04,2819.32,2917.44,GRASIM.NS
2025-10-21,2874.23,2823.78,2924.65,GRASIM.NS
2025-10-23,2887.26,2837.88,2939.32,GRASIM.NS
2025-10-24,2881.35,2832.39,2931.62,GRASIM.NS
2025-10-27,2890.17,2839.89,2939.03,GRASIM.NS
2025-10-28,2889.33,2836.0,2939.22,GRASIM.NS
2025-10-29,2893.56,2842.04,2945.17,GRASIM.NS
2025-10-30,2887.26,2834.47,2940.12,GRASIM.NS
2025-10-31,2873.58,2823.79,2923.53,GRASIM.NS
2025-11-03,2859.84,2808.77,2909.89,GRASIM.NS
2025-11-04,2852.17,2799.76,2904.77,GRASIM.NS
2025-11-06,2838.21,2791.74,2886.82,GRASIM.NS
2025-11-07,2819.64,2770.64,2869.05,GRASIM.NS
2025-11-10,2796.27,2748.07,2846.35,GRASIM.NS
2025-11-11,2787.18,2736.3,2837.95,GRASIM.NS
2025-11-12,2784.61,2733.47,2830.15,GRASIM.NS
2025-11-13,2773.06,2723.12,2823.6,GRASIM.NS
2025-11-14,2755.7,2702.38,2803.38,GRASIM.NS
2025-11-17,2740.47,2692.08,2793.1,GRASIM.NS
2025-11-18,2735.35,2686.22,2783.23,GRASIM.NS
2025-11-19,2737.23,2689.92,2786.18,GRASIM.NS
2025-11-20,2730.52,2684.08,2781.34,GRASIM.NS
2025-11-21,2718.28,2668.4,2768.39,GRASIM.NS
2025-11-24,2719.28,2671.28,2768.07,GRASIM.NS
2025-11-25,2719.55,2670.69,2768.62,GRASIM.NS
2025-11-26,2726.7,2682.56,2773.73,GRASIM.NS
2025-11-27,2725.06,2672.09,2771.84,GRASIM.NS
2025-11-28,2717.66,2668.97,2768.46,GRASIM.NS
2025-12-01,2731.31,2680.15,2784.8,GRASIM.NS
2025-12-02,2735.13,2685.53,2786.62,GRASIM.NS
2025-12-03,2745.46,2694.5,2795.24,GRASIM.NS
2025-12-04,2746.66,2698.44,2794.65,GRASIM.NS
2025-12-05,2741.76,2695.64,2792.07,GRASIM.NS
2025-12-08,2761.08,2715.22,2809.68,GRASIM.NS
2025-12-09,2766.24,2720.31,2815.94,GRASIM.NS
2025-12-10,2777.69,2727.31,2825.91,GRASIM.NS
2025-12-11,2779.79,2733.26,2827.38,GRASIM.NS
2025-12-12,2775.6,2728.74,2825.52,GRASIM.NS
2025-12-15,2795.98,2742.68,2847.88,GRASIM.NS
2025-12-16,2801.16,2751.89,2854.02,GRASIM.NS
2025-12-17,2812.46,2759.14,2861.55,GRASIM.NS
2025-12-18,2814.22,2764.94,2863.1,GRASIM.NS
2025-12-19,2809.49,2760.23,2859.2,GRASIM.NS
2025-12-22,2826.94,2778.7,2872.92,GRASIM.NS
2025-12-23,2830.63,2781.74,2881.92,GRASIM.NS
2025-12-24,2840.17,2790.4,2885.63,GRASIM.NS
2025-12-26,2832.8,2783.4,2880.32,GRASIM.NS
2025-12-29,2841.46,2791.29,2890.61,GRASIM.NS
2025-12-30,2841.7,2792.95,2891.63,GRASIM.NS
2025-12-31,2847.55,2794.27,2896.91,GRASIM.NS
2026-01-01,2843.41,2795.54,2895.99,GRASIM.NS
2026-01-02,2832.35,2788.81,2883.61,GRASIM.NS
2026-01-05,2828.88,2778.81,2877.4,GRASIM.NS
2026-01-06,2825.25,2778.34,2876.77,GRASIM.NS
2026-01-07,2827.45,2780.52,2882.23,GRASIM.NS
2026-01-08,2819.95,2768.73,2866.51,GRASIM.NS
2026-01-09,2805.9,2755.18,2855.39,GRASIM.NS
2026-01-12,2796.4,2745.87,2844.59,GRASIM.NS
2026-01-13,2791.94,2740.08,2840.8,GRASIM.NS
2026-01-14,2793.99,2743.38,2845.14,GRASIM.NS
2026-01-15,2787.04,2736.84,2836.8,GRASIM.NS
2026-01-16,2774.26,2725.41,2822.12,GRASIM.NS
2026-01-19,2772.87,2724.57,2823.65,GRASIM.NS
2026-01-20,2772.46,2723.98,2819.92,GRASIM.NS
2026-01-21,2779.14,2729.73,2825.23,GRASIM.NS
2026-01-22,2777.34,2729.0,2826.21,GRASIM.NS
2026-01-23,2770.14,2722.46,2818.81,GRASIM.NS
2026-01-27,2792.94,2744.48,2844.69,GRASIM.NS
2026-01-28,2805.78,2753.77,2852.47,GRASIM.NS
2026-01-29,2809.88,2760.58,2859.43,GRASIM.NS
2026-01-30,2808.24,2758.43,2858.76,GRASIM.NS
2026-02-02,2838.62,2789.69,2886.45,GRASIM.NS
2026-02-03,2847.55,2794.85,2896.85,GRASIM.NS
2026-02-04,2862.62,2810.26,2911.49,GRASIM.NS
2026-02-05,2868.08,2821.83,2918.39,GRASIM.NS
2026-02-06,2866.87,2818.09,2916.82,GRASIM.NS
2026-02-09,2892.76,2841.8,2939.05,GRASIM.NS
2026-02-10,2898.33,2849.03,2945.06,GRASIM.NS
2026-02-11,2909.15,2857.57,2959.42,GRASIM.NS
2026-02-12,2909.53,2856.8,2957.34,GRASIM.NS
2026-02-13,2902.48,2855.35,2949.81,GRASIM.NS
2026-02-16,2907.27,2858.84,2961.29,GRASIM.NS
2026-02-17,2904.93,2853.57,2958.69,GRASIM.NS
2026-02-18,2907.61,2861.03,2957.94,GRASIM.NS
2026-02-19,2899.71,2853.54,2946.0,GRASIM.NS
2026-02-20,2884.36,2840.52,2934.36,GRASIM.NS
2026-02-23,2865.21,2815.83,2916.58,GRASIM.NS
2026-02-24,2855.55,2809.3,2901.42,GRASIM.NS
2026-02-25,2851.36,2801.78,2902.79,GRASIM.NS
2026-02-26,2837.15,2790.17,2882.78,GRASIM.NS
2026-02-27,2816.1,2768.87,2864.53,GRASIM.NS
2026-03-02,2783.87,2734.22,2832.94,GRASIM.NS
2026-03-04,2764.91,2713.65,2814.88,GRASIM.NS
2026-03-05,2749.23,2696.98,2799.94,GRASIM.NS
2026-03-06,2727.42,2682.89,2772.95,GRASIM.NS
2026-03-09,2696.92,2642.65,2748.73,GRASIM.NS
2026-03-10,2686.12,2636.18,2737.13,GRASIM.NS
2026-03-11,2682.06,2631.96,2730.8,GRASIM.NS
2026-03-12,2669.2,2620.57,2721.53,GRASIM.NS
2026-03-13,2650.65,2599.14,2700.17,GRASIM.NS
2026-03-16,2632.15,2584.14,2684.96,GRASIM.NS
2026-03-17,2625.94,2579.54,2680.08,GRASIM.NS
2026-03-18,2626.72,2577.3,2674.25,GRASIM.NS
2026-03-19,2618.88,2573.88,2666.48,GRASIM.NS
2026-03-20,2605.51,2554.66,2650.05,GRASIM.NS
2026-03-23,2603.2,2551.86,2649.27,GRASIM.NS
2026-03-24,2602.51,2550.26,2648.74,GRASIM.NS
2026-03-25,2608.81,2558.3,2655.19,GRASIM.NS
2026-03-27,2598.57,2546.63,2645.69,GRASIM.NS
2026-03-30,2612.1,2565.48,2661.88,GRASIM.NS
2026-04-01,2627.52,2575.4,2679.41,GRASIM.NS
2026-04-02,2629.79,2579.28,2679.51,GRASIM.NS
2026-04-06,2651.03,2602.36,2704.71,GRASIM.NS
2026-04-07,2658.42,2608.51,2704.19,GRASIM.NS
2026-04-08,2672.24,2623.89,2720.92,GRASIM.NS
2026-04-09,2676.82,2626.35,2726.37,GRASIM.NS
2026-04-10,2675.18,2626.55,2726.65,GRASIM.NS
2026-04-13,2703.38,2653.19,2749.49,GRASIM.NS
2026-04-15,2725.0,2676.55,2773.93,GRASIM.NS
2026-04-16,2729.31,2679.08,2774.18,GRASIM.NS
2026-04-17,2727.13,2680.9,2774.3,GRASIM.NS
2026-04-20,2752.61,2705.44,2800.76,GRASIM.NS
2026-04-21,2759.3,2707.9,2808.49,GRASIM.NS
2026-04-22,2772.09,2719.27,2818.87,GRASIM.NS
2026-04-23,2775.42,2723.94,2828.21,GRASIM.NS
2026-04-24,2772.41,2723.03,2819.65,GRASIM.NS
2026-04-27,2796.84,2745.67,2846.1,GRASIM.NS
2026-04-28,2803.83,2755.51,2850.06,GRASIM.NS
2026-04-29,2817.31,2768.81,2870.2,GRASIM.NS
2026-04-30,2821.74,2775.97,2871.01,GRASIM.NS
2026-05-01,2820.25,2769.21,2868.74,GRASIM.NS
2026-05-04,2851.7,2804.29,2899.34,GRASIM.NS
2026-05-05,2861.76,2812.14,2914.3,GRASIM.NS
2026-05-06,2878.59,2828.42,2925.1,GRASIM.NS
2026-05-07,2886.6,2837.15,2932.43,GRASIM.NS
2026-05-08,2888.83,2840.86,2933.91,GRASIM.NS
2026-05-11,2931.48,2884.8,2980.46,GRASIM.NS
2026-05-12,2944.97,2896.34,2993.18,GRASIM.NS
2026-05-13,2964.92,2914.59,3013.4,GRASIM.NS
2026-05-14,2975.64,2926.51,3024.08,GRASIM.NS
2026-05-15,2980.09,2930.77,3028.1,GRASIM.NS
2026-05-18,3025.63,2976.3,3071.53,GRASIM.NS
2026-05-19,3038.63,2988.9,3085.59,GRASIM.NS
2026-05-20,3057.3,3008.15,3106.7,GRASIM.NS
2026-05-21,3065.94,3019.47,3118.13,GRASIM.NS
2026-05-22,3067.51,3017.07,3114.35,GRASIM.NS
2026-05-25,3099.91,3049.66,3148.72,GRASIM.NS
2026-05-26,3107.21,3058.99,3159.2,GRASIM.NS
2026-05-27,3119.68,3068.25,3168.58,GRASIM.NS
2026-05-28,3121.68,3070.74,3174.43,GRASIM.NS
2026-05-29,3116.31,3070.82,3165.41,GRASIM.NS
2026-06-01,3127.29,3076.09,3178.35,GRASIM.NS
2026-06-02,3127.68,3078.74,3177.21,GRASIM.NS
2026-06-03,3133.56,3086.41,3184.45,GRASIM.NS
2026-06-04,3129.42,3084.08,3180.96,GRASIM.NS
2026-06-05,3118.46,3070.21,3167.97,GRASIM.NS
2026-06-08,3116.89,3065.45,3166.34,GRASIM.NS
2026-06-09,3114.72,3067.59,3166.55,GRASIM.NS
2026-06-10,3118.91,3069.46,3166.78,GRASIM.NS
2026-06-11,3113.95,3058.07,3160.2,GRASIM.NS
2026-06-12,3103.04,3056.16,3152.54,GRASIM.NS
2026-06-15,3106.33,3054.58,3157.09,GRASIM.NS
2026-06-16,3107.12,3057.08,3154.98,GRASIM.NS
2026-06-17,3114.76,3062.1,3162.86,GRASIM.NS
2026-06-18,3113.64,3065.22,3163.94,GRASIM.NS
2026-06-19,3106.83,3057.98,3155.15,GRASIM.NS
2026-06-22,3122.68,3076.85,3169.12,GRASIM.NS
2026-06-23,3127.29,3076.79,3179.18,GRASIM.NS
2026-06-24,3138.38,3088.98,3184.84,GRASIM.NS
2026-06-25,3140.24,3091.16,3190.26,GRASIM.NS
2026-06-26,3135.81,3083.82,3183.31,GRASIM.NS
2026-06-29,3154.64,3109.4,3200.73,GRASIM.NS
2026-06-30,3158.73,3111.42,3205.13,GRASIM.NS
2026-07-01,3168.53,3120.98,3217.27,GRASIM.NS
2026-07-02,3168.34,3118.02,3217.64,GRASIM.NS
2026-07-03,3161.17,3112.67,3210.75,GRASIM.NS
2026-07-06,3168.3,3119.79,3213.71,GRASIM.NS
2026-07-07,3167.65,3122.99,3220.88,GRASIM.NS
2026-07-08,3172.49,3123.02,3219.67,GRASIM.NS
2026-07-09,3167.23,3121.95,3218.58,GRASIM.NS
2026-07-10,3155.03,3107.37,3203.48,GRASIM.NS
2026-07-13,3148.54,3099.82,3199.42,GRASIM.NS
2026-07-14,3144.24,3094.22,3193.7,GRASIM.NS
2026-07-15,3146.04,3098.12,3195.35,GRASIM.NS
2026-07-16,3138.45,3091.56,3189.33,GRASIM.NS
2026-07-17,3124.66,3075.9,3173.75,GRASIM.NS
2026-07-20,3118.31,3067.94,3170.61,GRASIM.NS
2026-07-21,3115.69,3066.35,3163.58,GRASIM.NS
2026-07-22,3119.94,3069.3,3170.77,GRASIM.NS
2026-07-23,3115.51,3069.37,3166.83,GRASIM.NS
2026-07-24,3105.53,3057.0,3157.38,GRASIM.NS
2026-07-27,3113.4,3067.54,3164.48,GRASIM.NS
2026-07-28,3116.09,3066.65,3162.86,GRASIM.NS
2026-07-29,3125.72,3075.26,3173.01,GRASIM.NS
2026-07-30,3126.62,3079.58,3175.33,GRASIM.NS
2026-07-31,3121.79,3075.39,3171.43,GRASIM.NS
2026-08-03,3142.96,3093.11,3191.41,GRASIM.NS
2026-08-04,3149.04,3099.78,3197.67,GRASIM.NS
2026-08-05,3161.42,3113.47,3208.66,GRASIM.NS
2026-08-06,3164.37,3116.71,3213.33,GRASIM.NS
2026-08-07,3160.88,3112.11,3210.51,GRASIM.NS
2026-08-10,3181.73,3134.75,3234.6,GRASIM.NS
2026-08-11,3186.36,3138.02,3238.19,GRASIM.NS
2026-08-12,3196.71,3145.19,3243.3,GRASIM.NS
2026-08-13,3197.14,3148.75,3249.1,GRASIM.NS
2026-08-14,3190.7,3143.71,3240.11,GRASIM.NS
2026-08-17,3201.26,3153.05,3252.57,GRASIM.NS
2026-08-18,3202.31,3150.08,3250.64,GRASIM.NS
2026-08-19,3209.19,3159.72,3258.36,GRASIM.NS
2026-08-20,3206.35,3159.08,3255.89,GRASIM.NS
2026-08-21,3196.93,3148.73,3245.55,GRASIM.NS
2026-08-24,3200.97,3155.69,3250.6,GRASIM.NS
2026-08-25,3200.82,3153.33,3248.73,GRASIM.NS
2026-08-26,3207.01,3157.94,3253.5,GRASIM.NS
2026-08-27,3203.99,3154.77,3257.99,GRASIM.NS
2026-08-28,3194.9,3142.03,3245.63,GRASIM.NS
2026-08-31,3202.41,3153.73,3247.86,GRASIM.NS
2026-09-01,3204.04,3158.25,3253.93,GRASIM.NS
2026-09-02,3212.2,3162.31,3263.94,GRASIM.NS
2026-09-03,3211.23,3163.41,3260.25,GRASIM.NS
2026-09-04,3204.17,3152.18,3249.91,GRASIM.NS
2025-07-24,1390.19,1357.75,1423.45,HCLTECH.NS
2025-07-25,1393.2,1361.48,1425.16,HCLTECH.NS
2025-07-28,1414.28,1385.09,1448.22,HCLTECH.NS
2025-07-29,1417.59,1384.06,1448.85,HCLTECH.NS
2025-07-30,1420.83,1387.96,1452.39,HCLTECH.NS
2025-07-31,1423.19,1390.43,1454.61,HCLTECH.NS
2025-08-01,1421.97,1391.82,1453.08,HCLTECH.NS
2025-08-04,1429.95,1397.56,1462.14,HCLTECH.NS
2025-08-05,1428.99,1397.82,1461.12,HCLTECH.NS
2025-08-06,1428.15,1395.02,1460.76,HCLTECH.NS
2025-08-07,1426.67,1395.56,1456.34,HCLTECH.NS
2025-08-08,1421.89,1390.78,1453.3,HCLTECH.NS
2025-08-11,1421.44,1390.03,1451.06,HCLTECH.NS
2025-08-12,1418.54,1385.2,1449.3,HCLTECH.NS
2025-08-13,1416.21,1386.98,1446.86,HCLTECH.NS
2025-08-14,1413.7,1382.09,1445.98,HCLTECH.NS
2025-08-18,1408.77,1376.88,1442.35,HCLTECH.NS
2025-08-19,1406.87,1376.16,1436.93,HCLTECH.NS
2025-08-20,1405.82,1373.57,1436.49,HCLTECH.NS
2025-08-21,1404.8,1371.97,1437.98,HCLTECH.NS
2025-08-22,1401.1,1367.9,1434.08,HCLTECH.NS
2025-08-25,1406.67,1374.08,1437.45,HCLTECH.NS
2025-08-26,1406.36,1374.81,1438.15,HCLTECH.NS
2025-08-28,1406.88,1375.01,1441.02,HCLTECH.NS
2025-08-29,1404.09,1373.65,1436.22,HCLTECH.NS
2025-09-01,1410.49,1380.46,1444.32,HCLTECH.NS
2025-09-02,1409.76,1379.61,1441.91,HCLTECH.NS
2025-09-03,1409.35,1379.86,1440.1,HCLTECH.NS
2025-09-04,1408.42,1375.62,1440.53,HCLTECH.NS
2025-09-05,1404.24,1371.57,1436.57,HCLTECH.NS
2025-09-08,1405.02,1372.54,1433.89,HCLTECH.NS
2025-09-09,1402.11,1370.77,1434.41,HCLTECH.NS
2025-09-10,1399.46,1368.51,1433.86,HCLTECH.NS
2025-09-11,1396.31,1363.81,1428.97,HCLTECH.NS
2025-09-12,1389.98,1358.13,1420.66,HCLTECH.NS
2025-09-15,1385.37,1355.5,1417.74,HCLTECH.NS
2025-09-16,1381.19,1350.02,1411.78,HCLTECH.NS
2025-09-17,1377.64,1344.24,1406.68,HCLTECH.NS
2025-09-18,1373.96,1341.99,1407.18,HCLTECH.NS
2025-09-19,1367.5,1336.4,1400.72,HCLTECH.NS
2025-09-22,1365.1,1334.28,1394.63,HCLTECH.NS
2025-09-23,1362.51,1331.2,1396.09,HCLTECH.NS
2025-09-24,1360.93,1326.53,1392.82,HCLTECH.NS
2025-09-25,1359.58,1327.99,1391.07,HCLTECH.NS
2025-09-26,1355.79,1323.39,1386.7,HCLTECH.NS
2025-09-29,1362.8,1332.13,1394.61,HCLTECH.NS
2025-09-30,1363.65,1334.29,1397.35,HCLTECH.NS
2025-10-01,1365.56,1333.32,1398.46,HCLTECH.NS
2025-10-03,1367.31,1336.33,1399.54,HCLTECH.NS
2025-10-06,1383.66,1350.97,1415.82,HCLTECH.NS
2025-10-07,1387.16,1353.77,1419.23,HCLTECH.NS
2025-10-08,1391.44,1359.79,1421.92,HCLTECH.NS
2025-10-09,1395.64,1366.5,1426.26,HCLTECH.NS
2025-10-10,1397.01,1365.83,1429.44,HCLTECH.NS
2025-10-13,1416.63,1383.64,1449.39,HCLTECH.NS
2025-10-14,1420.59,1387.56,1453.12,HCLTECH.NS
2025-10-15,1425.05,1396.17,1456.93,HCLTECH.NS
2025-10-16,1429.17,1398.4,1461.21,HCLTECH.NS
2025-10-17,1430.23,1398.33,1461.45,HCLTECH.NS
2025-10-20,1447.88,1417.12,1480.49,HCLTECH.NS
2025-10-21,1450.97,1419.85,1482.02,HCLTECH.NS
2025-10-23,1457.66,1427.01,1488.8,HCLTECH.NS
2025-10-24,1457.76,1427.7,1488.25,HCLTECH.NS
2025-10-27,1472.87,1440.25,1505.32,HCLTECH.NS
2025-10-28,1475.26,1443.96,1505.15,HCLTECH.NS
2025-10-29,1478.19,1447.7,1508.66,HCLTECH.NS
2025-10-30,1480.86,1448.16,1514.59,HCLTECH.NS
2025-10-31,1480.57,1449.09,1511.4,HCLTECH.NS
2025-11-03,1495.04,1462.99,1527.0,HCLTECH.NS
2025-11-04,1497.37,1464.07,1528.34,HCLTECH.NS
2025-11-06,1503.0,1470.14,1536.29,HCLTECH.NS
2025-11-07,1502.79,1470.72,1534.79,HCLTECH.NS
2025-11-10,1517.52,1489.36,1549.62,HCLTECH.NS
2025-11-11,1519.94,1489.67,1549.63,HCLTECH.NS
2025-11-12,1522.93,1491.76,1554.2,HCLTECH.NS
2025-11-13,1525.69,1495.59,1556.05,HCLTECH.NS
2025-11-14,1525.51,1494.65,1557.1,HCLTECH.NS
2025-11-17,1540.32,1506.64,1570.86,HCLTECH.NS
2025-11-18,1542.76,1511.53,1574.14,HCLTECH.NS
2025-11-19,1545.79,1513.25,1579.56,HCLTECH.NS
2025-11-20,1548.62,1516.57,1580.71,HCLTECH.NS
2025-11-21,1548.52,1514.99,1579.92,HCLTECH.NS
2025-11-24,1563.77,1530.09,1595.67,HCLTECH.NS
2025-11-25,1566.42,1534.14,1597.83,HCLTECH.NS
2025-11-26,1569.67,1538.34,1601.62,HCLTECH.NS
2025-11-27,1572.72,1542.12,1605.63,HCLTECH.NS
2025-11-28,1572.85,1544.19,1604.71,HCLTECH.NS
2025-12-01,1588.53,1558.67,1619.01,HCLTECH.NS
2025-12-02,1591.15,1561.11,1623.35,HCLTECH.NS
2025-12-03,1594.26,1563.11,1627.95,HCLTECH.NS
2025-12-04,1597.02,1567.21,1628.42,HCLTECH.NS
2025-12-05,1596.67,1564.24,1627.96,HCLTECH.NS
2025-12-08,1609.58,1579.0,1640.05,HCLTECH.NS
2025-12-09,1610.79,1579.57,1641.11,HCLTECH.NS
2025-12-10,1612.21,1580.41,1643.82,HCLTECH.NS
2025-12-11,1613.0,1580.77,1644.62,HCLTECH.NS
2025-12-12,1610.44,1579.41,1643.43,HCLTECH.NS
2025-12-15,1615.33,1584.27,1649.68,HCLTECH.NS
2025-12-16,1613.52,1582.66,1643.7,HCLTECH.NS
2025-12-17,1611.81,1582.53,1644.49,HCLTECH.NS
2025-12-18,1609.44,1578.82,1641.7,HCLTECH.NS
2025-12-19,1603.72,1570.9,1634.5,HCLTECH.NS
2025-12-22,1599.89,1568.87,1631.66,HCLTECH.NS
2025-12-23,1595.65,1563.48,1625.36,HCLTECH.NS
2025-12-24,1591.87,1558.84,1624.39,HCLTECH.NS
2025-12-26,1580.96,1548.65,1614.37,HCLTECH.NS
2025-12-29,1576.96,1544.69,1607.78,HCLTECH.NS
2025-12-30,1573.87,1540.13,1604.73,HCLTECH.NS
2025-12-31,1571.88,1538.86,1604.37,HCLTECH.NS
2026-01-01,1570.25,1539.47,1601.61,HCLTECH.NS
2026-01-02,1566.33,1534.65,1595.34,HCLTECH.NS
2026-01-05,1574.32,1542.33,1604.23,HCLTECH.NS
2026-01-06,1576.01,1546.2,1609.3,HCLTECH.NS
2026-01-07,1579.05,1547.4,1610.1,HCLTECH.NS
2026-01-08,1582.58,1551.97,1615.86,HCLTECH.NS
2026-01-09,1583.87,1551.26,1614.01,HCLTECH.NS
2026-01-12,1606.45,1576.04,1637.42,HCLTECH.NS
2026-01-13,1612.27,1581.12,1644.14,HCLTECH.NS
2026-01-14,1618.87,1585.29,1651.87,HCLTECH.NS
2026-01-15,1625.31,1593.84,1654.85,HCLTECH.NS
2026-01-16,1628.73,1595.52,1659.78,HCLTECH.NS
2026-01-19,1652.4,1619.91,1683.43,HCLTECH.NS
2026-01-20,1656.64,1625.35,1688.91,HCLTECH.NS
2026-01-21,1660.65,1630.3,1693.05,HCLTECH.NS
2026-01-22,1663.5,1633.49,1694.79,HCLTECH.NS
2026-01-23,1662.36,1630.97,1693.21,HCLTECH.NS
2026-01-27,1663.58,1631.13,1695.16,HCLTECH.NS
2026-01-28,1659.27,1627.54,1691.68,HCLTECH.NS
2026-01-29,1653.38,1621.8,1684.81,HCLTECH.NS
2026-01-30,1643.22,1612.35,1674.82,HCLTECH.NS
2026-02-02,1620.65,1587.94,1651.91,HCLTECH.NS
2026-02-03,1608.42,1576.5,1638.81,HCLTECH.NS
2026-02-04,1595.86,1562.5,1626.68,HCLTECH.NS
2026-02-05,1582.28,1551.07,1613.5,HCLTECH.NS
2026-02-06,1565.11,1534.49,1596.06,HCLTECH.NS
2026-02-09,1526.55,1495.43,1559.82,HCLTECH.NS
2026-02-10,1510.89,1477.43,1541.71,HCLTECH.NS
2026-02-11,1495.9,1466.55,1526.4,HCLTECH.NS
2026-02-12,1480.9,1450.78,1514.06,HCLTECH.NS
2026-02-13,1463.32,1430.47,1494.66,HCLTECH.NS
2026-02-16,1429.08,1398.06,1460.67,HCLTECH.NS
2026-02-17,1416.48,1384.19,1448.41,HCLTECH.NS
2026-02-18,1405.21,1373.97,1436.81,HCLTECH.NS
2026-02-19,1394.5,1363.29,1425.78,HCLTECH.NS
2026-02-20,1381.64,1349.79,1413.79,HCLTECH.NS
2026-02-23,1363.09,1332.02,1394.13,HCLTECH.NS
2026-02-24,1355.85,1320.58,1386.84,HCLTECH.NS
2026-02-25,1349.83,1318.74,1379.55,HCLTECH.NS
2026-02-26,1344.17,1314.63,1374.7,HCLTECH.NS
2026-02-27,1336.09,1304.67,1368.11,HCLTECH.NS
2026-03-02,1329.65,1297.69,1359.5,HCLTECH.NS
2026-03-04,1322.36,1293.28,1353.36,HCLTECH.NS
2026-03-05,1319.05,1286.74,1352.46,HCLTECH.NS
2026-03-06,1312.94,1279.6,1346.53,HCLTECH.NS
2026-03-09,1310.65,1281.09,1342.66,HCLTECH.NS
2026-03-10,1307.62,1274.58,1340.43,HCLTECH.NS
2026-03-11,1305.32,1274.23,1336.85,HCLTECH.NS
2026-03-12,1302.97,1270.71,1335.07,HCLTECH.NS
2026-03-13,1297.91,1265.05,1330.95,HCLTECH.NS
2026-03-16,1299.94,1271.53,1333.5,HCLTECH.NS
2026-03-17,1298.92,1267.07,1329.87,HCLTECH.NS
2026-03-18,1298.97,1266.7,1333.33,HCLTECH.NS
2026-03-19,1299.33,1268.28,1331.26,HCLTECH.NS
2026-03-20,1297.34,1267.02,1328.43,HCLTECH.NS
2026-03-23,1310.43,1279.89,1341.45,HCLTECH.NS
2026-03-24,1313.55,1282.21,1345.98,HCLTECH.NS
2026-03-25,1317.85,1285.35,1348.2,HCLTECH.NS
2026-03-27,1324.68,1293.83,1356.46,HCLTECH.NS
2026-03-30,1348.79,1318.26,1378.28,HCLTECH.NS
2026-04-01,1361.19,1327.77,1394.37,HCLTECH.NS
2026-04-02,1367.3,1335.05,1398.62,HCLTECH.NS
2026-04-06,1391.07,1358.68,1422.62,HCLTECH.NS
2026-04-07,1394.03,1362.98,1427.29,HCLTECH.NS
2026-04-08,1396.61,1364.1,1426.53,HCLTECH.NS
2026-04-09,1397.9,1366.39,1427.84,HCLTECH.NS
2026-04-10,1395.09,1366.61,1423.76,HCLTECH.NS
2026-04-13,1394.42,1360.06,1428.37,HCLTECH.NS
2026-04-15,1382.94,1351.84,1414.01,HCLTECH.NS
2026-04-16,1375.32,1343.48,1405.7,HCLTECH.NS
2026-04-17,1363.53,1330.3,1391.31,HCLTECH.NS
2026-04-20,1337.04,1304.14,1369.9,HCLTECH.NS
2026-04-21,1323.94,1291.77,1355.39,HCLTECH.NS
2026-04-22,1310.77,1278.37,1342.69,HCLTECH.NS
2026-04-23,1296.88,1264.27,1330.6,HCLTECH.NS
2026-04-24,1279.73,1246.5,1310.39,HCLTECH.NS
2026-04-27,1243.39,1211.84,1273.36,HCLTECH.NS
2026-04-28,1229.25,1199.03,1261.25,HCLTECH.NS
2026-04-29,1216.18,1183.08,1249.31,HCLTECH.NS
2026-04-30,1203.54,1170.85,1237.18,HCLTECH.NS
2026-05-01,1188.72,1156.19,1221.35,HCLTECH.NS
2026-05-04,1165.28,1133.89,1197.11,HCLTECH.NS
2026-05-05,1157.09,1125.84,1187.62,HCLTECH.NS
2026-05-06,1150.6,1116.73,1180.22,HCLTECH.NS
2026-05-07,1145.03,1112.14,1175.52,HCLTECH.NS
2026-05-08,1137.65,1106.72,1169.82,HCLTECH.NS
2026-05-11,1137.22,1107.76,1170.12,HCLTECH.NS
2026-05-12,1136.47,1104.64,1169.23,HCLTECH.NS
2026-05-13,1137.11,1105.19,1166.89,HCLTECH.NS
2026-05-14,1138.21,1106.65,1166.15,HCLTECH.NS
2026-05-15,1136.96,1105.56,1167.89,HCLTECH.NS
2026-05-18,1150.86,1120.8,1184.12,HCLTECH.NS
2026-05-19,1153.36,1120.32,1186.33,HCLTECH.NS
2026-05-20,1156.43,1123.42,1188.65,HCLTECH.NS
2026-05-21,1159.15,1129.23,1189.57,HCLTECH.NS
2026-05-22,1158.73,1127.48,1192.45,HCLTECH.NS
2026-05-25,1170.72,1141.06,1202.32,HCLTECH.NS
2026-05-26,1171.32,1137.49,1202.71,HCLTECH.NS
2026-05-27,1171.97,1141.44,1202.69,HCLTECH.NS
2026-05-28,1171.85,1141.39,1202.82,HCLTECH.NS
2026-05-29,1168.24,1138.12,1202.0,HCLTECH.NS
2026-06-01,1169.53,1136.35,1203.33,HCLTECH.NS
2026-06-02,1166.46,1133.22,1197.82,HCLTECH.NS
2026-06-03,1163.54,1133.19,1195.74,HCLTECH.NS
2026-06-04,1160.0,1130.49,1190.28,HCLTECH.NS
2026-06-05,1153.2,1122.79,1188.15,HCLTECH.NS
2026-06-08,1146.69,1116.18,1178.53,HCLTECH.NS
2026-06-09,1141.74,1110.28,1176.84,HCLTECH.NS
2026-06-10,1137.31,1105.25,1168.25,HCLTECH.NS
2026-06-11,1132.66,1102.58,1162.89,HCLTECH.NS
2026-06-12,1125.13,1095.79,1157.37,HCLTECH.NS
2026-06-15,1118.65,1087.9,1151.45,HCLTECH.NS
2026-06-16,1114.36,1083.05,1144.86,HCLTECH.NS
2026-06-17,1110.9,1079.87,1142.57,HCLTECH.NS
2026-06-18,1107.48,1076.58,1138.62,HCLTECH.NS
2026-06-19,1101.42,1071.68,1133.08,HCLTECH.NS
2026-06-22,1100.5,1070.81,1131.59,HCLTECH.NS
2026-06-23,1098.39,1065.79,1129.52,HCLTECH.NS
2026-06-24,1097.23,1069.16,1130.88,HCLTECH.NS
2026-06-25,1096.22,1065.0,1125.76,HCLTECH.NS
2026-06-26,1092.67,1062.98,1124.03,HCLTECH.NS
2026-06-29,1099.86,1068.47,1130.49,HCLTECH.NS
2026-06-30,1100.63,1069.03,1131.04,HCLTECH.NS
2026-07-01,1102.42,1069.57,1133.18,HCLTECH.NS
2026-07-02,1104.46,1073.57,1136.28,HCLTECH.NS
2026-07-03,1104.03,1071.22,1131.81,HCLTECH.NS
2026-07-06,1120.97,1087.13,1151.11,HCLTECH.NS
2026-07-07,1125.08,1093.98,1156.29,HCLTECH.NS
2026-07-08,1130.22,1101.43,1162.07,HCLTECH.NS
2026-07-09,1135.59,1102.76,1167.39,HCLTECH.NS
2026-07-10,1138.46,1108.15,1171.03,HCLTECH.NS
2026-07-13,1164.68,1132.26,1197.77,HCLTECH.NS
2026-07-14,1171.55,1142.38,1201.77,HCLTECH.NS
2026-07-15,1179.22,1145.1,1209.49,HCLTECH.NS
2026-07-16,1186.83,1157.44,1218.91,HCLTECH.NS
2026-07-17,1191.62,1161.73,1224.84,HCLTECH.NS
2026-07-20,1221.27,1187.73,1253.82,HCLTECH.NS
2026-07-21,1228.4,1194.87,1259.88,HCLTECH.NS
2026-07-22,1235.86,1204.65,1267.48,HCLTECH.NS
2026-07-23,1242.77,1208.03,1273.81,HCLTECH.NS
2026-07-24,1246.35,1213.75,1278.46,HCLTECH.NS
2026-07-27,1269.56,1236.69,1301.67,HCLTECH.NS
2026-07-28,1273.66,1242.88,1306.47,HCLTECH.NS
2026-07-29,1277.72,1245.1,1309.87,HCLTECH.NS
2026-07-30,1280.92,1250.2,1313.51,HCLTECH.NS
2026-07-31,1280.52,1247.44,1311.4,HCLTECH.NS
2026-08-03,1290.83,1259.58,1324.3,HCLTECH.NS
2026-08-04,1290.56,1258.31,1319.16,HCLTECH.NS
2026-08-05,1290.32,1259.0,1322.27,HCLTECH.NS
2026-08-06,1289.36,1255.81,1320.46,HCLTECH.NS
2026-08-07,1285.03,1255.14,1316.32,HCLTECH.NS
2026-08-10,1285.43,1253.43,1316.96,HCLTECH.NS
2026-08-11,1282.63,1250.28,1313.21,HCLTECH.NS
2026-08-12,1280.32,1249.01,1311.37,HCLTECH.NS
2026-08-13,1277.75,1244.91,1310.57,HCLTECH.NS
2026-08-14,1272.28,1239.58,1304.3,HCLTECH.NS
2026-08-17,1271.97,1241.23,1302.75,HCLTECH.NS
2026-08-18,1269.75,1237.66,1300.89,HCLTECH.NS
2026-08-19,1268.36,1236.98,1300.37,HCLTECH.NS
2026-08-20,1267.01,1235.51,1298.82,HCLTECH.NS
2026-08-21,1262.98,1229.27,1295.53,HCLTECH.NS
2026-08-24,1267.74,1238.01,1300.21,HCLTECH.NS
2026-08-25,1267.24,1236.5,1298.37,HCLTECH.NS
2026-08-26,1267.47,1238.51,1301.73,HCLTECH.NS
2026-08-27,1267.57,1236.91,1300.38,HCLTECH.NS
2026-08-28,1264.79,1234.09,1297.21,HCLTECH.NS
2026-08-31,1271.59,1239.95,1305.15,HCLTECH.NS
2026-09-01,1271.11,1240.86,1303.47,HCLTECH.NS
2026-09-02,1271.01,1242.31,1301.98,HCLTECH.NS
2026-09-03,1270.43,1239.37,1299.21,HCLTECH.NS
2025-07-24,996.66,981.95,1012.19,HDFCBANK.NS
2025-07-25,992.43,977.93,1007.18,HDFCBANK.NS
2025-07-28,988.76,973.35,1003.63,HDFCBANK.NS
2025-07-29,987.26,973.27,1001.85,HDFCBANK.NS
2025-07-30,987.38,973.47,1001.82,HDFCBANK.NS
2025-07-31,985.78,970.88,1001.18,HDFCBANK.NS
2025-08-01,983.36,968.92,996.88,HDFCBANK.NS
2025-08-04,983.85,969.8,998.04,HDFCBANK.NS
2025-08-05,983.24,968.5,996.8,HDFCBANK.NS
2025-08-06,983.97,970.21,999.12,HDFCBANK.NS
2025-08-07,982.71,967.27,997.14,HDFCBANK.NS
2025-08-08,980.37,966.94,995.35,HDFCBANK.NS
2025-08-11,979.73,964.73,992.99,HDFCBANK.NS
2025-08-12,978.39,964.81,992.71,HDFCBANK.NS
2025-08-13,978.26,964.15,993.07,HDFCBANK.NS
2025-08-14,976.06,962.23,990.13,HDFCBANK.NS
2025-08-18,969.31,953.43,984.42,HDFCBANK.NS
2025-08-19,967.2,952.32,982.62,HDFCBANK.NS
2025-08-20,966.44,951.33,980.84,HDFCBANK.NS
2025-08-21,963.77,948.36,977.54,HDFCBANK.NS
2025-08-22,960.15,946.59,975.29,HDFCBANK.NS
2025-08-25,956.92,941.93,971.3,HDFCBANK.NS
2025-08-26,955.24,941.59,969.79,HDFCBANK.NS
2025-08-28,953.11,938.66,967.62,HDFCBANK.NS
2025-08-29,950.33,934.96,965.14,HDFCBANK.NS
2025-09-01,950.0,935.27,965.47,HDFCBANK.NS
2025-09-02,949.32,935.38,963.98,HDFCBANK.NS
2025-09-03,950.11,935.56,964.53,HDFCBANK.NS
2025-09-04,949.07,933.61,963.58,HDFCBANK.NS
2025-09-05,947.1,932.93,960.94,HDFCBANK.NS
2025-09-08,948.51,934.09,962.69,HDFCBANK.NS
2025-09-09,948.14,934.18,961.82,HDFCBANK.NS
2025-09-10,949.1,933.79,962.05,HDFCBANK.NS
2025-09-11,948.08,931.9,962.6,HDFCBANK.NS
2025-09-12,946.01,931.51,960.09,HDFCBANK.NS
2025-09-15,946.56,931.88,960.64,HDFCBANK.NS
2025-09-16,945.78,930.9,960.61,HDFCBANK.NS
2025-09-17,946.33,932.3,961.36,HDFCBANK.NS
2025-09-18,944.92,929.57,959.04,HDFCBANK.NS
2025-09-19,942.52,927.83,957.71,HDFCBANK.NS
2025-09-22,942.64,928.72,956.78,HDFCBANK.NS
2025-09-23,942.0,927.02,956.94,HDFCBANK.NS
2025-09-24,942.85,927.75,955.53,HDFCBANK.NS
2025-09-25,941.91,927.8,956.43,HDFCBANK.NS
2025-09-26,940.17,925.81,954.4,HDFCBANK.NS
2025-09-29,943.31,929.42,958.35,HDFCBANK.NS
2025-09-30,943.97,929.21,958.53,HDFCBANK.NS
2025-10-01,946.24,931.25,960.45,HDFCBANK.NS
2025-10-03,946.64,933.17,961.61,HDFCBANK.NS
2025-10-06,954.42,938.86,969.09,HDFCBANK.NS
2025-10-07,956.48,942.16,970.38,HDFCBANK.NS
2025-10-08,960.03,945.85,974.47,HDFCBANK.NS
2025-10-09,961.71,946.97,976.17,HDFCBANK.NS
2025-10-10,962.44,947.71,977.27,HDFCBANK.NS
2025-10-13,971.54,957.32,985.36,HDFCBANK.NS
2025-10-14,973.53,959.11,988.23,HDFCBANK.NS
2025-10-15,976.74,962.62,990.64,HDFCBANK.NS
2025-10-16,977.82,963.0,992.68,HDFCBANK.NS
2025-10-17,977.7,962.96,991.38,HDFCBANK.NS
2025-10-20,982.98,968.21,997.02,HDFCBANK.NS
2025-10-21,983.38,968.32,996.88,HDFCBANK.NS
2025-10-23,984.19,968.92,998.32,HDFCBANK.NS
2025-10-24,982.28,967.75,997.02,HDFCBANK.NS
2025-10-27,982.47,967.6,996.82,HDFCBANK.NS
2025-10-28,981.39,967.2,995.96,HDFCBANK.NS
2025-10-29,981.58,966.82,996.21,HDFCBANK.NS
2025-10-30,979.78,964.99,994.04,HDFCBANK.NS
2025-10-31,976.97,961.45,991.42,HDFCBANK.NS
2025-11-03,975.89,960.94,990.5,HDFCBANK.NS
2025-11-04,974.85,961.04,989.48,HDFCBANK.NS
2025-11-06,974.01,959.61,988.28,HDFCBANK.NS
2025-11-07,971.87,957.9,985.77,HDFCBANK.NS
2025-11-10,973.63,959.93,987.72,HDFCBANK.NS
2025-11-11,973.71,959.63,988.34,HDFCBANK.NS
2025-11-12,975.31,960.97,989.22,HDFCBANK.NS
2025-11-13,975.12,959.05,988.16,HDFCBANK.NS
2025-11-14,974.06,958.99,988.33,HDFCBANK.NS
2025-11-17,978.44,963.4,993.25,HDFCBANK.NS
2025-11-18,979.11,963.96,993.63,HDFCBANK.NS
2025-11-19,981.14,966.73,996.19,HDFCBANK.NS
2025-11-20,981.2,967.27,995.57,HDFCBANK.NS
2025-11-21,980.2,965.49,995.02,HDFCBANK.NS
2025-11-24,983.76,969.38,998.17,HDFCBANK.NS
2025-11-25,983.87,969.4,997.61,HDFCBANK.NS
2025-11-26,985.22,969.82,1000.05,HDFCBANK.NS
2025-11-27,984.5,970.12,998.2,HDFCBANK.NS
2025-11-28,982.67,967.8,996.99,HDFCBANK.NS
2025-12-01,983.68,969.42,998.33,HDFCBANK.NS
2025-12-02,983.01,968.82,996.8,HDFCBANK.NS
2025-12-03,983.66,969.03,998.25,HDFCBANK.NS
2025-12-04,982.35,967.06,996.41,HDFCBANK.NS
2025-12-05,980.04,965.87,994.51,HDFCBANK.NS
2025-12-08,980.42,966.34,994.2,HDFCBANK.NS
2025-12-09,979.81,965.16,994.83,HDFCBANK.NS
2025-12-10,980.64,966.71,994.38,HDFCBANK.NS
2025-12-11,979.62,965.12,993.5,HDFCBANK.NS
2025-12-12,977.69,962.68,990.99,HDFCBANK.NS
2025-12-15,979.47,964.4,994.86,HDFCBANK.NS
2025-12-16,979.31,965.32,994.47,HDFCBANK.NS
2025-12-17,980.54,966.09,995.29,HDFCBANK.NS
2025-12-18,979.83,965.86,995.02,HDFCBANK.NS
2025-12-19,978.09,963.9,992.38,HDFCBANK.NS
2025-12-22,979.47,965.48,994.45,HDFCBANK.NS
2025-12-23,978.79,963.8,992.99,HDFCBANK.NS
2025-12-24,979.3,965.4,994.96,HDFCBANK.NS
2025-12-26,974.78,959.79,988.3,HDFCBANK.NS
2025-12-29,971.67,957.52,984.67,HDFCBANK.NS
2025-12-30,969.22,955.35,983.27,HDFCBANK.NS
2025-12-31,967.88,953.02,982.51,HDFCBANK.NS
2026-01-01,964.33,950.3,979.8,HDFCBANK.NS
2026-01-02,959.56,945.02,974.0,HDFCBANK.NS
2026-01-05,951.18,937.24,966.32,HDFCBANK.NS
2026-01-06,947.27,933.04,962.05,HDFCBANK.NS
2026-01-07,944.67,929.63,959.31,HDFCBANK.NS
2026-01-08,940.11,926.58,954.14,HDFCBANK.NS
2026-01-09,934.6,921.15,948.6,HDFCBANK.NS
2026-01-12,925.87,910.61,940.03,HDFCBANK.NS
2026-01-13,922.5,908.1,937.51,HDFCBANK.NS
2026-01-14,920.75,906.67,935.11,HDFCBANK.NS
2026-01-15,917.37,903.22,930.56,HDFCBANK.NS
2026-01-16,913.31,899.04,926.07,HDFCBANK.NS
2026-01-19,910.37,896.07,925.19,HDFCBANK.NS
2026-01-20,909.27,895.07,923.52,HDFCBANK.NS
2026-01-21,909.89,894.73,923.53,HDFCBANK.NS
2026-01-22,908.91,894.63,923.85,HDFCBANK.NS
2026-01-23,907.26,892.82,921.7,HDFCBANK.NS
2026-01-27,911.8,897.47,926.3,HDFCBANK.NS
2026-01-28,914.09,899.97,928.91,HDFCBANK.NS
2026-01-29,914.53,900.78,929.99,HDFCBANK.NS
2026-01-30,914.0,900.26,927.77,HDFCBANK.NS
2026-02-02,919.28,904.55,933.29,HDFCBANK.NS
2026-02-03,919.96,905.5,934.34,HDFCBANK.NS
2026-02-04,921.84,907.46,936.83,HDFCBANK.NS
2026-02-05,921.58,906.76,936.61,HDFCBANK.NS
2026-02-06,920.11,905.43,935.54,HDFCBANK.NS
2026-02-09,921.28,906.76,935.09,HDFCBANK.NS
2026-02-10,920.3,905.33,935.71,HDFCBANK.NS
2026-02-11,920.43,906.13,935.69,HDFCBANK.NS
2026-02-12,918.37,904.62,933.6,HDFCBANK.NS
2026-02-13,915.08,900.33,929.33,HDFCBANK.NS
2026-02-16,911.05,897.16,925.31,HDFCBANK.NS
2026-02-17,908.5,894.77,922.97,HDFCBANK.NS
2026-02-18,907.17,892.05,921.98,HDFCBANK.NS
2026-02-19,903.77,888.99,917.44,HDFCBANK.NS
2026-02-20,899.27,884.3,912.81,HDFCBANK.NS
2026-02-23,892.3,877.33,905.79,HDFCBANK.NS
2026-02-24,888.96,874.57,904.27,HDFCBANK.NS
2026-02-25,886.92,871.46,900.32,HDFCBANK.NS
2026-02-26,882.86,868.7,898.81,HDFCBANK.NS
2026-02-27,877.72,862.72,891.52,HDFCBANK.NS
2026-03-02,868.79,854.31,883.95,HDFCBANK.NS
2026-03-04,861.88,848.3,876.11,HDFCBANK.NS
2026-03-05,856.94,843.18,871.16,HDFCBANK.NS
2026-03-06,850.85,836.19,865.1,HDFCBANK.NS
2026-03-09,838.65,823.98,853.07,HDFCBANK.NS
2026-03-10,833.4,819.0,849.84,HDFCBANK.NS
2026-03-11,829.36,815.4,843.7,HDFCBANK.NS
2026-03-12,823.25,808.55,838.09,HDFCBANK.NS
2026-03-13,816.04,800.72,830.29,HDFCBANK.NS
2026-03-16,801.18,787.05,815.79,HDFCBANK.NS
2026-03-17,795.4,781.44,809.88,HDFCBANK.NS
2026-03-18,791.08,776.17,804.72,HDFCBANK.NS
2026-03-19,784.97,770.48,799.24,HDFCBANK.NS
2026-03-20,778.06,763.61,792.74,HDFCBANK.NS
2026-03-23,766.18,752.25,781.02,HDFCBANK.NS
2026-03-24,762.11,748.39,776.98,HDFCBANK.NS
2026-03-25,759.87,744.87,773.8,HDFCBANK.NS
2026-03-27,752.02,737.51,765.34,HDFCBANK.NS
2026-03-30,749.96,736.91,763.74,HDFCBANK.NS
2026-04-01,751.04,736.25,765.34,HDFCBANK.NS
2026-04-02,751.11,736.78,765.96,HDFCBANK.NS
2026-04-06,758.95,743.8,773.31,HDFCBANK.NS
2026-04-07,761.47,748.35,775.69,HDFCBANK.NS
2026-04-08,765.55,751.39,780.53,HDFCBANK.NS
2026-04-09,767.83,753.95,782.69,HDFCBANK.NS
2026-04-10,769.17,753.79,783.77,HDFCBANK.NS
2026-04-13,779.86,765.3,794.26,HDFCBANK.NS
2026-04-15,785.63,771.84,799.57,HDFCBANK.NS
2026-04-16,786.79,772.39,801.82,HDFCBANK.NS
2026-04-17,786.58,772.7,801.98,HDFCBANK.NS
2026-04-20,790.53,774.97,804.63,HDFCBANK.NS
2026-04-21,790.12,776.32,805.19,HDFCBANK.NS
2026-04-22,790.64,777.02,804.28,HDFCBANK.NS
2026-04-23,788.82,775.62,804.28,HDFCBANK.NS
2026-04-24,785.62,770.89,799.57,HDFCBANK.NS
2026-04-27,781.25,766.9,795.61,HDFCBANK.NS
2026-04-28,778.48,763.07,793.52,HDFCBANK.NS
2026-04-29,776.94,763.14,790.89,HDFCBANK.NS
2026-04-30,773.39,759.09,787.29,HDFCBANK.NS
2026-05-01,768.83,754.01,783.89,HDFCBANK.NS
2026-05-04,762.71,747.84,777.74,HDFCBANK.NS
2026-05-05,760.13,745.58,774.37,HDFCBANK.NS
2026-05-06,759.15,745.31,773.88,HDFCBANK.NS
2026-05-07,756.48,742.51,771.35,HDFCBANK.NS
2026-05-08,753.08,738.54,767.83,HDFCBANK.NS
2026-05-11,751.7,736.81,766.07,HDFCBANK.NS
2026-05-12,750.93,736.0,765.71,HDFCBANK.NS
2026-05-13,751.77,737.69,765.56,HDFCBANK.NS
2026-05-14,750.88,736.21,764.9,HDFCBANK.NS
2026-05-15,749.17,734.18,762.97,HDFCBANK.NS
2026-05-18,751.81,737.54,765.11,HDFCBANK.NS
2026-05-19,751.9,737.9,766.79,HDFCBANK.NS
2026-05-20,753.33,739.22,768.84,HDFCBANK.NS
2026-05-21,752.75,737.64,767.9,HDFCBANK.NS
2026-05-22,751.07,736.97,764.92,HDFCBANK.NS
2026-05-25,752.24,738.0,766.01,HDFCBANK.NS
2026-05-26,751.43,736.3,766.34,HDFCBANK.NS
2026-05-27,751.82,736.71,765.64,HDFCBANK.NS
2026-05-28,750.1,736.66,764.08,HDFCBANK.NS
2026-05-29,747.25,732.83,762.79,HDFCBANK.NS
2026-06-01,745.27,731.21,759.29,HDFCBANK.NS
2026-06-02,743.73,729.03,756.39,HDFCBANK.NS
2026-06-03,743.61,729.41,758.42,HDFCBANK.NS
2026-06-04,741.68,728.09,755.94,HDFCBANK.NS
2026-06-05,738.93,723.32,753.89,HDFCBANK.NS
2026-06-08,739.4,724.65,754.14,HDFCBANK.NS
2026-06-09,739.4,725.3,753.98,HDFCBANK.NS
2026-06-10,741.19,727.23,756.04,HDFCBANK.NS
2026-06-11,741.49,728.26,756.0,HDFCBANK.NS
2026-06-12,741.26,726.64,755.21,HDFCBANK.NS
2026-06-15,750.55,736.75,764.6,HDFCBANK.NS
2026-06-16,753.72,739.46,768.75,HDFCBANK.NS
2026-06-17,758.65,743.38,773.03,HDFCBANK.NS
2026-06-18,762.03,747.36,776.13,HDFCBANK.NS
2026-06-19,764.72,751.31,778.71,HDFCBANK.NS
2026-06-22,781.15,766.67,795.55,HDFCBANK.NS
2026-06-23,785.95,771.63,799.66,HDFCBANK.NS
2026-06-24,792.06,777.78,805.7,HDFCBANK.NS
2026-06-25,796.11,781.12,811.61,HDFCBANK.NS
2026-06-26,798.96,785.38,813.68,HDFCBANK.NS
2026-06-29,812.6,798.22,827.92,HDFCBANK.NS
2026-06-30,815.41,800.87,830.25,HDFCBANK.NS
2026-07-01,819.06,805.74,833.58,HDFCBANK.NS
2026-07-02,820.2,804.95,833.24,HDFCBANK.NS
2026-07-03,819.75,805.06,835.12,HDFCBANK.NS
2026-07-06,821.83,808.34,836.48,HDFCBANK.NS
2026-07-07,820.47,805.85,834.25,HDFCBANK.NS
2026-07-08,819.92,805.65,834.57,HDFCBANK.NS
2026-07-09,816.9,802.24,830.76,HDFCBANK.NS
2026-07-10,812.43,798.58,827.19,HDFCBANK.NS
2026-07-13,803.86,789.37,818.76,HDFCBANK.NS
2026-07-14,799.63,785.24,814.22,HDFCBANK.NS
2026-07-15,796.62,783.07,810.46,HDFCBANK.NS
2026-07-16,791.6,777.31,806.32,HDFCBANK.NS
2026-07-17,785.58,771.11,800.3,HDFCBANK.NS
2026-07-20,775.23,761.33,788.79,HDFCBANK.NS
2026-07-21,771.31,757.26,785.05,HDFCBANK.NS
2026-07-22,769.01,753.55,782.36,HDFCBANK.NS
2026-07-23,765.07,751.2,779.85,HDFCBANK.NS
2026-07-24,760.44,746.51,773.61,HDFCBANK.NS
2026-07-27,755.61,740.59,770.03,HDFCBANK.NS
2026-07-28,753.77,739.24,767.6,HDFCBANK.NS
2026-07-29,753.59,738.87,767.62,HDFCBANK.NS
2026-07-30,751.72,737.14,766.23,HDFCBANK.NS
2026-07-31,749.08,734.13,764.23,HDFCBANK.NS
2026-08-03,749.22,734.95,763.34,HDFCBANK.NS
2026-08-04,748.6,734.05,762.65,HDFCBANK.NS
2026-08-05,749.37,735.81,764.51,HDFCBANK.NS
2026-08-06,748.18,732.94,762.8,HDFCBANK.NS
2026-08-07,745.95,732.81,759.7,HDFCBANK.NS
2026-08-10,745.8,732.01,760.58,HDFCBANK.NS
2026-08-11,744.65,730.24,758.7,HDFCBANK.NS
2026-08-12,744.71,729.07,758.79,HDFCBANK.NS
2026-08-13,742.69,728.52,756.54,HDFCBANK.NS
2026-08-14,739.54,725.11,753.77,HDFCBANK.NS
2026-08-17,736.47,721.81,750.65,HDFCBANK.NS
2026-08-18,734.43,720.34,749.36,HDFCBANK.NS
2026-08-19,733.7,719.13,746.69,HDFCBANK.NS
2026-08-20,731.02,717.13,744.88,HDFCBANK.NS
2026-08-21,727.35,712.39,741.56,HDFCBANK.NS
2026-08-24,723.8,708.48,738.94,HDFCBANK.NS
2026-08-25,721.96,707.62,736.15,HDFCBANK.NS
2026-08-26,721.62,707.68,736.73,HDFCBANK.NS
2026-08-27,719.48,703.62,734.45,HDFCBANK.NS
2026-08-28,716.5,701.25,730.34,HDFCBANK.NS
2026-08-31,715.63,701.18,730.65,HDFCBANK.NS
2026-09-01,714.79,700.03,727.82,HDFCBANK.NS
2026-09-02,715.45,701.06,730.68,HDFCBANK.NS
2026-09-03,714.29,699.75,728.64,HDFCBANK.NS
2026-09-04,712.24,697.71,726.03,HDFCBANK.NS
2025-07-24,744.75,730.17,759.2,HDFCLIFE.NS
2025-07-25,743.19,728.36,756.82,HDFCLIFE.NS
2025-07-28,746.53,732.35,760.06,HDFCLIFE.NS
2025-07-29,746.97,733.03,759.97,HDFCLIFE.NS
2025-07-30,750.55,735.95,765.23,HDFCLIFE.NS
2025-07-31,751.05,737.2,764.83,HDFCLIFE.NS
2025-08-01,750.76,735.59,765.63,HDFCLIFE.NS
2025-08-04,757.12,743.0,771.67,HDFCLIFE.NS
2025-08-05,758.27,743.3,771.52,HDFCLIFE.NS
2025-08-06,762.42,747.48,776.27,HDFCLIFE.NS
2025-08-07,763.33,750.26,777.52,HDFCLIFE.NS
2025-08-08,763.28,747.67,777.63,HDFCLIFE.NS
2025-08-11,769.46,755.43,783.5,HDFCLIFE.NS
2025-08-12,770.27,756.59,784.9,HDFCLIFE.NS
2025-08-13,773.95,759.33,788.27,HDFCLIFE.NS
2025-08-14,774.28,760.22,788.95,HDFCLIFE.NS
2025-08-18,777.23,763.15,792.27,HDFCLIFE.NS
2025-08-19,777.1,761.86,791.48,HDFCLIFE.NS
2025-08-20,779.81,765.81,793.53,HDFCLIFE.NS
2025-08-21,779.16,765.95,793.35,HDFCLIFE.NS
2025-08-22,777.44,763.77,791.78,HDFCLIFE.NS
2025-08-25,778.31,762.11,791.49,HDFCLIFE.NS
2025-08-26,777.32,763.8,790.97,HDFCLIFE.NS
2025-08-28,777.84,762.83,791.68,HDFCLIFE.NS
2025-08-29,775.46,761.14,789.59,HDFCLIFE.NS
2025-09-01,774.81,760.39,789.63,HDFCLIFE.NS
2025-09-02,773.49,759.04,788.2,HDFCLIFE.NS
2025-09-03,775.15,761.2,788.59,HDFCLIFE.NS
2025-09-04,773.59,758.98,788.2,HDFCLIFE.NS
2025-09-05,771.12,756.28,784.84,HDFCLIFE.NS
2025-09-08,770.64,756.48,785.15,HDFCLIFE.NS
2025-09-09,769.5,754.6,784.17,HDFCLIFE.NS
2025-09-10,771.38,756.84,785.28,HDFCLIFE.NS
2025-09-11,770.09,756.22,785.0,HDFCLIFE.NS
2025-09-12,767.91,754.04,783.5,HDFCLIFE.NS
2025-09-15,768.37,753.99,782.41,HDFCLIFE.NS
2025-09-16,767.52,752.58,782.99,HDFCLIFE.NS
2025-09-17,769.67,755.53,783.96,HDFCLIFE.NS
2025-09-18,768.61,754.12,782.76,HDFCLIFE.NS
2025-09-19,766.62,752.26,781.59,HDFCLIFE.NS
2025-09-22,767.26,752.3,781.24,HDFCLIFE.NS
2025-09-23,766.34,751.51,780.46,HDFCLIFE.NS
2025-09-24,768.34,754.4,782.06,HDFCLIFE.NS
2025-09-25,767.04,752.84,780.57,HDFCLIFE.NS
2025-09-26,764.75,750.56,778.96,HDFCLIFE.NS
2025-09-29,764.03,749.85,778.5,HDFCLIFE.NS
2025-09-30,762.53,747.83,776.36,HDFCLIFE.NS
2025-10-01,763.9,750.25,778.04,HDFCLIFE.NS
2025-10-03,758.97,744.53,772.79,HDFCLIFE.NS
2025-10-06,756.2,742.54,770.38,HDFCLIFE.NS
2025-10-07,754.07,739.43,768.05,HDFCLIFE.NS
2025-10-08,754.86,740.87,769.07,HDFCLIFE.NS
2025-10-09,752.39,738.55,766.83,HDFCLIFE.NS
2025-10-10,748.97,734.68,763.3,HDFCLIFE.NS
2025-10-13,745.52,731.04,760.31,HDFCLIFE.NS
2025-10-14,743.4,729.32,757.84,HDFCLIFE.NS
2025-10-15,744.33,729.58,758.12,HDFCLIFE.NS
2025-10-16,742.14,727.32,756.98,HDFCLIFE.NS
2025-10-17,739.13,725.1,754.29,HDFCLIFE.NS
2025-10-20,737.69,724.15,752.6,HDFCLIFE.NS
2025-10-21,736.48,722.09,750.44,HDFCLIFE.NS
2025-10-23,737.33,722.96,751.8,HDFCLIFE.NS
2025-10-24,735.5,720.9,749.24,HDFCLIFE.NS
2025-10-27,737.85,723.58,751.81,HDFCLIFE.NS
2025-10-28,737.93,723.5,751.97,HDFCLIFE.NS
2025-10-29,741.14,726.19,755.87,HDFCLIFE.NS
2025-10-30,741.28,726.64,755.8,HDFCLIFE.NS
2025-10-31,740.62,726.0,755.29,HDFCLIFE.NS
2025-11-03,745.96,731.53,760.97,HDFCLIFE.NS
2025-11-04,746.81,731.96,762.32,HDFCLIFE.NS
2025-11-06,751.32,736.87,765.53,HDFCLIFE.NS
2025-11-07,751.04,736.02,764.98,HDFCLIFE.NS
2025-11-10,756.67,741.62,770.18,HDFCLIFE.NS
2025-11-11,757.36,743.48,771.27,HDFCLIFE.NS
2025-11-12,760.93,746.97,774.83,HDFCLIFE.NS
2025-11-13,761.18,747.67,775.9,HDFCLIFE.NS
2025-11-14,760.4,745.49,774.6,HDFCLIFE.NS
2025-11-17,764.08,749.6,777.9,HDFCLIFE.NS
2025-11-18,764.01,749.63,778.08,HDFCLIFE.NS
2025-11-19,766.81,751.68,782.4,HDFCLIFE.NS
2025-11-20,766.26,752.26,780.11,HDFCLIFE.NS
2025-11-21,764.7,750.57,778.27,HDFCLIFE.NS
2025-11-24,766.17,751.28,780.41,HDFCLIFE.NS
2025-11-25,765.44,751.42,780.3,HDFCLIFE.NS
2025-11-26,767.64,753.98,782.41,HDFCLIFE.NS
2025-11-27,766.55,752.03,781.48,HDFCLIFE.NS
2025-11-28,764.5,749.94,778.83,HDFCLIFE.NS
2025-12-01,764.9,751.27,780.04,HDFCLIFE.NS
2025-12-02,763.93,749.15,777.79,HDFCLIFE.NS
2025-12-03,765.93,752.05,780.18,HDFCLIFE.NS
2025-12-04,764.7,749.83,778.89,HDFCLIFE.NS
2025-12-05,762.54,748.73,776.46,HDFCLIFE.NS
2025-12-08,762.77,748.26,775.36,HDFCLIFE.NS
2025-12-09,761.78,747.33,775.14,HDFCLIFE.NS
2025-12-10,763.76,748.49,777.25,HDFCLIFE.NS
2025-12-11,762.51,747.85,776.98,HDFCLIFE.NS
2025-12-12,760.32,746.35,774.39,HDFCLIFE.NS
2025-12-15,760.42,747.01,775.56,HDFCLIFE.NS
2025-12-16,759.37,745.13,772.77,HDFCLIFE.NS
2025-12-17,761.28,747.21,775.45,HDFCLIFE.NS
2025-12-18,759.95,745.71,774.58,HDFCLIFE.NS
2025-12-19,757.68,743.22,771.97,HDFCLIFE.NS
2025-12-22,757.53,742.98,771.52,HDFCLIFE.NS
2025-12-23,756.41,741.83,770.81,HDFCLIFE.NS
2025-12-24,758.26,743.59,772.35,HDFCLIFE.NS
2025-12-26,754.57,740.75,768.73,HDFCLIFE.NS
2025-12-29,754.39,740.02,768.37,HDFCLIFE.NS
2025-12-30,753.28,739.95,767.73,HDFCLIFE.NS
2025-12-31,755.13,741.17,769.67,HDFCLIFE.NS
2026-01-01,753.76,739.34,767.91,HDFCLIFE.NS
2026-01-02,751.45,737.45,765.8,HDFCLIFE.NS
2026-01-05,751.12,736.33,766.57,HDFCLIFE.NS
2026-01-06,749.88,735.14,763.83,HDFCLIFE.NS
2026-01-07,751.56,738.22,764.97,HDFCLIFE.NS
2026-01-08,749.96,735.8,764.8,HDFCLIFE.NS
2026-01-09,747.36,732.8,760.48,HDFCLIFE.NS
2026-01-12,745.77,731.19,761.61,HDFCLIFE.NS
2026-01-13,743.97,730.16,757.18,HDFCLIFE.NS
2026-01-14,745.03,730.64,758.27,HDFCLIFE.NS
2026-01-15,742.76,728.21,757.39,HDFCLIFE.NS
2026-01-16,739.44,725.72,753.27,HDFCLIFE.NS
2026-01-19,735.54,720.91,749.01,HDFCLIFE.NS
2026-01-20,732.97,719.3,745.73,HDFCLIFE.NS
2026-01-21,733.3,719.17,748.37,HDFCLIFE.NS
2026-01-22,730.35,716.43,744.53,HDFCLIFE.NS
2026-01-23,726.42,712.32,740.35,HDFCLIFE.NS
2026-01-27,718.62,703.98,732.58,HDFCLIFE.NS
2026-01-28,718.98,705.26,732.42,HDFCLIFE.NS
2026-01-29,716.23,701.27,731.21,HDFCLIFE.NS
2026-01-30,712.68,698.47,727.46,HDFCLIFE.NS
2026-02-02,709.83,695.45,723.66,HDFCLIFE.NS
2026-02-03,708.23,694.38,722.55,HDFCLIFE.NS
2026-02-04,709.85,695.65,725.01,HDFCLIFE.NS
2026-02-05,708.48,694.7,722.93,HDFCLIFE.NS
2026-02-06,706.43,692.74,720.42,HDFCLIFE.NS
2026-02-09,708.42,693.57,724.06,HDFCLIFE.NS
2026-02-10,708.45,693.49,722.15,HDFCLIFE.NS
2026-02-11,711.63,696.73,726.01,HDFCLIFE.NS
2026-02-12,711.72,697.83,725.55,HDFCLIFE.NS
2026-02-13,711.0,696.94,725.5,HDFCLIFE.NS
2026-02-16,715.76,701.5,730.59,HDFCLIFE.NS
2026-02-17,716.2,702.16,729.84,HDFCLIFE.NS
2026-02-18,719.48,706.01,733.72,HDFCLIFE.NS
2026-02-19,719.36,705.25,733.43,HDFCLIFE.NS
2026-02-20,718.08,704.54,732.75,HDFCLIFE.NS
2026-02-23,719.12,705.42,732.26,HDFCLIFE.NS
2026-02-24,717.64,703.4,732.68,HDFCLIFE.NS
2026-02-25,718.71,704.67,732.58,HDFCLIFE.NS
2026-02-26,716.1,701.47,730.76,HDFCLIFE.NS
2026-02-27,712.09,696.52,726.74,HDFCLIFE.NS
2026-03-02,703.89,689.63,717.83,HDFCLIFE.NS
2026-03-04,696.98,682.17,710.8,HDFCLIFE.NS
2026-03-05,691.17,677.63,704.11,HDFCLIFE.NS
2026-03-06,684.08,669.78,698.86,HDFCLIFE.NS
2026-03-09,667.87,654.15,682.25,HDFCLIFE.NS
2026-03-10,661.05,647.73,674.79,HDFCLIFE.NS
2026-03-11,657.14,643.51,670.85,HDFCLIFE.NS
2026-03-12,649.99,635.05,663.62,HDFCLIFE.NS
2026-03-13,641.98,627.42,657.04,HDFCLIFE.NS
2026-03-16,625.66,610.26,638.98,HDFCLIFE.NS
2026-03-17,619.69,604.98,634.38,HDFCLIFE.NS
2026-03-18,617.05,603.78,631.54,HDFCLIFE.NS
2026-03-19,611.57,596.94,626.39,HDFCLIFE.NS
2026-03-20,605.6,591.57,620.17,HDFCLIFE.NS
2026-03-23,597.21,584.19,611.51,HDFCLIFE.NS
2026-03-24,594.31,579.12,609.3,HDFCLIFE.NS
2026-03-25,594.87,580.73,608.73,HDFCLIFE.NS
2026-03-27,589.98,575.34,603.59,HDFCLIFE.NS
2026-03-30,590.94,576.69,605.63,HDFCLIFE.NS
2026-04-01,593.93,579.57,608.09,HDFCLIFE.NS
2026-04-02,593.99,579.43,607.16,HDFCLIFE.NS
2026-04-06,598.12,583.5,612.32,HDFCLIFE.NS
2026-04-07,598.63,584.18,612.63,HDFCLIFE.NS
2026-04-08,602.03,588.2,616.05,HDFCLIFE.NS
2026-04-09,602.08,587.81,615.54,HDFCLIFE.NS
2026-04-10,601.06,586.46,615.55,HDFCLIFE.NS
2026-04-13,603.66,589.34,618.56,HDFCLIFE.NS
2026-04-15,605.31,590.6,619.97,HDFCLIFE.NS
2026-04-16,604.15,590.14,618.05,HDFCLIFE.NS
2026-04-17,601.91,588.09,616.98,HDFCLIFE.NS
2026-04-20,601.26,587.23,615.45,HDFCLIFE.NS
2026-04-21,599.86,586.76,614.4,HDFCLIFE.NS
2026-04-22,601.44,586.88,616.57,HDFCLIFE.NS
2026-04-23,599.81,585.26,613.76,HDFCLIFE.NS
2026-04-24,597.32,584.02,611.8,HDFCLIFE.NS
2026-04-27,597.19,582.77,611.69,HDFCLIFE.NS
2026-04-28,596.37,581.83,610.75,HDFCLIFE.NS
2026-04-29,598.7,583.83,612.86,HDFCLIFE.NS
2026-04-30,597.97,583.83,612.67,HDFCLIFE.NS
2026-05-01,596.5,582.47,610.77,HDFCLIFE.NS
2026-05-04,599.8,585.91,614.17,HDFCLIFE.NS
2026-05-05,600.12,585.82,614.13,HDFCLIFE.NS
2026-05-06,603.52,588.9,617.49,HDFCLIFE.NS
2026-05-07,603.78,589.75,617.86,HDFCLIFE.NS
2026-05-08,603.15,590.23,618.21,HDFCLIFE.NS
2026-05-11,607.87,593.34,621.83,HDFCLIFE.NS
2026-05-12,608.22,593.7,622.25,HDFCLIFE.NS
2026-05-13,611.42,597.8,625.56,HDFCLIFE.NS
2026-05-14,611.21,596.11,625.65,HDFCLIFE.NS
2026-05-15,609.88,595.38,624.02,HDFCLIFE.NS
2026-05-18,611.14,597.45,625.33,HDFCLIFE.NS
2026-05-19,609.96,594.69,623.89,HDFCLIFE.NS
2026-05-20,611.47,596.25,625.48,HDFCLIFE.NS
2026-05-21,609.48,595.13,624.07,HDFCLIFE.NS
2026-05-22,606.28,592.23,619.93,HDFCLIFE.NS
2026-05-25,601.94,587.87,616.13,HDFCLIFE.NS
2026-05-26,599.03,585.24,613.97,HDFCLIFE.NS
2026-05-27,598.93,584.11,613.5,HDFCLIFE.NS
2026-05-28,595.5,581.01,609.6,HDFCLIFE.NS
2026-05-29,591.06,577.62,605.6,HDFCLIFE.NS
2026-06-01,584.44,569.95,598.3,HDFCLIFE.NS
2026-06-02,581.3,566.35,594.62,HDFCLIFE.NS
2026-06-03,581.26,567.71,594.82,HDFCLIFE.NS
2026-06-04,578.16,563.93,592.3,HDFCLIFE.NS
2026-06-05,574.33,559.65,588.89,HDFCLIFE.NS
2026-06-08,571.0,556.81,585.36,HDFCLIFE.NS
2026-06-09,569.35,554.7,583.88,HDFCLIFE.NS
2026-06-10,570.96,556.88,586.25,HDFCLIFE.NS
2026-06-11,569.62,554.29,583.87,HDFCLIFE.NS
2026-06-12,567.63,553.62,581.42,HDFCLIFE.NS
2026-06-15,569.83,555.45,584.85,HDFCLIFE.NS
2026-06-16,569.92,556.24,584.98,HDFCLIFE.NS
2026-06-17,573.13,558.89,587.46,HDFCLIFE.NS
2026-06-18,573.24,558.05,587.13,HDFCLIFE.NS
2026-06-19,572.52,558.39,585.59,HDFCLIFE.NS
2026-06-22,577.2,561.93,591.11,HDFCLIFE.NS
2026-06-23,577.62,562.88,591.63,HDFCLIFE.NS
2026-06-24,580.92,566.46,593.03,HDFCLIFE.NS
2026-06-25,580.86,566.6,594.67,HDFCLIFE.NS
2026-06-26,579.73,566.68,595.04,HDFCLIFE.NS
2026-06-29,581.87,567.2,595.62,HDFCLIFE.NS
2026-06-30,581.09,567.0,595.52,HDFCLIFE.NS
2026-07-01,583.05,568.81,596.86,HDFCLIFE.NS
2026-07-02,581.56,567.44,595.77,HDFCLIFE.NS
2026-07-03,578.92,565.26,592.75,HDFCLIFE.NS
2026-07-06,576.5,562.03,590.26,HDFCLIFE.NS
2026-07-07,574.29,558.92,587.11,HDFCLIFE.NS
2026-07-08,574.93,561.21,588.47,HDFCLIFE.NS
2026-07-09,572.23,558.14,585.42,HDFCLIFE.NS
2026-07-10,568.55,553.73,583.03,HDFCLIFE.NS
2026-07-13,564.09,550.07,578.34,HDFCLIFE.NS
2026-07-14,561.62,546.69,575.63,HDFCLIFE.NS
2026-07-15,562.21,548.01,576.47,HDFCLIFE.NS
2026-07-16,559.69,546.12,574.31,HDFCLIFE.NS
2026-07-17,556.39,541.66,569.63,HDFCLIFE.NS
2026-07-20,554.26,539.05,568.56,HDFCLIFE.NS
2026-07-21,552.91,539.21,567.14,HDFCLIFE.NS
2026-07-22,554.75,540.08,569.45,HDFCLIFE.NS
2026-07-23,553.6,539.64,568.08,HDFCLIFE.NS
2026-07-24,551.76,537.29,566.0,HDFCLIFE.NS
2026-07-27,554.3,540.86,569.18,HDFCLIFE.NS
2026-07-28,554.51,540.19,569.64,HDFCLIFE.NS
2026-07-29,557.88,542.93,572.25,HDFCLIFE.NS
2026-07-30,558.2,542.8,572.09,HDFCLIFE.NS
2026-07-31,557.75,543.05,572.42,HDFCLIFE.NS
2026-08-03,563.8,549.75,577.65,HDFCLIFE.NS
2026-08-04,564.91,550.46,580.1,HDFCLIFE.NS
2026-08-05,569.04,554.9,583.73,HDFCLIFE.NS
2026-08-06,569.95,556.27,584.5,HDFCLIFE.NS
2026-08-07,569.94,555.87,583.69,HDFCLIFE.NS
2026-08-10,576.38,561.63,590.93,HDFCLIFE.NS
2026-08-11,577.32,564.05,591.57,HDFCLIFE.NS
2026-08-12,581.13,567.05,595.34,HDFCLIFE.NS
2026-08-13,581.62,569.04,596.18,HDFCLIFE.NS
2026-08-14,581.05,565.62,594.89,HDFCLIFE.NS
2026-08-17,585.26,570.64,599.62,HDFCLIFE.NS
2026-08-18,585.31,571.52,599.79,HDFCLIFE.NS
2026-08-19,588.2,574.1,602.92,HDFCLIFE.NS
2026-08-20,587.72,573.9,601.97,HDFCLIFE.NS
2026-08-21,586.17,571.93,600.72,HDFCLIFE.NS
2026-08-24,587.48,574.0,602.6,HDFCLIFE.NS
2026-08-25,586.61,572.98,600.36,HDFCLIFE.NS
2026-08-26,588.63,574.71,602.03,HDFCLIFE.NS
2026-08-27,587.33,573.5,600.92,HDFCLIFE.NS
2026-08-28,585.04,570.77,599.47,HDFCLIFE.NS
2026-08-31,584.52,569.82,598.44,HDFCLIFE.NS
2026-09-01,583.22,568.74,598.09,HDFCLIFE.NS
2026-09-02,584.88,570.14,598.98,HDFCLIFE.NS
2026-09-03,583.31,568.45,597.81,HDFCLIFE.NS
2026-09-04,580.82,567.51,594.73,HDFCLIFE.NS
2025-07-24,3999.26,3880.47,4112.85,HEROMOTOCO.NS
2025-07-25,4015.82,3903.35,4133.04,HEROMOTOCO.NS
2025-07-28,4112.23,3997.21,4231.26,HEROMOTOCO.NS
2025-07-29,4158.39,4045.48,4276.96,HEROMOTOCO.NS
2025-07-30,4191.9,4066.13,4312.93,HEROMOTOCO.NS
2025-07-31,4220.02,4096.52,4336.94,HEROMOTOCO.NS
2025-08-01,4241.22,4120.16,4363.24,HEROMOTOCO.NS
2025-08-04,4342.75,4232.25,4451.13,HEROMOTOCO.NS
2025-08-05,4387.97,4268.54,4500.76,HEROMOTOCO.NS
2025-08-06,4419.45,4300.07,4541.15,HEROMOTOCO.NS
2025-08-07,4444.59,4333.35,4565.28,HEROMOTOCO.NS
2025-08-08,4462.07,4351.9,4572.97,HEROMOTOCO.NS
2025-08-11,4549.85,4431.35,4666.58,HEROMOTOCO.NS
2025-08-12,4590.27,4467.84,4709.62,HEROMOTOCO.NS
2025-08-13,4617.14,4493.09,4732.01,HEROMOTOCO.NS
2025-08-14,4638.02,4517.01,4754.22,HEROMOTOCO.NS
2025-08-18,4731.73,4614.07,4855.42,HEROMOTOCO.NS
2025-08-19,4770.9,4651.89,4889.89,HEROMOTOCO.NS
2025-08-20,4797.14,4681.48,4921.01,HEROMOTOCO.NS
2025-08-21,4817.93,4702.55,4937.82,HEROMOTOCO.NS
2025-08-22,4831.98,4712.39,4949.6,HEROMOTOCO.NS
2025-08-25,4914.34,4796.54,5035.28,HEROMOTOCO.NS
2025-08-26,4954.11,4842.48,5070.49,HEROMOTOCO.NS
2025-08-28,5000.93,4874.21,5121.28,HEROMOTOCO.NS
2025-08-29,5013.79,4900.56,5131.42,HEROMOTOCO.NS
2025-09-01,5086.22,4971.57,5206.52,HEROMOTOCO.NS
2025-09-02,5120.16,4998.8,5240.38,HEROMOTOCO.NS
2025-09-03,5139.37,5021.15,5255.35,HEROMOTOCO.NS
2025-09-04,5151.16,5035.57,5276.43,HEROMOTOCO.NS
2025-09-05,5154.04,5029.17,5274.1,HEROMOTOCO.NS
2025-09-08,5189.37,5073.3,5305.12,HEROMOTOCO.NS
2025-09-09,5209.09,5090.18,5333.37,HEROMOTOCO.NS
2025-09-10,5213.54,5088.79,5330.75,HEROMOTOCO.NS
2025-09-11,5210.27,5092.39,5334.05,HEROMOTOCO.NS
2025-09-12,5198.11,5083.82,5321.73,HEROMOTOCO.NS
2025-09-15,5191.54,5076.27,5309.51,HEROMOTOCO.NS
2025-09-16,5199.42,5081.01,5322.48,HEROMOTOCO.NS
2025-09-17,5193.58,5073.48,5313.35,HEROMOTOCO.NS
2025-09-18,5181.84,5069.37,5298.13,HEROMOTOCO.NS
2025-09-19,5163.26,5044.03,5282.09,HEROMOTOCO.NS
2025-09-22,5151.25,5039.31,5267.72,HEROMOTOCO.NS
2025-09-23,5162.17,5045.13,5271.94,HEROMOTOCO.NS
2025-09-24,5161.77,5046.78,5282.7,HEROMOTOCO.NS
2025-09-25,5157.77,5035.41,5273.87,HEROMOTOCO.NS
2025-09-26,5149.05,5026.42,5263.31,HEROMOTOCO.NS
2025-09-29,5176.73,5069.33,5301.69,HEROMOTOCO.NS
2025-09-30,5203.13,5085.61,5316.15,HEROMOTOCO.NS
2025-10-01,5218.7,5094.71,5331.19,HEROMOTOCO.NS
2025-10-03,5237.55,5125.82,5357.9,HEROMOTOCO.NS
2025-10-06,5305.05,5180.57,5417.69,HEROMOTOCO.NS
2025-10-07,5341.04,5224.57,5464.41,HEROMOTOCO.NS
2025-10-08,5363.76,5237.58,5479.67,HEROMOTOCO.NS
2025-10-09,5380.17,5263.72,5487.75,HEROMOTOCO.NS
2025-10-10,5388.51,5270.7,5517.46,HEROMOTOCO.NS
2025-10-13,5441.69,5330.28,5552.95,HEROMOTOCO.NS
2025-10-14,5466.69,5353.42,5591.4,HEROMOTOCO.NS
2025-10-15,5475.51,5366.36,5596.98,HEROMOTOCO.NS
2025-10-16,5475.41,5349.37,5598.69,HEROMOTOCO.NS
2025-10-17,5464.91,5350.93,5583.75,HEROMOTOCO.NS
2025-10-20,5451.98,5332.01,5563.46,HEROMOTOCO.NS
2025-10-21,5453.43,5341.13,5570.38,HEROMOTOCO.NS
2025-10-23,5416.15,5292.42,5524.46,HEROMOTOCO.NS
2025-10-24,5384.37,5265.73,5497.9,HEROMOTOCO.NS
2025-10-27,5321.19,5205.46,5438.36,HEROMOTOCO.NS
2025-10-28,5312.04,5192.64,5435.9,HEROMOTOCO.NS
2025-10-29,5290.64,5177.92,5406.87,HEROMOTOCO.NS
2025-10-30,5265.1,5146.25,5385.54,HEROMOTOCO.NS
2025-10-31,5234.74,5118.11,5362.94,HEROMOTOCO.NS
2025-11-03,5201.82,5085.28,5314.25,HEROMOTOCO.NS
2025-11-04,5211.13,5089.11,5327.07,HEROMOTOCO.NS
2025-11-06,5212.05,5104.98,5333.83,HEROMOTOCO.NS
2025-11-07,5210.27,5079.24,5328.57,HEROMOTOCO.NS
2025-11-10,5275.07,5158.87,5385.95,HEROMOTOCO.NS
2025-11-11,5318.79,5204.98,5449.56,HEROMOTOCO.NS
2025-11-12,5353.81,5235.9,5467.87,HEROMOTOCO.NS
2025-11-13,5387.15,5266.5,5502.7,HEROMOTOCO.NS
2025-11-14,5416.98,5297.61,5535.49,HEROMOTOCO.NS
2025-11-17,5560.31,5446.49,5677.63,HEROMOTOCO.NS
2025-11-18,5622.9,5510.33,5741.83,HEROMOTOCO.NS
2025-11-19,5672.37,5557.7,5793.88,HEROMOTOCO.NS
2025-11-20,5715.43,5601.62,5844.42,HEROMOTOCO.NS
2025-11-21,5750.02,5642.0,5869.18,HEROMOTOCO.NS
2025-11-24,5877.16,5756.45,5994.74,HEROMOTOCO.NS
2025-11-25,5924.51,5808.5,6040.02,HEROMOTOCO.NS
2025-11-26,5954.22,5840.12,6083.25,HEROMOTOCO.NS
2025-11-27,5973.4,5862.0,6084.19,HEROMOTOCO.NS
2025-11-28,5980.46,5865.97,6096.46,HEROMOTOCO.NS
2025-12-01,6008.83,5897.01,6135.01,HEROMOTOCO.NS
2025-12-02,6020.01,5896.54,6147.23,HEROMOTOCO.NS
2025-12-03,6013.09,5888.88,6124.98,HEROMOTOCO.NS
2025-12-04,5995.84,5879.18,6113.64,HEROMOTOCO.NS
2025-12-05,5967.37,5846.44,6083.95,HEROMOTOCO.NS
2025-12-08,5900.77,5786.18,6017.17,HEROMOTOCO.NS
2025-12-09,5885.96,5767.97,6003.3,HEROMOTOCO.NS
2025-12-10,5856.6,5731.98,5974.59,HEROMOTOCO.NS
2025-12-11,5820.78,5710.7,5937.32,HEROMOTOCO.NS
2025-12-12,5777.82,5658.86,5895.69,HEROMOTOCO.NS
2025-12-15,5692.91,5570.9,5798.88,HEROMOTOCO.NS
2025-12-16,5680.17,5560.68,5802.88,HEROMOTOCO.NS
2025-12-17,5656.61,5541.34,5771.99,HEROMOTOCO.NS
2025-12-18,5630.01,5516.48,5746.85,HEROMOTOCO.NS
2025-12-19,5599.29,5481.4,5716.24,HEROMOTOCO.NS
2025-12-22,5564.6,5440.46,5687.41,HEROMOTOCO.NS
2025-12-23,5571.35,5454.14,5683.58,HEROMOTOCO.NS
2025-12-24,5567.76,5452.44,5687.01,HEROMOTOCO.NS
2025-12-26,5549.7,5434.28,5651.5,HEROMOTOCO.NS
2025-12-29,5565.03,5449.46,5674.09,HEROMOTOCO.NS
2025-12-30,5584.53,5460.05,5701.19,HEROMOTOCO.NS
2025-12-31,5591.25,5465.02,5719.23,HEROMOTOCO.NS
2026-01-01,5592.26,5475.51,5710.78,HEROMOTOCO.NS
2026-01-02,5585.86,5469.83,5699.63,HEROMOTOCO.NS
2026-01-05,5599.95,5482.38,5711.62,HEROMOTOCO.NS
2026-01-06,5614.05,5490.81,5725.78,HEROMOTOCO.NS
2026-01-07,5613.23,5499.73,5729.04,HEROMOTOCO.NS
2026-01-08,5604.87,5493.83,5725.55,HEROMOTOCO.NS
2026-01-09,5587.6,5482.82,5707.77,HEROMOTOCO.NS
2026-01-12,5563.93,5437.16,5683.25,HEROMOTOCO.NS
2026-01-13,5565.06,5459.86,5696.64,HEROMOTOCO.NS
2026-01-14,5551.76,5433.62,5671.75,HEROMOTOCO.NS
2026-01-15,5531.75,5418.86,5655.94,HEROMOTOCO.NS
2026-01-16,5504.04,5385.34,5615.22,HEROMOTOCO.NS
2026-01-19,5459.03,5349.11,5584.53,HEROMOTOCO.NS
2026-01-20,5457.07,5344.57,5575.77,HEROMOTOCO.NS
2026-01-21,5442.9,5317.19,5560.87,HEROMOTOCO.NS
2026-01-22,5424.3,5304.52,5542.41,HEROMOTOCO.NS
2026-01-23,5400.21,5276.29,5518.57,HEROMOTOCO.NS
2026-01-27,5387.83,5278.07,5504.85,HEROMOTOCO.NS
2026-01-28,5386.31,5273.54,5511.92,HEROMOTOCO.NS
2026-01-29,5381.42,5263.71,5497.69,HEROMOTOCO.NS
2026-01-30,5371.82,5249.25,5489.54,HEROMOTOCO.NS
2026-02-02,5394.82,5268.53,5509.65,HEROMOTOCO.NS
2026-02-03,5418.41,5291.4,5534.53,HEROMOTOCO.NS
2026-02-04,5430.3,5312.72,5545.53,HEROMOTOCO.NS
2026-02-05,5437.72,5319.98,5545.91,HEROMOTOCO.NS
2026-02-06,5439.06,5317.03,5547.94,HEROMOTOCO.NS
2026-02-09,5484.92,5372.68,5606.82,HEROMOTOCO.NS
2026-02-10,5512.38,5394.4,5625.07,HEROMOTOCO.NS
2026-02-11,5526.18,5402.19,5639.29,HEROMOTOCO.NS
2026-02-12,5533.53,5414.17,5654.07,HEROMOTOCO.NS
2026-02-13,5532.89,5416.11,5656.87,HEROMOTOCO.NS
2026-02-16,5562.23,5447.04,5679.39,HEROMOTOCO.NS
2026-02-17,5581.15,5463.43,5698.55,HEROMOTOCO.NS
2026-02-18,5585.2,5473.82,5702.6,HEROMOTOCO.NS
2026-02-19,5581.79,5467.9,5709.62,HEROMOTOCO.NS
2026-02-20,5569.6,5455.57,5699.47,HEROMOTOCO.NS
2026-02-23,5561.73,5439.49,5683.78,HEROMOTOCO.NS
2026-02-24,5568.09,5454.85,5688.74,HEROMOTOCO.NS
2026-02-25,5559.81,5447.31,5680.08,HEROMOTOCO.NS
2026-02-26,5544.49,5433.2,5667.3,HEROMOTOCO.NS
2026-02-27,5520.93,5406.7,5644.52,HEROMOTOCO.NS
2026-03-02,5483.38,5366.63,5600.45,HEROMOTOCO.NS
2026-03-04,5466.08,5345.9,5580.29,HEROMOTOCO.NS
2026-03-05,5444.48,5329.23,5565.71,HEROMOTOCO.NS
2026-03-06,5415.59,5301.6,5532.68,HEROMOTOCO.NS
2026-03-09,5367.42,5248.58,5491.18,HEROMOTOCO.NS
2026-03-10,5363.71,5243.9,5484.9,HEROMOTOCO.NS
2026-03-11,5347.04,5228.07,5461.6,HEROMOTOCO.NS
2026-03-12,5324.93,5205.92,5438.55,HEROMOTOCO.NS
2026-03-13,5296.14,5182.96,5408.47,HEROMOTOCO.NS
2026-03-16,5251.35,5130.9,5371.41,HEROMOTOCO.NS
2026-03-17,5249.64,5134.26,5364.84,HEROMOTOCO.NS
2026-03-18,5235.34,5117.48,5351.97,HEROMOTOCO.NS
2026-03-19,5215.95,5089.28,5345.32,HEROMOTOCO.NS
2026-03-20,5190.2,5080.23,5308.82,HEROMOTOCO.NS
2026-03-23,5156.36,5034.91,5271.31,HEROMOTOCO.NS
2026-03-24,5158.89,5040.37,5276.65,HEROMOTOCO.NS
2026-03-25,5149.1,5035.13,5264.66,HEROMOTOCO.NS
2026-03-27,5113.82,5000.13,5230.15,HEROMOTOCO.NS
2026-03-30,5096.61,4972.92,5220.37,HEROMOTOCO.NS
2026-04-01,5101.36,4970.92,5217.93,HEROMOTOCO.NS
2026-04-02,5092.94,4982.21,5208.93,HEROMOTOCO.NS
2026-04-06,5079.42,4956.86,5198.2,HEROMOTOCO.NS
2026-04-07,5093.57,4970.87,5207.42,HEROMOTOCO.NS
2026-04-08,5095.23,4965.67,5211.73,HEROMOTOCO.NS
2026-04-09,5091.78,4979.61,5210.68,HEROMOTOCO.NS
2026-04-10,5081.82,4961.56,5209.0,HEROMOTOCO.NS
2026-04-13,5093.0,4980.36,5214.76,HEROMOTOCO.NS
2026-04-15,5112.36,4993.46,5233.56,HEROMOTOCO.NS
2026-04-16,5109.64,5000.17,5227.89,HEROMOTOCO.NS
2026-04-17,5099.69,4986.37,5212.17,HEROMOTOCO.NS
2026-04-20,5106.88,4992.98,5229.29,HEROMOTOCO.NS
2026-04-21,5120.6,5000.11,5244.79,HEROMOTOCO.NS
2026-04-22,5120.63,5004.73,5243.92,HEROMOTOCO.NS
2026-04-23,5114.41,4995.65,5235.51,HEROMOTOCO.NS
2026-04-24,5100.6,4987.48,5215.82,HEROMOTOCO.NS
2026-04-27,5094.89,4981.63,5214.19,HEROMOTOCO.NS
2026-04-28,5104.16,4995.43,5215.61,HEROMOTOCO.NS
2026-04-29,5099.8,4968.44,5214.53,HEROMOTOCO.NS
2026-04-30,5089.32,4963.29,5202.78,HEROMOTOCO.NS
2026-05-01,5071.47,4956.81,5187.76,HEROMOTOCO.NS
2026-05-04,5055.32,4940.07,5165.34,HEROMOTOCO.NS
2026-05-05,5061.8,4936.57,5169.94,HEROMOTOCO.NS
2026-05-06,5055.02,4939.21,5176.57,HEROMOTOCO.NS
2026-05-07,5042.49,4924.53,5161.69,HEROMOTOCO.NS
2026-05-08,5022.94,4904.01,5143.01,HEROMOTOCO.NS
2026-05-11,5003.56,4885.08,5118.26,HEROMOTOCO.NS
2026-05-12,5009.45,4893.9,5122.05,HEROMOTOCO.NS
2026-05-13,5002.26,4880.68,5116.83,HEROMOTOCO.NS
2026-05-14,4989.44,4868.72,5097.75,HEROMOTOCO.NS
2026-05-15,4969.69,4860.78,5078.2,HEROMOTOCO.NS
2026-05-18,4949.82,4831.42,5061.66,HEROMOTOCO.NS
2026-05-19,4955.51,4848.64,5073.95,HEROMOTOCO.NS
2026-05-20,4948.07,4830.6,5064.29,HEROMOTOCO.NS
2026-05-21,4934.96,4810.04,5049.89,HEROMOTOCO.NS
2026-05-22,4914.88,4794.07,5030.42,HEROMOTOCO.NS
2026-05-25,4894.14,4779.88,5011.7,HEROMOTOCO.NS
2026-05-26,4899.7,4787.52,5017.08,HEROMOTOCO.NS
2026-05-27,4892.3,4778.54,4997.45,HEROMOTOCO.NS
2026-05-28,4879.44,4763.09,4996.7,HEROMOTOCO.NS
2026-05-29,4859.9,4747.64,4972.15,HEROMOTOCO.NS
2026-06-01,4842.92,4721.7,4962.58,HEROMOTOCO.NS
2026-06-02,4850.58,4725.59,4956.73,HEROMOTOCO.NS
2026-06-03,4845.76,4730.53,4961.79,HEROMOTOCO.NS
2026-06-04,4835.96,4722.6,4950.32,HEROMOTOCO.NS
2026-06-05,4819.94,4703.3,4936.07,HEROMOTOCO.NS
2026-06-08,4816.05,4699.65,4937.09,HEROMOTOCO.NS
2026-06-09,4828.74,4715.55,4947.7,HEROMOTOCO.NS
2026-06-10,4829.13,4714.04,4943.99,HEROMOTOCO.NS
2026-06-11,4824.66,4717.87,4943.19,HEROMOTOCO.NS
2026-06-12,4813.97,4696.44,4937.41,HEROMOTOCO.NS
2026-06-15,4824.95,4709.59,4941.28,HEROMOTOCO.NS
2026-06-16,4841.84,4722.93,4953.68,HEROMOTOCO.NS
2026-06-17,4845.88,4732.43,4963.71,HEROMOTOCO.NS
2026-06-18,4844.41,4726.19,4957.1,HEROMOTOCO.NS
2026-06-19,4835.98,4717.63,4952.33,HEROMOTOCO.NS
2026-06-22,4848.82,4731.04,4965.84,HEROMOTOCO.NS
2026-06-23,4864.62,4745.49,4977.28,HEROMOTOCO.NS
2026-06-24,4866.75,4748.82,4985.38,HEROMOTOCO.NS
2026-06-25,4862.59,4740.23,4979.44,HEROMOTOCO.NS
2026-06-26,4850.79,4735.88,4964.09,HEROMOTOCO.NS
2026-06-29,4850.51,4730.15,4972.54,HEROMOTOCO.NS
2026-06-30,4861.44,4749.52,4972.68,HEROMOTOCO.NS
2026-07-01,4858.71,4744.67,4966.57,HEROMOTOCO.NS
2026-07-02,4849.91,4723.84,4966.06,HEROMOTOCO.NS
2026-07-03,4833.87,4712.23,4955.11,HEROMOTOCO.NS
2026-07-06,4825.16,4704.69,4941.02,HEROMOTOCO.NS
2026-07-07,4835.26,4711.56,4942.22,HEROMOTOCO.NS
2026-07-08,4832.96,4722.2,4950.74,HEROMOTOCO.NS
2026-07-09,4825.94,4707.93,4941.79,HEROMOTOCO.NS
2026-07-10,4813.1,4701.39,4920.93,HEROMOTOCO.NS
2026-07-13,4822.98,4710.24,4940.46,HEROMOTOCO.NS
2026-07-14,4842.22,4724.88,4960.3,HEROMOTOCO.NS
2026-07-15,4850.4,4739.3,4968.57,HEROMOTOCO.NS
2026-07-16,4855.1,4741.41,4969.9,HEROMOTOCO.NS
2026-07-17,4855.08,4728.88,4968.98,HEROMOTOCO.NS
2026-07-20,4908.1,4791.37,5021.4,HEROMOTOCO.NS
2026-07-21,4942.57,4825.83,5058.48,HEROMOTOCO.NS
2026-07-22,4966.01,4851.18,5086.03,HEROMOTOCO.NS
2026-07-23,4985.78,4873.39,5111.82,HEROMOTOCO.NS
2026-07-24,5000.38,4880.93,5110.62,HEROMOTOCO.NS
2026-07-27,5092.53,4975.63,5202.98,HEROMOTOCO.NS
2026-07-28,5137.83,5021.97,5258.18,HEROMOTOCO.NS
2026-07-29,5170.77,5057.02,5292.82,HEROMOTOCO.NS
2026-07-30,5198.59,5079.35,5318.44,HEROMOTOCO.NS
2026-07-31,5219.75,5104.01,5339.07,HEROMOTOCO.NS
2026-08-03,5322.45,5207.65,5440.87,HEROMOTOCO.NS
2026-08-04,5368.4,5258.19,5486.02,HEROMOTOCO.NS
2026-08-05,5400.7,5276.29,5514.31,HEROMOTOCO.NS
2026-08-06,5426.74,5309.82,5542.73,HEROMOTOCO.NS
2026-08-07,5445.15,5334.17,5563.26,HEROMOTOCO.NS
2026-08-10,5535.55,5418.69,5647.22,HEROMOTOCO.NS
2026-08-11,5576.7,5463.6,5701.79,HEROMOTOCO.NS
2026-08-12,5604.19,5482.43,5715.75,HEROMOTOCO.NS
2026-08-13,5625.56,5505.46,5745.57,HEROMOTOCO.NS
2026-08-14,5639.6,5517.93,5748.57,HEROMOTOCO.NS
2026-08-17,5719.95,5605.82,5832.5,HEROMOTOCO.NS
2026-08-18,5759.01,5630.36,5871.49,HEROMOTOCO.NS
2026-08-19,5785.07,5664.52,5896.78,HEROMOTOCO.NS
2026-08-20,5805.65,5686.98,5916.62,HEROMOTOCO.NS
2026-08-21,5819.48,5702.1,5940.92,HEROMOTOCO.NS
2026-08-24,5901.52,5776.56,6019.74,HEROMOTOCO.NS
2026-08-25,5941.42,5817.98,6057.14,HEROMOTOCO.NS
2026-08-26,5968.16,5855.15,6086.8,HEROMOTOCO.NS
2026-08-27,5989.06,5869.27,6100.48,HEROMOTOCO.NS
2026-08-28,6002.65,5891.28,6116.68,HEROMOTOCO.NS
2026-08-31,6078.84,5960.71,6195.62,HEROMOTOCO.NS
2026-09-01,6114.55,5998.2,6238.81,HEROMOTOCO.NS
2026-09-02,6135.79,6017.43,6243.49,HEROMOTOCO.NS
2026-09-03,6149.83,6033.88,6266.25,HEROMOTOCO.NS
2025-07-24,687.32,666.82,707.07,HINDALCO.NS
2025-07-25,679.75,658.71,700.87,HINDALCO.NS
2025-07-28,674.56,654.52,694.6,HINDALCO.NS
2025-07-29,674.91,654.58,695.53,HINDALCO.NS
2025-07-30,678.89,659.15,700.96,HINDALCO.NS
2025-07-31,678.86,656.31,698.33,HINDALCO.NS
2025-08-01,672.94,653.02,694.65,HINDALCO.NS
2025-08-04,672.95,652.65,692.97,HINDALCO.NS
2025-08-05,674.98,654.58,696.5,HINDALCO.NS
2025-08-06,680.55,661.02,701.11,HINDALCO.NS
2025-08-07,682.01,659.55,701.72,HINDALCO.NS
2025-08-08,677.44,655.01,697.3,HINDALCO.NS
2025-08-11,680.6,658.39,700.65,HINDALCO.NS
2025-08-12,683.37,661.25,704.07,HINDALCO.NS
2025-08-13,689.53,668.94,709.95,HINDALCO.NS
2025-08-14,691.43,672.12,711.97,HINDALCO.NS
2025-08-18,690.86,670.03,711.47,HINDALCO.NS
2025-08-19,693.7,671.84,713.49,HINDALCO.NS
2025-08-20,699.93,680.68,720.59,HINDALCO.NS
2025-08-21,701.92,680.86,723.33,HINDALCO.NS
2025-08-22,697.8,676.21,719.79,HINDALCO.NS
2025-08-25,702.13,680.87,722.99,HINDALCO.NS
2025-08-26,705.33,684.19,725.88,HINDALCO.NS
2025-08-28,714.47,693.06,735.11,HINDALCO.NS
2025-08-29,710.9,690.76,730.57,HINDALCO.NS
2025-09-01,717.0,696.64,737.45,HINDALCO.NS
2025-09-02,720.77,699.31,739.83,HINDALCO.NS
2025-09-03,727.95,706.67,748.7,HINDALCO.NS
2025-09-04,730.87,710.26,751.24,HINDALCO.NS
2025-09-05,727.64,706.12,749.19,HINDALCO.NS
2025-09-08,733.98,713.76,755.28,HINDALCO.NS
2025-09-09,737.5,717.22,757.9,HINDALCO.NS
2025-09-10,744.25,723.58,766.48,HINDALCO.NS
2025-09-11,746.57,727.76,766.67,HINDALCO.NS
2025-09-12,742.55,723.01,763.35,HINDALCO.NS
2025-09-15,745.57,723.61,765.43,HINDALCO.NS
2025-09-16,747.73,728.34,767.47,HINDALCO.NS
2025-09-17,753.03,732.36,773.68,HINDALCO.NS
2025-09-18,753.84,733.45,774.51,HINDALCO.NS
2025-09-19,748.31,727.96,769.51,HINDALCO.NS
2025-09-22,747.02,727.18,767.43,HINDALCO.NS
2025-09-23,747.96,725.25,768.17,HINDALCO.NS
2025-09-24,752.22,732.48,774.42,HINDALCO.NS
2025-09-25,752.18,730.77,771.38,HINDALCO.NS
2025-09-26,746.02,726.77,766.83,HINDALCO.NS
2025-09-29,744.44,723.99,763.93,HINDALCO.NS
2025-09-30,745.85,725.34,765.56,HINDALCO.NS
2025-10-01,750.85,730.59,772.15,HINDALCO.NS
2025-10-03,746.96,725.48,769.28,HINDALCO.NS
2025-10-06,750.54,728.84,769.79,HINDALCO.NS
2025-10-07,753.98,732.56,774.8,HINDALCO.NS
2025-10-08,761.12,740.85,780.45,HINDALCO.NS
2025-10-09,764.29,743.43,783.61,HINDALCO.NS
2025-10-10,761.61,739.5,781.25,HINDALCO.NS
2025-10-13,771.31,751.57,790.81,HINDALCO.NS
2025-10-14,776.49,755.98,796.29,HINDALCO.NS
2025-10-15,785.15,764.7,805.7,HINDALCO.NS
2025-10-16,789.59,769.28,809.48,HINDALCO.NS
2025-10-17,787.88,767.1,807.53,HINDALCO.NS
2025-10-20,798.58,778.15,819.43,HINDALCO.NS
2025-10-21,803.43,783.1,825.11,HINDALCO.NS
2025-10-23,814.82,794.67,836.24,HINDALCO.NS
2025-10-24,811.78,790.79,831.24,HINDALCO.NS
2025-10-27,816.85,795.07,837.87,HINDALCO.NS
2025-10-28,819.37,797.89,838.79,HINDALCO.NS
2025-10-29,824.87,804.39,845.23,HINDALCO.NS
2025-10-30,825.7,804.48,848.65,HINDALCO.NS
2025-10-31,820.01,799.34,840.1,HINDALCO.NS
2025-11-03,817.12,797.64,838.78,HINDALCO.NS
2025-11-04,817.14,797.75,838.04,HINDALCO.NS
2025-11-06,818.91,798.43,839.94,HINDALCO.NS
2025-11-07,811.23,789.94,831.98,HINDALCO.NS
2025-11-10,803.83,784.81,825.96,HINDALCO.NS
2025-11-11,802.88,782.98,825.12,HINDALCO.NS
2025-11-12,805.33,785.32,824.67,HINDALCO.NS
2025-11-13,803.58,783.79,824.06,HINDALCO.NS
2025-11-14,795.79,776.5,817.42,HINDALCO.NS
2025-11-17,789.66,767.75,808.77,HINDALCO.NS
2025-11-18,789.62,768.98,810.45,HINDALCO.NS
2025-11-19,793.19,771.93,814.33,HINDALCO.NS
2025-11-20,792.75,771.03,812.9,HINDALCO.NS
2025-11-21,786.44,764.79,806.25,HINDALCO.NS
2025-11-24,785.49,765.32,805.53,HINDALCO.NS
2025-11-25,787.36,766.24,807.45,HINDALCO.NS
2025-11-26,792.87,772.66,814.05,HINDALCO.NS
2025-11-27,794.39,773.79,815.22,HINDALCO.NS
2025-11-28,790.03,769.59,811.94,HINDALCO.NS
2025-12-01,794.77,774.02,814.24,HINDALCO.NS
2025-12-02,798.4,776.93,819.35,HINDALCO.NS
2025-12-03,805.59,785.56,825.78,HINDALCO.NS
2025-12-04,808.69,789.13,829.65,HINDALCO.NS
2025-12-05,805.81,783.05,827.1,HINDALCO.NS
2025-12-08,814.24,794.68,834.66,HINDALCO.NS
2025-12-09,818.85,796.22,840.88,HINDALCO.NS
2025-12-10,826.88,807.1,846.85,HINDALCO.NS
2025-12-11,830.68,809.53,851.04,HINDALCO.NS
2025-12-12,828.37,808.04,849.66,HINDALCO.NS
2025-12-15,837.72,816.45,858.48,HINDALCO.NS
2025-12-16,842.39,821.3,862.29,HINDALCO.NS
2025-12-17,850.39,830.16,871.03,HINDALCO.NS
2025-12-18,854.06,835.28,875.68,HINDALCO.NS
2025-12-19,851.52,829.88,871.31,HINDALCO.NS
2025-12-22,859.83,839.5,881.19,HINDALCO.NS
2025-12-23,864.08,844.48,886.07,HINDALCO.NS
2025-12-24,871.63,850.87,893.16,HINDALCO.NS
2025-12-26,871.91,851.56,891.86,HINDALCO.NS
2025-12-29,879.22,858.73,900.41,HINDALCO.NS
2025-12-30,883.27,862.83,905.07,HINDALCO.NS
2025-12-31,890.7,870.94,911.18,HINDALCO.NS
2026-01-01,893.91,873.64,915.43,HINDALCO.NS
2026-01-02,891.02,871.29,913.36,HINDALCO.NS
2026-01-05,899.12,879.52,919.55,HINDALCO.NS
2026-01-06,903.6,881.69,924.76,HINDALCO.NS
2026-01-07,911.53,890.81,932.96,HINDALCO.NS
2026-01-08,915.29,894.83,936.23,HINDALCO.NS
2026-01-09,912.99,891.63,933.22,HINDALCO.NS
2026-01-12,922.81,903.09,946.18,HINDALCO.NS
2026-01-13,927.76,905.22,947.92,HINDALCO.NS
2026-01-14,936.07,913.28,955.92,HINDALCO.NS
2026-01-15,940.07,918.42,960.68,HINDALCO.NS
2026-01-16,937.86,917.32,958.02,HINDALCO.NS
2026-01-19,946.74,925.27,966.71,HINDALCO.NS
2026-01-20,950.91,931.01,971.43,HINDALCO.NS
2026-01-21,958.18,936.95,981.0,HINDALCO.NS
2026-01-22,960.88,938.78,981.83,HINDALCO.NS
2026-01-23,957.09,936.65,977.97,HINDALCO.NS
2026-01-27,961.41,942.32,982.49,HINDALCO.NS
2026-01-28,966.0,945.5,986.53,HINDALCO.NS
2026-01-29,965.88,946.13,985.27,HINDALCO.NS
2026-01-30,959.19,937.06,979.16,HINDALCO.NS
2026-02-02,953.1,932.31,973.61,HINDALCO.NS
2026-02-03,952.0,931.12,973.19,HINDALCO.NS
2026-02-04,954.0,933.54,974.9,HINDALCO.NS
2026-02-05,951.52,930.9,972.2,HINDALCO.NS
2026-02-06,942.75,922.41,964.51,HINDALCO.NS
2026-02-09,932.47,911.01,952.8,HINDALCO.NS
2026-02-10,930.77,912.91,953.14,HINDALCO.NS
2026-02-11,932.61,912.25,954.77,HINDALCO.NS
2026-02-12,930.41,910.47,951.13,HINDALCO.NS
2026-02-13,922.35,900.78,943.97,HINDALCO.NS
2026-02-16,916.63,894.57,937.98,HINDALCO.NS
2026-02-17,917.15,896.4,939.37,HINDALCO.NS
2026-02-18,921.46,900.66,943.2,HINDALCO.NS
2026-02-19,921.94,901.45,942.08,HINDALCO.NS
2026-02-20,916.69,895.62,936.31,HINDALCO.NS
2026-02-23,919.48,899.89,941.93,HINDALCO.NS
2026-02-24,922.6,901.88,944.5,HINDALCO.NS
2026-02-25,929.27,909.13,948.48,HINDALCO.NS
2026-02-26,931.8,910.89,952.36,HINDALCO.NS
2026-02-27,928.22,906.61,949.38,HINDALCO.NS
2026-03-02,933.27,910.54,952.94,HINDALCO.NS
2026-03-04,941.97,922.52,962.95,HINDALCO.NS
2026-03-05,943.15,922.3,963.23,HINDALCO.NS
2026-03-06,937.71,917.56,958.68,HINDALCO.NS
2026-03-09,934.5,914.79,954.22,HINDALCO.NS
2026-03-10,933.9,912.26,955.0,HINDALCO.NS
2026-03-11,936.11,916.53,956.49,HINDALCO.NS
2026-03-12,933.52,913.51,954.52,HINDALCO.NS
2026-03-13,924.29,902.13,945.02,HINDALCO.NS
2026-03-16,910.61,889.71,931.78,HINDALCO.NS
2026-03-17,907.17,885.32,925.94,HINDALCO.NS
2026-03-18,907.02,885.22,927.53,HINDALCO.NS
2026-03-19,902.63,881.13,923.46,HINDALCO.NS
2026-03-20,892.25,871.79,913.55,HINDALCO.NS
2026-03-23,879.55,858.55,901.26,HINDALCO.NS
2026-03-24,878.01,858.23,898.66,HINDALCO.NS
2026-03-25,880.56,860.54,901.44,HINDALCO.NS
2026-03-27,873.47,851.66,894.75,HINDALCO.NS
2026-03-30,877.09,856.25,898.43,HINDALCO.NS
2026-04-01,891.14,870.72,912.27,HINDALCO.NS
2026-04-02,897.06,876.73,917.78,HINDALCO.NS
2026-04-06,920.85,902.23,942.06,HINDALCO.NS
2026-04-07,931.38,910.31,951.37,HINDALCO.NS
2026-04-08,945.68,923.77,965.78,HINDALCO.NS
2026-04-09,955.98,934.44,975.58,HINDALCO.NS
2026-04-10,960.28,939.05,981.37,HINDALCO.NS
2026-04-13,988.82,968.24,1008.1,HINDALCO.NS
2026-04-15,1012.56,990.49,1033.38,HINDALCO.NS
2026-04-16,1020.92,1000.19,1042.31,HINDALCO.NS
2026-04-17,1022.39,1000.77,1040.97,HINDALCO.NS
2026-04-20,1038.08,1017.02,1057.78,HINDALCO.NS
2026-04-21,1043.11,1021.84,1063.84,HINDALCO.NS
2026-04-22,1050.6,1028.85,1070.97,HINDALCO.NS
2026-04-23,1052.95,1030.79,1071.71,HINDALCO.NS
2026-04-24,1048.32,1027.72,1068.3,HINDALCO.NS
2026-04-27,1046.54,1025.84,1067.03,HINDALCO.NS
2026-04-28,1046.48,1026.61,1066.58,HINDALCO.NS
2026-04-29,1049.43,1028.84,1071.74,HINDALCO.NS
2026-04-30,1047.89,1027.36,1068.01,HINDALCO.NS
2026-05-01,1040.11,1019.69,1061.49,HINDALCO.NS
2026-05-04,1033.82,1013.51,1055.09,HINDALCO.NS
2026-05-05,1033.96,1013.76,1054.7,HINDALCO.NS
2026-05-06,1037.97,1016.72,1058.3,HINDALCO.NS
2026-05-07,1038.27,1017.13,1060.02,HINDALCO.NS
2026-05-08,1033.07,1011.82,1053.25,HINDALCO.NS
2026-05-11,1037.99,1018.14,1060.05,HINDALCO.NS
2026-05-12,1042.66,1021.06,1064.1,HINDALCO.NS
2026-05-13,1051.37,1029.85,1071.55,HINDALCO.NS
2026-05-14,1056.43,1034.87,1077.59,HINDALCO.NS
2026-05-15,1055.89,1036.28,1076.79,HINDALCO.NS
2026-05-18,1072.91,1053.23,1095.13,HINDALCO.NS
2026-05-19,1080.57,1059.49,1100.17,HINDALCO.NS
2026-05-20,1091.58,1071.05,1114.38,HINDALCO.NS
2026-05-21,1098.16,1076.4,1117.7,HINDALCO.NS
2026-05-22,1098.31,1076.72,1119.67,HINDALCO.NS
2026-05-25,1112.0,1091.14,1132.75,HINDALCO.NS
2026-05-26,1116.76,1096.51,1137.84,HINDALCO.NS
2026-05-27,1124.02,1103.2,1144.37,HINDALCO.NS
2026-05-28,1126.06,1105.29,1147.99,HINDALCO.NS
2026-05-29,1120.95,1098.42,1141.4,HINDALCO.NS
2026-06-01,1115.62,1095.48,1135.6,HINDALCO.NS
2026-06-02,1113.34,1093.74,1134.49,HINDALCO.NS
2026-06-03,1113.44,1091.64,1133.84,HINDALCO.NS
2026-06-04,1108.32,1088.17,1127.84,HINDALCO.NS
2026-06-05,1096.2,1075.37,1117.35,HINDALCO.NS
2026-06-08,1071.96,1051.21,1092.87,HINDALCO.NS
2026-06-09,1064.48,1043.23,1084.73,HINDALCO.NS
2026-06-10,1060.06,1039.83,1081.69,HINDALCO.NS
2026-06-11,1051.21,1031.61,1072.27,HINDALCO.NS
2026-06-12,1036.19,1014.46,1055.93,HINDALCO.NS
2026-06-15,1008.48,988.22,1029.41,HINDALCO.NS
2026-06-16,1001.58,981.33,1020.95,HINDALCO.NS
2026-06-17,998.57,977.65,1017.98,HINDALCO.NS
2026-06-18,991.89,970.4,1012.51,HINDALCO.NS
2026-06-19,979.74,958.78,1000.76,HINDALCO.NS
2026-06-22,963.95,941.85,984.54,HINDALCO.NS
2026-06-23,961.79,941.02,981.22,HINDALCO.NS
2026-06-24,963.72,942.62,986.13,HINDALCO.NS
2026-06-25,962.08,940.72,983.64,HINDALCO.NS
2026-06-26,954.95,935.81,977.08,HINDALCO.NS
2026-06-29,953.15,932.23,974.56,HINDALCO.NS
2026-06-30,955.01,933.2,976.43,HINDALCO.NS
2026-07-01,960.52,938.54,980.09,HINDALCO.NS
2026-07-02,961.97,941.26,983.66,HINDALCO.NS
2026-07-03,957.39,937.38,978.69,HINDALCO.NS
2026-07-06,959.96,940.3,981.72,HINDALCO.NS
2026-07-07,962.19,942.32,982.71,HINDALCO.NS
2026-07-08,967.57,949.0,987.46,HINDALCO.NS
2026-07-09,968.44,946.48,988.63,HINDALCO.NS
2026-07-10,962.87,943.6,983.62,HINDALCO.NS
2026-07-13,960.68,940.77,981.22,HINDALCO.NS
2026-07-14,960.95,940.87,981.29,HINDALCO.NS
2026-07-15,964.32,942.35,984.35,HINDALCO.NS
2026-07-16,963.16,941.8,982.9,HINDALCO.NS
2026-07-17,955.64,935.06,976.94,HINDALCO.NS
2026-07-20,948.56,928.2,969.83,HINDALCO.NS
2026-07-21,947.67,926.6,968.29,HINDALCO.NS
2026-07-22,950.16,928.84,971.0,HINDALCO.NS
2026-07-23,948.45,928.19,967.71,HINDALCO.NS
2026-07-24,940.69,919.64,961.42,HINDALCO.NS
2026-07-27,934.72,915.42,956.97,HINDALCO.NS
2026-07-28,934.76,915.3,956.4,HINDALCO.NS
2026-07-29,938.42,918.21,958.82,HINDALCO.NS
2026-07-30,938.06,917.66,958.97,HINDALCO.NS
2026-07-31,931.82,911.89,952.52,HINDALCO.NS
2026-08-03,930.93,908.92,951.57,HINDALCO.NS
2026-08-04,932.71,910.83,953.11,HINDALCO.NS
2026-08-05,938.06,916.66,959.21,HINDALCO.NS
2026-08-06,939.32,919.13,960.08,HINDALCO.NS
2026-08-07,934.59,913.75,955.28,HINDALCO.NS
2026-08-10,937.43,917.5,958.19,HINDALCO.NS
2026-08-11,940.14,919.93,960.2,HINDALCO.NS
2026-08-12,946.27,924.78,968.22,HINDALCO.NS
2026-08-13,948.15,928.46,966.67,HINDALCO.NS
2026-08-14,943.91,924.11,964.77,HINDALCO.NS
2026-08-17,947.54,926.06,967.27,HINDALCO.NS
2026-08-18,950.37,929.91,971.72,HINDALCO.NS
2026-08-19,956.57,936.71,976.64,HINDALCO.NS
2026-08-20,958.53,937.9,979.95,HINDALCO.NS
2026-08-21,954.36,933.4,973.66,HINDALCO.NS
2026-08-24,958.46,939.25,978.74,HINDALCO.NS
2026-08-25,961.55,942.39,982.05,HINDALCO.NS
2026-08-26,968.1,946.02,991.07,HINDALCO.NS
2026-08-27,970.47,950.52,992.81,HINDALCO.NS
2026-08-28,966.78,945.9,986.78,HINDALCO.NS
2026-08-31,972.57,949.74,993.89,HINDALCO.NS
2026-09-01,976.27,956.09,997.5,HINDALCO.NS
2026-09-02,983.39,961.95,1003.87,HINDALCO.NS
2026-09-03,986.29,964.98,1007.08,HINDALCO.NS
2026-09-04,983.07,962.61,1003.38,HINDALCO.NS
2025-07-24,2389.62,2349.08,2426.22,HINDUNILVR.NS
2025-07-25,2395.32,2354.95,2434.92,HINDUNILVR.NS
2025-07-28,2410.86,2368.89,2451.48,HINDUNILVR.NS
2025-07-29,2420.92,2379.14,2458.39,HINDUNILVR.NS
2025-07-30,2427.32,2387.45,2470.06,HINDUNILVR.NS
2025-07-31,2427.79,2384.99,2467.67,HINDUNILVR.NS
2025-08-01,2435.52,2399.67,2475.61,HINDUNILVR.NS
2025-08-04,2454.84,2414.27,2494.84,HINDUNILVR.NS
2025-08-05,2465.46,2424.28,2505.16,HINDUNILVR.NS
2025-08-06,2472.12,2431.49,2510.76,HINDUNILVR.NS
2025-08-07,2472.61,2434.04,2512.96,HINDUNILVR.NS
2025-08-08,2480.18,2439.15,2522.53,HINDUNILVR.NS
2025-08-11,2498.31,2458.87,2539.07,HINDUNILVR.NS
2025-08-12,2508.47,2464.82,2546.64,HINDUNILVR.NS
2025-08-13,2514.71,2472.63,2555.44,HINDUNILVR.NS
2025-08-14,2514.85,2475.96,2557.2,HINDUNILVR.NS
2025-08-18,2540.08,2498.06,2577.78,HINDUNILVR.NS
2025-08-19,2550.35,2510.36,2590.07,HINDUNILVR.NS
2025-08-20,2556.75,2515.97,2597.14,HINDUNILVR.NS
2025-08-21,2557.05,2518.11,2598.05,HINDUNILVR.NS
2025-08-22,2564.48,2525.22,2605.77,HINDUNILVR.NS
2025-08-25,2582.0,2541.93,2622.26,HINDUNILVR.NS
2025-08-26,2591.67,2552.73,2629.62,HINDUNILVR.NS
2025-08-28,2596.1,2558.27,2636.06,HINDUNILVR.NS
2025-08-29,2601.76,2561.99,2639.15,HINDUNILVR.NS
2025-09-01,2610.96,2570.18,2650.8,HINDUNILVR.NS
2025-09-02,2616.78,2577.99,2657.93,HINDUNILVR.NS
2025-09-03,2617.87,2575.89,2658.64,HINDUNILVR.NS
2025-09-04,2611.96,2572.17,2649.04,HINDUNILVR.NS
2025-09-05,2612.26,2570.77,2652.05,HINDUNILVR.NS
2025-09-08,2603.23,2560.53,2640.16,HINDUNILVR.NS
2025-09-09,2602.51,2560.96,2642.8,HINDUNILVR.NS
2025-09-10,2597.01,2557.48,2639.74,HINDUNILVR.NS
2025-09-11,2584.57,2547.08,2622.49,HINDUNILVR.NS
2025-09-12,2578.51,2539.22,2619.74,HINDUNILVR.NS
2025-09-15,2552.67,2514.64,2593.18,HINDUNILVR.NS
2025-09-16,2547.5,2505.92,2586.79,HINDUNILVR.NS
2025-09-17,2538.3,2500.03,2579.19,HINDUNILVR.NS
2025-09-18,2522.98,2482.97,2565.83,HINDUNILVR.NS
2025-09-19,2514.97,2475.46,2553.27,HINDUNILVR.NS
2025-09-22,2489.18,2448.82,2531.92,HINDUNILVR.NS
2025-09-23,2486.05,2449.96,2526.44,HINDUNILVR.NS
2025-09-24,2479.85,2437.24,2521.19,HINDUNILVR.NS
2025-09-25,2468.48,2428.02,2507.21,HINDUNILVR.NS
2025-09-26,2465.26,2425.41,2505.18,HINDUNILVR.NS
2025-09-29,2457.91,2417.13,2500.08,HINDUNILVR.NS
2025-09-30,2461.85,2424.39,2501.94,HINDUNILVR.NS
2025-10-01,2462.95,2425.33,2503.71,HINDUNILVR.NS
2025-10-03,2462.93,2422.5,2500.94,HINDUNILVR.NS
2025-10-06,2475.04,2435.03,2515.56,HINDUNILVR.NS
2025-10-07,2484.22,2443.09,2524.55,HINDUNILVR.NS
2025-10-08,2489.72,2449.08,2531.63,HINDUNILVR.NS
2025-10-09,2489.16,2448.71,2528.17,HINDUNILVR.NS
2025-10-10,2495.61,2451.54,2537.53,HINDUNILVR.NS
2025-10-13,2508.46,2470.56,2546.93,HINDUNILVR.NS
2025-10-14,2515.68,2473.48,2556.33,HINDUNILVR.NS
2025-10-15,2518.16,2478.39,2557.84,HINDUNILVR.NS
2025-10-16,2513.6,2470.57,2556.3,HINDUNILVR.NS
2025-10-17,2515.18,2475.56,2553.79,HINDUNILVR.NS
2025-10-20,2509.35,2468.68,2548.76,HINDUNILVR.NS
2025-10-21,2509.5,2471.28,2547.97,HINDUNILVR.NS
2025-10-23,2493.02,2449.89,2536.18,HINDUNILVR.NS
2025-10-24,2487.62,2447.31,2528.63,HINDUNILVR.NS
2025-10-27,2463.72,2422.38,2503.94,HINDUNILVR.NS
2025-10-28,2459.28,2420.11,2496.95,HINDUNILVR.NS
2025-10-29,2450.87,2410.9,2491.1,HINDUNILVR.NS
2025-10-30,2436.46,2396.39,2475.93,HINDUNILVR.NS
2025-10-31,2429.46,2388.68,2466.53,HINDUNILVR.NS
2025-11-03,2407.35,2369.6,2444.71,HINDUNILVR.NS
2025-11-04,2405.64,2365.69,2445.75,HINDUNILVR.NS
2025-11-06,2391.08,2351.41,2432.89,HINDUNILVR.NS
2025-11-07,2389.37,2348.83,2428.07,HINDUNILVR.NS
2025-11-10,2386.19,2345.99,2424.41,HINDUNILVR.NS
2025-11-11,2391.23,2348.86,2432.34,HINDUNILVR.NS
2025-11-12,2393.22,2354.22,2432.42,HINDUNILVR.NS
2025-11-13,2389.82,2351.81,2429.05,HINDUNILVR.NS
2025-11-14,2394.16,2353.61,2432.17,HINDUNILVR.NS
2025-11-17,2405.12,2364.74,2444.29,HINDUNILVR.NS
2025-11-18,2413.13,2370.47,2452.82,HINDUNILVR.NS
2025-11-19,2417.04,2375.12,2458.22,HINDUNILVR.NS
2025-11-20,2414.49,2373.39,2453.55,HINDUNILVR.NS
2025-11-21,2418.54,2379.19,2456.49,HINDUNILVR.NS
2025-11-24,2422.03,2383.23,2459.29,HINDUNILVR.NS
2025-11-25,2425.51,2388.79,2463.67,HINDUNILVR.NS
2025-11-26,2424.03,2383.14,2465.31,HINDUNILVR.NS
2025-11-27,2415.33,2374.74,2455.9,HINDUNILVR.NS
2025-11-28,2412.65,2373.86,2452.23,HINDUNILVR.NS
2025-12-01,2393.9,2353.32,2434.71,HINDUNILVR.NS
2025-12-02,2389.89,2348.54,2430.7,HINDUNILVR.NS
2025-12-03,2381.17,2343.89,2421.0,HINDUNILVR.NS
2025-12-04,2365.66,2325.39,2408.77,HINDUNILVR.NS
2025-12-05,2356.74,2316.53,2397.75,HINDUNILVR.NS
2025-12-08,2324.23,2284.28,2365.16,HINDUNILVR.NS
2025-12-09,2317.64,2278.73,2356.97,HINDUNILVR.NS
2025-12-10,2307.48,2268.18,2347.58,HINDUNILVR.NS
2025-12-11,2291.68,2251.32,2331.28,HINDUNILVR.NS
2025-12-12,2283.68,2243.86,2320.1,HINDUNILVR.NS
2025-12-15,2260.77,2221.88,2301.06,HINDUNILVR.NS
2025-12-16,2259.46,2218.62,2299.64,HINDUNILVR.NS
2025-12-17,2255.45,2213.97,2297.07,HINDUNILVR.NS
2025-12-18,2246.57,2206.37,2287.21,HINDUNILVR.NS
2025-12-19,2246.1,2209.2,2287.59,HINDUNILVR.NS
2025-12-22,2247.95,2210.93,2287.1,HINDUNILVR.NS
2025-12-23,2255.09,2212.76,2295.96,HINDUNILVR.NS
2025-12-24,2259.37,2221.27,2301.13,HINDUNILVR.NS
2025-12-26,2265.5,2225.75,2307.51,HINDUNILVR.NS
2025-12-29,2285.96,2246.19,2325.15,HINDUNILVR.NS
2025-12-30,2297.69,2259.48,2340.26,HINDUNILVR.NS
2025-12-31,2305.64,2265.34,2346.6,HINDUNILVR.NS
2026-01-01,2307.47,2265.65,2349.98,HINDUNILVR.NS
2026-01-02,2316.29,2276.61,2355.42,HINDUNILVR.NS
2026-01-05,2336.63,2297.16,2374.22,HINDUNILVR.NS
2026-01-06,2346.65,2304.6,2383.5,HINDUNILVR.NS
2026-01-07,2352.18,2312.55,2389.24,HINDUNILVR.NS
2026-01-08,2350.97,2311.83,2389.7,HINDUNILVR.NS
2026-01-09,2356.25,2317.56,2397.69,HINDUNILVR.NS
2026-01-12,2363.93,2324.23,2404.81,HINDUNILVR.NS
2026-01-13,2369.44,2329.04,2412.84,HINDUNILVR.NS
2026-01-14,2370.5,2332.72,2409.82,HINDUNILVR.NS
2026-01-15,2364.94,2325.57,2402.31,HINDUNILVR.NS
2026-01-16,2366.09,2324.93,2406.89,HINDUNILVR.NS
2026-01-19,2363.45,2324.65,2401.2,HINDUNILVR.NS
2026-01-20,2366.38,2328.49,2407.26,HINDUNILVR.NS
2026-01-21,2365.33,2323.94,2406.79,HINDUNILVR.NS
2026-01-22,2358.16,2316.63,2396.62,HINDUNILVR.NS
2026-01-23,2358.18,2317.16,2399.12,HINDUNILVR.NS
2026-01-27,2358.25,2317.34,2396.41,HINDUNILVR.NS
2026-01-28,2358.0,2317.53,2397.74,HINDUNILVR.NS
2026-01-29,2351.86,2311.74,2391.22,HINDUNILVR.NS
2026-01-30,2353.07,2312.77,2395.88,HINDUNILVR.NS
2026-02-02,2353.57,2316.84,2398.58,HINDUNILVR.NS
2026-02-03,2358.18,2316.56,2396.48,HINDUNILVR.NS
2026-02-04,2358.95,2318.45,2398.54,HINDUNILVR.NS
2026-02-05,2353.62,2311.47,2394.28,HINDUNILVR.NS
2026-02-06,2355.39,2317.31,2395.13,HINDUNILVR.NS
2026-02-09,2355.74,2320.08,2397.52,HINDUNILVR.NS
2026-02-10,2359.63,2320.07,2400.03,HINDUNILVR.NS
2026-02-11,2359.34,2321.41,2399.75,HINDUNILVR.NS
2026-02-12,2352.6,2313.1,2391.26,HINDUNILVR.NS
2026-02-13,2352.64,2310.84,2392.43,HINDUNILVR.NS
2026-02-16,2346.04,2306.15,2385.49,HINDUNILVR.NS
2026-02-17,2347.13,2306.46,2388.59,HINDUNILVR.NS
2026-02-18,2343.83,2303.98,2385.97,HINDUNILVR.NS
2026-02-19,2333.94,2292.87,2372.69,HINDUNILVR.NS
2026-02-20,2330.69,2288.77,2369.83,HINDUNILVR.NS
2026-02-23,2313.84,2275.7,2352.61,HINDUNILVR.NS
2026-02-24,2311.48,2272.15,2350.74,HINDUNILVR.NS
2026-02-25,2304.76,2264.27,2345.36,HINDUNILVR.NS
2026-02-26,2291.5,2252.02,2329.58,HINDUNILVR.NS
2026-02-27,2284.97,2242.26,2324.82,HINDUNILVR.NS
2026-03-02,2258.9,2215.75,2297.3,HINDUNILVR.NS
2026-03-04,2244.37,2204.59,2284.84,HINDUNILVR.NS
2026-03-05,2228.63,2190.91,2267.39,HINDUNILVR.NS
2026-03-06,2219.8,2178.64,2257.76,HINDUNILVR.NS
2026-03-09,2188.13,2147.77,2226.21,HINDUNILVR.NS
2026-03-10,2181.57,2140.9,2222.9,HINDUNILVR.NS
2026-03-11,2171.1,2128.68,2213.47,HINDUNILVR.NS
2026-03-12,2154.55,2113.87,2193.71,HINDUNILVR.NS
2026-03-13,2145.23,2106.41,2186.9,HINDUNILVR.NS
2026-03-16,2114.27,2071.07,2152.5,HINDUNILVR.NS
2026-03-17,2108.77,2071.66,2150.11,HINDUNILVR.NS
2026-03-18,2099.79,2061.3,2142.29,HINDUNILVR.NS
2026-03-19,2085.21,2043.33,2123.86,HINDUNILVR.NS
2026-03-20,2078.35,2041.91,2115.64,HINDUNILVR.NS
2026-03-23,2057.78,2019.42,2096.07,HINDUNILVR.NS
2026-03-24,2056.75,2015.47,2095.79,HINDUNILVR.NS
2026-03-25,2052.75,2014.13,2091.15,HINDUNILVR.NS
2026-03-27,2042.64,2003.13,2082.71,HINDUNILVR.NS
2026-03-30,2042.02,2000.58,2081.63,HINDUNILVR.NS
2026-04-01,2051.66,2011.9,2092.78,HINDUNILVR.NS
2026-04-02,2050.08,2011.89,2091.07,HINDUNILVR.NS
2026-04-06,2078.3,2036.63,2115.91,HINDUNILVR.NS
2026-04-07,2091.47,2054.25,2129.93,HINDUNILVR.NS
2026-04-08,2101.48,2059.16,2143.18,HINDUNILVR.NS
2026-04-09,2106.04,2065.91,2143.78,HINDUNILVR.NS
2026-04-10,2118.3,2076.54,2156.73,HINDUNILVR.NS
2026-04-13,2153.12,2115.12,2194.01,HINDUNILVR.NS
2026-04-15,2181.56,2138.83,2224.52,HINDUNILVR.NS
2026-04-16,2187.6,2147.16,2226.92,HINDUNILVR.NS
2026-04-17,2200.55,2158.67,2239.37,HINDUNILVR.NS
2026-04-20,2232.81,2189.76,2271.48,HINDUNILVR.NS
2026-04-21,2246.65,2204.78,2283.26,HINDUNILVR.NS
2026-04-22,2255.91,2215.51,2296.52,HINDUNILVR.NS
2026-04-23,2258.31,2220.71,2298.54,HINDUNILVR.NS
2026-04-24,2267.04,2229.32,2306.2,HINDUNILVR.NS
2026-04-27,2283.8,2245.97,2324.72,HINDUNILVR.NS
2026-04-28,2291.75,2251.71,2331.46,HINDUNILVR.NS
2026-04-29,2294.88,2258.09,2334.47,HINDUNILVR.NS
2026-04-30,2290.96,2251.68,2329.19,HINDUNILVR.NS
2026-05-01,2293.27,2255.85,2331.63,HINDUNILVR.NS
2026-05-04,2290.73,2250.28,2333.08,HINDUNILVR.NS
2026-05-05,2292.43,2252.05,2330.96,HINDUNILVR.NS
2026-05-06,2289.48,2248.85,2330.1,HINDUNILVR.NS
2026-05-07,2279.7,2241.24,2320.94,HINDUNILVR.NS
2026-05-08,2276.4,2236.01,2317.47,HINDUNILVR.NS
2026-05-11,2258.88,2219.15,2295.98,HINDUNILVR.NS
2026-05-12,2256.28,2218.99,2298.91,HINDUNILVR.NS
2026-05-13,2249.4,2210.42,2288.04,HINDUNILVR.NS
2026-05-14,2236.09,2200.45,2274.69,HINDUNILVR.NS
2026-05-15,2229.65,2191.19,2268.56,HINDUNILVR.NS
2026-05-18,2205.19,2162.69,2242.59,HINDUNILVR.NS
2026-05-19,2201.12,2157.61,2241.36,HINDUNILVR.NS
2026-05-20,2193.19,2153.61,2233.94,HINDUNILVR.NS
2026-05-21,2179.26,2137.62,2219.53,HINDUNILVR.NS
2026-05-22,2172.65,2130.89,2211.57,HINDUNILVR.NS
2026-05-25,2150.24,2110.35,2190.57,HINDUNILVR.NS
2026-05-26,2147.71,2107.03,2190.91,HINDUNILVR.NS
2026-05-27,2141.75,2100.07,2182.86,HINDUNILVR.NS
2026-05-28,2130.2,2091.38,2173.24,HINDUNILVR.NS
2026-05-29,2126.35,2081.86,2167.26,HINDUNILVR.NS
2026-06-01,2114.43,2078.46,2154.33,HINDUNILVR.NS
2026-06-02,2116.04,2076.14,2154.29,HINDUNILVR.NS
2026-06-03,2114.47,2073.09,2153.41,HINDUNILVR.NS
2026-06-04,2107.52,2066.3,2145.5,HINDUNILVR.NS
2026-06-05,2108.45,2069.31,2151.2,HINDUNILVR.NS
2026-06-08,2111.33,2071.55,2152.4,HINDUNILVR.NS
2026-06-09,2117.82,2078.46,2157.88,HINDUNILVR.NS
2026-06-10,2120.99,2080.57,2159.24,HINDUNILVR.NS
2026-06-11,2118.6,2080.65,2158.85,HINDUNILVR.NS
2026-06-12,2123.81,2084.52,2162.51,HINDUNILVR.NS
2026-06-15,2137.3,2096.26,2176.49,HINDUNILVR.NS
2026-06-16,2146.39,2104.95,2185.23,HINDUNILVR.NS
2026-06-17,2151.63,2113.12,2189.95,HINDUNILVR.NS
2026-06-18,2150.72,2113.22,2191.84,HINDUNILVR.NS
2026-06-19,2156.81,2113.35,2193.85,HINDUNILVR.NS
2026-06-22,2169.23,2132.08,2208.54,HINDUNILVR.NS
2026-06-23,2176.75,2136.85,2218.54,HINDUNILVR.NS
2026-06-24,2179.87,2138.69,2220.7,HINDUNILVR.NS
2026-06-25,2176.31,2137.07,2215.25,HINDUNILVR.NS
2026-06-26,2179.3,2138.32,2218.11,HINDUNILVR.NS
2026-06-29,2180.31,2140.43,2221.62,HINDUNILVR.NS
2026-06-30,2183.61,2141.38,2224.18,HINDUNILVR.NS
2026-07-01,2182.42,2141.02,2225.33,HINDUNILVR.NS
2026-07-02,2174.59,2135.09,2212.63,HINDUNILVR.NS
2026-07-03,2173.41,2135.69,2212.89,HINDUNILVR.NS
2026-07-06,2163.5,2123.34,2201.63,HINDUNILVR.NS
2026-07-07,2163.94,2121.44,2200.76,HINDUNILVR.NS
2026-07-08,2160.4,2118.88,2198.31,HINDUNILVR.NS
2026-07-09,2150.78,2109.85,2191.07,HINDUNILVR.NS
2026-07-10,2148.4,2106.89,2187.04,HINDUNILVR.NS
2026-07-13,2138.67,2100.22,2179.03,HINDUNILVR.NS
2026-07-14,2140.42,2100.47,2180.94,HINDUNILVR.NS
2026-07-15,2138.79,2099.66,2179.97,HINDUNILVR.NS
2026-07-16,2131.62,2092.76,2173.01,HINDUNILVR.NS
2026-07-17,2132.2,2092.5,2174.06,HINDUNILVR.NS
2026-07-20,2133.72,2091.85,2171.26,HINDUNILVR.NS
2026-07-21,2139.76,2099.89,2178.5,HINDUNILVR.NS
2026-07-22,2142.56,2100.6,2182.02,HINDUNILVR.NS
2026-07-23,2139.87,2100.17,2174.92,HINDUNILVR.NS
2026-07-24,2144.91,2106.84,2183.61,HINDUNILVR.NS
2026-07-27,2158.89,2116.35,2200.28,HINDUNILVR.NS
2026-07-28,2168.57,2130.57,2210.19,HINDUNILVR.NS
2026-07-29,2174.68,2136.62,2213.69,HINDUNILVR.NS
2026-07-30,2174.92,2134.25,2214.32,HINDUNILVR.NS
2026-07-31,2182.5,2141.46,2222.81,HINDUNILVR.NS
2026-08-03,2201.7,2164.06,2241.66,HINDUNILVR.NS
2026-08-04,2212.36,2172.7,2253.5,HINDUNILVR.NS
2026-08-05,2219.1,2182.29,2260.01,HINDUNILVR.NS
2026-08-06,2219.68,2180.46,2259.46,HINDUNILVR.NS
2026-08-07,2227.34,2186.69,2267.91,HINDUNILVR.NS
2026-08-10,2245.73,2205.08,2288.94,HINDUNILVR.NS
2026-08-11,2255.95,2213.54,2295.88,HINDUNILVR.NS
2026-08-12,2262.22,2222.38,2301.49,HINDUNILVR.NS
2026-08-13,2262.37,2222.01,2303.67,HINDUNILVR.NS
2026-08-14,2269.66,2229.27,2309.04,HINDUNILVR.NS
2026-08-17,2287.48,2246.81,2331.43,HINDUNILVR.NS
2026-08-18,2297.7,2255.71,2336.87,HINDUNILVR.NS
2026-08-19,2304.08,2262.21,2343.32,HINDUNILVR.NS
2026-08-20,2304.37,2265.81,2342.18,HINDUNILVR.NS
2026-08-21,2311.82,2268.68,2351.57,HINDUNILVR.NS
2026-08-24,2329.78,2288.65,2369.81,HINDUNILVR.NS
2026-08-25,2339.73,2297.34,2376.54,HINDUNILVR.NS
2026-08-26,2345.57,2305.64,2387.59,HINDUNILVR.NS
2026-08-27,2345.02,2304.3,2386.71,HINDUNILVR.NS
2026-08-28,2351.24,2311.82,2390.76,HINDUNILVR.NS
2026-08-31,2362.78,2319.05,2404.26,HINDUNILVR.NS
2026-09-01,2369.56,2329.71,2410.25,HINDUNILVR.NS
2026-09-02,2371.7,2330.35,2411.57,HINDUNILVR.NS
2026-09-03,2366.9,2324.48,2406.36,HINDUNILVR.NS
2025-07-24,1457.54,1434.51,1481.86,ICICIBANK.NS
2025-07-25,1458.34,1433.67,1480.74,ICICIBANK.NS
2025-07-28,1460.51,1435.3,1483.35,ICICIBANK.NS
2025-07-29,1460.3,1437.5,1483.34,ICICIBANK.NS
2025-07-30,1462.92,1437.75,1487.34,ICICIBANK.NS
2025-07-31,1461.84,1437.85,1486.16,ICICIBANK.NS
2025-08-01,1461.04,1436.91,1485.45,ICICIBANK.NS
2025-08-04,1457.46,1433.49,1482.93,ICICIBANK.NS
2025-08-05,1455.12,1431.0,1477.94,ICICIBANK.NS
2025-08-06,1455.57,1430.49,1480.18,ICICIBANK.NS
2025-08-07,1452.32,1429.62,1476.0,ICICIBANK.NS
2025-08-08,1449.38,1425.66,1473.24,ICICIBANK.NS
2025-08-11,1440.11,1416.38,1464.34,ICICIBANK.NS
2025-08-12,1436.26,1411.84,1460.66,ICICIBANK.NS
2025-08-13,1435.44,1412.11,1457.62,ICICIBANK.NS
2025-08-14,1431.22,1407.26,1454.99,ICICIBANK.NS
2025-08-18,1418.47,1394.78,1443.75,ICICIBANK.NS
2025-08-19,1415.35,1389.3,1438.8,ICICIBANK.NS
2025-08-20,1415.6,1391.86,1441.76,ICICIBANK.NS
2025-08-21,1412.75,1388.84,1437.55,ICICIBANK.NS
2025-08-22,1410.82,1387.28,1436.06,ICICIBANK.NS
2025-08-25,1407.84,1382.82,1431.46,ICICIBANK.NS
2025-08-26,1407.02,1380.99,1430.4,ICICIBANK.NS
2025-08-28,1409.01,1386.18,1431.61,ICICIBANK.NS
2025-08-29,1409.25,1384.53,1432.89,ICICIBANK.NS
2025-09-01,1411.6,1386.21,1436.35,ICICIBANK.NS
2025-09-02,1412.01,1388.36,1435.96,ICICIBANK.NS
2025-09-03,1415.45,1392.67,1439.04,ICICIBANK.NS
2025-09-04,1415.39,1390.03,1440.74,ICICIBANK.NS
2025-09-05,1415.75,1390.82,1442.13,ICICIBANK.NS
2025-09-08,1416.18,1390.94,1439.74,ICICIBANK.NS
2025-09-09,1415.23,1391.47,1438.31,ICICIBANK.NS
2025-09-10,1417.0,1391.9,1439.85,ICICIBANK.NS
2025-09-11,1415.01,1392.39,1439.9,ICICIBANK.NS
2025-09-12,1413.23,1388.74,1438.49,ICICIBANK.NS
2025-09-15,1406.57,1382.53,1432.02,ICICIBANK.NS
2025-09-16,1403.25,1377.92,1427.26,ICICIBANK.NS
2025-09-17,1402.77,1378.38,1425.19,ICICIBANK.NS
2025-09-18,1398.7,1374.84,1422.27,ICICIBANK.NS
2025-09-19,1395.09,1370.2,1417.94,ICICIBANK.NS
2025-09-22,1384.88,1360.39,1409.38,ICICIBANK.NS
2025-09-23,1381.16,1355.35,1403.94,ICICIBANK.NS
2025-09-24,1380.72,1355.76,1403.62,ICICIBANK.NS
2025-09-25,1377.11,1354.32,1403.37,ICICIBANK.NS
2025-09-26,1374.39,1350.7,1399.8,ICICIBANK.NS
2025-09-29,1369.25,1345.48,1394.19,ICICIBANK.NS
2025-09-30,1367.87,1344.33,1392.63,ICICIBANK.NS
2025-10-01,1370.01,1345.72,1393.43,ICICIBANK.NS
2025-10-03,1369.32,1344.96,1394.42,ICICIBANK.NS
2025-10-06,1372.68,1349.04,1398.89,ICICIBANK.NS
2025-10-07,1373.86,1350.01,1399.11,ICICIBANK.NS
2025-10-08,1378.29,1355.11,1402.7,ICICIBANK.NS
2025-10-09,1379.42,1354.4,1403.86,ICICIBANK.NS
2025-10-10,1381.17,1356.53,1405.89,ICICIBANK.NS
2025-10-13,1386.66,1362.42,1411.01,ICICIBANK.NS
2025-10-14,1387.59,1361.75,1410.79,ICICIBANK.NS
2025-10-15,1391.29,1366.08,1415.89,ICICIBANK.NS
2025-10-16,1391.23,1365.87,1416.52,ICICIBANK.NS
2025-10-17,1391.35,1367.59,1413.35,ICICIBANK.NS
2025-10-20,1389.78,1364.99,1415.04,ICICIBANK.NS
2025-10-21,1387.83,1364.72,1412.37,ICICIBANK.NS
2025-10-23,1385.39,1362.86,1410.0,ICICIBANK.NS
2025-10-24,1382.46,1359.55,1405.09,ICICIBANK.NS
2025-10-27,1372.69,1349.27,1398.55,ICICIBANK.NS
2025-10-28,1368.59,1341.72,1392.57,ICICIBANK.NS
2025-10-29,1367.52,1343.85,1391.46,ICICIBANK.NS
2025-10-30,1363.08,1339.4,1388.05,ICICIBANK.NS
2025-10-31,1359.32,1334.29,1384.28,ICICIBANK.NS
2025-11-03,1350.28,1325.27,1373.58,ICICIBANK.NS
2025-11-04,1347.48,1323.26,1372.48,ICICIBANK.NS
2025-11-06,1346.05,1322.56,1369.85,ICICIBANK.NS
2025-11-07,1344.99,1319.65,1369.52,ICICIBANK.NS
2025-11-10,1345.86,1322.87,1372.15,ICICIBANK.NS
2025-11-11,1346.73,1324.94,1372.77,ICICIBANK.NS
2025-11-12,1351.17,1326.58,1376.83,ICICIBANK.NS
2025-11-13,1352.65,1329.42,1377.46,ICICIBANK.NS
2025-11-14,1355.11,1330.89,1378.32,ICICIBANK.NS
2025-11-17,1364.88,1340.87,1389.27,ICICIBANK.NS
2025-11-18,1367.93,1344.25,1392.11,ICICIBANK.NS
2025-11-19,1374.07,1348.13,1397.49,ICICIBANK.NS
2025-11-20,1376.71,1352.7,1400.36,ICICIBANK.NS
2025-11-21,1379.77,1356.53,1403.77,ICICIBANK.NS
2025-11-24,1387.94,1363.42,1413.57,ICICIBANK.NS
2025-11-25,1389.37,1365.12,1413.67,ICICIBANK.NS
2025-11-26,1393.39,1369.22,1418.7,ICICIBANK.NS
2025-11-27,1393.48,1367.77,1417.07,ICICIBANK.NS
2025-11-28,1393.6,1369.04,1418.13,ICICIBANK.NS
2025-12-01,1391.47,1368.04,1414.45,ICICIBANK.NS
2025-12-02,1389.23,1365.44,1412.89,ICICIBANK.NS
2025-12-03,1389.61,1365.6,1414.16,ICICIBANK.NS
2025-12-04,1386.17,1360.06,1408.92,ICICIBANK.NS
2025-12-05,1382.97,1357.96,1408.47,ICICIBANK.NS
2025-12-08,1372.78,1347.85,1395.59,ICICIBANK.NS
2025-12-09,1368.7,1344.12,1393.21,ICICIBANK.NS
2025-12-10,1367.74,1344.38,1390.23,ICICIBANK.NS
2025-12-11,1363.49,1338.77,1387.64,ICICIBANK.NS
2025-12-12,1360.02,1337.17,1384.02,ICICIBANK.NS
2025-12-15,1352.22,1327.14,1375.18,ICICIBANK.NS
2025-12-16,1349.93,1327.02,1373.3,ICICIBANK.NS
2025-12-17,1351.18,1329.23,1376.42,ICICIBANK.NS
2025-12-18,1349.52,1325.53,1375.4,ICICIBANK.NS
2025-12-19,1348.95,1325.14,1374.14,ICICIBANK.NS
2025-12-22,1350.97,1326.67,1375.3,ICICIBANK.NS
2025-12-23,1352.07,1328.43,1376.5,ICICIBANK.NS
2025-12-24,1356.66,1332.44,1381.81,ICICIBANK.NS
2025-12-26,1360.59,1336.28,1386.32,ICICIBANK.NS
2025-12-29,1369.69,1345.08,1394.71,ICICIBANK.NS
2025-12-30,1372.38,1346.18,1397.07,ICICIBANK.NS
2025-12-31,1378.1,1354.73,1403.02,ICICIBANK.NS
2026-01-01,1380.32,1355.79,1403.92,ICICIBANK.NS
2026-01-02,1382.94,1359.3,1407.98,ICICIBANK.NS
2026-01-05,1390.05,1365.71,1414.02,ICICIBANK.NS
2026-01-06,1391.28,1369.07,1414.49,ICICIBANK.NS
2026-01-07,1395.21,1368.25,1417.65,ICICIBANK.NS
2026-01-08,1395.35,1371.74,1419.46,ICICIBANK.NS
2026-01-09,1395.67,1372.07,1420.68,ICICIBANK.NS
2026-01-12,1395.1,1369.43,1419.83,ICICIBANK.NS
2026-01-13,1393.73,1369.51,1417.26,ICICIBANK.NS
2026-01-14,1395.14,1369.87,1420.38,ICICIBANK.NS
2026-01-15,1392.89,1369.24,1416.44,ICICIBANK.NS
2026-01-16,1391.01,1365.27,1414.34,ICICIBANK.NS
2026-01-19,1385.44,1363.02,1410.61,ICICIBANK.NS
2026-01-20,1383.03,1358.09,1405.85,ICICIBANK.NS
2026-01-21,1383.76,1358.19,1408.26,ICICIBANK.NS
2026-01-22,1381.19,1357.31,1405.45,ICICIBANK.NS
2026-01-23,1379.36,1355.71,1402.32,ICICIBANK.NS
2026-01-27,1374.87,1351.08,1398.52,ICICIBANK.NS
2026-01-28,1377.17,1354.72,1402.25,ICICIBANK.NS
2026-01-29,1376.39,1353.56,1399.75,ICICIBANK.NS
2026-01-30,1376.5,1350.14,1400.61,ICICIBANK.NS
2026-02-02,1379.45,1354.42,1402.24,ICICIBANK.NS
2026-02-03,1380.49,1355.47,1404.95,ICICIBANK.NS
2026-02-04,1384.84,1361.41,1409.16,ICICIBANK.NS
2026-02-05,1385.97,1361.44,1409.78,ICICIBANK.NS
2026-02-06,1387.84,1362.39,1413.27,ICICIBANK.NS
2026-02-09,1394.64,1370.5,1420.75,ICICIBANK.NS
2026-02-10,1396.4,1372.92,1420.48,ICICIBANK.NS
2026-02-11,1401.14,1375.32,1425.82,ICICIBANK.NS
2026-02-12,1402.31,1379.43,1426.36,ICICIBANK.NS
2026-02-13,1403.86,1378.34,1429.06,ICICIBANK.NS
2026-02-16,1407.54,1384.0,1430.89,ICICIBANK.NS
2026-02-17,1407.54,1384.3,1431.14,ICICIBANK.NS
2026-02-18,1410.17,1385.74,1433.46,ICICIBANK.NS
2026-02-19,1408.92,1384.15,1432.73,ICICIBANK.NS
2026-02-20,1407.75,1383.89,1433.76,ICICIBANK.NS
2026-02-23,1401.7,1375.84,1425.45,ICICIBANK.NS
2026-02-24,1398.05,1372.82,1421.02,ICICIBANK.NS
2026-02-25,1396.89,1373.91,1422.08,ICICIBANK.NS
2026-02-26,1391.73,1368.83,1416.37,ICICIBANK.NS
2026-02-27,1386.59,1361.14,1411.37,ICICIBANK.NS
2026-03-02,1368.7,1344.31,1396.15,ICICIBANK.NS
2026-03-04,1356.49,1333.9,1380.79,ICICIBANK.NS
2026-03-05,1347.94,1323.96,1373.56,ICICIBANK.NS
2026-03-06,1339.65,1315.16,1365.66,ICICIBANK.NS
2026-03-09,1314.27,1289.73,1336.75,ICICIBANK.NS
2026-03-10,1305.14,1281.71,1329.32,ICICIBANK.NS
2026-03-11,1299.12,1274.6,1325.28,ICICIBANK.NS
2026-03-12,1289.8,1265.37,1313.78,ICICIBANK.NS
2026-03-13,1281.26,1257.42,1305.11,ICICIBANK.NS
2026-03-16,1258.4,1235.55,1281.8,ICICIBANK.NS
2026-03-17,1251.21,1227.73,1274.16,ICICIBANK.NS
2026-03-18,1247.69,1223.74,1272.25,ICICIBANK.NS
2026-03-19,1241.4,1216.89,1265.45,ICICIBANK.NS
2026-03-20,1236.42,1211.86,1259.28,ICICIBANK.NS
2026-03-23,1226.97,1203.51,1251.89,ICICIBANK.NS
2026-03-24,1225.02,1200.6,1250.12,ICICIBANK.NS
2026-03-25,1227.02,1201.79,1250.65,ICICIBANK.NS
2026-03-27,1227.42,1204.47,1251.08,ICICIBANK.NS
2026-03-30,1235.84,1210.52,1259.94,ICICIBANK.NS
2026-04-01,1247.13,1223.17,1270.46,ICICIBANK.NS
2026-04-02,1251.77,1224.87,1274.73,ICICIBANK.NS
2026-04-06,1277.12,1252.1,1301.61,ICICIBANK.NS
2026-04-07,1283.45,1259.2,1306.73,ICICIBANK.NS
2026-04-08,1292.8,1269.27,1316.15,ICICIBANK.NS
2026-04-09,1298.6,1273.62,1321.32,ICICIBANK.NS
2026-04-10,1304.72,1279.63,1330.21,ICICIBANK.NS
2026-04-13,1321.36,1298.34,1345.99,ICICIBANK.NS
2026-04-15,1331.65,1305.92,1355.91,ICICIBANK.NS
2026-04-16,1333.87,1309.16,1358.89,ICICIBANK.NS
2026-04-17,1335.91,1311.0,1361.41,ICICIBANK.NS
2026-04-20,1337.99,1313.49,1361.83,ICICIBANK.NS
2026-04-21,1336.59,1313.05,1360.56,ICICIBANK.NS
2026-04-22,1337.5,1313.4,1362.28,ICICIBANK.NS
2026-04-23,1334.27,1311.4,1358.48,ICICIBANK.NS
2026-04-24,1330.95,1305.86,1353.25,ICICIBANK.NS
2026-04-27,1318.27,1295.19,1344.35,ICICIBANK.NS
2026-04-28,1312.65,1289.93,1337.65,ICICIBANK.NS
2026-04-29,1309.79,1283.44,1332.37,ICICIBANK.NS
2026-04-30,1303.3,1277.91,1326.18,ICICIBANK.NS
2026-05-01,1297.25,1271.74,1322.52,ICICIBANK.NS
2026-05-04,1279.87,1255.81,1304.59,ICICIBANK.NS
2026-05-05,1273.85,1247.71,1298.45,ICICIBANK.NS
2026-05-06,1271.17,1245.94,1295.92,ICICIBANK.NS
2026-05-07,1265.38,1240.14,1290.46,ICICIBANK.NS
2026-05-08,1260.54,1235.8,1285.11,ICICIBANK.NS
2026-05-11,1249.33,1223.11,1273.81,ICICIBANK.NS
2026-05-12,1246.03,1223.0,1268.99,ICICIBANK.NS
2026-05-13,1246.29,1221.69,1271.24,ICICIBANK.NS
2026-05-14,1243.61,1219.93,1268.23,ICICIBANK.NS
2026-05-15,1241.99,1218.27,1267.75,ICICIBANK.NS
2026-05-18,1240.46,1216.84,1265.31,ICICIBANK.NS
2026-05-19,1240.22,1217.04,1263.55,ICICIBANK.NS
2026-05-20,1243.4,1219.86,1268.22,ICICIBANK.NS
2026-05-21,1243.47,1219.34,1269.14,ICICIBANK.NS
2026-05-22,1244.38,1219.91,1269.65,ICICIBANK.NS
2026-05-25,1249.11,1222.97,1271.58,ICICIBANK.NS
2026-05-26,1250.51,1227.85,1275.52,ICICIBANK.NS
2026-05-27,1255.12,1231.16,1280.97,ICICIBANK.NS
2026-05-28,1256.41,1232.27,1281.31,ICICIBANK.NS
2026-05-29,1258.39,1233.99,1283.17,ICICIBANK.NS
2026-06-01,1265.58,1242.0,1288.98,ICICIBANK.NS
2026-06-02,1267.66,1243.55,1291.86,ICICIBANK.NS
2026-06-03,1272.91,1247.22,1296.91,ICICIBANK.NS
2026-06-04,1274.87,1251.37,1299.27,ICICIBANK.NS
2026-06-05,1277.52,1253.21,1300.15,ICICIBANK.NS
2026-06-08,1287.11,1261.5,1311.46,ICICIBANK.NS
2026-06-09,1290.13,1264.42,1314.36,ICICIBANK.NS
2026-06-10,1296.41,1271.87,1321.85,ICICIBANK.NS
2026-06-11,1299.46,1275.27,1324.37,ICICIBANK.NS
2026-06-12,1303.27,1279.4,1328.35,ICICIBANK.NS
2026-06-15,1316.51,1292.79,1338.77,ICICIBANK.NS
2026-06-16,1320.74,1296.71,1345.75,ICICIBANK.NS
2026-06-17,1328.17,1305.03,1351.25,ICICIBANK.NS
2026-06-18,1332.28,1308.37,1356.7,ICICIBANK.NS
2026-06-19,1337.06,1312.13,1361.09,ICICIBANK.NS
2026-06-22,1352.25,1326.33,1376.42,ICICIBANK.NS
2026-06-23,1356.75,1332.09,1380.79,ICICIBANK.NS
2026-06-24,1364.24,1342.23,1388.12,ICICIBANK.NS
2026-06-25,1368.2,1343.95,1392.4,ICICIBANK.NS
2026-06-26,1372.59,1349.33,1396.59,ICICIBANK.NS
2026-06-29,1385.35,1361.15,1409.21,ICICIBANK.NS
2026-06-30,1388.66,1362.21,1413.97,ICICIBANK.NS
2026-07-01,1394.8,1369.79,1418.57,ICICIBANK.NS
2026-07-02,1397.28,1373.33,1421.79,ICICIBANK.NS
2026-07-03,1400.1,1375.17,1424.29,ICICIBANK.NS
2026-07-06,1407.9,1383.57,1431.79,ICICIBANK.NS
2026-07-07,1409.58,1383.95,1433.24,ICICIBANK.NS
2026-07-08,1414.16,1390.76,1438.82,ICICIBANK.NS
2026-07-09,1415.18,1391.01,1438.83,ICICIBANK.NS
2026-07-10,1416.65,1392.62,1439.38,ICICIBANK.NS
2026-07-13,1421.25,1395.6,1447.43,ICICIBANK.NS
2026-07-14,1422.19,1397.16,1446.9,ICICIBANK.NS
2026-07-15,1426.17,1402.61,1449.13,ICICIBANK.NS
2026-07-16,1426.74,1403.32,1450.37,ICICIBANK.NS
2026-07-17,1427.88,1401.64,1451.59,ICICIBANK.NS
2026-07-20,1432.07,1407.78,1457.45,ICICIBANK.NS
2026-07-21,1432.95,1409.65,1455.57,ICICIBANK.NS
2026-07-22,1436.87,1411.4,1461.88,ICICIBANK.NS
2026-07-23,1437.33,1412.43,1462.05,ICICIBANK.NS
2026-07-24,1438.29,1412.71,1463.34,ICICIBANK.NS
2026-07-27,1441.16,1417.38,1464.6,ICICIBANK.NS
2026-07-28,1441.27,1417.82,1465.54,ICICIBANK.NS
2026-07-29,1444.23,1419.55,1468.24,ICICIBANK.NS
2026-07-30,1443.53,1419.93,1468.41,ICICIBANK.NS
2026-07-31,1443.12,1419.69,1466.24,ICICIBANK.NS
2026-08-03,1440.82,1416.43,1464.87,ICICIBANK.NS
2026-08-04,1438.9,1416.64,1462.66,ICICIBANK.NS
2026-08-05,1439.75,1414.12,1463.27,ICICIBANK.NS
2026-08-06,1436.86,1414.89,1461.6,ICICIBANK.NS
2026-08-07,1434.26,1409.94,1457.19,ICICIBANK.NS
2026-08-10,1425.72,1402.17,1451.72,ICICIBANK.NS
2026-08-11,1422.0,1397.33,1446.25,ICICIBANK.NS
2026-08-12,1421.25,1394.6,1445.86,ICICIBANK.NS
2026-08-13,1417.03,1391.58,1443.78,ICICIBANK.NS
2026-08-14,1413.38,1389.76,1436.28,ICICIBANK.NS
2026-08-17,1403.64,1379.39,1427.57,ICICIBANK.NS
2026-08-18,1400.23,1375.72,1424.87,ICICIBANK.NS
2026-08-19,1400.13,1375.83,1424.81,ICICIBANK.NS
2026-08-20,1396.89,1372.46,1422.29,ICICIBANK.NS
2026-08-21,1394.54,1369.96,1418.39,ICICIBANK.NS
2026-08-24,1390.27,1364.09,1414.82,ICICIBANK.NS
2026-08-25,1389.04,1365.02,1411.58,ICICIBANK.NS
2026-08-26,1391.22,1366.87,1416.53,ICICIBANK.NS
2026-08-27,1390.3,1366.65,1414.87,ICICIBANK.NS
2026-08-28,1390.24,1365.89,1414.9,ICICIBANK.NS
2026-08-31,1392.07,1368.37,1415.67,ICICIBANK.NS
2026-09-01,1392.44,1368.74,1416.8,ICICIBANK.NS
2026-09-02,1395.93,1371.08,1421.23,ICICIBANK.NS
2026-09-03,1395.97,1369.72,1419.5,ICICIBANK.NS
2025-07-24,825.95,806.31,844.8,INDUSINDBK.NS
2025-07-25,823.5,804.12,842.62,INDUSINDBK.NS
2025-07-28,814.89,795.1,834.66,INDUSINDBK.NS
2025-07-29,814.24,794.91,833.94,INDUSINDBK.NS
2025-07-30,815.09,795.79,835.36,INDUSINDBK.NS
2025-07-31,807.84,788.22,827.88,INDUSINDBK.NS
2025-08-01,804.14,785.0,823.27,INDUSINDBK.NS
2025-08-04,793.85,775.68,813.8,INDUSINDBK.NS
2025-08-05,793.28,772.5,811.16,INDUSINDBK.NS
2025-08-06,794.5,774.86,812.54,INDUSINDBK.NS
2025-08-07,787.87,769.12,805.97,INDUSINDBK.NS
2025-08-08,785.01,766.99,804.06,INDUSINDBK.NS
2025-08-11,778.11,758.16,798.44,INDUSINDBK.NS
2025-08-12,778.84,759.48,798.59,INDUSINDBK.NS
2025-08-13,781.35,760.4,800.67,INDUSINDBK.NS
2025-08-14,775.99,755.57,795.28,INDUSINDBK.NS
2025-08-18,770.35,750.57,790.71,INDUSINDBK.NS
2025-08-19,771.76,752.4,789.63,INDUSINDBK.NS
2025-08-20,774.78,756.02,794.48,INDUSINDBK.NS
2025-08-21,769.76,750.03,789.75,INDUSINDBK.NS
2025-08-22,768.27,746.59,787.7,INDUSINDBK.NS
2025-08-25,763.88,746.25,784.39,INDUSINDBK.NS
2025-08-26,764.89,745.07,784.41,INDUSINDBK.NS
2025-08-28,761.86,741.55,782.2,INDUSINDBK.NS
2025-08-29,759.77,740.57,778.91,INDUSINDBK.NS
2025-09-01,753.7,734.02,772.44,INDUSINDBK.NS
2025-09-02,754.25,734.89,774.12,INDUSINDBK.NS
2025-09-03,756.41,736.36,775.45,INDUSINDBK.NS
2025-09-04,750.57,730.35,769.69,INDUSINDBK.NS
2025-09-05,748.33,729.3,767.71,INDUSINDBK.NS
2025-09-08,742.56,723.89,760.66,INDUSINDBK.NS
2025-09-09,743.47,723.15,762.46,INDUSINDBK.NS
2025-09-10,746.13,727.13,766.05,INDUSINDBK.NS
2025-09-11,740.9,721.28,762.61,INDUSINDBK.NS
2025-09-12,739.38,720.9,759.39,INDUSINDBK.NS
2025-09-15,736.18,716.36,755.9,INDUSINDBK.NS
2025-09-16,738.03,719.21,757.5,INDUSINDBK.NS
2025-09-17,741.63,721.8,763.09,INDUSINDBK.NS
2025-09-18,737.32,717.09,755.16,INDUSINDBK.NS
2025-09-19,736.68,717.46,756.43,INDUSINDBK.NS
2025-09-22,735.75,716.35,755.84,INDUSINDBK.NS
2025-09-23,738.18,719.36,757.2,INDUSINDBK.NS
2025-09-24,742.27,724.15,762.72,INDUSINDBK.NS
2025-09-25,738.35,718.81,758.11,INDUSINDBK.NS
2025-09-26,738.0,717.89,756.17,INDUSINDBK.NS
2025-09-29,737.41,717.18,756.6,INDUSINDBK.NS
2025-09-30,739.83,720.09,760.08,INDUSINDBK.NS
2025-10-01,743.86,725.45,762.16,INDUSINDBK.NS
2025-10-03,739.42,721.11,760.27,INDUSINDBK.NS
2025-10-06,738.77,718.43,758.02,INDUSINDBK.NS
2025-10-07,741.29,722.48,760.02,INDUSINDBK.NS
2025-10-08,745.5,725.89,763.46,INDUSINDBK.NS
2025-10-09,741.78,721.05,761.87,INDUSINDBK.NS
2025-10-10,741.75,722.15,761.3,INDUSINDBK.NS
2025-10-13,742.99,721.76,761.11,INDUSINDBK.NS
2025-10-14,746.38,727.03,765.95,INDUSINDBK.NS
2025-10-15,751.57,730.96,770.34,INDUSINDBK.NS
2025-10-16,748.93,729.43,768.8,INDUSINDBK.NS
2025-10-17,750.06,731.46,770.59,INDUSINDBK.NS
2025-10-20,755.13,735.55,773.79,INDUSINDBK.NS
2025-10-21,759.85,739.99,778.9,INDUSINDBK.NS
2025-10-23,765.01,745.84,785.19,INDUSINDBK.NS
2025-10-24,767.37,748.15,788.65,INDUSINDBK.NS
2025-10-27,775.66,754.9,795.19,INDUSINDBK.NS
2025-10-28,781.24,762.25,800.07,INDUSINDBK.NS
2025-10-29,788.48,769.12,807.89,INDUSINDBK.NS
2025-10-30,787.73,768.48,806.64,INDUSINDBK.NS
2025-10-31,790.56,771.12,810.05,INDUSINDBK.NS
2025-11-03,799.45,779.75,818.72,INDUSINDBK.NS
2025-11-04,804.96,786.45,825.31,INDUSINDBK.NS
2025-11-06,810.99,790.68,829.7,INDUSINDBK.NS
2025-11-07,813.44,793.86,832.79,INDUSINDBK.NS
2025-11-10,820.74,799.64,839.1,INDUSINDBK.NS
2025-11-11,825.61,805.26,845.3,INDUSINDBK.NS
2025-11-12,832.0,812.81,849.4,INDUSINDBK.NS
2025-11-13,830.26,811.03,849.93,INDUSINDBK.NS
2025-11-14,831.98,812.58,852.01,INDUSINDBK.NS
2025-11-17,837.0,815.74,856.88,INDUSINDBK.NS
2025-11-18,841.09,821.26,860.03,INDUSINDBK.NS
2025-11-19,846.68,827.82,867.25,INDUSINDBK.NS
2025-11-20,844.13,824.46,864.18,INDUSINDBK.NS
2025-11-21,845.01,826.86,863.54,INDUSINDBK.NS
2025-11-24,847.33,829.04,866.66,INDUSINDBK.NS
2025-11-25,850.43,831.78,871.59,INDUSINDBK.NS
2025-11-26,854.99,834.29,874.53,INDUSINDBK.NS
2025-11-27,851.36,831.9,872.06,INDUSINDBK.NS
2025-11-28,851.12,831.54,870.37,INDUSINDBK.NS
2025-12-01,849.8,829.72,868.99,INDUSINDBK.NS
2025-12-02,851.64,830.95,870.4,INDUSINDBK.NS
2025-12-03,854.94,835.42,874.55,INDUSINDBK.NS
2025-12-04,850.05,829.75,869.34,INDUSINDBK.NS
2025-12-05,848.58,828.76,868.26,INDUSINDBK.NS
2025-12-08,844.01,823.72,862.2,INDUSINDBK.NS
2025-12-09,845.0,826.44,863.72,INDUSINDBK.NS
2025-12-10,847.59,829.38,867.77,INDUSINDBK.NS
2025-12-11,842.18,822.07,861.31,INDUSINDBK.NS
2025-12-12,840.39,822.08,859.74,INDUSINDBK.NS
2025-12-15,836.3,816.37,856.18,INDUSINDBK.NS
2025-12-16,837.96,817.56,856.22,INDUSINDBK.NS
2025-12-17,841.5,821.26,858.27,INDUSINDBK.NS
2025-12-18,837.31,817.82,857.14,INDUSINDBK.NS
2025-12-19,837.0,817.41,856.85,INDUSINDBK.NS
2025-12-22,838.76,819.59,858.27,INDUSINDBK.NS
2025-12-23,842.76,823.95,861.56,INDUSINDBK.NS
2025-12-24,848.76,829.23,867.72,INDUSINDBK.NS
2025-12-26,849.45,830.39,869.52,INDUSINDBK.NS
2025-12-29,858.87,838.81,878.57,INDUSINDBK.NS
2025-12-30,865.2,844.4,885.81,INDUSINDBK.NS
2025-12-31,873.33,854.86,893.04,INDUSINDBK.NS
2026-01-01,873.59,854.16,894.13,INDUSINDBK.NS
2026-01-02,877.5,857.74,896.85,INDUSINDBK.NS
2026-01-05,889.66,869.8,909.49,INDUSINDBK.NS
2026-01-06,896.12,877.02,915.27,INDUSINDBK.NS
2026-01-07,903.99,883.61,923.17,INDUSINDBK.NS
2026-01-08,903.58,883.39,921.88,INDUSINDBK.NS
2026-01-09,906.42,885.74,925.57,INDUSINDBK.NS
2026-01-12,913.17,893.26,931.89,INDUSINDBK.NS
2026-01-13,917.21,899.6,936.87,INDUSINDBK.NS
2026-01-14,922.43,903.29,941.63,INDUSINDBK.NS
2026-01-15,919.18,897.88,939.37,INDUSINDBK.NS
2026-01-16,919.06,899.81,939.78,INDUSINDBK.NS
2026-01-19,916.8,897.15,937.45,INDUSINDBK.NS
2026-01-20,918.01,899.49,937.69,INDUSINDBK.NS
2026-01-21,920.57,900.96,940.83,INDUSINDBK.NS
2026-01-22,914.92,894.78,934.38,INDUSINDBK.NS
2026-01-23,912.68,894.92,931.57,INDUSINDBK.NS
2026-01-27,906.87,887.78,925.76,INDUSINDBK.NS
2026-01-28,909.29,891.11,930.48,INDUSINDBK.NS
2026-01-29,903.92,884.78,923.76,INDUSINDBK.NS
2026-01-30,902.39,882.94,921.41,INDUSINDBK.NS
2026-02-02,900.34,879.66,919.57,INDUSINDBK.NS
2026-02-03,903.07,884.0,922.87,INDUSINDBK.NS
2026-02-04,907.83,888.28,926.48,INDUSINDBK.NS
2026-02-05,904.96,886.34,925.79,INDUSINDBK.NS
2026-02-06,906.04,885.7,925.58,INDUSINDBK.NS
2026-02-09,911.83,892.94,931.54,INDUSINDBK.NS
2026-02-10,916.94,898.08,936.0,INDUSINDBK.NS
2026-02-11,923.85,904.1,942.88,INDUSINDBK.NS
2026-02-12,922.85,903.66,941.18,INDUSINDBK.NS
2026-02-13,925.47,907.4,944.7,INDUSINDBK.NS
2026-02-16,933.38,914.4,952.83,INDUSINDBK.NS
2026-02-17,938.27,918.54,958.29,INDUSINDBK.NS
2026-02-18,944.47,925.32,964.06,INDUSINDBK.NS
2026-02-19,942.27,922.93,961.45,INDUSINDBK.NS
2026-02-20,943.2,924.03,961.63,INDUSINDBK.NS
2026-02-23,943.37,923.88,962.48,INDUSINDBK.NS
2026-02-24,944.9,926.45,964.13,INDUSINDBK.NS
2026-02-25,947.42,927.57,967.09,INDUSINDBK.NS
2026-02-26,941.28,922.04,960.42,INDUSINDBK.NS
2026-02-27,938.08,919.67,957.74,INDUSINDBK.NS
2026-03-02,925.29,905.73,945.48,INDUSINDBK.NS
2026-03-04,920.88,900.89,940.5,INDUSINDBK.NS
2026-03-05,910.75,890.52,931.31,INDUSINDBK.NS
2026-03-06,903.8,884.77,923.43,INDUSINDBK.NS
2026-03-09,881.64,862.94,900.52,INDUSINDBK.NS
2026-03-10,876.52,859.03,896.86,INDUSINDBK.NS
2026-03-11,872.94,852.99,890.78,INDUSINDBK.NS
2026-03-12,861.33,842.64,882.92,INDUSINDBK.NS
2026-03-13,853.34,835.16,871.63,INDUSINDBK.NS
2026-03-16,830.83,811.61,852.33,INDUSINDBK.NS
2026-03-17,826.48,807.3,845.46,INDUSINDBK.NS
2026-03-18,824.07,805.49,842.44,INDUSINDBK.NS
2026-03-19,814.03,793.66,833.0,INDUSINDBK.NS
2026-03-20,807.96,787.47,828.25,INDUSINDBK.NS
2026-03-23,793.08,773.89,812.63,INDUSINDBK.NS
2026-03-24,791.77,771.93,811.42,INDUSINDBK.NS
2026-03-25,792.61,772.95,810.99,INDUSINDBK.NS
2026-03-27,783.42,762.88,802.54,INDUSINDBK.NS
2026-03-30,779.56,760.51,798.98,INDUSINDBK.NS
2026-04-01,786.52,766.1,805.36,INDUSINDBK.NS
2026-04-02,783.54,763.58,803.39,INDUSINDBK.NS
2026-04-06,791.02,771.21,810.88,INDUSINDBK.NS
2026-04-07,796.61,774.9,816.64,INDUSINDBK.NS
2026-04-08,804.2,784.21,823.88,INDUSINDBK.NS
2026-04-09,804.1,784.07,824.42,INDUSINDBK.NS
2026-04-10,807.87,787.34,827.83,INDUSINDBK.NS
2026-04-13,821.22,802.32,840.08,INDUSINDBK.NS
2026-04-15,837.93,818.22,857.8,INDUSINDBK.NS
2026-04-16,839.24,819.26,858.07,INDUSINDBK.NS
2026-04-17,844.16,823.89,862.58,INDUSINDBK.NS
2026-04-20,859.35,839.97,879.23,INDUSINDBK.NS
2026-04-21,866.89,848.45,886.11,INDUSINDBK.NS
2026-04-22,875.9,857.97,893.82,INDUSINDBK.NS
2026-04-23,876.71,857.1,895.39,INDUSINDBK.NS
2026-04-24,880.87,861.34,899.69,INDUSINDBK.NS
2026-04-27,892.24,871.08,910.63,INDUSINDBK.NS
2026-04-28,898.06,879.01,917.46,INDUSINDBK.NS
2026-04-29,905.15,886.69,924.86,INDUSINDBK.NS
2026-04-30,903.86,883.25,922.66,INDUSINDBK.NS
2026-05-01,905.79,886.04,924.74,INDUSINDBK.NS
2026-05-04,909.92,891.32,930.06,INDUSINDBK.NS
2026-05-05,913.26,894.68,932.78,INDUSINDBK.NS
2026-05-06,917.89,898.52,937.27,INDUSINDBK.NS
2026-05-07,914.22,895.71,934.06,INDUSINDBK.NS
2026-05-08,913.83,892.98,933.34,INDUSINDBK.NS
2026-05-11,911.88,891.11,932.16,INDUSINDBK.NS
2026-05-12,913.55,893.59,933.0,INDUSINDBK.NS
2026-05-13,916.73,899.08,937.21,INDUSINDBK.NS
2026-05-14,911.82,893.37,930.97,INDUSINDBK.NS
2026-05-15,910.44,890.9,931.2,INDUSINDBK.NS
2026-05-18,906.88,886.69,927.54,INDUSINDBK.NS
2026-05-19,908.44,889.52,927.62,INDUSINDBK.NS
2026-05-20,911.72,893.13,929.43,INDUSINDBK.NS
2026-05-21,907.08,888.07,927.73,INDUSINDBK.NS
2026-05-22,906.12,887.21,925.88,INDUSINDBK.NS
2026-05-25,904.44,884.34,924.86,INDUSINDBK.NS
2026-05-26,906.75,887.59,925.63,INDUSINDBK.NS
2026-05-27,910.78,890.08,931.75,INDUSINDBK.NS
2026-05-28,906.87,887.77,926.34,INDUSINDBK.NS
2026-05-29,906.59,887.79,927.37,INDUSINDBK.NS
2026-06-01,906.52,886.63,926.28,INDUSINDBK.NS
2026-06-02,909.16,889.58,928.82,INDUSINDBK.NS
2026-06-03,913.4,894.1,931.07,INDUSINDBK.NS
2026-06-04,909.6,890.13,927.62,INDUSINDBK.NS
2026-06-05,909.32,889.57,929.12,INDUSINDBK.NS
2026-06-08,908.77,890.2,927.88,INDUSINDBK.NS
2026-06-09,911.15,890.82,931.3,INDUSINDBK.NS
2026-06-10,915.14,897.2,935.84,INDUSINDBK.NS
2026-06-11,911.1,893.36,931.64,INDUSINDBK.NS
2026-06-12,910.64,891.29,930.72,INDUSINDBK.NS
2026-06-15,910.16,890.49,929.74,INDUSINDBK.NS
2026-06-16,912.86,893.36,931.12,INDUSINDBK.NS
2026-06-17,917.36,898.77,936.19,INDUSINDBK.NS
2026-06-18,914.04,894.66,933.23,INDUSINDBK.NS
2026-06-19,914.52,895.1,933.38,INDUSINDBK.NS
2026-06-22,918.21,899.43,936.87,INDUSINDBK.NS
2026-06-23,922.74,904.43,942.33,INDUSINDBK.NS
2026-06-24,929.25,909.81,948.66,INDUSINDBK.NS
2026-06-25,928.1,909.49,948.1,INDUSINDBK.NS
2026-06-26,930.89,911.0,950.58,INDUSINDBK.NS
2026-06-29,941.91,922.89,961.36,INDUSINDBK.NS
2026-06-30,948.88,928.49,967.47,INDUSINDBK.NS
2026-07-01,957.73,939.16,977.69,INDUSINDBK.NS
2026-07-02,958.8,940.16,979.36,INDUSINDBK.NS
2026-07-03,963.62,944.62,983.74,INDUSINDBK.NS
2026-07-06,979.16,959.87,998.31,INDUSINDBK.NS
2026-07-07,986.98,967.26,1006.22,INDUSINDBK.NS
2026-07-08,996.31,975.83,1015.33,INDUSINDBK.NS
2026-07-09,997.46,978.74,1015.1,INDUSINDBK.NS
2026-07-10,1001.95,982.68,1022.98,INDUSINDBK.NS
2026-07-13,1014.0,994.64,1033.88,INDUSINDBK.NS
2026-07-14,1019.87,1001.31,1040.65,INDUSINDBK.NS
2026-07-15,1026.88,1007.93,1045.65,INDUSINDBK.NS
2026-07-16,1025.38,1007.15,1045.45,INDUSINDBK.NS
2026-07-17,1026.93,1007.09,1046.43,INDUSINDBK.NS
2026-07-20,1028.93,1009.66,1050.11,INDUSINDBK.NS
2026-07-21,1031.2,1011.12,1050.68,INDUSINDBK.NS
2026-07-22,1034.59,1014.87,1053.88,INDUSINDBK.NS
2026-07-23,1029.5,1010.99,1048.74,INDUSINDBK.NS
2026-07-24,1027.55,1007.65,1047.75,INDUSINDBK.NS
2026-07-27,1020.07,999.68,1038.65,INDUSINDBK.NS
2026-07-28,1019.67,1000.08,1039.04,INDUSINDBK.NS
2026-07-29,1020.7,1000.62,1039.05,INDUSINDBK.NS
2026-07-30,1013.57,994.25,1033.5,INDUSINDBK.NS
2026-07-31,1009.92,990.77,1030.25,INDUSINDBK.NS
2026-08-03,999.46,980.87,1019.55,INDUSINDBK.NS
2026-08-04,998.76,980.29,1017.52,INDUSINDBK.NS
2026-08-05,999.8,980.77,1018.64,INDUSINDBK.NS
2026-08-06,992.97,974.72,1013.62,INDUSINDBK.NS
2026-08-07,989.88,970.16,1008.05,INDUSINDBK.NS
2026-08-10,982.3,963.19,1001.21,INDUSINDBK.NS
2026-08-11,982.82,963.72,1002.83,INDUSINDBK.NS
2026-08-12,985.13,966.04,1003.77,INDUSINDBK.NS
2026-08-13,979.6,960.38,999.24,INDUSINDBK.NS
2026-08-14,977.79,958.06,997.0,INDUSINDBK.NS
2026-08-17,973.58,952.58,992.7,INDUSINDBK.NS
2026-08-18,974.97,953.98,994.45,INDUSINDBK.NS
2026-08-19,978.01,956.65,997.02,INDUSINDBK.NS
2026-08-20,973.03,952.59,992.92,INDUSINDBK.NS
2026-08-21,971.61,952.28,991.86,INDUSINDBK.NS
2026-08-24,967.54,947.25,987.48,INDUSINDBK.NS
2026-08-25,968.68,950.88,988.4,INDUSINDBK.NS
2026-08-26,971.35,952.47,991.68,INDUSINDBK.NS
2026-08-27,965.91,946.16,985.18,INDUSINDBK.NS
2026-08-28,963.95,944.14,982.19,INDUSINDBK.NS
2026-08-31,958.11,939.56,976.93,INDUSINDBK.NS
2026-09-01,958.7,940.71,977.98,INDUSINDBK.NS
2026-09-02,960.87,942.27,979.71,INDUSINDBK.NS
2026-09-03,955.02,935.5,974.45,INDUSINDBK.NS
2026-09-04,952.74,934.94,973.98,INDUSINDBK.NS
2025-07-24,1483.97,1449.95,1514.49,INFY.NS
2025-07-25,1474.79,1441.09,1508.08,INFY.NS
2025-07-28,1462.51,1429.39,1495.68,INFY.NS
2025-07-29,1457.59,1423.0,1490.22,INFY.NS
2025-07-30,1451.09,1420.11,1483.79,INFY.NS
2025-07-31,1440.88,1407.45,1473.67,INFY.NS
2025-08-01,1429.66,1398.48,1461.85,INFY.NS
2025-08-04,1415.34,1381.67,1448.25,INFY.NS
2025-08-05,1411.14,1376.92,1447.5,INFY.NS
2025-08-06,1406.11,1372.72,1440.26,INFY.NS
2025-08-07,1398.04,1362.49,1430.06,INFY.NS
2025-08-08,1389.61,1354.59,1425.41,INFY.NS
2025-08-11,1387.0,1354.33,1420.6,INFY.NS
2025-08-12,1387.59,1354.18,1420.99,INFY.NS
2025-08-13,1387.62,1353.55,1419.51,INFY.NS
2025-08-14,1384.82,1350.3,1419.37,INFY.NS
2025-08-18,1394.93,1362.33,1428.76,INFY.NS
2025-08-19,1400.35,1367.97,1432.52,INFY.NS
2025-08-20,1404.84,1371.16,1439.89,INFY.NS
2025-08-21,1406.07,1371.62,1437.19,INFY.NS
2025-08-22,1406.53,1372.08,1441.7,INFY.NS
2025-08-25,1426.77,1395.95,1462.19,INFY.NS
2025-08-26,1433.27,1400.79,1466.96,INFY.NS
2025-08-28,1439.26,1406.76,1471.48,INFY.NS
2025-08-29,1438.93,1406.32,1472.36,INFY.NS
2025-09-01,1453.58,1420.1,1486.74,INFY.NS
2025-09-02,1457.35,1425.29,1489.35,INFY.NS
2025-09-03,1459.22,1425.98,1492.85,INFY.NS
2025-09-04,1456.95,1424.41,1489.48,INFY.NS
2025-09-05,1453.15,1418.06,1485.48,INFY.NS
2025-09-08,1457.18,1425.76,1490.22,INFY.NS
2025-09-09,1457.6,1426.28,1489.69,INFY.NS
2025-09-10,1456.33,1423.78,1489.66,INFY.NS
2025-09-11,1451.18,1419.04,1485.03,INFY.NS
2025-09-12,1444.81,1411.77,1477.71,INFY.NS
2025-09-15,1443.35,1408.63,1477.67,INFY.NS
2025-09-16,1442.72,1409.33,1474.8,INFY.NS
2025-09-17,1440.82,1407.38,1474.17,INFY.NS
2025-09-18,1435.41,1399.96,1467.59,INFY.NS
2025-09-19,1429.15,1393.72,1461.32,INFY.NS
2025-09-22,1429.82,1396.47,1461.39,INFY.NS
2025-09-23,1430.37,1396.96,1462.77,INFY.NS
2025-09-24,1429.79,1394.69,1464.29,INFY.NS
2025-09-25,1425.81,1393.27,1459.86,INFY.NS
2025-09-26,1421.02,1386.98,1454.82,INFY.NS
2025-09-29,1425.96,1390.83,1460.6,INFY.NS
2025-09-30,1427.75,1393.77,1459.87,INFY.NS
2025-10-01,1428.26,1393.2,1459.38,INFY.NS
2025-10-03,1421.2,1386.13,1455.07,INFY.NS
2025-10-06,1427.39,1393.17,1463.16,INFY.NS
2025-10-07,1429.3,1394.94,1463.32,INFY.NS
2025-10-08,1429.81,1395.07,1461.96,INFY.NS
2025-10-09,1426.68,1391.87,1461.12,INFY.NS
2025-10-10,1422.51,1387.15,1456.06,INFY.NS
2025-10-13,1428.28,1395.16,1456.97,INFY.NS
2025-10-14,1430.16,1393.9,1465.21,INFY.NS
2025-10-15,1430.76,1397.33,1463.51,INFY.NS
2025-10-16,1427.85,1392.11,1462.62,INFY.NS
2025-10-17,1424.06,1391.62,1457.35,INFY.NS
2025-10-20,1432.03,1400.63,1464.3,INFY.NS
2025-10-21,1435.0,1399.92,1466.41,INFY.NS
2025-10-23,1435.33,1402.87,1469.63,INFY.NS
2025-10-24,1433.05,1399.4,1468.08,INFY.NS
2025-10-27,1445.87,1413.25,1478.3,INFY.NS
2025-10-28,1450.44,1416.35,1484.8,INFY.NS
2025-10-29,1453.81,1421.22,1490.21,INFY.NS
2025-10-30,1453.69,1421.22,1489.95,INFY.NS
2025-10-31,1452.65,1419.96,1487.97,INFY.NS
2025-11-03,1467.9,1431.71,1501.94,INFY.NS
2025-11-04,1472.76,1439.76,1506.82,INFY.NS
2025-11-06,1475.78,1438.19,1507.65,INFY.NS
2025-11-07,1474.21,1442.52,1507.15,INFY.NS
2025-11-10,1486.47,1453.2,1519.05,INFY.NS
2025-11-11,1489.98,1455.68,1523.09,INFY.NS
2025-11-12,1491.91,1460.02,1524.01,INFY.NS
2025-11-13,1490.02,1458.84,1522.21,INFY.NS
2025-11-14,1486.93,1452.86,1521.7,INFY.NS
2025-11-17,1495.21,1460.1,1527.26,INFY.NS
2025-11-18,1497.76,1464.79,1531.96,INFY.NS
2025-11-19,1499.0,1463.38,1533.63,INFY.NS
2025-11-20,1496.72,1464.03,1531.08,INFY.NS
2025-11-21,1493.58,1460.25,1523.78,INFY.NS
2025-11-24,1503.91,1471.97,1538.09,INFY.NS
2025-11-25,1507.88,1475.37,1542.22,INFY.NS
2025-11-26,1510.88,1477.2,1542.66,INFY.NS
2025-11-27,1510.67,1478.61,1544.12,INFY.NS
2025-11-28,1509.87,1475.95,1542.2,INFY.NS
2025-12-01,1528.2,1494.57,1560.27,INFY.NS
2025-12-02,1534.96,1502.7,1568.51,INFY.NS
2025-12-03,1540.66,1505.69,1571.63,INFY.NS
2025-12-04,1543.01,1508.62,1575.11,INFY.NS
2025-12-05,1544.53,1511.84,1579.02,INFY.NS
2025-12-08,1567.78,1536.29,1601.08,INFY.NS
2025-12-09,1575.28,1541.36,1609.36,INFY.NS
2025-12-10,1581.2,1547.23,1614.17,INFY.NS
2025-12-11,1583.2,1549.42,1619.25,INFY.NS
2025-12-12,1583.82,1551.92,1617.56,INFY.NS
2025-12-15,1600.99,1565.98,1635.08,INFY.NS
2025-12-16,1605.44,1572.07,1636.94,INFY.NS
2025-12-17,1607.89,1576.83,1644.5,INFY.NS
2025-12-18,1606.07,1575.56,1642.75,INFY.NS
2025-12-19,1602.58,1569.96,1637.12,INFY.NS
2025-12-22,1606.68,1574.57,1642.14,INFY.NS
2025-12-23,1606.86,1570.62,1639.76,INFY.NS
2025-12-24,1605.25,1571.59,1639.98,INFY.NS
2025-12-26,1592.84,1558.95,1627.36,INFY.NS
2025-12-29,1590.08,1553.05,1622.24,INFY.NS
2025-12-30,1589.23,1553.7,1619.93,INFY.NS
2025-12-31,1587.27,1553.48,1621.82,INFY.NS
2026-01-01,1582.05,1549.62,1615.54,INFY.NS
2026-01-02,1576.25,1542.12,1608.4,INFY.NS
2026-01-05,1580.38,1545.82,1613.58,INFY.NS
2026-01-06,1582.87,1553.84,1619.42,INFY.NS
2026-01-07,1584.64,1550.61,1617.44,INFY.NS
2026-01-08,1583.41,1549.11,1617.69,INFY.NS
2026-01-09,1581.77,1550.87,1612.0,INFY.NS
2026-01-12,1598.09,1563.25,1631.2,INFY.NS
2026-01-13,1604.12,1572.47,1637.82,INFY.NS
2026-01-14,1608.96,1574.76,1640.9,INFY.NS
2026-01-15,1610.22,1576.21,1644.84,INFY.NS
2026-01-16,1610.38,1575.89,1643.05,INFY.NS
2026-01-19,1627.14,1595.1,1662.78,INFY.NS
2026-01-20,1631.49,1598.02,1665.49,INFY.NS
2026-01-21,1633.67,1599.54,1666.01,INFY.NS
2026-01-22,1631.33,1598.9,1663.1,INFY.NS
2026-01-23,1626.95,1593.89,1661.53,INFY.NS
2026-01-27,1621.8,1587.58,1656.23,INFY.NS
2026-01-28,1615.87,1582.69,1651.43,INFY.NS
2026-01-29,1605.03,1572.7,1639.43,INFY.NS
2026-01-30,1591.9,1556.66,1627.35,INFY.NS
2026-02-02,1563.79,1530.8,1596.93,INFY.NS
2026-02-03,1552.26,1517.98,1585.75,INFY.NS
2026-02-04,1538.56,1505.8,1572.74,INFY.NS
2026-02-05,1520.54,1486.18,1555.14,INFY.NS
2026-02-06,1500.97,1466.53,1534.37,INFY.NS
2026-02-09,1458.77,1424.76,1491.24,INFY.NS
2026-02-10,1444.51,1412.2,1477.9,INFY.NS
2026-02-11,1429.11,1395.78,1461.99,INFY.NS
2026-02-12,1410.45,1375.66,1442.63,INFY.NS
2026-02-13,1391.25,1360.39,1429.87,INFY.NS
2026-02-16,1355.87,1323.71,1387.71,INFY.NS
2026-02-17,1345.55,1312.0,1380.17,INFY.NS
2026-02-18,1334.76,1299.39,1367.53,INFY.NS
2026-02-19,1321.28,1290.37,1354.63,INFY.NS
2026-02-20,1307.7,1273.56,1338.45,INFY.NS
2026-02-23,1290.67,1255.33,1323.54,INFY.NS
2026-02-24,1286.57,1253.36,1319.55,INFY.NS
2026-02-25,1281.85,1249.84,1314.78,INFY.NS
2026-02-26,1274.2,1240.45,1308.35,INFY.NS
2026-02-27,1266.14,1232.73,1301.51,INFY.NS
2026-03-02,1263.06,1229.91,1295.78,INFY.NS
2026-03-04,1260.99,1221.98,1294.69,INFY.NS
2026-03-05,1255.91,1223.21,1287.56,INFY.NS
2026-03-06,1249.92,1215.91,1282.87,INFY.NS
2026-03-09,1250.38,1216.32,1280.64,INFY.NS
2026-03-10,1250.4,1216.58,1282.98,INFY.NS
2026-03-11,1249.04,1216.96,1283.48,INFY.NS
2026-03-12,1244.06,1211.42,1277.0,INFY.NS
2026-03-13,1238.07,1206.62,1272.01,INFY.NS
2026-03-16,1238.81,1204.68,1272.19,INFY.NS
2026-03-17,1239.22,1207.73,1272.42,INFY.NS
2026-03-18,1238.5,1206.07,1272.06,INFY.NS
2026-03-19,1234.42,1199.56,1266.09,INFY.NS
2026-03-20,1229.64,1195.4,1264.13,INFY.NS
2026-03-23,1235.82,1200.18,1268.81,INFY.NS
2026-03-24,1238.61,1204.64,1272.22,INFY.NS
2026-03-25,1240.49,1206.22,1272.29,INFY.NS
2026-03-27,1237.28,1203.51,1271.71,INFY.NS
2026-03-30,1252.04,1216.64,1284.93,INFY.NS
2026-04-01,1261.56,1226.83,1294.06,INFY.NS
2026-04-02,1262.18,1230.19,1295.43,INFY.NS
2026-04-06,1277.82,1243.96,1312.71,INFY.NS
2026-04-07,1282.39,1248.76,1317.35,INFY.NS
2026-04-08,1285.11,1252.29,1318.45,INFY.NS
2026-04-09,1283.63,1250.23,1316.18,INFY.NS
2026-04-10,1280.48,1249.34,1315.46,INFY.NS
2026-04-13,1284.67,1251.9,1317.27,INFY.NS
2026-04-15,1281.61,1247.78,1314.35,INFY.NS
2026-04-16,1274.45,1241.57,1304.08,INFY.NS
2026-04-17,1265.41,1233.55,1298.41,INFY.NS
2026-04-20,1251.69,1218.95,1286.35,INFY.NS
2026-04-21,1245.58,1211.92,1278.37,INFY.NS
2026-04-22,1237.55,1204.5,1272.5,INFY.NS
2026-04-23,1225.42,1190.65,1256.76,INFY.NS
2026-04-24,1211.91,1178.25,1246.42,INFY.NS
2026-04-27,1188.62,1154.35,1223.15,INFY.NS
2026-04-28,1180.81,1149.69,1213.91,INFY.NS
2026-04-29,1171.87,1137.73,1204.95,INFY.NS
2026-04-30,1159.66,1127.56,1193.81,INFY.NS
2026-05-01,1146.89,1111.48,1180.4,INFY.NS
2026-05-04,1130.64,1098.13,1164.05,INFY.NS
2026-05-05,1126.63,1092.99,1159.32,INFY.NS
2026-05-06,1122.13,1088.89,1153.69,INFY.NS
2026-05-07,1114.92,1078.28,1146.37,INFY.NS
2026-05-08,1107.63,1073.74,1142.09,INFY.NS
2026-05-11,1109.66,1079.74,1143.98,INFY.NS
2026-05-12,1112.03,1077.41,1145.29,INFY.NS
2026-05-13,1113.89,1079.37,1145.8,INFY.NS
2026-05-14,1112.9,1079.36,1144.26,INFY.NS
2026-05-15,1111.6,1081.42,1144.81,INFY.NS
2026-05-18,1129.31,1094.58,1162.73,INFY.NS
2026-05-19,1135.89,1102.51,1168.32,INFY.NS
2026-05-20,1141.33,1108.28,1173.85,INFY.NS
2026-05-21,1143.26,1107.78,1176.4,INFY.NS
2026-05-22,1144.18,1108.75,1178.27,INFY.NS
2026-05-25,1164.13,1130.2,1195.81,INFY.NS
2026-05-26,1169.99,1136.39,1202.65,INFY.NS
2026-05-27,1174.0,1140.16,1208.39,INFY.NS
2026-05-28,1173.82,1140.13,1208.7,INFY.NS
2026-05-29,1172.0,1139.33,1206.34,INFY.NS
2026-06-01,1180.51,1146.81,1214.17,INFY.NS
2026-06-02,1181.7,1148.73,1213.64,INFY.NS
2026-06-03,1180.73,1146.43,1214.85,INFY.NS
2026-06-04,1175.36,1140.51,1210.6,INFY.NS
2026-06-05,1168.2,1136.59,1199.3,INFY.NS
2026-06-08,1160.68,1128.87,1194.24,INFY.NS
2026-06-09,1156.79,1125.46,1190.35,INFY.NS
2026-06-10,1151.0,1118.56,1187.04,INFY.NS
2026-06-11,1141.15,1109.29,1174.12,INFY.NS
2026-06-12,1129.9,1096.02,1163.16,INFY.NS
2026-06-15,1113.06,1079.7,1145.27,INFY.NS
2026-06-16,1107.18,1072.67,1140.54,INFY.NS
2026-06-17,1100.03,1066.83,1132.25,INFY.NS
2026-06-18,1089.43,1058.59,1122.94,INFY.NS
2026-06-19,1078.07,1044.2,1110.58,INFY.NS
2026-06-22,1064.64,1030.3,1098.59,INFY.NS
2026-06-23,1061.07,1028.61,1095.9,INFY.NS
2026-06-24,1056.75,1024.24,1091.33,INFY.NS
2026-06-25,1049.46,1015.43,1083.01,INFY.NS
2026-06-26,1041.85,1006.76,1072.42,INFY.NS
2026-06-29,1041.51,1008.45,1077.15,INFY.NS
2026-06-30,1042.68,1008.14,1076.52,INFY.NS
2026-07-01,1043.16,1009.59,1075.02,INFY.NS
2026-07-02,1040.65,1008.0,1072.71,INFY.NS
2026-07-03,1037.71,1006.19,1071.59,INFY.NS
2026-07-06,1049.93,1018.13,1084.58,INFY.NS
2026-07-07,1054.56,1021.75,1089.46,INFY.NS
2026-07-08,1058.03,1025.12,1090.26,INFY.NS
2026-07-09,1057.98,1024.88,1091.52,INFY.NS
2026-07-10,1056.91,1022.38,1089.32,INFY.NS
2026-07-13,1071.01,1038.41,1102.62,INFY.NS
2026-07-14,1074.97,1038.87,1109.94,INFY.NS
2026-07-15,1077.12,1042.22,1109.19,INFY.NS
2026-07-16,1075.13,1042.37,1105.59,INFY.NS
2026-07-17,1071.54,1037.29,1105.71,INFY.NS
2026-07-20,1075.07,1041.81,1109.71,INFY.NS
2026-07-21,1074.72,1041.02,1106.57,INFY.NS
2026-07-22,1072.31,1039.64,1105.67,INFY.NS
2026-07-23,1065.58,1033.81,1100.64,INFY.NS
2026-07-24,1057.17,1022.75,1089.46,INFY.NS
2026-07-27,1046.74,1011.69,1080.83,INFY.NS
2026-07-28,1042.22,1006.78,1073.92,INFY.NS
2026-07-29,1036.02,1002.04,1070.77,INFY.NS
2026-07-30,1025.96,994.54,1058.43,INFY.NS
2026-07-31,1014.77,979.78,1047.92,INFY.NS
2026-08-03,999.74,964.04,1031.82,INFY.NS
2026-08-04,995.06,959.29,1028.37,INFY.NS
2026-08-05,989.41,955.64,1023.83,INFY.NS
2026-08-06,980.62,946.63,1013.05,INFY.NS
2026-08-07,971.39,939.05,1006.08,INFY.NS
2026-08-10,966.0,934.25,997.79,INFY.NS
2026-08-11,965.59,931.0,1001.69,INFY.NS
2026-08-12,964.63,931.05,998.65,INFY.NS
2026-08-13,960.84,926.35,994.12,INFY.NS
2026-08-14,956.84,921.92,988.86,INFY.NS
2026-08-17,967.52,933.17,1000.56,INFY.NS
2026-08-18,972.28,939.65,1006.18,INFY.NS
2026-08-19,976.21,941.49,1007.4,INFY.NS
2026-08-20,976.99,942.33,1011.66,INFY.NS
2026-08-21,977.13,943.46,1010.36,INFY.NS
2026-08-24,997.09,964.44,1031.93,INFY.NS
2026-08-25,1003.74,969.91,1041.76,INFY.NS
2026-08-26,1008.92,974.96,1043.07,INFY.NS
2026-08-27,1010.31,977.99,1043.99,INFY.NS
2026-08-28,1010.42,978.4,1042.52,INFY.NS
2026-08-31,1026.76,993.98,1060.51,INFY.NS
2026-09-01,1031.17,1000.62,1065.15,INFY.NS
2026-09-02,1033.71,1000.85,1065.05,INFY.NS
2026-09-03,1032.11,999.79,1065.94,INFY.NS
2026-09-04,1028.96,992.95,1064.48,INFY.NS
2025-07-24,386.57,380.83,392.3,ITC.NS
2025-07-25,388.18,381.99,393.7,ITC.NS
2025-07-28,391.35,385.33,396.96,ITC.NS
2025-07-29,392.28,385.81,398.18,ITC.NS
2025-07-30,393.8,388.15,399.84,ITC.NS
2025-07-31,393.79,388.33,399.94,ITC.NS
2025-08-01,395.05,388.89,400.6,ITC.NS
2025-08-04,396.28,390.61,402.28,ITC.NS
2025-08-05,396.32,390.23,402.06,ITC.NS
2025-08-06,396.87,390.72,402.84,ITC.NS
2025-08-07,395.82,390.01,401.83,ITC.NS
2025-08-08,396.02,390.24,402.24,ITC.NS
2025-08-11,394.1,388.6,400.07,ITC.NS
2025-08-12,393.2,387.8,399.58,ITC.NS
2025-08-13,392.91,386.89,398.59,ITC.NS
2025-08-14,391.13,384.76,396.85,ITC.NS
2025-08-18,387.92,382.06,393.33,ITC.NS
2025-08-19,387.04,381.19,392.83,ITC.NS
2025-08-20,386.93,381.08,392.61,ITC.NS
2025-08-21,385.48,379.72,391.45,ITC.NS
2025-08-22,385.55,379.78,391.51,ITC.NS
2025-08-25,384.85,378.68,390.84,ITC.NS
2025-08-26,384.84,379.37,390.86,ITC.NS
2025-08-28,385.11,379.38,390.88,ITC.NS
2025-08-29,386.11,380.37,391.91,ITC.NS
2025-09-01,387.89,382.04,393.34,ITC.NS
2025-09-02,388.54,382.72,394.32,ITC.NS
2025-09-03,389.88,383.98,395.61,ITC.NS
2025-09-04,389.77,383.43,395.5,ITC.NS
2025-09-05,391.05,385.33,396.94,ITC.NS
2025-09-08,392.79,386.56,398.41,ITC.NS
2025-09-09,393.14,387.43,398.75,ITC.NS
2025-09-10,394.05,388.01,399.8,ITC.NS
2025-09-11,393.39,387.65,398.98,ITC.NS
2025-09-12,394.0,387.95,399.46,ITC.NS
2025-09-15,393.29,387.5,399.47,ITC.NS
2025-09-16,392.74,386.83,398.77,ITC.NS
2025-09-17,392.74,386.86,398.9,ITC.NS
2025-09-18,391.19,384.79,396.78,ITC.NS
2025-09-19,390.95,385.01,396.58,ITC.NS
2025-09-22,388.14,382.24,394.39,ITC.NS
2025-09-23,387.08,381.05,392.85,ITC.NS
2025-09-24,386.71,380.73,392.29,ITC.NS
2025-09-25,384.91,379.37,390.75,ITC.NS
2025-09-26,384.56,378.84,390.83,ITC.NS
2025-09-29,382.25,376.29,388.25,ITC.NS
2025-09-30,381.62,375.84,388.15,ITC.NS
2025-10-01,381.79,376.25,387.8,ITC.NS
2025-10-03,381.02,375.06,386.85,ITC.NS
2025-10-06,381.25,375.55,386.72,ITC.NS
2025-10-07,381.52,375.82,387.59,ITC.NS
2025-10-08,382.59,376.74,388.93,ITC.NS
2025-10-09,382.32,376.25,388.63,ITC.NS
2025-10-10,383.54,377.59,389.16,ITC.NS
2025-10-13,385.93,379.72,391.87,ITC.NS
2025-10-14,386.75,380.74,392.59,ITC.NS
2025-10-15,388.27,382.81,394.47,ITC.NS
2025-10-16,388.35,382.48,394.36,ITC.NS
2025-10-17,389.82,384.13,396.08,ITC.NS
2025-10-20,392.28,386.46,398.1,ITC.NS
2025-10-21,392.94,387.28,398.75,ITC.NS
2025-10-23,393.92,387.64,400.12,ITC.NS
2025-10-24,394.97,389.22,400.58,ITC.NS
2025-10-27,395.84,389.95,401.64,ITC.NS
2025-10-28,395.89,390.14,401.57,ITC.NS
2025-10-29,396.52,390.75,402.42,ITC.NS
2025-10-30,395.61,389.63,401.47,ITC.NS
2025-10-31,396.03,390.07,402.07,ITC.NS
2025-11-03,395.08,389.02,400.9,ITC.NS
2025-11-04,394.57,388.49,400.61,ITC.NS
2025-11-06,393.28,387.32,398.89,ITC.NS
2025-11-07,393.25,387.12,398.87,ITC.NS
2025-11-10,391.23,385.52,396.94,ITC.NS
2025-11-11,390.45,385.04,396.5,ITC.NS
2025-11-12,390.34,384.07,396.39,ITC.NS
2025-11-13,388.77,382.45,394.66,ITC.NS
2025-11-14,388.6,382.58,395.17,ITC.NS
2025-11-17,386.45,380.8,393.08,ITC.NS
2025-11-18,385.71,380.17,392.03,ITC.NS
2025-11-19,385.69,379.28,391.26,ITC.NS
2025-11-20,384.25,378.36,390.07,ITC.NS
2025-11-21,384.26,377.99,390.11,ITC.NS
2025-11-24,382.9,376.99,388.36,ITC.NS
2025-11-25,382.52,376.09,388.55,ITC.NS
2025-11-26,382.88,377.14,388.53,ITC.NS
2025-11-27,381.86,375.88,387.72,ITC.NS
2025-11-28,382.32,376.29,387.95,ITC.NS
2025-12-01,382.45,376.21,388.42,ITC.NS
2025-12-02,382.58,376.98,388.2,ITC.NS
2025-12-03,383.45,377.37,390.2,ITC.NS
2025-12-04,382.93,377.1,388.96,ITC.NS
2025-12-05,383.87,378.15,389.44,ITC.NS
2025-12-08,385.13,379.31,391.22,ITC.NS
2025-12-09,385.51,379.5,391.19,ITC.NS
2025-12-10,386.54,380.68,392.57,ITC.NS
2025-12-11,386.08,380.29,392.37,ITC.NS
2025-12-12,386.96,380.98,393.14,ITC.NS
2025-12-15,387.32,381.75,393.15,ITC.NS
2025-12-16,387.12,380.72,392.82,ITC.NS
2025-12-17,387.45,381.19,393.65,ITC.NS
2025-12-18,386.14,380.12,392.44,ITC.NS
2025-12-19,386.04,380.2,392.11,ITC.NS
2025-12-22,382.74,376.92,388.69,ITC.NS
2025-12-23,381.13,375.35,387.17,ITC.NS
2025-12-24,379.95,373.85,385.59,ITC.NS
2025-12-26,375.41,369.12,380.93,ITC.NS
2025-12-29,367.36,361.22,373.14,ITC.NS
2025-12-30,364.24,358.31,369.81,ITC.NS
2025-12-31,361.65,355.64,367.31,ITC.NS
2026-01-01,357.48,351.74,363.24,ITC.NS
2026-01-02,354.61,348.4,360.69,ITC.NS
2026-01-05,343.93,338.37,349.97,ITC.NS
2026-01-06,340.31,334.45,346.14,ITC.NS
2026-01-07,337.4,331.81,343.58,ITC.NS
2026-01-08,333.12,326.84,338.82,ITC.NS
2026-01-09,330.35,324.55,335.91,ITC.NS
2026-01-12,321.18,315.32,327.22,ITC.NS
2026-01-13,318.44,312.49,324.23,ITC.NS
2026-01-14,316.57,311.08,322.47,ITC.NS
2026-01-15,313.49,307.37,319.0,ITC.NS
2026-01-16,312.04,306.4,318.35,ITC.NS
2026-01-19,307.4,301.76,313.91,ITC.NS
2026-01-20,306.26,300.85,311.84,ITC.NS
2026-01-21,306.03,299.88,311.49,ITC.NS
2026-01-22,304.57,298.59,310.14,ITC.NS
2026-01-23,304.71,299.02,310.84,ITC.NS
2026-01-27,304.59,298.26,310.29,ITC.NS
2026-01-28,305.52,299.64,311.31,ITC.NS
2026-01-29,305.09,299.25,310.82,ITC.NS
2026-01-30,306.13,300.3,312.44,ITC.NS
2026-02-02,307.8,301.94,313.96,ITC.NS
2026-02-03,308.32,302.14,313.96,ITC.NS
2026-02-04,309.51,303.62,315.77,ITC.NS
2026-02-05,309.23,303.55,314.91,ITC.NS
2026-02-06,310.32,304.3,316.2,ITC.NS
2026-02-09,311.6,305.88,317.45,ITC.NS
2026-02-10,311.87,305.91,317.64,ITC.NS
2026-02-11,312.76,307.13,319.16,ITC.NS
2026-02-12,312.15,305.85,317.71,ITC.NS
2026-02-13,312.88,306.86,319.04,ITC.NS
2026-02-16,313.03,307.34,319.14,ITC.NS
2026-02-17,312.92,307.18,319.25,ITC.NS
2026-02-18,313.44,307.83,319.06,ITC.NS
2026-02-19,312.46,306.72,318.25,ITC.NS
2026-02-20,312.84,307.6,318.7,ITC.NS
2026-02-23,311.97,306.35,318.0,ITC.NS
2026-02-24,311.53,305.88,317.29,ITC.NS
2026-02-25,311.71,306.08,317.38,ITC.NS
2026-02-26,310.39,304.28,316.02,ITC.NS
2026-02-27,310.41,305.0,316.26,ITC.NS
2026-03-02,308.42,302.39,314.48,ITC.NS
2026-03-04,307.33,301.54,313.47,ITC.NS
2026-03-05,305.57,299.57,311.26,ITC.NS
2026-03-06,305.16,299.82,311.13,ITC.NS
2026-03-09,301.86,295.84,307.84,ITC.NS
2026-03-10,300.6,294.18,306.38,ITC.NS
2026-03-11,299.98,294.18,305.43,ITC.NS
2026-03-12,297.89,291.87,303.6,ITC.NS
2026-03-13,297.18,291.3,302.53,ITC.NS
2026-03-16,293.37,287.3,299.05,ITC.NS
2026-03-17,292.09,285.98,297.59,ITC.NS
2026-03-18,291.54,286.07,297.62,ITC.NS
2026-03-19,289.6,283.98,295.55,ITC.NS
2026-03-20,289.13,283.47,295.29,ITC.NS
2026-03-23,286.6,280.92,292.16,ITC.NS
2026-03-24,285.92,279.76,291.42,ITC.NS
2026-03-25,286.03,280.45,292.16,ITC.NS
2026-03-27,285.15,279.72,291.37,ITC.NS
2026-03-30,285.17,279.23,291.38,ITC.NS
2026-04-01,286.33,280.22,292.48,ITC.NS
2026-04-02,285.95,279.56,292.1,ITC.NS
2026-04-06,289.06,282.87,294.63,ITC.NS
2026-04-07,289.75,284.0,295.67,ITC.NS
2026-04-08,291.13,285.2,296.95,ITC.NS
2026-04-09,291.08,285.06,296.87,ITC.NS
2026-04-10,292.42,286.28,298.11,ITC.NS
2026-04-13,294.56,288.82,300.11,ITC.NS
2026-04-15,296.33,290.2,302.01,ITC.NS
2026-04-16,296.03,290.52,301.99,ITC.NS
2026-04-17,297.08,290.76,302.68,ITC.NS
2026-04-20,298.17,292.64,304.17,ITC.NS
2026-04-21,298.38,292.38,304.21,ITC.NS
2026-04-22,299.23,293.41,304.69,ITC.NS
2026-04-23,298.59,292.78,304.77,ITC.NS
2026-04-24,299.33,293.27,305.79,ITC.NS
2026-04-27,299.72,294.05,305.76,ITC.NS
2026-04-28,299.77,294.26,305.16,ITC.NS
2026-04-29,300.51,294.35,306.25,ITC.NS
2026-04-30,299.79,293.78,305.99,ITC.NS
2026-05-01,300.49,294.9,306.2,ITC.NS
2026-05-04,300.88,294.79,306.97,ITC.NS
2026-05-05,300.94,294.8,306.75,ITC.NS
2026-05-06,301.67,296.11,307.02,ITC.NS
2026-05-07,300.93,295.02,306.81,ITC.NS
2026-05-08,301.57,295.64,307.63,ITC.NS
2026-05-11,301.5,295.26,307.8,ITC.NS
2026-05-12,301.29,295.56,307.09,ITC.NS
2026-05-13,301.69,295.29,307.56,ITC.NS
2026-05-14,300.56,294.81,306.12,ITC.NS
2026-05-15,300.73,294.99,306.77,ITC.NS
2026-05-18,298.97,292.71,304.63,ITC.NS
2026-05-19,298.12,292.0,304.17,ITC.NS
2026-05-20,297.86,291.93,303.2,ITC.NS
2026-05-21,296.06,289.92,302.06,ITC.NS
2026-05-22,295.59,289.66,301.19,ITC.NS
2026-05-25,292.11,286.43,297.98,ITC.NS
2026-05-26,290.83,284.7,296.64,ITC.NS
2026-05-27,290.22,284.29,296.13,ITC.NS
2026-05-28,288.18,282.4,294.52,ITC.NS
2026-05-29,287.58,281.55,293.57,ITC.NS
2026-06-01,284.47,278.29,290.42,ITC.NS
2026-06-02,283.58,277.71,289.81,ITC.NS
2026-06-03,283.48,277.14,288.94,ITC.NS
2026-06-04,282.07,275.91,288.39,ITC.NS
2026-06-05,282.21,276.12,287.83,ITC.NS
2026-06-08,281.84,275.96,287.98,ITC.NS
2026-06-09,281.96,276.1,287.88,ITC.NS
2026-06-10,282.89,276.67,288.59,ITC.NS
2026-06-11,282.51,277.01,288.13,ITC.NS
2026-06-12,283.65,277.53,289.72,ITC.NS
2026-06-15,285.87,280.03,291.33,ITC.NS
2026-06-16,286.65,280.69,292.31,ITC.NS
2026-06-17,288.11,282.08,293.89,ITC.NS
2026-06-18,288.12,282.37,294.33,ITC.NS
2026-06-19,289.49,283.79,295.41,ITC.NS
2026-06-22,291.43,285.4,297.34,ITC.NS
2026-06-23,291.8,285.89,298.06,ITC.NS
2026-06-24,292.71,287.11,298.73,ITC.NS
2026-06-25,292.03,285.85,298.2,ITC.NS
2026-06-26,292.6,286.84,298.7,ITC.NS
2026-06-29,291.64,285.78,297.83,ITC.NS
2026-06-30,290.97,285.05,296.58,ITC.NS
2026-07-01,290.84,285.06,296.89,ITC.NS
2026-07-02,289.14,283.11,294.53,ITC.NS
2026-07-03,288.75,283.13,294.66,ITC.NS
2026-07-06,285.5,279.44,291.29,ITC.NS
2026-07-07,284.32,278.36,290.33,ITC.NS
2026-07-08,283.84,277.99,289.67,ITC.NS
2026-07-09,281.97,275.95,287.86,ITC.NS
2026-07-10,281.57,276.04,287.12,ITC.NS
2026-07-13,279.32,273.06,284.91,ITC.NS
2026-07-14,278.79,272.71,284.63,ITC.NS
2026-07-15,279.1,273.15,285.05,ITC.NS
2026-07-16,278.13,272.0,283.9,ITC.NS
2026-07-17,278.74,272.48,284.79,ITC.NS
2026-07-20,279.83,273.85,285.53,ITC.NS
2026-07-21,280.43,274.56,286.48,ITC.NS
2026-07-22,281.84,276.14,287.75,ITC.NS
2026-07-23,281.9,276.14,287.66,ITC.NS
2026-07-24,283.44,277.73,289.34,ITC.NS
2026-07-27,286.6,281.07,292.26,ITC.NS
2026-07-28,287.59,281.78,293.84,ITC.NS
2026-07-29,289.21,283.61,294.86,ITC.NS
2026-07-30,289.31,283.52,295.48,ITC.NS
2026-07-31,290.72,284.56,296.6,ITC.NS
2026-08-03,292.49,287.03,298.31,ITC.NS
2026-08-04,292.73,286.83,298.5,ITC.NS
2026-08-05,293.49,287.13,299.16,ITC.NS
2026-08-06,292.63,287.03,298.07,ITC.NS
2026-08-07,293.02,287.57,298.94,ITC.NS
2026-08-10,291.59,285.5,297.47,ITC.NS
2026-08-11,290.8,285.51,296.75,ITC.NS
2026-08-12,290.6,284.58,296.18,ITC.NS
2026-08-13,288.87,282.87,295.14,ITC.NS
2026-08-14,288.5,282.7,294.07,ITC.NS
2026-08-17,285.6,279.6,291.55,ITC.NS
2026-08-18,284.64,279.02,290.15,ITC.NS
2026-08-19,284.42,278.33,290.06,ITC.NS
2026-08-20,282.83,277.23,288.87,ITC.NS
2026-08-21,282.76,276.8,288.51,ITC.NS
2026-08-24,281.55,275.43,287.67,ITC.NS
2026-08-25,281.37,275.45,287.49,ITC.NS
2026-08-26,282.0,275.76,287.86,ITC.NS
2026-08-27,281.31,275.57,287.27,ITC.NS
2026-08-28,282.16,276.11,288.12,ITC.NS
2026-08-31,283.63,277.83,289.72,ITC.NS
2026-09-01,284.22,278.23,290.26,ITC.NS
2026-09-02,285.53,279.38,292.01,ITC.NS
2026-09-03,285.43,279.45,291.1,ITC.NS
2026-09-04,286.73,280.52,292.93,ITC.NS
2025-07-24,1016.85,995.69,1037.78,JSWSTEEL.NS
2025-07-25,1016.29,994.46,1037.1,JSWSTEEL.NS
2025-07-28,1024.55,1002.63,1045.97,JSWSTEEL.NS
2025-07-29,1028.7,1008.41,1049.54,JSWSTEEL.NS
2025-07-30,1035.52,1014.09,1056.13,JSWSTEEL.NS
2025-07-31,1038.13,1015.67,1059.01,JSWSTEEL.NS
2025-08-01,1037.29,1016.46,1058.67,JSWSTEEL.NS
2025-08-04,1043.59,1020.37,1064.45,JSWSTEEL.NS
2025-08-05,1046.72,1025.96,1067.78,JSWSTEEL.NS
2025-08-06,1052.33,1030.8,1073.75,JSWSTEEL.NS
2025-08-07,1053.58,1033.48,1075.64,JSWSTEEL.NS
2025-08-08,1051.23,1031.11,1071.72,JSWSTEEL.NS
2025-08-11,1052.36,1031.38,1074.14,JSWSTEEL.NS
2025-08-12,1053.65,1030.81,1073.38,JSWSTEEL.NS
2025-08-13,1057.42,1035.96,1078.83,JSWSTEEL.NS
2025-08-14,1056.86,1034.4,1077.32,JSWSTEEL.NS
2025-08-18,1049.45,1028.24,1069.48,JSWSTEEL.NS
2025-08-19,1049.63,1028.49,1070.84,JSWSTEEL.NS
2025-08-20,1052.53,1030.47,1073.14,JSWSTEEL.NS
2025-08-21,1051.35,1030.74,1071.52,JSWSTEEL.NS
2025-08-22,1046.92,1025.9,1069.33,JSWSTEEL.NS
2025-08-25,1044.38,1022.92,1064.99,JSWSTEEL.NS
2025-08-26,1045.42,1024.36,1066.67,JSWSTEEL.NS
2025-08-28,1049.71,1029.16,1071.81,JSWSTEEL.NS
2025-08-29,1046.95,1027.05,1068.47,JSWSTEEL.NS
2025-09-01,1050.59,1030.04,1072.04,JSWSTEEL.NS
2025-09-02,1053.96,1032.68,1075.63,JSWSTEEL.NS
2025-09-03,1060.4,1039.76,1080.66,JSWSTEEL.NS
2025-09-04,1063.05,1041.63,1084.79,JSWSTEEL.NS
2025-09-05,1062.67,1042.37,1082.61,JSWSTEEL.NS
2025-09-08,1072.86,1051.8,1095.61,JSWSTEEL.NS
2025-09-09,1078.07,1055.17,1098.87,JSWSTEEL.NS
2025-09-10,1086.12,1065.93,1105.07,JSWSTEEL.NS
2025-09-11,1090.13,1068.86,1113.27,JSWSTEEL.NS
2025-09-12,1090.84,1069.99,1110.57,JSWSTEEL.NS
2025-09-15,1102.45,1081.11,1122.94,JSWSTEEL.NS
2025-09-16,1107.52,1086.95,1129.32,JSWSTEEL.NS
2025-09-17,1115.14,1094.18,1135.86,JSWSTEEL.NS
2025-09-18,1118.44,1095.77,1138.71,JSWSTEEL.NS
2025-09-19,1118.17,1096.76,1139.47,JSWSTEEL.NS
2025-09-22,1125.63,1104.91,1147.69,JSWSTEEL.NS
2025-09-23,1129.01,1107.83,1149.23,JSWSTEEL.NS
2025-09-24,1134.86,1114.03,1155.77,JSWSTEEL.NS
2025-09-25,1136.34,1115.9,1157.92,JSWSTEEL.NS
2025-09-26,1134.25,1112.2,1155.96,JSWSTEEL.NS
2025-09-29,1136.57,1115.29,1156.75,JSWSTEEL.NS
2025-09-30,1138.46,1118.11,1160.14,JSWSTEEL.NS
2025-10-01,1142.98,1120.88,1164.65,JSWSTEEL.NS
2025-10-03,1140.26,1118.55,1161.88,JSWSTEEL.NS
2025-10-06,1140.94,1119.1,1162.77,JSWSTEEL.NS
2025-10-07,1142.69,1120.24,1163.6,JSWSTEEL.NS
2025-10-08,1147.25,1127.44,1167.48,JSWSTEEL.NS
2025-10-09,1147.79,1126.36,1169.3,JSWSTEEL.NS
2025-10-10,1145.1,1123.77,1166.12,JSWSTEEL.NS
2025-10-13,1147.48,1127.22,1168.08,JSWSTEEL.NS
2025-10-14,1149.92,1128.95,1170.98,JSWSTEEL.NS
2025-10-15,1155.18,1135.0,1178.18,JSWSTEEL.NS
2025-10-16,1156.4,1135.62,1178.5,JSWSTEEL.NS
2025-10-17,1154.35,1132.43,1175.67,JSWSTEEL.NS
2025-10-20,1158.15,1136.81,1179.9,JSWSTEEL.NS
2025-10-21,1160.84,1139.96,1183.43,JSWSTEEL.NS
2025-10-23,1167.4,1146.69,1187.23,JSWSTEEL.NS
2025-10-24,1165.18,1143.17,1185.87,JSWSTEEL.NS
2025-10-27,1167.66,1146.01,1188.05,JSWSTEEL.NS
2025-10-28,1169.66,1148.38,1189.27,JSWSTEEL.NS
2025-10-29,1174.25,1152.42,1194.87,JSWSTEEL.NS
2025-10-30,1174.58,1153.38,1196.17,JSWSTEEL.NS
2025-10-31,1171.44,1151.55,1192.93,JSWSTEEL.NS
2025-11-03,1170.96,1149.83,1192.24,JSWSTEEL.NS
2025-11-04,1171.97,1149.97,1191.08,JSWSTEEL.NS
2025-11-06,1175.01,1153.33,1194.53,JSWSTEEL.NS
2025-11-07,1170.99,1150.35,1191.35,JSWSTEEL.NS
2025-11-10,1168.22,1148.4,1189.11,JSWSTEEL.NS
2025-11-11,1168.59,1147.23,1189.29,JSWSTEEL.NS
2025-11-12,1171.62,1150.28,1192.51,JSWSTEEL.NS
2025-11-13,1170.48,1150.46,1192.68,JSWSTEEL.NS
2025-11-14,1165.94,1144.53,1186.83,JSWSTEEL.NS
2025-11-17,1161.69,1140.28,1182.82,JSWSTEEL.NS
2025-11-18,1161.54,1141.23,1182.88,JSWSTEEL.NS
2025-11-19,1164.01,1142.84,1185.64,JSWSTEEL.NS
2025-11-20,1162.26,1141.82,1184.57,JSWSTEEL.NS
2025-11-21,1157.06,1134.97,1177.9,JSWSTEEL.NS
2025-11-24,1150.39,1128.22,1172.43,JSWSTEEL.NS
2025-11-25,1149.29,1128.64,1169.68,JSWSTEEL.NS
2025-11-26,1150.75,1128.98,1171.44,JSWSTEEL.NS
2025-11-27,1147.93,1127.41,1169.04,JSWSTEEL.NS
2025-11-28,1141.61,1121.1,1161.18,JSWSTEEL.NS
2025-12-01,1131.56,1109.76,1153.89,JSWSTEEL.NS
2025-12-02,1129.39,1108.56,1150.09,JSWSTEEL.NS
2025-12-03,1129.87,1108.98,1150.16,JSWSTEEL.NS
2025-12-04,1126.17,1107.32,1147.79,JSWSTEEL.NS
2025-12-05,1119.12,1097.67,1140.58,JSWSTEEL.NS
2025-12-08,1107.97,1086.04,1126.82,JSWSTEEL.NS
2025-12-09,1105.91,1086.16,1127.82,JSWSTEEL.NS
2025-12-10,1106.75,1085.95,1128.79,JSWSTEEL.NS
2025-12-11,1103.7,1083.52,1125.74,JSWSTEEL.NS
2025-12-12,1097.59,1077.21,1118.65,JSWSTEEL.NS
2025-12-15,1091.05,1068.7,1111.25,JSWSTEEL.NS
2025-12-16,1091.08,1069.79,1111.69,JSWSTEEL.NS
2025-12-17,1094.29,1072.19,1114.42,JSWSTEEL.NS
2025-12-18,1093.83,1071.04,1115.49,JSWSTEEL.NS
2025-12-19,1090.51,1069.52,1111.05,JSWSTEEL.NS
2025-12-22,1093.18,1070.08,1113.83,JSWSTEEL.NS
2025-12-23,1096.43,1076.95,1116.71,JSWSTEEL.NS
2025-12-24,1102.83,1081.05,1123.48,JSWSTEEL.NS
2025-12-26,1105.24,1084.05,1124.67,JSWSTEEL.NS
2025-12-29,1115.97,1094.4,1137.02,JSWSTEEL.NS
2025-12-30,1121.42,1100.88,1143.2,JSWSTEEL.NS
2025-12-31,1129.72,1107.94,1149.49,JSWSTEEL.NS
2026-01-01,1134.0,1112.85,1155.0,JSWSTEEL.NS
2026-01-02,1134.96,1113.84,1155.8,JSWSTEEL.NS
2026-01-05,1147.33,1127.39,1166.96,JSWSTEEL.NS
2026-01-06,1152.63,1132.35,1173.85,JSWSTEEL.NS
2026-01-07,1160.46,1138.98,1182.4,JSWSTEEL.NS
2026-01-08,1163.95,1142.7,1187.51,JSWSTEEL.NS
2026-01-09,1163.87,1143.89,1184.84,JSWSTEEL.NS
2026-01-12,1171.81,1150.76,1193.44,JSWSTEEL.NS
2026-01-13,1175.34,1154.84,1195.81,JSWSTEEL.NS
2026-01-14,1181.34,1159.65,1201.54,JSWSTEEL.NS
2026-01-15,1182.98,1161.59,1205.33,JSWSTEEL.NS
2026-01-16,1181.05,1161.01,1201.35,JSWSTEEL.NS
2026-01-19,1184.02,1162.78,1206.61,JSWSTEEL.NS
2026-01-20,1186.2,1164.09,1206.8,JSWSTEEL.NS
2026-01-21,1191.05,1171.61,1212.53,JSWSTEEL.NS
2026-01-22,1191.77,1170.78,1213.52,JSWSTEEL.NS
2026-01-23,1189.17,1166.4,1209.44,JSWSTEEL.NS
2026-01-27,1194.11,1173.2,1216.6,JSWSTEEL.NS
2026-01-28,1199.51,1179.34,1219.74,JSWSTEEL.NS
2026-01-29,1200.97,1178.6,1221.74,JSWSTEEL.NS
2026-01-30,1199.31,1178.96,1222.17,JSWSTEEL.NS
2026-02-02,1205.31,1183.66,1226.93,JSWSTEEL.NS
2026-02-03,1209.13,1188.37,1230.5,JSWSTEEL.NS
2026-02-04,1215.84,1195.29,1235.31,JSWSTEEL.NS
2026-02-05,1218.59,1198.47,1240.9,JSWSTEEL.NS
2026-02-06,1218.11,1195.15,1238.84,JSWSTEEL.NS
2026-02-09,1226.84,1205.84,1248.42,JSWSTEEL.NS
2026-02-10,1231.17,1209.77,1252.78,JSWSTEEL.NS
2026-02-11,1238.15,1217.98,1259.07,JSWSTEEL.NS
2026-02-12,1240.89,1219.76,1262.43,JSWSTEEL.NS
2026-02-13,1240.13,1219.98,1261.32,JSWSTEEL.NS
2026-02-16,1246.2,1225.45,1268.19,JSWSTEEL.NS
2026-02-17,1249.04,1227.81,1269.72,JSWSTEEL.NS
2026-02-18,1254.24,1233.9,1275.33,JSWSTEEL.NS
2026-02-19,1254.92,1232.0,1274.94,JSWSTEEL.NS
2026-02-20,1251.84,1228.97,1273.48,JSWSTEEL.NS
2026-02-23,1249.62,1228.71,1270.4,JSWSTEEL.NS
2026-02-24,1249.36,1228.31,1270.21,JSWSTEEL.NS
2026-02-25,1251.32,1230.82,1271.87,JSWSTEEL.NS
2026-02-26,1248.7,1227.46,1269.17,JSWSTEEL.NS
2026-02-27,1242.26,1221.81,1264.31,JSWSTEEL.NS
2026-03-02,1230.06,1208.9,1252.34,JSWSTEEL.NS
2026-03-04,1225.56,1204.09,1246.3,JSWSTEEL.NS
2026-03-05,1220.06,1197.93,1241.67,JSWSTEEL.NS
2026-03-06,1210.96,1187.91,1231.93,JSWSTEEL.NS
2026-03-09,1192.27,1171.72,1213.63,JSWSTEEL.NS
2026-03-10,1187.26,1164.59,1207.62,JSWSTEEL.NS
2026-03-11,1184.95,1163.36,1204.8,JSWSTEEL.NS
2026-03-12,1178.56,1158.09,1200.27,JSWSTEEL.NS
2026-03-13,1168.92,1148.0,1190.56,JSWSTEEL.NS
2026-03-16,1150.9,1130.58,1172.21,JSWSTEEL.NS
2026-03-17,1146.87,1124.86,1167.87,JSWSTEEL.NS
2026-03-18,1145.94,1124.74,1165.62,JSWSTEEL.NS
2026-03-19,1141.3,1120.24,1162.6,JSWSTEEL.NS
2026-03-20,1133.78,1113.24,1154.09,JSWSTEEL.NS
2026-03-23,1124.17,1102.92,1144.8,JSWSTEEL.NS
2026-03-24,1123.57,1103.39,1144.78,JSWSTEEL.NS
2026-03-25,1126.31,1105.47,1147.39,JSWSTEEL.NS
2026-03-27,1122.18,1099.83,1144.4,JSWSTEEL.NS
2026-03-30,1125.67,1105.56,1147.12,JSWSTEEL.NS
2026-04-01,1136.76,1116.79,1158.56,JSWSTEEL.NS
2026-04-02,1140.44,1118.84,1159.9,JSWSTEEL.NS
2026-04-06,1156.52,1135.3,1177.96,JSWSTEEL.NS
2026-04-07,1163.78,1142.21,1184.24,JSWSTEEL.NS
2026-04-08,1174.03,1152.6,1195.46,JSWSTEEL.NS
2026-04-09,1180.38,1160.62,1202.2,JSWSTEEL.NS
2026-04-10,1183.54,1163.16,1203.92,JSWSTEEL.NS
2026-04-13,1202.98,1181.55,1222.97,JSWSTEEL.NS
2026-04-15,1221.03,1199.63,1241.75,JSWSTEEL.NS
2026-04-16,1226.96,1204.75,1246.52,JSWSTEEL.NS
2026-04-17,1229.26,1207.6,1249.0,JSWSTEEL.NS
2026-04-20,1243.71,1222.46,1265.33,JSWSTEEL.NS
2026-04-21,1249.11,1226.14,1269.22,JSWSTEEL.NS
2026-04-22,1256.77,1236.49,1278.07,JSWSTEEL.NS
2026-04-23,1259.83,1238.45,1281.98,JSWSTEEL.NS
2026-04-24,1259.09,1238.63,1280.02,JSWSTEEL.NS
2026-04-27,1263.9,1242.15,1285.53,JSWSTEEL.NS
2026-04-28,1266.09,1245.04,1287.26,JSWSTEEL.NS
2026-04-29,1270.64,1249.41,1291.07,JSWSTEEL.NS
2026-04-30,1270.75,1250.06,1290.02,JSWSTEEL.NS
2026-05-01,1267.24,1245.68,1286.9,JSWSTEEL.NS
2026-05-04,1265.3,1244.21,1286.3,JSWSTEEL.NS
2026-05-05,1265.87,1243.3,1287.11,JSWSTEEL.NS
2026-05-06,1269.14,1247.41,1291.02,JSWSTEEL.NS
2026-05-07,1268.32,1246.62,1290.3,JSWSTEEL.NS
2026-05-08,1264.23,1244.36,1283.95,JSWSTEEL.NS
2026-05-11,1262.59,1241.19,1284.09,JSWSTEEL.NS
2026-05-12,1263.86,1241.78,1286.29,JSWSTEEL.NS
2026-05-13,1268.08,1245.78,1290.19,JSWSTEEL.NS
2026-05-14,1268.42,1246.14,1288.24,JSWSTEEL.NS
2026-05-15,1265.66,1243.43,1288.59,JSWSTEEL.NS
2026-05-18,1268.55,1246.06,1289.15,JSWSTEEL.NS
2026-05-19,1271.35,1249.02,1292.13,JSWSTEEL.NS
2026-05-20,1277.02,1255.42,1297.8,JSWSTEEL.NS
2026-05-21,1278.7,1258.1,1300.02,JSWSTEEL.NS
2026-05-22,1277.12,1255.25,1296.99,JSWSTEEL.NS
2026-05-25,1282.23,1260.67,1303.05,JSWSTEEL.NS
2026-05-26,1285.24,1264.26,1306.28,JSWSTEEL.NS
2026-05-27,1290.83,1267.74,1310.49,JSWSTEEL.NS
2026-05-28,1292.12,1271.25,1313.3,JSWSTEEL.NS
2026-05-29,1289.87,1268.44,1311.22,JSWSTEEL.NS
2026-06-01,1291.24,1270.85,1314.18,JSWSTEEL.NS
2026-06-02,1292.5,1271.2,1313.57,JSWSTEEL.NS
2026-06-03,1296.14,1276.31,1317.44,JSWSTEEL.NS
2026-06-04,1295.32,1273.75,1317.05,JSWSTEEL.NS
2026-06-05,1290.82,1270.39,1312.84,JSWSTEEL.NS
2026-06-08,1285.07,1265.66,1306.39,JSWSTEEL.NS
2026-06-09,1283.97,1262.77,1303.19,JSWSTEEL.NS
2026-06-10,1285.34,1265.58,1307.5,JSWSTEEL.NS
2026-06-11,1282.35,1259.97,1305.64,JSWSTEEL.NS
2026-06-12,1275.83,1254.8,1297.54,JSWSTEEL.NS
2026-06-15,1265.23,1243.17,1285.51,JSWSTEEL.NS
2026-06-16,1262.98,1241.84,1284.23,JSWSTEEL.NS
2026-06-17,1263.46,1241.77,1285.15,JSWSTEEL.NS
2026-06-18,1259.85,1238.85,1280.45,JSWSTEEL.NS
2026-06-19,1252.97,1232.97,1271.58,JSWSTEEL.NS
2026-06-22,1242.83,1221.74,1263.65,JSWSTEEL.NS
2026-06-23,1241.22,1219.55,1259.94,JSWSTEEL.NS
2026-06-24,1242.52,1221.35,1264.64,JSWSTEEL.NS
2026-06-25,1239.93,1218.8,1261.01,JSWSTEEL.NS
2026-06-26,1234.24,1212.18,1252.78,JSWSTEEL.NS
2026-06-29,1228.37,1207.62,1250.33,JSWSTEEL.NS
2026-06-30,1228.34,1207.92,1249.58,JSWSTEEL.NS
2026-07-01,1231.27,1210.89,1254.18,JSWSTEEL.NS
2026-07-02,1230.33,1208.63,1251.99,JSWSTEEL.NS
2026-07-03,1226.29,1205.67,1249.39,JSWSTEEL.NS
2026-07-06,1225.28,1203.18,1245.19,JSWSTEEL.NS
2026-07-07,1226.8,1205.54,1246.84,JSWSTEEL.NS
2026-07-08,1231.24,1210.64,1251.81,JSWSTEEL.NS
2026-07-09,1231.76,1211.66,1252.17,JSWSTEEL.NS
2026-07-10,1229.13,1208.2,1249.08,JSWSTEEL.NS
2026-07-13,1232.1,1211.84,1254.22,JSWSTEEL.NS
2026-07-14,1234.87,1213.58,1257.1,JSWSTEEL.NS
2026-07-15,1240.52,1221.07,1262.64,JSWSTEEL.NS
2026-07-16,1242.23,1222.07,1262.77,JSWSTEEL.NS
2026-07-17,1240.75,1219.49,1261.39,JSWSTEEL.NS
2026-07-20,1247.0,1224.82,1267.47,JSWSTEEL.NS
2026-07-21,1250.78,1229.51,1272.9,JSWSTEEL.NS
2026-07-22,1257.41,1235.13,1278.53,JSWSTEEL.NS
2026-07-23,1260.02,1240.55,1280.84,JSWSTEEL.NS
2026-07-24,1259.38,1239.61,1281.26,JSWSTEEL.NS
2026-07-27,1267.57,1246.03,1288.57,JSWSTEEL.NS
2026-07-28,1271.77,1250.65,1292.2,JSWSTEEL.NS
2026-07-29,1278.66,1259.26,1299.31,JSWSTEEL.NS
2026-07-30,1281.39,1261.18,1301.64,JSWSTEEL.NS
2026-07-31,1280.7,1259.91,1302.97,JSWSTEEL.NS
2026-08-03,1287.64,1267.52,1308.19,JSWSTEEL.NS
2026-08-04,1291.04,1269.27,1312.27,JSWSTEEL.NS
2026-08-05,1296.95,1276.1,1319.46,JSWSTEEL.NS
2026-08-06,1298.52,1278.24,1319.16,JSWSTEEL.NS
2026-08-07,1296.5,1274.56,1317.0,JSWSTEEL.NS
2026-08-10,1298.65,1277.7,1319.29,JSWSTEEL.NS
2026-08-11,1300.27,1280.82,1322.97,JSWSTEEL.NS
2026-08-12,1304.35,1284.14,1325.19,JSWSTEEL.NS
2026-08-13,1304.07,1284.58,1326.86,JSWSTEEL.NS
2026-08-14,1300.23,1278.7,1321.81,JSWSTEEL.NS
2026-08-17,1297.42,1275.79,1317.99,JSWSTEEL.NS
2026-08-18,1297.67,1276.8,1319.34,JSWSTEEL.NS
2026-08-19,1300.58,1279.79,1321.5,JSWSTEEL.NS
2026-08-20,1299.37,1277.86,1321.69,JSWSTEEL.NS
2026-08-21,1294.85,1272.98,1316.71,JSWSTEEL.NS
2026-08-24,1291.69,1269.86,1313.14,JSWSTEEL.NS
2026-08-25,1292.43,1270.93,1313.61,JSWSTEEL.NS
2026-08-26,1296.13,1275.13,1314.96,JSWSTEEL.NS
2026-08-27,1295.99,1276.06,1316.44,JSWSTEEL.NS
2026-08-28,1292.83,1272.18,1314.65,JSWSTEEL.NS
2026-08-31,1295.15,1273.57,1315.25,JSWSTEEL.NS
2026-09-01,1298.07,1276.73,1318.35,JSWSTEEL.NS
2026-09-02,1304.08,1283.0,1323.13,JSWSTEEL.NS
2026-09-03,1306.32,1286.49,1328.06,JSWSTEEL.NS
2025-07-24,402.71,395.36,410.84,KOTAKBANK.NS
2025-07-25,402.64,395.37,409.64,KOTAKBANK.NS
2025-07-28,401.98,394.88,408.87,KOTAKBANK.NS
2025-07-29,402.17,394.69,409.54,KOTAKBANK.NS
2025-07-30,403.14,395.91,410.4,KOTAKBANK.NS
2025-07-31,403.45,396.72,411.08,KOTAKBANK.NS
2025-08-01,403.06,395.57,410.48,KOTAKBANK.NS
2025-08-04,401.09,393.85,408.36,KOTAKBANK.NS
2025-08-05,400.78,393.76,407.9,KOTAKBANK.NS
2025-08-06,401.25,393.5,408.72,KOTAKBANK.NS
2025-08-07,401.06,393.5,408.29,KOTAKBANK.NS
2025-08-08,400.19,392.65,407.28,KOTAKBANK.NS
2025-08-11,397.07,389.99,404.92,KOTAKBANK.NS
2025-08-12,396.51,389.24,404.26,KOTAKBANK.NS
2025-08-13,396.79,389.26,404.4,KOTAKBANK.NS
2025-08-14,396.49,389.46,403.62,KOTAKBANK.NS
2025-08-18,392.89,385.19,400.91,KOTAKBANK.NS
2025-08-19,392.61,385.56,400.5,KOTAKBANK.NS
2025-08-20,393.24,385.68,400.54,KOTAKBANK.NS
2025-08-21,393.35,385.82,401.23,KOTAKBANK.NS
2025-08-22,392.9,385.54,400.36,KOTAKBANK.NS
2025-08-25,391.65,384.07,399.05,KOTAKBANK.NS
2025-08-26,391.86,384.61,399.11,KOTAKBANK.NS
2025-08-28,393.5,385.81,401.5,KOTAKBANK.NS
2025-08-29,393.45,386.15,401.16,KOTAKBANK.NS
2025-09-01,393.09,385.66,400.64,KOTAKBANK.NS
2025-09-02,393.48,386.22,400.36,KOTAKBANK.NS
2025-09-03,394.71,387.01,401.4,KOTAKBANK.NS
2025-09-04,395.32,387.88,402.16,KOTAKBANK.NS
2025-09-05,395.3,387.79,402.97,KOTAKBANK.NS
2025-09-08,394.78,386.66,402.33,KOTAKBANK.NS
2025-09-09,395.07,387.4,402.27,KOTAKBANK.NS
2025-09-10,396.19,388.69,403.91,KOTAKBANK.NS
2025-09-11,396.71,388.97,404.16,KOTAKBANK.NS
2025-09-12,396.61,389.17,403.92,KOTAKBANK.NS
2025-09-15,396.09,388.25,403.45,KOTAKBANK.NS
2025-09-16,396.49,388.96,403.34,KOTAKBANK.NS
2025-09-17,397.8,390.28,405.47,KOTAKBANK.NS
2025-09-18,398.57,391.23,406.1,KOTAKBANK.NS
2025-09-19,398.8,391.94,406.35,KOTAKBANK.NS
2025-09-22,399.74,392.82,407.68,KOTAKBANK.NS
2025-09-23,400.78,393.33,407.93,KOTAKBANK.NS
2025-09-24,402.77,395.2,410.08,KOTAKBANK.NS
2025-09-25,404.28,397.23,411.78,KOTAKBANK.NS
2025-09-26,405.28,398.34,412.62,KOTAKBANK.NS
2025-09-29,408.63,401.61,416.7,KOTAKBANK.NS
2025-09-30,410.44,403.08,418.01,KOTAKBANK.NS
2025-10-01,413.16,405.06,420.47,KOTAKBANK.NS
2025-10-03,416.95,409.9,424.53,KOTAKBANK.NS
2025-10-06,421.51,413.35,428.81,KOTAKBANK.NS
2025-10-07,423.48,415.8,430.36,KOTAKBANK.NS
2025-10-08,426.23,418.94,433.33,KOTAKBANK.NS
2025-10-09,428.3,421.08,435.81,KOTAKBANK.NS
2025-10-10,429.64,421.52,436.86,KOTAKBANK.NS
2025-10-13,432.57,425.14,439.49,KOTAKBANK.NS
2025-10-14,433.73,425.88,441.62,KOTAKBANK.NS
2025-10-15,435.55,427.81,442.89,KOTAKBANK.NS
2025-10-16,436.59,429.25,443.77,KOTAKBANK.NS
2025-10-17,436.82,429.78,444.68,KOTAKBANK.NS
2025-10-20,435.99,428.56,443.42,KOTAKBANK.NS
2025-10-21,435.84,427.64,442.93,KOTAKBANK.NS
2025-10-23,436.09,428.37,443.04,KOTAKBANK.NS
2025-10-24,435.06,428.27,442.27,KOTAKBANK.NS
2025-10-27,430.88,423.59,438.11,KOTAKBANK.NS
2025-10-28,429.79,422.92,437.16,KOTAKBANK.NS
2025-10-29,429.49,422.43,436.95,KOTAKBANK.NS
2025-10-30,428.54,420.71,435.84,KOTAKBANK.NS
2025-10-31,426.96,419.9,434.26,KOTAKBANK.NS
2025-11-03,421.94,414.37,429.02,KOTAKBANK.NS
2025-11-04,420.86,413.34,428.01,KOTAKBANK.NS
2025-11-06,420.0,412.59,427.22,KOTAKBANK.NS
2025-11-07,418.79,411.55,425.99,KOTAKBANK.NS
2025-11-10,415.52,408.03,423.12,KOTAKBANK.NS
2025-11-11,415.17,408.2,422.63,KOTAKBANK.NS
2025-11-12,415.79,408.37,423.29,KOTAKBANK.NS
2025-11-13,415.94,408.3,423.43,KOTAKBANK.NS
2025-11-14,415.59,408.31,422.69,KOTAKBANK.NS
2025-11-17,414.9,407.83,422.43,KOTAKBANK.NS
2025-11-18,415.38,408.12,422.78,KOTAKBANK.NS
2025-11-19,416.79,409.26,424.43,KOTAKBANK.NS
2025-11-20,417.67,410.35,425.36,KOTAKBANK.NS
2025-11-21,418.0,410.71,425.07,KOTAKBANK.NS
2025-11-24,418.98,411.85,426.28,KOTAKBANK.NS
2025-11-25,419.86,412.24,427.12,KOTAKBANK.NS
2025-11-26,421.6,414.68,429.19,KOTAKBANK.NS
2025-11-27,422.75,415.72,429.87,KOTAKBANK.NS
2025-11-28,423.27,415.73,430.53,KOTAKBANK.NS
2025-12-01,424.42,417.0,432.42,KOTAKBANK.NS
2025-12-02,425.25,418.18,432.86,KOTAKBANK.NS
2025-12-03,426.89,419.88,434.38,KOTAKBANK.NS
2025-12-04,427.9,420.03,435.61,KOTAKBANK.NS
2025-12-05,428.25,420.97,435.35,KOTAKBANK.NS
2025-12-08,428.73,421.52,436.49,KOTAKBANK.NS
2025-12-09,429.32,421.87,437.25,KOTAKBANK.NS
2025-12-10,430.71,423.59,438.2,KOTAKBANK.NS
2025-12-11,431.47,424.19,438.74,KOTAKBANK.NS
2025-12-12,431.58,424.27,439.16,KOTAKBANK.NS
2025-12-15,431.39,423.82,439.22,KOTAKBANK.NS
2025-12-16,431.78,424.38,439.42,KOTAKBANK.NS
2025-12-17,432.99,425.3,440.37,KOTAKBANK.NS
2025-12-18,433.57,426.42,440.82,KOTAKBANK.NS
2025-12-19,433.51,425.77,441.47,KOTAKBANK.NS
2025-12-22,432.88,425.19,441.01,KOTAKBANK.NS
2025-12-23,433.12,425.64,439.52,KOTAKBANK.NS
2025-12-24,434.17,426.91,441.43,KOTAKBANK.NS
2025-12-26,434.37,427.04,441.92,KOTAKBANK.NS
2025-12-29,433.11,426.05,440.19,KOTAKBANK.NS
2025-12-30,433.1,425.2,440.45,KOTAKBANK.NS
2025-12-31,433.88,426.13,441.38,KOTAKBANK.NS
2026-01-01,434.0,427.0,441.29,KOTAKBANK.NS
2026-01-02,433.44,426.2,440.81,KOTAKBANK.NS
2026-01-05,431.05,423.65,438.6,KOTAKBANK.NS
2026-01-06,430.62,423.29,437.88,KOTAKBANK.NS
2026-01-07,430.96,423.48,438.23,KOTAKBANK.NS
2026-01-08,430.63,423.39,438.08,KOTAKBANK.NS
2026-01-09,429.61,422.05,436.91,KOTAKBANK.NS
2026-01-12,425.9,418.55,433.2,KOTAKBANK.NS
2026-01-13,425.05,417.47,432.62,KOTAKBANK.NS
2026-01-14,425.02,417.72,432.0,KOTAKBANK.NS
2026-01-15,424.36,417.18,431.53,KOTAKBANK.NS
2026-01-16,423.05,415.1,430.37,KOTAKBANK.NS
2026-01-19,418.83,411.34,426.32,KOTAKBANK.NS
2026-01-20,417.97,410.83,425.37,KOTAKBANK.NS
2026-01-21,417.99,411.01,425.4,KOTAKBANK.NS
2026-01-22,417.47,410.39,424.71,KOTAKBANK.NS
2026-01-23,416.4,408.8,423.42,KOTAKBANK.NS
2026-01-27,413.11,405.55,420.07,KOTAKBANK.NS
2026-01-28,413.78,406.12,421.42,KOTAKBANK.NS
2026-01-29,413.99,406.47,420.15,KOTAKBANK.NS
2026-01-30,413.69,406.3,421.04,KOTAKBANK.NS
2026-02-02,413.29,405.98,420.61,KOTAKBANK.NS
2026-02-03,413.91,406.54,421.02,KOTAKBANK.NS
2026-02-04,415.48,408.31,422.73,KOTAKBANK.NS
2026-02-05,416.55,409.38,423.83,KOTAKBANK.NS
2026-02-06,417.09,409.34,424.35,KOTAKBANK.NS
2026-02-09,418.77,411.41,426.11,KOTAKBANK.NS
2026-02-10,419.88,412.7,426.82,KOTAKBANK.NS
2026-02-11,421.82,414.25,429.6,KOTAKBANK.NS
2026-02-12,423.14,416.38,430.88,KOTAKBANK.NS
2026-02-13,423.77,417.25,431.24,KOTAKBANK.NS
2026-02-16,424.75,417.51,432.06,KOTAKBANK.NS
2026-02-17,425.29,417.88,432.47,KOTAKBANK.NS
2026-02-18,426.5,419.26,434.42,KOTAKBANK.NS
2026-02-19,426.91,419.78,433.99,KOTAKBANK.NS
2026-02-20,426.48,418.32,433.42,KOTAKBANK.NS
2026-02-23,423.46,416.17,430.6,KOTAKBANK.NS
2026-02-24,422.45,415.18,430.1,KOTAKBANK.NS
2026-02-25,422.03,415.08,429.34,KOTAKBANK.NS
2026-02-26,420.75,413.44,427.74,KOTAKBANK.NS
2026-02-27,418.61,411.02,425.82,KOTAKBANK.NS
2026-03-02,410.51,403.11,417.58,KOTAKBANK.NS
2026-03-04,406.02,398.2,412.67,KOTAKBANK.NS
2026-03-05,403.38,396.13,411.05,KOTAKBANK.NS
2026-03-06,400.03,392.86,407.78,KOTAKBANK.NS
2026-03-09,389.35,381.88,396.27,KOTAKBANK.NS
2026-03-10,386.3,379.33,393.69,KOTAKBANK.NS
2026-03-11,384.15,377.13,391.77,KOTAKBANK.NS
2026-03-12,381.5,374.26,389.32,KOTAKBANK.NS
2026-03-13,378.35,371.4,385.49,KOTAKBANK.NS
2026-03-16,369.56,362.56,377.01,KOTAKBANK.NS
2026-03-17,367.53,360.39,374.24,KOTAKBANK.NS
2026-03-18,366.58,359.34,373.98,KOTAKBANK.NS
2026-03-19,365.27,358.38,372.42,KOTAKBANK.NS
2026-03-20,363.59,356.17,371.22,KOTAKBANK.NS
2026-03-23,359.73,352.68,366.28,KOTAKBANK.NS
2026-03-24,359.44,352.71,366.48,KOTAKBANK.NS
2026-03-25,360.21,353.14,367.4,KOTAKBANK.NS
2026-03-27,360.57,353.32,368.0,KOTAKBANK.NS
2026-03-30,361.13,353.63,368.05,KOTAKBANK.NS
2026-04-01,363.93,356.1,370.91,KOTAKBANK.NS
2026-04-02,365.26,357.81,372.57,KOTAKBANK.NS
2026-04-06,367.91,360.16,375.63,KOTAKBANK.NS
2026-04-07,368.99,361.69,376.48,KOTAKBANK.NS
2026-04-08,370.86,363.54,378.42,KOTAKBANK.NS
2026-04-09,372.06,364.51,379.5,KOTAKBANK.NS
2026-04-10,372.56,364.95,379.51,KOTAKBANK.NS
2026-04-13,373.26,365.96,380.82,KOTAKBANK.NS
2026-04-15,375.16,367.55,382.34,KOTAKBANK.NS
2026-04-16,375.82,368.56,382.93,KOTAKBANK.NS
2026-04-17,375.79,368.19,383.24,KOTAKBANK.NS
2026-04-20,375.1,367.83,382.54,KOTAKBANK.NS
2026-04-21,375.31,368.22,382.86,KOTAKBANK.NS
2026-04-22,376.35,368.62,384.14,KOTAKBANK.NS
2026-04-23,376.79,369.05,384.27,KOTAKBANK.NS
2026-04-24,376.61,369.19,384.08,KOTAKBANK.NS
2026-04-27,375.89,368.69,383.42,KOTAKBANK.NS
2026-04-28,376.21,368.93,383.64,KOTAKBANK.NS
2026-04-29,377.4,369.5,384.8,KOTAKBANK.NS
2026-04-30,378.03,370.36,385.13,KOTAKBANK.NS
2026-05-01,378.07,370.95,385.9,KOTAKBANK.NS
2026-05-04,378.01,370.85,386.01,KOTAKBANK.NS
2026-05-05,378.52,371.52,385.95,KOTAKBANK.NS
2026-05-06,379.88,372.13,387.0,KOTAKBANK.NS
2026-05-07,380.62,373.61,388.44,KOTAKBANK.NS
2026-05-08,380.74,373.07,388.07,KOTAKBANK.NS
2026-05-11,380.58,372.7,388.04,KOTAKBANK.NS
2026-05-12,380.95,373.84,388.33,KOTAKBANK.NS
2026-05-13,382.11,374.68,389.39,KOTAKBANK.NS
2026-05-14,382.62,375.46,390.25,KOTAKBANK.NS
2026-05-15,382.46,375.49,389.39,KOTAKBANK.NS
2026-05-18,381.37,373.76,388.74,KOTAKBANK.NS
2026-05-19,381.42,373.77,388.79,KOTAKBANK.NS
2026-05-20,382.29,374.96,389.48,KOTAKBANK.NS
2026-05-21,382.55,374.91,389.74,KOTAKBANK.NS
2026-05-22,382.17,374.82,389.24,KOTAKBANK.NS
2026-05-25,380.81,373.54,388.32,KOTAKBANK.NS
2026-05-26,380.93,373.87,387.8,KOTAKBANK.NS
2026-05-27,381.94,374.2,389.41,KOTAKBANK.NS
2026-05-28,382.43,374.86,388.9,KOTAKBANK.NS
2026-05-29,382.37,374.91,389.55,KOTAKBANK.NS
2026-06-01,382.43,375.38,389.44,KOTAKBANK.NS
2026-06-02,383.14,375.72,390.55,KOTAKBANK.NS
2026-06-03,384.8,377.31,392.3,KOTAKBANK.NS
2026-06-04,385.96,378.35,393.36,KOTAKBANK.NS
2026-06-05,386.59,378.94,393.36,KOTAKBANK.NS
2026-06-08,388.62,380.96,395.65,KOTAKBANK.NS
2026-06-09,389.91,382.9,397.49,KOTAKBANK.NS
2026-06-10,392.06,384.76,399.17,KOTAKBANK.NS
2026-06-11,393.63,385.62,400.82,KOTAKBANK.NS
2026-06-12,394.56,387.05,401.74,KOTAKBANK.NS
2026-06-15,396.77,389.86,404.21,KOTAKBANK.NS
2026-06-16,397.85,390.71,404.8,KOTAKBANK.NS
2026-06-17,399.66,392.44,407.09,KOTAKBANK.NS
2026-06-18,400.75,393.37,408.25,KOTAKBANK.NS
2026-06-19,401.07,393.63,408.59,KOTAKBANK.NS
2026-06-22,400.76,393.17,408.58,KOTAKBANK.NS
2026-06-23,400.82,393.47,407.79,KOTAKBANK.NS
2026-06-24,401.54,394.2,408.88,KOTAKBANK.NS
2026-06-25,401.49,394.35,408.69,KOTAKBANK.NS
2026-06-26,400.66,393.03,408.18,KOTAKBANK.NS
2026-06-29,396.94,389.29,403.96,KOTAKBANK.NS
2026-06-30,395.96,388.02,403.29,KOTAKBANK.NS
2026-07-01,395.72,388.6,402.68,KOTAKBANK.NS
2026-07-02,394.81,387.32,402.25,KOTAKBANK.NS
2026-07-03,393.23,385.27,400.91,KOTAKBANK.NS
2026-07-06,388.05,380.81,395.58,KOTAKBANK.NS
2026-07-07,386.87,379.82,394.64,KOTAKBANK.NS
2026-07-08,386.57,379.01,393.79,KOTAKBANK.NS
2026-07-09,385.75,378.74,393.74,KOTAKBANK.NS
2026-07-10,384.38,376.67,392.36,KOTAKBANK.NS
2026-07-13,380.59,373.48,387.71,KOTAKBANK.NS
2026-07-14,380.06,372.27,387.8,KOTAKBANK.NS
2026-07-15,380.48,373.29,388.25,KOTAKBANK.NS
2026-07-16,380.42,372.8,388.03,KOTAKBANK.NS
2026-07-17,379.86,372.4,387.18,KOTAKBANK.NS
2026-07-20,378.44,370.94,385.65,KOTAKBANK.NS
2026-07-21,378.62,371.22,385.55,KOTAKBANK.NS
2026-07-22,379.7,372.17,386.87,KOTAKBANK.NS
2026-07-23,380.23,373.4,387.76,KOTAKBANK.NS
2026-07-24,380.16,373.22,387.72,KOTAKBANK.NS
2026-07-27,379.62,372.15,386.82,KOTAKBANK.NS
2026-07-28,379.88,372.61,388.27,KOTAKBANK.NS
2026-07-29,380.94,373.32,387.73,KOTAKBANK.NS
2026-07-30,381.35,373.9,388.86,KOTAKBANK.NS
2026-07-31,381.06,373.94,387.92,KOTAKBANK.NS
2026-08-03,379.41,372.11,386.43,KOTAKBANK.NS
2026-08-04,379.2,371.83,386.85,KOTAKBANK.NS
2026-08-05,379.76,372.28,387.06,KOTAKBANK.NS
2026-08-06,379.65,372.44,387.04,KOTAKBANK.NS
2026-08-07,378.85,371.35,386.38,KOTAKBANK.NS
2026-08-10,375.85,368.36,383.15,KOTAKBANK.NS
2026-08-11,375.29,367.86,382.6,KOTAKBANK.NS
2026-08-12,375.56,368.0,382.72,KOTAKBANK.NS
2026-08-13,375.24,367.93,383.97,KOTAKBANK.NS
2026-08-14,374.31,367.18,381.9,KOTAKBANK.NS
2026-08-17,371.42,364.39,378.54,KOTAKBANK.NS
2026-08-18,371.06,363.74,378.66,KOTAKBANK.NS
2026-08-19,371.6,364.31,378.76,KOTAKBANK.NS
2026-08-20,371.61,363.79,378.47,KOTAKBANK.NS
2026-08-21,371.07,363.85,378.68,KOTAKBANK.NS
2026-08-24,369.57,362.13,377.46,KOTAKBANK.NS
2026-08-25,369.7,362.49,377.29,KOTAKBANK.NS
2026-08-26,370.73,363.3,377.74,KOTAKBANK.NS
2026-08-27,371.22,363.94,378.75,KOTAKBANK.NS
2026-08-28,371.12,363.94,378.06,KOTAKBANK.NS
2026-08-31,370.7,362.93,378.05,KOTAKBANK.NS
2026-09-01,371.09,363.86,378.15,KOTAKBANK.NS
2026-09-02,372.32,364.97,379.78,KOTAKBANK.NS
2026-09-03,372.95,365.55,379.98,KOTAKBANK.NS
2026-09-04,372.95,365.29,380.38,KOTAKBANK.NS
2025-07-24,3414.76,3342.13,3482.86,LT.NS
2025-07-25,3430.48,3364.27,3501.32,LT.NS
2025-07-28,3472.01,3399.47,3542.04,LT.NS
2025-07-29,3489.15,3421.92,3563.77,LT.NS
2025-07-30,3518.33,3446.89,3588.63,LT.NS
2025-07-31,3529.64,3458.19,3596.86,LT.NS
2025-08-01,3551.07,3483.71,3619.38,LT.NS
2025-08-04,3594.18,3525.53,3666.7,LT.NS
2025-08-05,3606.84,3531.35,3678.22,LT.NS
2025-08-06,3629.27,3556.67,3695.01,LT.NS
2025-08-07,3631.78,3562.03,3704.04,LT.NS
2025-08-08,3642.57,3572.8,3709.21,LT.NS
2025-08-11,3645.9,3579.14,3712.56,LT.NS
2025-08-12,3643.78,3574.8,3718.57,LT.NS
2025-08-13,3651.25,3584.36,3715.27,LT.NS
2025-08-14,3638.95,3569.09,3707.57,LT.NS
2025-08-18,3601.93,3530.59,3671.1,LT.NS
2025-08-19,3590.36,3515.58,3662.07,LT.NS
2025-08-20,3590.1,3512.41,3662.19,LT.NS
2025-08-21,3571.93,3505.77,3636.34,LT.NS
2025-08-22,3564.49,3497.82,3633.15,LT.NS
2025-08-25,3530.62,3460.12,3599.16,LT.NS
2025-08-26,3522.53,3453.6,3595.15,LT.NS
2025-08-28,3515.6,3450.8,3587.14,LT.NS
2025-08-29,3515.76,3445.49,3587.12,LT.NS
2025-09-01,3509.25,3442.66,3580.15,LT.NS
2025-09-02,3510.94,3436.31,3580.92,LT.NS
2025-09-03,3525.42,3456.61,3597.01,LT.NS
2025-09-04,3523.04,3453.5,3589.8,LT.NS
2025-09-05,3532.0,3461.93,3603.51,LT.NS
2025-09-08,3546.76,3475.38,3614.38,LT.NS
2025-09-09,3553.4,3481.1,3623.33,LT.NS
2025-09-10,3571.64,3499.75,3643.66,LT.NS
2025-09-11,3571.81,3503.94,3640.29,LT.NS
2025-09-12,3582.11,3511.15,3650.32,LT.NS
2025-09-15,3594.47,3523.14,3659.22,LT.NS
2025-09-16,3598.54,3528.84,3669.2,LT.NS
2025-09-17,3613.58,3545.64,3679.58,LT.NS
2025-09-18,3610.1,3540.1,3676.05,LT.NS
2025-09-19,3616.48,3544.04,3688.07,LT.NS
2025-09-22,3617.36,3552.6,3683.04,LT.NS
2025-09-23,3618.3,3549.97,3695.72,LT.NS
2025-09-24,3630.79,3558.9,3700.25,LT.NS
2025-09-25,3625.49,3560.51,3694.8,LT.NS
2025-09-26,3630.87,3560.26,3696.87,LT.NS
2025-09-29,3634.18,3564.78,3704.74,LT.NS
2025-09-30,3637.76,3568.91,3708.56,LT.NS
2025-10-01,3653.75,3584.67,3722.44,LT.NS
2025-10-03,3663.01,3595.35,3732.66,LT.NS
2025-10-06,3683.67,3612.95,3759.39,LT.NS
2025-10-07,3693.36,3618.49,3762.76,LT.NS
2025-10-08,3715.35,3643.99,3784.39,LT.NS
2025-10-09,3720.03,3649.51,3790.14,LT.NS
2025-10-10,3735.62,3663.8,3806.56,LT.NS
2025-10-13,3768.11,3698.95,3840.91,LT.NS
2025-10-14,3780.04,3712.03,3847.04,LT.NS
2025-10-15,3803.3,3735.46,3877.44,LT.NS
2025-10-16,3808.23,3740.44,3878.23,LT.NS
2025-10-17,3823.07,3757.1,3896.53,LT.NS
2025-10-20,3847.58,3777.85,3917.47,LT.NS
2025-10-21,3855.2,3786.5,3923.08,LT.NS
2025-10-23,3872.99,3799.93,3942.66,LT.NS
2025-10-24,3882.02,3810.65,3954.77,LT.NS
2025-10-27,3888.52,3821.87,3949.16,LT.NS
2025-10-28,3890.47,3819.74,3958.79,LT.NS
2025-10-29,3903.5,3833.17,3969.87,LT.NS
2025-10-30,3898.23,3829.5,3970.99,LT.NS
2025-10-31,3903.14,3833.53,3970.12,LT.NS
2025-11-03,3901.81,3835.72,3969.92,LT.NS
2025-11-04,3902.76,3835.39,3974.34,LT.NS
2025-11-06,3910.9,3840.81,3982.59,LT.NS
2025-11-07,3917.07,3850.68,3988.4,LT.NS
2025-11-10,3922.7,3850.68,3989.18,LT.NS
2025-11-11,3926.64,3855.35,4000.71,LT.NS
2025-11-12,3942.56,3870.57,4012.78,LT.NS
2025-11-13,3940.92,3868.17,4012.22,LT.NS
2025-11-14,3949.95,3884.82,4018.77,LT.NS
2025-11-17,3961.89,3890.68,4028.52,LT.NS
2025-11-18,3966.81,3896.44,4031.76,LT.NS
2025-11-19,3983.03,3915.89,4047.75,LT.NS
2025-11-20,3980.94,3911.91,4047.44,LT.NS
2025-11-21,3988.79,3918.54,4057.68,LT.NS
2025-11-24,3992.87,3929.6,4062.41,LT.NS
2025-11-25,3993.93,3926.62,4066.1,LT.NS
2025-11-26,4005.83,3937.48,4077.19,LT.NS
2025-11-27,3999.08,3932.75,4071.18,LT.NS
2025-11-28,4002.05,3931.89,4069.66,LT.NS
2025-12-01,3991.72,3919.6,4059.91,LT.NS
2025-12-02,3988.55,3918.5,4059.39,LT.NS
2025-12-03,3996.74,3925.79,4066.15,LT.NS
2025-12-04,3986.93,3920.03,4056.25,LT.NS
2025-12-05,3987.61,3919.82,4058.67,LT.NS
2025-12-08,3975.73,3902.22,4050.21,LT.NS
2025-12-09,3973.96,3909.43,4043.67,LT.NS
2025-12-10,3984.49,3915.13,4051.0,LT.NS
2025-12-11,3977.92,3908.94,4048.11,LT.NS
2025-12-12,3982.66,3903.37,4050.61,LT.NS
2025-12-15,3986.71,3913.62,4052.72,LT.NS
2025-12-16,3990.98,3920.13,4061.84,LT.NS
2025-12-17,4007.63,3936.95,4078.9,LT.NS
2025-12-18,4007.06,3941.1,4082.34,LT.NS
2025-12-19,4017.48,3950.89,4086.55,LT.NS
2025-12-22,4034.67,3963.05,4099.19,LT.NS
2025-12-23,4041.43,3970.1,4114.55,LT.NS
2025-12-24,4059.36,3989.83,4130.12,LT.NS
2025-12-26,4067.71,3998.73,4137.11,LT.NS
2025-12-29,4071.69,4001.34,4139.22,LT.NS
2025-12-30,4071.14,4004.77,4143.6,LT.NS
2025-12-31,4080.44,4012.6,4158.07,LT.NS
2026-01-01,4069.97,4004.38,4139.87,LT.NS
2026-01-02,4068.04,3997.66,4139.56,LT.NS
2026-01-05,4034.99,3964.36,4109.41,LT.NS
2026-01-06,4021.45,3953.87,4088.92,LT.NS
2026-01-07,4017.85,3951.79,4088.36,LT.NS
2026-01-08,3994.88,3921.88,4063.59,LT.NS
2026-01-09,3981.08,3910.85,4049.23,LT.NS
2026-01-12,3919.0,3851.81,3987.2,LT.NS
2026-01-13,3898.76,3824.57,3968.67,LT.NS
2026-01-14,3890.3,3821.65,3959.8,LT.NS
2026-01-15,3864.46,3795.61,3932.42,LT.NS
2026-01-16,3849.92,3776.39,3919.37,LT.NS
2026-01-19,3799.05,3730.34,3872.34,LT.NS
2026-01-20,3787.05,3714.63,3856.38,LT.NS
2026-01-21,3789.0,3718.69,3858.03,LT.NS
2026-01-22,3775.61,3710.01,3849.13,LT.NS
2026-01-23,3775.42,3703.59,3844.52,LT.NS
2026-01-27,3784.64,3714.55,3861.13,LT.NS
2026-01-28,3806.97,3741.32,3878.86,LT.NS
2026-01-29,3814.31,3746.83,3884.66,LT.NS
2026-01-30,3834.87,3762.58,3907.76,LT.NS
2026-02-02,3895.53,3831.83,3969.17,LT.NS
2026-02-03,3920.89,3851.53,3988.56,LT.NS
2026-02-04,3959.33,3886.07,4029.22,LT.NS
2026-02-05,3980.97,3906.69,4047.35,LT.NS
2026-02-06,4013.79,3943.71,4082.97,LT.NS
2026-02-09,4096.92,4032.89,4173.01,LT.NS
2026-02-10,4124.52,4056.56,4194.05,LT.NS
2026-02-11,4162.4,4090.41,4231.17,LT.NS
2026-02-12,4180.66,4112.85,4254.65,LT.NS
2026-02-13,4207.27,4133.85,4274.47,LT.NS
2026-02-16,4255.4,4187.16,4330.06,LT.NS
2026-02-17,4266.25,4195.55,4336.93,LT.NS
2026-02-18,4285.11,4213.52,4357.66,LT.NS
2026-02-19,4282.3,4212.94,4355.95,LT.NS
2026-02-20,4286.01,4213.55,4355.7,LT.NS
2026-02-23,4257.27,4189.75,4322.48,LT.NS
2026-02-24,4240.77,4171.97,4312.09,LT.NS
2026-02-25,4231.95,4162.68,4299.71,LT.NS
2026-02-26,4201.46,4134.46,4273.26,LT.NS
2026-02-27,4177.84,4110.86,4247.36,LT.NS
2026-03-02,4072.44,4002.38,4140.09,LT.NS
2026-03-04,4003.6,3934.21,4071.53,LT.NS
2026-03-05,3954.48,3882.59,4022.05,LT.NS
2026-03-06,3914.67,3840.94,3982.15,LT.NS
2026-03-09,3777.25,3705.76,3846.49,LT.NS
2026-03-10,3733.39,3665.27,3807.12,LT.NS
2026-03-11,3702.31,3635.9,3771.9,LT.NS
2026-03-12,3654.96,3588.87,3724.0,LT.NS
2026-03-13,3620.13,3541.86,3690.83,LT.NS
2026-03-16,3516.43,3448.43,3588.07,LT.NS
2026-03-17,3489.66,3419.11,3554.99,LT.NS
2026-03-18,3478.29,3406.47,3546.2,LT.NS
2026-03-19,3453.05,3382.14,3527.8,LT.NS
2026-03-20,3442.44,3368.8,3515.68,LT.NS
2026-03-23,3421.04,3345.49,3496.98,LT.NS
2026-03-24,3423.75,3354.25,3491.21,LT.NS
2026-03-25,3442.28,3372.53,3513.34,LT.NS
2026-03-27,3465.93,3398.73,3537.64,LT.NS
2026-03-30,3527.37,3454.38,3596.7,LT.NS
2026-04-01,3595.51,3523.26,3668.29,LT.NS
2026-04-02,3620.25,3548.94,3695.16,LT.NS
2026-04-06,3753.28,3687.03,3820.49,LT.NS
2026-04-07,3786.15,3721.23,3857.6,LT.NS
2026-04-08,3829.67,3764.87,3898.67,LT.NS
2026-04-09,3853.95,3788.03,3924.66,LT.NS
2026-04-10,3887.0,3817.98,3961.13,LT.NS
2026-04-13,3957.53,3886.41,4030.18,LT.NS
2026-04-15,4005.55,3934.07,4073.45,LT.NS
2026-04-16,4013.22,3943.74,4084.51,LT.NS
2026-04-17,4028.48,3954.34,4095.45,LT.NS
2026-04-20,4041.95,3975.08,4111.65,LT.NS
2026-04-21,4042.45,3976.65,4108.42,LT.NS
2026-04-22,4052.28,3979.11,4124.47,LT.NS
2026-04-23,4042.17,3975.74,4110.14,LT.NS
2026-04-24,4040.7,3969.5,4108.53,LT.NS
2026-04-27,4012.63,3944.71,4080.45,LT.NS
2026-04-28,4002.7,3926.34,4066.95,LT.NS
2026-04-29,4003.96,3933.29,4070.62,LT.NS
2026-04-30,3987.17,3918.98,4052.09,LT.NS
2026-05-01,3980.93,3915.33,4052.45,LT.NS
2026-05-04,3949.21,3878.62,4017.12,LT.NS
2026-05-05,3941.21,3870.33,4006.66,LT.NS
2026-05-06,3945.7,3881.5,4017.13,LT.NS
2026-05-07,3933.26,3861.88,4005.35,LT.NS
2026-05-08,3932.24,3867.17,4000.9,LT.NS
2026-05-11,3919.35,3851.39,3989.49,LT.NS
2026-05-12,3917.96,3849.12,3982.69,LT.NS
2026-05-13,3928.91,3859.8,3994.49,LT.NS
2026-05-14,3922.58,3853.82,3992.01,LT.NS
2026-05-15,3927.22,3862.61,4000.79,LT.NS
2026-05-18,3927.43,3856.14,3995.62,LT.NS
2026-05-19,3928.95,3855.6,3998.53,LT.NS
2026-05-20,3942.06,3870.55,4012.17,LT.NS
2026-05-21,3937.2,3869.06,4006.24,LT.NS
2026-05-22,3942.68,3871.91,4011.81,LT.NS
2026-05-25,3942.69,3878.32,4015.4,LT.NS
2026-05-26,3943.67,3877.79,4015.14,LT.NS
2026-05-27,3956.25,3887.67,4023.21,LT.NS
2026-05-28,3951.01,3881.75,4018.63,LT.NS
2026-05-29,3956.4,3887.69,4026.41,LT.NS
2026-06-01,3959.15,3887.15,4029.51,LT.NS
2026-06-02,3962.34,3898.36,4029.84,LT.NS
2026-06-03,3977.87,3913.64,4049.61,LT.NS
2026-06-04,3976.34,3908.08,4046.1,LT.NS
2026-06-05,3986.16,3911.59,4055.97,LT.NS
2026-06-08,4005.79,3938.74,4072.0,LT.NS
2026-06-09,4015.41,3943.99,4081.68,LT.NS
2026-06-10,4037.5,3970.83,4105.3,LT.NS
2026-06-11,4042.45,3972.62,4114.96,LT.NS
2026-06-12,4058.48,3991.18,4126.45,LT.NS
2026-06-15,4092.87,4020.41,4162.38,LT.NS
2026-06-16,4105.4,4034.46,4172.99,LT.NS
2026-06-17,4129.05,4060.25,4200.91,LT.NS
2026-06-18,4134.06,4062.89,4202.93,LT.NS
2026-06-19,4148.5,4083.79,4218.87,LT.NS
2026-06-22,4167.37,4098.52,4233.18,LT.NS
2026-06-23,4171.05,4102.25,4247.97,LT.NS
2026-06-24,4184.1,4117.99,4256.0,LT.NS
2026-06-25,4176.86,4111.66,4251.8,LT.NS
2026-06-26,4177.55,4108.07,4250.94,LT.NS
2026-06-29,4148.41,4078.22,4219.87,LT.NS
2026-06-30,4134.73,4063.48,4205.83,LT.NS
2026-07-01,4130.27,4058.54,4205.08,LT.NS
2026-07-02,4105.7,4028.75,4179.67,LT.NS
2026-07-03,4089.6,4021.46,4157.42,LT.NS
2026-07-06,4016.67,3947.06,4089.55,LT.NS
2026-07-07,3991.66,3920.66,4064.19,LT.NS
2026-07-08,3977.97,3912.34,4044.1,LT.NS
2026-07-09,3946.48,3877.72,4018.96,LT.NS
2026-07-10,3925.95,3856.07,3990.84,LT.NS
2026-07-13,3855.73,3791.58,3921.76,LT.NS
2026-07-14,3837.01,3763.59,3911.52,LT.NS
2026-07-15,3832.17,3761.15,3900.05,LT.NS
2026-07-16,3811.96,3742.29,3882.06,LT.NS
2026-07-17,3804.93,3734.96,3872.53,LT.NS
2026-07-20,3785.73,3715.04,3851.85,LT.NS
2026-07-21,3786.41,3717.09,3851.58,LT.NS
2026-07-22,3801.57,3733.71,3874.77,LT.NS
2026-07-23,3801.54,3728.37,3869.59,LT.NS
2026-07-24,3814.47,3745.6,3886.54,LT.NS
2026-07-27,3850.02,3777.75,3919.91,LT.NS
2026-07-28,3866.07,3794.78,3938.43,LT.NS
2026-07-29,3894.64,3831.12,3964.6,LT.NS
2026-07-30,3905.85,3836.29,3973.33,LT.NS
2026-07-31,3927.63,3854.82,3994.39,LT.NS
2026-08-03,3974.45,3906.94,4043.9,LT.NS
2026-08-04,3989.09,3917.73,4060.45,LT.NS
2026-08-05,4013.78,3947.44,4087.14,LT.NS
2026-08-06,4018.77,3950.92,4091.26,LT.NS
2026-08-07,4032.23,3966.39,4102.08,LT.NS
2026-08-10,4043.89,3975.97,4114.9,LT.NS
2026-08-11,4044.46,3971.7,4116.54,LT.NS
2026-08-12,4054.45,3983.36,4125.87,LT.NS
2026-08-13,4044.49,3977.4,4111.36,LT.NS
2026-08-14,4043.07,3975.24,4108.99,LT.NS
2026-08-17,4013.91,3945.48,4087.85,LT.NS
2026-08-18,4003.1,3932.88,4072.04,LT.NS
2026-08-19,4003.23,3930.71,4075.69,LT.NS
2026-08-20,3985.1,3912.63,4058.42,LT.NS
2026-08-21,3977.34,3908.64,4046.32,LT.NS
2026-08-24,3940.69,3875.34,4009.33,LT.NS
2026-08-25,3931.18,3866.81,4001.56,LT.NS
2026-08-26,3934.38,3861.03,4002.18,LT.NS
2026-08-27,3920.92,3850.5,3989.08,LT.NS
2026-08-28,3919.28,3852.18,3991.22,LT.NS
2026-08-31,3907.35,3833.99,3978.02,LT.NS
2026-09-01,3907.38,3838.97,3978.61,LT.NS
2026-09-02,3920.34,3849.87,3989.95,LT.NS
2026-09-03,3916.62,3845.87,3987.59,LT.NS
2026-09-04,3924.43,3852.38,3996.11,LT.NS
2025-07-24,207.84,200.05,215.22,LTF.NS
2025-07-25,207.08,199.53,215.02,LTF.NS
2025-07-28,201.77,194.28,209.85,LTF.NS
2025-07-29,201.19,193.76,209.18,LTF.NS
2025-07-30,200.55,192.92,208.35,LTF.NS
2025-07-31,198.06,190.17,205.57,LTF.NS
2025-08-01,198.49,190.26,205.98,LTF.NS
2025-08-04,197.08,189.56,204.87,LTF.NS
2025-08-05,197.83,189.7,206.02,LTF.NS
2025-08-06,198.51,190.85,206.36,LTF.NS
2025-08-07,197.31,189.75,206.12,LTF.NS
2025-08-08,198.97,191.2,206.28,LTF.NS
2025-08-11,200.79,192.99,208.85,LTF.NS
2025-08-12,202.43,194.81,210.23,LTF.NS
2025-08-13,203.89,196.36,211.76,LTF.NS
2025-08-14,203.35,196.32,210.9,LTF.NS
2025-08-18,208.45,200.64,216.12,LTF.NS
2025-08-19,210.26,202.67,217.94,LTF.NS
2025-08-20,211.81,204.15,219.86,LTF.NS
2025-08-21,211.29,203.8,218.93,LTF.NS
2025-08-22,213.47,205.7,221.36,LTF.NS
2025-08-25,215.98,207.84,223.66,LTF.NS
2025-08-26,217.61,209.98,225.24,LTF.NS
2025-08-28,218.29,210.16,226.21,LTF.NS
2025-08-29,220.3,212.93,228.13,LTF.NS
2025-09-01,222.42,214.8,229.83,LTF.NS
2025-09-02,223.97,216.55,231.87,LTF.NS
2025-09-03,225.29,217.24,232.89,LTF.NS
2025-09-04,224.56,216.41,232.57,LTF.NS
2025-09-05,226.57,218.63,234.41,LTF.NS
2025-09-08,228.8,221.33,236.42,LTF.NS
2025-09-09,230.42,222.64,238.06,LTF.NS
2025-09-10,231.81,223.85,239.71,LTF.NS
2025-09-11,231.17,223.57,239.32,LTF.NS
2025-09-12,233.25,224.91,240.7,LTF.NS
2025-09-15,235.68,228.11,243.77,LTF.NS
2025-09-16,237.35,229.54,245.0,LTF.NS
2025-09-17,238.77,231.48,246.69,LTF.NS
2025-09-18,238.14,230.34,245.74,LTF.NS
2025-09-19,240.22,232.81,247.97,LTF.NS
2025-09-22,242.55,235.59,250.42,LTF.NS
2025-09-23,244.15,236.95,252.25,LTF.NS
2025-09-24,245.5,237.8,253.27,LTF.NS
2025-09-25,244.79,236.76,252.59,LTF.NS
2025-09-26,246.78,238.83,254.28,LTF.NS
2025-09-29,248.81,241.43,256.43,LTF.NS
2025-09-30,250.31,242.57,258.12,LTF.NS
2025-10-01,251.55,243.65,259.4,LTF.NS
2025-10-03,252.63,244.66,260.38,LTF.NS
2025-10-06,254.39,246.76,262.29,LTF.NS
2025-10-07,255.8,247.81,263.7,LTF.NS
2025-10-08,256.96,249.58,264.92,LTF.NS
2025-10-09,256.07,247.98,263.65,LTF.NS
2025-10-10,257.89,249.86,265.43,LTF.NS
2025-10-13,259.41,251.75,267.83,LTF.NS
2025-10-14,260.74,253.56,268.83,LTF.NS
2025-10-15,261.83,254.56,269.81,LTF.NS
2025-10-16,260.87,253.63,268.69,LTF.NS
2025-10-17,262.62,255.27,271.02,LTF.NS
2025-10-20,263.99,256.45,271.95,LTF.NS
2025-10-21,265.3,257.47,272.88,LTF.NS
2025-10-23,265.43,257.92,272.99,LTF.NS
2025-10-24,267.22,259.41,274.86,LTF.NS
2025-10-27,268.87,261.03,276.94,LTF.NS
2025-10-28,270.34,262.82,278.14,LTF.NS
2025-10-29,271.62,264.27,278.55,LTF.NS
2025-10-30,270.89,262.59,278.38,LTF.NS
2025-10-31,272.93,264.97,280.9,LTF.NS
2025-11-03,275.51,267.41,282.68,LTF.NS
2025-11-04,277.33,269.19,285.19,LTF.NS
2025-11-06,278.6,271.14,286.84,LTF.NS
2025-11-07,281.0,273.39,288.99,LTF.NS
2025-11-10,284.55,276.7,292.14,LTF.NS
2025-11-11,286.62,279.02,293.91,LTF.NS
2025-11-12,288.46,281.24,296.07,LTF.NS
2025-11-13,288.24,280.96,296.07,LTF.NS
2025-11-14,290.72,283.02,298.35,LTF.NS
2025-11-17,294.06,285.54,301.76,LTF.NS
2025-11-18,295.91,288.52,303.55,LTF.NS
2025-11-19,297.43,289.73,304.65,LTF.NS
2025-11-20,296.81,288.92,304.4,LTF.NS
2025-11-21,298.82,290.93,306.43,LTF.NS
2025-11-24,300.32,292.45,307.81,LTF.NS
2025-11-25,301.43,293.68,309.02,LTF.NS
2025-11-26,302.19,295.17,309.79,LTF.NS
2025-11-27,300.79,292.99,308.43,LTF.NS
2025-11-28,302.0,294.71,309.63,LTF.NS
2025-12-01,301.19,293.91,309.1,LTF.NS
2025-12-02,301.62,293.1,308.82,LTF.NS
2025-12-03,301.75,294.04,308.99,LTF.NS
2025-12-04,299.79,292.04,307.95,LTF.NS
2025-12-05,300.53,292.43,308.47,LTF.NS
2025-12-08,298.9,291.0,306.38,LTF.NS
2025-12-09,299.27,291.84,307.53,LTF.NS
2025-12-10,299.45,291.82,307.29,LTF.NS
2025-12-11,297.65,289.46,305.14,LTF.NS
2025-12-12,298.65,290.78,305.99,LTF.NS
2025-12-15,298.3,290.3,306.17,LTF.NS
2025-12-16,299.22,291.03,306.96,LTF.NS
2025-12-17,300.0,292.16,307.72,LTF.NS
2025-12-18,298.82,291.08,306.64,LTF.NS
2025-12-19,300.44,292.52,308.28,LTF.NS
2025-12-22,301.82,293.77,309.73,LTF.NS
2025-12-23,303.21,295.43,311.11,LTF.NS
2025-12-24,304.37,296.77,312.63,LTF.NS
2025-12-26,305.28,297.94,313.13,LTF.NS
2025-12-29,306.45,298.59,314.45,LTF.NS
2025-12-30,307.52,299.9,315.0,LTF.NS
2025-12-31,308.22,300.5,316.2,LTF.NS
2026-01-01,306.74,298.78,314.26,LTF.NS
2026-01-02,307.85,300.6,315.84,LTF.NS
2026-01-05,306.37,299.09,313.9,LTF.NS
2026-01-06,306.4,298.75,314.16,LTF.NS
2026-01-07,306.04,298.32,313.72,LTF.NS
2026-01-08,303.49,295.39,311.32,LTF.NS
2026-01-09,303.51,295.3,311.69,LTF.NS
2026-01-12,299.02,290.91,306.74,LTF.NS
2026-01-13,298.19,290.83,305.8,LTF.NS
2026-01-14,297.07,288.53,304.83,LTF.NS
2026-01-15,293.88,286.57,301.84,LTF.NS
2026-01-16,293.4,285.39,301.64,LTF.NS
2026-01-19,288.26,279.99,295.87,LTF.NS
2026-01-20,287.54,279.85,295.43,LTF.NS
2026-01-21,286.67,279.45,294.48,LTF.NS
2026-01-22,283.88,275.8,291.59,LTF.NS
2026-01-23,283.95,275.67,292.0,LTF.NS
2026-01-27,281.46,273.51,289.42,LTF.NS
2026-01-28,281.65,274.33,289.62,LTF.NS
2026-01-29,279.97,272.28,288.13,LTF.NS
2026-01-30,281.17,273.22,289.22,LTF.NS
2026-02-02,281.77,274.5,289.72,LTF.NS
2026-02-03,283.07,275.47,290.7,LTF.NS
2026-02-04,284.23,276.62,291.89,LTF.NS
2026-02-05,283.41,275.66,291.21,LTF.NS
2026-02-06,285.38,277.84,293.15,LTF.NS
2026-02-09,287.56,279.75,295.58,LTF.NS
2026-02-10,289.11,280.98,296.81,LTF.NS
2026-02-11,290.37,283.02,298.44,LTF.NS
2026-02-12,289.53,281.81,296.77,LTF.NS
2026-02-13,291.33,283.74,299.14,LTF.NS
2026-02-16,292.2,284.58,299.86,LTF.NS
2026-02-17,293.09,285.01,300.25,LTF.NS
2026-02-18,293.59,285.8,301.4,LTF.NS
2026-02-19,291.89,284.01,299.74,LTF.NS
2026-02-20,292.76,284.64,300.31,LTF.NS
2026-02-23,290.57,282.44,298.37,LTF.NS
2026-02-24,290.38,282.46,298.05,LTF.NS
2026-02-25,289.81,281.96,298.24,LTF.NS
2026-02-26,287.04,279.65,295.15,LTF.NS
2026-02-27,286.87,278.98,294.69,LTF.NS
2026-03-02,281.8,274.08,289.98,LTF.NS
2026-03-04,279.41,271.7,286.58,LTF.NS
2026-03-05,275.95,268.34,283.18,LTF.NS
2026-03-06,275.17,267.51,282.81,LTF.NS
2026-03-09,268.78,261.28,276.25,LTF.NS
2026-03-10,267.49,260.25,274.94,LTF.NS
2026-03-11,265.99,257.88,273.63,LTF.NS
2026-03-12,262.48,254.51,270.31,LTF.NS
2026-03-13,261.74,253.62,269.65,LTF.NS
2026-03-16,256.09,248.62,263.97,LTF.NS
2026-03-17,255.25,247.37,262.92,LTF.NS
2026-03-18,254.28,246.26,261.78,LTF.NS
2026-03-19,251.4,243.92,259.63,LTF.NS
2026-03-20,251.39,244.11,259.31,LTF.NS
2026-03-23,248.4,240.69,255.49,LTF.NS
2026-03-24,248.6,240.71,256.49,LTF.NS
2026-03-25,248.74,240.74,256.65,LTF.NS
2026-03-27,248.22,240.52,255.99,LTF.NS
2026-03-30,249.06,241.06,256.88,LTF.NS
2026-04-01,252.0,244.42,260.18,LTF.NS
2026-04-02,251.55,243.76,259.1,LTF.NS
2026-04-06,258.22,250.7,266.26,LTF.NS
2026-04-07,260.69,253.13,268.63,LTF.NS
2026-04-08,263.0,254.86,271.2,LTF.NS
2026-04-09,263.33,255.58,271.01,LTF.NS
2026-04-10,266.41,258.42,274.67,LTF.NS
2026-04-13,271.82,264.23,279.38,LTF.NS
2026-04-15,276.71,268.71,284.73,LTF.NS
2026-04-16,276.87,268.96,284.24,LTF.NS
2026-04-17,279.67,271.91,287.05,LTF.NS
2026-04-20,283.47,275.37,291.23,LTF.NS
2026-04-21,285.31,277.33,292.93,LTF.NS
2026-04-22,286.77,279.12,294.58,LTF.NS
2026-04-23,286.03,278.33,293.46,LTF.NS
2026-04-24,287.85,279.99,295.25,LTF.NS
2026-04-27,288.57,281.11,296.3,LTF.NS
2026-04-28,289.37,282.15,297.45,LTF.NS
2026-04-29,289.81,281.86,296.99,LTF.NS
2026-04-30,288.09,280.43,296.58,LTF.NS
2026-05-01,288.98,281.12,296.55,LTF.NS
2026-05-04,287.26,279.39,294.79,LTF.NS
2026-05-05,287.41,279.67,294.84,LTF.NS
2026-05-06,287.27,279.37,295.03,LTF.NS
2026-05-07,285.06,277.03,293.6,LTF.NS
2026-05-08,285.54,277.64,292.87,LTF.NS
2026-05-11,283.07,275.9,290.99,LTF.NS
2026-05-12,283.1,275.54,290.67,LTF.NS
2026-05-13,282.9,275.4,290.54,LTF.NS
2026-05-14,280.66,273.1,288.68,LTF.NS
2026-05-15,281.16,273.31,289.0,LTF.NS
2026-05-18,278.86,270.77,286.74,LTF.NS
2026-05-19,278.97,270.78,286.34,LTF.NS
2026-05-20,278.83,271.4,286.54,LTF.NS
2026-05-21,276.66,269.05,284.71,LTF.NS
2026-05-22,277.2,269.37,284.73,LTF.NS
2026-05-25,274.95,267.46,283.18,LTF.NS
2026-05-26,275.05,267.02,283.11,LTF.NS
2026-05-27,274.91,266.91,282.67,LTF.NS
2026-05-28,272.73,264.52,280.5,LTF.NS
2026-05-29,273.28,265.84,281.23,LTF.NS
2026-06-01,271.25,263.81,279.43,LTF.NS
2026-06-02,271.51,263.85,279.82,LTF.NS
2026-06-03,271.61,264.19,279.28,LTF.NS
2026-06-04,269.74,262.41,278.01,LTF.NS
2026-06-05,270.69,263.0,277.95,LTF.NS
2026-06-08,270.42,262.49,278.08,LTF.NS
2026-06-09,271.48,263.4,278.9,LTF.NS
2026-06-10,272.46,264.75,280.02,LTF.NS
2026-06-11,271.58,263.51,278.85,LTF.NS
2026-06-12,273.6,265.97,281.63,LTF.NS
2026-06-15,276.98,269.13,284.68,LTF.NS
2026-06-16,279.33,271.61,286.34,LTF.NS
2026-06-17,281.63,273.7,289.41,LTF.NS
2026-06-18,282.06,273.96,289.1,LTF.NS
2026-06-19,285.36,277.44,292.97,LTF.NS
2026-06-22,292.16,284.22,299.69,LTF.NS
2026-06-23,295.44,287.7,303.53,LTF.NS
2026-06-24,298.53,290.2,306.37,LTF.NS
2026-06-25,299.57,291.96,307.46,LTF.NS
2026-06-26,303.32,295.57,311.2,LTF.NS
2026-06-29,310.25,302.47,317.8,LTF.NS
2026-06-30,313.16,305.22,320.61,LTF.NS
2026-07-01,315.65,307.34,322.77,LTF.NS
2026-07-02,315.89,307.88,323.67,LTF.NS
2026-07-03,318.62,310.77,326.34,LTF.NS
2026-07-06,321.43,312.98,329.34,LTF.NS
2026-07-07,322.65,314.91,330.57,LTF.NS
2026-07-08,323.35,315.52,331.0,LTF.NS
2026-07-09,321.72,314.11,329.28,LTF.NS
2026-07-10,322.52,314.02,329.9,LTF.NS
2026-07-13,319.46,312.04,326.95,LTF.NS
2026-07-14,318.82,310.58,326.57,LTF.NS
2026-07-15,317.73,310.28,324.94,LTF.NS
2026-07-16,314.43,307.23,322.01,LTF.NS
2026-07-17,313.7,306.05,320.65,LTF.NS
2026-07-20,307.08,299.11,314.91,LTF.NS
2026-07-21,305.64,297.96,313.3,LTF.NS
2026-07-22,303.97,296.13,311.68,LTF.NS
2026-07-23,300.3,292.58,308.27,LTF.NS
2026-07-24,299.42,291.59,307.29,LTF.NS
2026-07-27,293.58,285.98,301.69,LTF.NS
2026-07-28,292.77,285.49,300.41,LTF.NS
2026-07-29,291.9,283.98,299.93,LTF.NS
2026-07-30,289.17,281.59,297.03,LTF.NS
2026-07-31,289.36,281.87,296.63,LTF.NS
2026-08-03,287.22,278.84,294.53,LTF.NS
2026-08-04,287.74,280.09,295.65,LTF.NS
2026-08-05,288.21,280.75,295.86,LTF.NS
2026-08-06,286.81,278.81,294.84,LTF.NS
2026-08-07,288.29,280.58,295.82,LTF.NS
2026-08-10,289.68,282.25,297.05,LTF.NS
2026-08-11,291.21,283.84,299.51,LTF.NS
2026-08-12,292.59,284.83,300.65,LTF.NS
2026-08-13,291.99,284.13,299.99,LTF.NS
2026-08-14,294.17,286.22,302.37,LTF.NS
2026-08-17,297.01,289.33,305.18,LTF.NS
2026-08-18,298.82,290.8,306.24,LTF.NS
2026-08-19,300.39,292.55,307.66,LTF.NS
2026-08-20,299.9,292.59,307.76,LTF.NS
2026-08-21,302.11,294.71,309.85,LTF.NS
2026-08-24,304.72,296.95,312.23,LTF.NS
2026-08-25,306.39,298.66,314.2,LTF.NS
2026-08-26,307.79,300.57,315.75,LTF.NS
2026-08-27,307.12,299.24,314.58,LTF.NS
2026-08-28,309.16,301.59,316.87,LTF.NS
2026-08-31,311.31,303.56,319.52,LTF.NS
2026-09-01,312.86,305.85,319.81,LTF.NS
2026-09-02,314.17,305.87,321.64,LTF.NS
2026-09-03,313.44,305.43,321.26,LTF.NS
2025-07-24,3134.12,3049.93,3219.86,M&M.NS
2025-07-25,3137.32,3056.39,3213.84,M&M.NS
2025-07-28,3154.65,3071.0,3229.67,M&M.NS
2025-07-29,3169.33,3087.07,3257.34,M&M.NS
2025-07-30,3185.79,3104.66,3264.82,M&M.NS
2025-07-31,3190.36,3110.88,3271.15,M&M.NS
2025-08-01,3192.43,3109.8,3267.82,M&M.NS
2025-08-04,3201.87,3118.07,3281.01,M&M.NS
2025-08-05,3212.69,3130.6,3292.63,M&M.NS
2025-08-06,3224.85,3140.96,3308.33,M&M.NS
2025-08-07,3224.83,3144.25,3304.04,M&M.NS
2025-08-08,3222.17,3145.49,3306.16,M&M.NS
2025-08-11,3218.18,3135.17,3299.18,M&M.NS
2025-08-12,3225.32,3143.77,3311.4,M&M.NS
2025-08-13,3234.44,3151.33,3306.68,M&M.NS
2025-08-14,3232.16,3148.65,3308.33,M&M.NS
2025-08-18,3226.25,3146.8,3318.32,M&M.NS
2025-08-19,3236.27,3151.78,3320.02,M&M.NS
2025-08-20,3249.37,3169.63,3327.78,M&M.NS
2025-08-21,3252.1,3169.1,3334.85,M&M.NS
2025-08-22,3254.05,3175.47,3333.69,M&M.NS
2025-08-25,3274.56,3189.54,3358.36,M&M.NS
2025-08-26,3293.02,3209.83,3369.9,M&M.NS
2025-08-28,3326.07,3243.78,3410.95,M&M.NS
2025-08-29,3336.37,3254.48,3418.58,M&M.NS
2025-09-01,3378.42,3297.65,3466.15,M&M.NS
2025-09-02,3402.24,3323.89,3482.26,M&M.NS
2025-09-03,3428.11,3347.33,3505.54,M&M.NS
2025-09-04,3442.25,3360.25,3522.88,M&M.NS
2025-09-05,3453.91,3371.8,3532.07,M&M.NS
2025-09-08,3490.76,3405.37,3571.59,M&M.NS
2025-09-09,3509.72,3427.9,3591.09,M&M.NS
2025-09-10,3529.23,3442.88,3608.83,M&M.NS
2025-09-11,3535.62,3451.34,3616.53,M&M.NS
2025-09-12,3538.27,3454.54,3618.84,M&M.NS
2025-09-15,3542.19,3462.76,3626.03,M&M.NS
2025-09-16,3548.89,3467.4,3629.41,M&M.NS
2025-09-17,3555.91,3480.69,3637.88,M&M.NS
2025-09-18,3549.78,3467.74,3628.52,M&M.NS
2025-09-19,3540.14,3458.54,3621.31,M&M.NS
2025-09-22,3510.9,3438.58,3594.2,M&M.NS
2025-09-23,3508.49,3428.28,3581.88,M&M.NS
2025-09-24,3507.64,3420.32,3590.94,M&M.NS
2025-09-25,3495.05,3407.96,3574.09,M&M.NS
2025-09-26,3480.45,3397.79,3566.18,M&M.NS
2025-09-29,3445.84,3356.11,3519.18,M&M.NS
2025-09-30,3444.79,3360.1,3525.81,M&M.NS
2025-10-01,3446.8,3363.46,3527.74,M&M.NS
2025-10-03,3429.33,3351.36,3513.75,M&M.NS
2025-10-06,3416.96,3336.61,3493.01,M&M.NS
2025-10-07,3424.62,3338.86,3507.22,M&M.NS
2025-10-08,3435.63,3353.96,3517.72,M&M.NS
2025-10-09,3436.36,3356.99,3526.51,M&M.NS
2025-10-10,3436.21,3356.11,3515.59,M&M.NS
2025-10-13,3448.16,3366.75,3536.0,M&M.NS
2025-10-14,3462.52,3380.19,3550.6,M&M.NS
2025-10-15,3479.34,3402.63,3563.48,M&M.NS
2025-10-16,3484.89,3401.47,3566.74,M&M.NS
2025-10-17,3488.53,3404.46,3566.84,M&M.NS
2025-10-20,3505.56,3416.95,3588.87,M&M.NS
2025-10-21,3519.66,3439.58,3598.4,M&M.NS
2025-10-23,3539.05,3455.52,3616.49,M&M.NS
2025-10-24,3540.21,3456.71,3623.26,M&M.NS
2025-10-27,3547.61,3458.19,3627.39,M&M.NS
2025-10-28,3558.27,3478.96,3637.72,M&M.NS
2025-10-29,3570.65,3489.62,3658.96,M&M.NS
2025-10-30,3571.29,3484.45,3657.3,M&M.NS
2025-10-31,3569.8,3485.71,3650.26,M&M.NS
2025-11-03,3572.44,3494.32,3660.11,M&M.NS
2025-11-04,3582.76,3500.88,3656.24,M&M.NS
2025-11-06,3597.07,3509.18,3676.18,M&M.NS
2025-11-07,3597.12,3515.89,3678.59,M&M.NS
2025-11-10,3607.04,3527.05,3683.45,M&M.NS
2025-11-11,3620.31,3544.09,3700.63,M&M.NS
2025-11-12,3635.98,3553.83,3715.48,M&M.NS
2025-11-13,3640.44,3558.0,3719.08,M&M.NS
2025-11-14,3643.08,3560.77,3727.24,M&M.NS
2025-11-17,3657.75,3579.73,3740.21,M&M.NS
2025-11-18,3671.17,3590.91,3751.25,M&M.NS
2025-11-19,3686.13,3607.79,3770.59,M&M.NS
2025-11-20,3688.93,3605.21,3772.83,M&M.NS
2025-11-21,3688.93,3608.36,3768.91,M&M.NS
2025-11-24,3689.84,3616.66,3767.04,M&M.NS
2025-11-25,3696.88,3614.17,3777.35,M&M.NS
2025-11-26,3704.73,3624.24,3784.98,M&M.NS
2025-11-27,3699.79,3618.92,3787.46,M&M.NS
2025-11-28,3691.6,3606.47,3768.21,M&M.NS
2025-12-01,3666.95,3584.77,3750.28,M&M.NS
2025-12-02,3665.8,3588.1,3742.02,M&M.NS
2025-12-03,3665.94,3585.21,3746.23,M&M.NS
2025-12-04,3653.98,3572.48,3739.26,M&M.NS
2025-12-05,3639.63,3555.36,3727.5,M&M.NS
2025-12-08,3603.25,3525.04,3684.82,M&M.NS
2025-12-09,3600.82,3519.51,3683.87,M&M.NS
2025-12-10,3601.12,3518.95,3686.82,M&M.NS
2025-12-11,3590.79,3510.48,3669.56,M&M.NS
2025-12-12,3579.51,3492.57,3662.44,M&M.NS
2025-12-15,3560.36,3477.76,3640.36,M&M.NS
2025-12-16,3565.96,3481.94,3646.45,M&M.NS
2025-12-17,3575.15,3490.44,3656.23,M&M.NS
2025-12-18,3574.39,3493.74,3654.74,M&M.NS
2025-12-19,3573.12,3498.31,3658.4,M&M.NS
2025-12-22,3584.33,3504.38,3661.63,M&M.NS
2025-12-23,3599.33,3515.76,3677.97,M&M.NS
2025-12-24,3617.17,3533.57,3698.97,M&M.NS
2025-12-26,3629.32,3550.37,3717.51,M&M.NS
2025-12-29,3651.43,3580.53,3735.99,M&M.NS
2025-12-30,3666.83,3583.69,3748.13,M&M.NS
2025-12-31,3683.36,3595.66,3763.49,M&M.NS
2026-01-01,3687.26,3608.5,3769.0,M&M.NS
2026-01-02,3687.82,3608.28,3768.86,M&M.NS
2026-01-05,3686.92,3605.31,3767.39,M&M.NS
2026-01-06,3692.17,3606.46,3770.41,M&M.NS
2026-01-07,3697.64,3619.23,3784.69,M&M.NS
2026-01-08,3689.79,3604.23,3767.5,M&M.NS
2026-01-09,3678.18,3592.28,3758.53,M&M.NS
2026-01-12,3640.75,3556.41,3729.8,M&M.NS
2026-01-13,3634.7,3558.47,3716.79,M&M.NS
2026-01-14,3629.71,3550.9,3716.6,M&M.NS
2026-01-15,3612.46,3530.54,3692.81,M&M.NS
2026-01-16,3592.71,3511.2,3676.86,M&M.NS
2026-01-19,3539.99,3460.47,3623.74,M&M.NS
2026-01-20,3532.2,3451.92,3612.87,M&M.NS
2026-01-21,3527.22,3441.6,3610.76,M&M.NS
2026-01-22,3511.73,3426.68,3591.79,M&M.NS
2026-01-23,3495.42,3414.01,3575.57,M&M.NS
2026-01-27,3463.09,3375.1,3546.3,M&M.NS
2026-01-28,3467.92,3393.31,3550.79,M&M.NS
2026-01-29,3462.91,3381.25,3542.62,M&M.NS
2026-01-30,3457.5,3372.68,3535.81,M&M.NS
2026-02-02,3456.82,3373.62,3535.06,M&M.NS
2026-02-03,3468.02,3391.21,3551.27,M&M.NS
2026-02-04,3482.13,3396.27,3562.44,M&M.NS
2026-02-05,3485.38,3412.06,3568.37,M&M.NS
2026-02-06,3487.03,3406.64,3573.79,M&M.NS
2026-02-09,3498.79,3422.74,3584.0,M&M.NS
2026-02-10,3510.89,3431.26,3592.87,M&M.NS
2026-02-11,3524.2,3448.1,3605.13,M&M.NS
2026-02-12,3524.95,3439.51,3609.71,M&M.NS
2026-02-13,3522.42,3438.79,3606.95,M&M.NS
2026-02-16,3512.51,3436.22,3597.6,M&M.NS
2026-02-17,3514.76,3432.45,3592.49,M&M.NS
2026-02-18,3517.18,3433.51,3603.96,M&M.NS
2026-02-19,3506.19,3426.19,3589.39,M&M.NS
2026-02-20,3491.28,3411.78,3572.68,M&M.NS
2026-02-23,3442.55,3359.68,3528.05,M&M.NS
2026-02-24,3432.03,3351.83,3511.29,M&M.NS
2026-02-25,3422.11,3339.61,3499.24,M&M.NS
2026-02-26,3399.42,3321.41,3479.34,M&M.NS
2026-02-27,3373.63,3287.1,3453.92,M&M.NS
2026-03-02,3298.66,3222.07,3381.19,M&M.NS
2026-03-04,3267.22,3185.2,3340.27,M&M.NS
2026-03-05,3241.19,3157.46,3321.3,M&M.NS
2026-03-06,3213.55,3126.73,3297.95,M&M.NS
2026-03-09,3141.77,3061.39,3230.41,M&M.NS
2026-03-10,3128.87,3043.06,3212.77,M&M.NS
2026-03-11,3119.24,3033.46,3200.04,M&M.NS
2026-03-12,3099.44,3015.13,3176.07,M&M.NS
2026-03-13,3079.07,2998.27,3160.79,M&M.NS
2026-03-16,3034.05,2950.4,3116.8,M&M.NS
2026-03-17,3031.27,2952.19,3118.28,M&M.NS
2026-03-18,3032.12,2948.21,3115.15,M&M.NS
2026-03-19,3023.02,2941.47,3106.47,M&M.NS
2026-03-20,3013.44,2924.98,3094.41,M&M.NS
2026-03-23,3000.06,2914.55,3076.62,M&M.NS
2026-03-24,3007.2,2923.59,3085.59,M&M.NS
2026-03-25,3017.5,2931.99,3098.69,M&M.NS
2026-03-27,3016.0,2935.69,3093.47,M&M.NS
2026-03-30,3023.26,2935.31,3103.4,M&M.NS
2026-04-01,3050.68,2970.07,3126.41,M&M.NS
2026-04-02,3054.32,2970.38,3136.76,M&M.NS
2026-04-06,3068.36,2985.41,3149.12,M&M.NS
2026-04-07,3081.25,2998.64,3163.77,M&M.NS
2026-04-08,3095.97,3012.86,3177.03,M&M.NS
2026-04-09,3098.92,3012.11,3175.54,M&M.NS
2026-04-10,3099.56,3019.46,3186.27,M&M.NS
2026-04-13,3106.32,3023.38,3184.33,M&M.NS
2026-04-15,3129.16,3041.66,3211.67,M&M.NS
2026-04-16,3129.57,3046.54,3216.12,M&M.NS
2026-04-17,3127.64,3047.58,3211.4,M&M.NS
2026-04-20,3126.96,3047.83,3209.96,M&M.NS
2026-04-21,3135.29,3050.37,3213.92,M&M.NS
2026-04-22,3145.45,3055.85,3222.01,M&M.NS
2026-04-23,3143.95,3062.33,3221.38,M&M.NS
2026-04-24,3140.29,3059.21,3222.31,M&M.NS
2026-04-27,3135.6,3048.56,3210.55,M&M.NS
2026-04-28,3142.94,3060.06,3219.23,M&M.NS
2026-04-29,3152.26,3068.74,3229.87,M&M.NS
2026-04-30,3150.02,3072.53,3233.9,M&M.NS
2026-05-01,3145.7,3061.53,3225.9,M&M.NS
2026-05-04,3139.1,3064.94,3215.28,M&M.NS
2026-05-05,3145.68,3070.0,3226.49,M&M.NS
2026-05-06,3154.12,3073.93,3238.94,M&M.NS
2026-05-07,3150.82,3077.72,3240.54,M&M.NS
2026-05-08,3145.24,3064.84,3231.97,M&M.NS
2026-05-11,3133.31,3055.86,3213.51,M&M.NS
2026-05-12,3137.54,3050.07,3222.49,M&M.NS
2026-05-13,3143.33,3065.31,3226.92,M&M.NS
2026-05-14,3137.1,3054.57,3218.62,M&M.NS
2026-05-15,3128.32,3044.84,3209.79,M&M.NS
2026-05-18,3105.54,3024.09,3191.87,M&M.NS
2026-05-19,3105.89,3022.41,3190.26,M&M.NS
2026-05-20,3107.78,3028.03,3190.81,M&M.NS
2026-05-21,3097.69,3021.54,3181.19,M&M.NS
2026-05-22,3085.19,2998.26,3166.68,M&M.NS
2026-05-25,3052.82,2971.84,3130.94,M&M.NS
2026-05-26,3050.79,2967.81,3130.18,M&M.NS
2026-05-27,3050.84,2969.97,3130.0,M&M.NS
2026-05-28,3039.53,2957.01,3122.1,M&M.NS
2026-05-29,3026.47,2943.45,3103.51,M&M.NS
2026-06-01,2996.95,2916.45,3083.98,M&M.NS
2026-06-02,2997.46,2920.27,3075.51,M&M.NS
2026-06-03,3000.84,2917.59,3085.54,M&M.NS
2026-06-04,2993.63,2907.22,3073.99,M&M.NS
2026-06-05,2985.41,2906.83,3065.68,M&M.NS
2026-06-08,2974.2,2900.59,3055.18,M&M.NS
2026-06-09,2981.78,2902.42,3062.37,M&M.NS
2026-06-10,2992.55,2909.98,3074.14,M&M.NS
2026-06-11,2992.93,2905.55,3072.17,M&M.NS
2026-06-12,2992.35,2916.82,3077.71,M&M.NS
2026-06-15,3003.16,2923.11,3083.63,M&M.NS
2026-06-16,3017.35,2934.35,3098.66,M&M.NS
2026-06-17,3034.16,2958.65,3116.13,M&M.NS
2026-06-18,3039.9,2959.67,3121.08,M&M.NS
2026-06-19,3043.93,2966.79,3128.93,M&M.NS
2026-06-22,3063.3,2981.48,3147.97,M&M.NS
2026-06-23,3078.47,3003.11,3161.96,M&M.NS
2026-06-24,3095.31,3008.86,3181.21,M&M.NS
2026-06-25,3100.16,3024.48,3180.95,M&M.NS
2026-06-26,3102.43,3019.31,3181.68,M&M.NS
2026-06-29,3112.05,3031.08,3194.91,M&M.NS
2026-06-30,3122.82,3042.27,3202.86,M&M.NS
2026-07-01,3134.88,3053.39,3214.91,M&M.NS
2026-07-02,3134.73,3049.34,3212.46,M&M.NS
2026-07-03,3131.9,3051.29,3213.0,M&M.NS
2026-07-06,3127.05,3045.18,3207.02,M&M.NS
2026-07-07,3133.72,3048.32,3213.25,M&M.NS
2026-07-08,3142.25,3063.99,3225.99,M&M.NS
2026-07-09,3139.21,3055.55,3219.76,M&M.NS
2026-07-10,3134.22,3052.41,3218.38,M&M.NS
2026-07-13,3127.74,3047.8,3204.23,M&M.NS
2026-07-14,3135.52,3051.37,3222.33,M&M.NS
2026-07-15,3145.95,3062.47,3230.46,M&M.NS
2026-07-16,3145.53,3060.45,3226.77,M&M.NS
2026-07-17,3143.82,3055.75,3221.27,M&M.NS
2026-07-20,3150.03,3067.62,3238.72,M&M.NS
2026-07-21,3162.58,3073.06,3244.84,M&M.NS
2026-07-22,3177.82,3094.17,3257.61,M&M.NS
2026-07-23,3182.12,3099.48,3262.76,M&M.NS
2026-07-24,3184.89,3110.23,3265.24,M&M.NS
2026-07-27,3201.85,3116.44,3290.73,M&M.NS
2026-07-28,3216.73,3130.01,3299.08,M&M.NS
2026-07-29,3233.54,3152.02,3316.68,M&M.NS
2026-07-30,3238.59,3161.66,3320.9,M&M.NS
2026-07-31,3241.28,3162.1,3326.66,M&M.NS
2026-08-03,3253.12,3174.69,3336.77,M&M.NS
2026-08-04,3264.84,3183.24,3346.41,M&M.NS
2026-08-05,3277.91,3199.91,3360.75,M&M.NS
2026-08-06,3278.76,3199.55,3355.68,M&M.NS
2026-08-07,3276.92,3192.51,3354.99,M&M.NS
2026-08-10,3274.73,3194.98,3356.31,M&M.NS
2026-08-11,3282.16,3202.02,3371.41,M&M.NS
2026-08-12,3291.4,3211.88,3370.32,M&M.NS
2026-08-13,3289.04,3206.78,3374.76,M&M.NS
2026-08-14,3284.73,3204.23,3364.52,M&M.NS
2026-08-17,3280.74,3198.71,3362.12,M&M.NS
2026-08-18,3289.68,3205.95,3374.15,M&M.NS
2026-08-19,3301.53,3216.87,3380.54,M&M.NS
2026-08-20,3302.88,3222.62,3385.36,M&M.NS
2026-08-21,3303.33,3216.17,3385.83,M&M.NS
2026-08-24,3319.04,3236.07,3395.08,M&M.NS
2026-08-25,3335.92,3253.57,3422.01,M&M.NS
2026-08-26,3356.14,3278.89,3438.38,M&M.NS
2026-08-27,3366.09,3285.24,3445.11,M&M.NS
2026-08-28,3375.16,3292.82,3456.88,M&M.NS
2026-08-31,3414.77,3331.48,3494.65,M&M.NS
2026-09-01,3438.28,3351.77,3519.93,M&M.NS
2026-09-02,3464.13,3378.64,3547.58,M&M.NS
2026-09-03,3478.53,3399.68,3561.38,M&M.NS
2025-07-24,12351.8,12066.02,12596.44,MARUTI.NS
2025-07-25,12319.42,12042.24,12597.22,MARUTI.NS
2025-07-28,12214.97,11941.04,12519.24,MARUTI.NS
2025-07-29,12269.54,11987.67,12561.42,MARUTI.NS
2025-07-30,12276.43,11971.74,12560.77,MARUTI.NS
2025-07-31,12263.35,11999.68,12531.3,MARUTI.NS
2025-08-01,12292.65,12030.07,12569.84,MARUTI.NS
2025-08-04,12385.29,12100.81,12640.54,MARUTI.NS
2025-08-05,12506.46,12233.73,12792.82,MARUTI.NS
2025-08-06,12578.82,12307.11,12838.03,MARUTI.NS
2025-08-07,12629.22,12340.55,12906.3,MARUTI.NS
2025-08-08,12719.14,12442.75,12999.7,MARUTI.NS
2025-08-11,12969.17,12698.16,13230.15,MARUTI.NS
2025-08-12,13132.64,12846.48,13410.82,MARUTI.NS
2025-08-13,13241.52,12976.4,13519.44,MARUTI.NS
2025-08-14,13322.34,13034.21,13603.93,MARUTI.NS
2025-08-18,13721.89,13459.85,13998.47,MARUTI.NS
2025-08-19,13885.36,13605.15,14167.62,MARUTI.NS
2025-08-20,13988.9,13711.92,14281.4,MARUTI.NS
2025-08-21,14059.52,13784.82,14333.93,MARUTI.NS
2025-08-22,14159.07,13875.72,14433.06,MARUTI.NS
2025-08-25,14380.63,14113.93,14665.84,MARUTI.NS
2025-08-26,14518.19,14230.89,14813.25,MARUTI.NS
2025-08-28,14637.3,14367.66,14916.1,MARUTI.NS
2025-08-29,14708.9,14434.44,15015.26,MARUTI.NS
2025-09-01,14850.86,14564.21,15137.91,MARUTI.NS
2025-09-02,14964.65,14711.66,15234.51,MARUTI.NS
2025-09-03,15019.09,14744.37,15308.51,MARUTI.NS
2025-09-04,15041.97,14766.85,15304.34,MARUTI.NS
2025-09-05,15095.84,14810.72,15383.05,MARUTI.NS
2025-09-08,15197.49,14916.17,15467.5,MARUTI.NS
2025-09-09,15301.83,15014.62,15588.38,MARUTI.NS
2025-09-10,15348.52,15041.31,15630.63,MARUTI.NS
2025-09-11,15365.15,15091.08,15630.89,MARUTI.NS
2025-09-12,15413.99,15132.97,15698.43,MARUTI.NS
2025-09-15,15505.28,15247.25,15766.42,MARUTI.NS
2025-09-16,15606.85,15339.78,15864.22,MARUTI.NS
2025-09-17,15650.71,15372.26,15923.98,MARUTI.NS
2025-09-18,15664.23,15388.4,15937.47,MARUTI.NS
2025-09-19,15709.52,15425.06,15982.05,MARUTI.NS
2025-09-22,15786.27,15532.14,16081.07,MARUTI.NS
2025-09-23,15881.48,15602.74,16162.41,MARUTI.NS
2025-09-24,15918.23,15640.38,16204.47,MARUTI.NS
2025-09-25,15923.91,15643.42,16220.43,MARUTI.NS
2025-09-26,15960.71,15707.44,16258.24,MARUTI.NS
2025-09-29,16009.05,15732.31,16293.72,MARUTI.NS
2025-09-30,16094.19,15820.01,16383.56,MARUTI.NS
2025-10-01,16120.74,15848.09,16392.56,MARUTI.NS
2025-10-03,16142.88,15880.13,16433.29,MARUTI.NS
2025-10-06,16161.71,15886.76,16450.54,MARUTI.NS
2025-10-07,16237.34,15957.13,16503.76,MARUTI.NS
2025-10-08,16254.52,15977.84,16542.99,MARUTI.NS
2025-10-09,16240.66,15985.43,16520.8,MARUTI.NS
2025-10-10,16257.93,15985.87,16532.8,MARUTI.NS
2025-10-13,16247.08,15965.43,16537.19,MARUTI.NS
2025-10-14,16311.88,16049.69,16582.57,MARUTI.NS
2025-10-15,16317.52,16034.9,16579.15,MARUTI.NS
2025-10-16,16291.3,16011.93,16543.53,MARUTI.NS
2025-10-17,16295.31,16017.38,16585.17,MARUTI.NS
2025-10-20,16238.71,15959.41,16508.96,MARUTI.NS
2025-10-21,16286.29,16007.05,16555.24,MARUTI.NS
2025-10-23,16228.82,15939.66,16500.18,MARUTI.NS
2025-10-24,16213.49,15915.44,16483.21,MARUTI.NS
2025-10-27,16098.22,15824.35,16374.71,MARUTI.NS
2025-10-28,16127.06,15865.38,16410.75,MARUTI.NS
2025-10-29,16096.88,15827.56,16363.5,MARUTI.NS
2025-10-30,16035.5,15755.43,16325.38,MARUTI.NS
2025-10-31,16005.57,15748.59,16292.31,MARUTI.NS
2025-11-03,15860.64,15579.35,16144.66,MARUTI.NS
2025-11-04,15885.37,15622.43,16156.7,MARUTI.NS
2025-11-06,15795.67,15533.18,16074.66,MARUTI.NS
2025-11-07,15771.99,15497.42,16052.42,MARUTI.NS
2025-11-10,15667.19,15399.5,15954.34,MARUTI.NS
2025-11-11,15712.0,15444.59,15991.14,MARUTI.NS
2025-11-12,15704.03,15434.78,15986.21,MARUTI.NS
2025-11-13,15670.92,15402.69,15949.39,MARUTI.NS
2025-11-14,15675.01,15393.04,15933.67,MARUTI.NS
2025-11-17,15661.53,15410.68,15942.49,MARUTI.NS
2025-11-18,15737.61,15473.03,15987.62,MARUTI.NS
2025-11-19,15760.37,15504.34,16024.16,MARUTI.NS
2025-11-20,15756.88,15465.02,16033.04,MARUTI.NS
2025-11-21,15788.91,15503.71,16077.6,MARUTI.NS
2025-11-24,15844.5,15572.39,16126.87,MARUTI.NS
2025-11-25,15937.37,15626.66,16225.19,MARUTI.NS
2025-11-26,15973.36,15699.15,16235.12,MARUTI.NS
2025-11-27,15979.4,15709.62,16265.63,MARUTI.NS
2025-11-28,16017.23,15719.45,16292.73,MARUTI.NS
2025-12-01,16068.8,15788.01,16362.84,MARUTI.NS
2025-12-02,16154.04,15883.89,16440.12,MARUTI.NS
2025-12-03,16179.87,15894.69,16481.41,MARUTI.NS
2025-12-04,16173.72,15886.12,16444.9,MARUTI.NS
2025-12-05,16197.85,15917.3,16468.63,MARUTI.NS
2025-12-08,16205.17,15930.66,16498.17,MARUTI.NS
2025-12-09,16276.6,15997.95,16559.98,MARUTI.NS
2025-12-10,16290.02,16012.75,16573.38,MARUTI.NS
2025-12-11,16273.38,16013.09,16552.96,MARUTI.NS
2025-12-12,16289.37,16012.35,16555.95,MARUTI.NS
2025-12-15,16289.43,16030.69,16581.39,MARUTI.NS
2025-12-16,16364.66,16084.81,16633.84,MARUTI.NS
2025-12-17,16384.97,16101.51,16667.78,MARUTI.NS
2025-12-18,16378.1,16074.48,16650.92,MARUTI.NS
2025-12-19,16406.43,16142.19,16664.54,MARUTI.NS
2025-12-22,16454.24,16183.59,16748.21,MARUTI.NS
2025-12-23,16546.91,16270.51,16845.19,MARUTI.NS
2025-12-24,16584.23,16318.29,16880.38,MARUTI.NS
2025-12-26,16635.21,16358.51,16908.29,MARUTI.NS
2025-12-29,16704.18,16417.45,16963.75,MARUTI.NS
2025-12-30,16794.82,16505.49,17078.36,MARUTI.NS
2025-12-31,16824.56,16562.95,17111.3,MARUTI.NS
2026-01-01,16819.9,16562.52,17083.98,MARUTI.NS
2026-01-02,16842.11,16559.14,17117.92,MARUTI.NS
2026-01-05,16812.69,16540.07,17090.21,MARUTI.NS
2026-01-06,16858.08,16568.99,17130.51,MARUTI.NS
2026-01-07,16837.01,16550.21,17118.35,MARUTI.NS
2026-01-08,16776.57,16504.5,17054.89,MARUTI.NS
2026-01-09,16738.82,16469.1,17021.79,MARUTI.NS
2026-01-12,16513.99,16244.07,16793.29,MARUTI.NS
2026-01-13,16492.77,16219.79,16773.89,MARUTI.NS
2026-01-14,16406.35,16141.2,16679.47,MARUTI.NS
2026-01-15,16283.09,15992.25,16551.42,MARUTI.NS
2026-01-16,16186.28,15896.24,16441.65,MARUTI.NS
2026-01-19,15818.5,15549.97,16126.83,MARUTI.NS
2026-01-20,15764.47,15478.39,16050.6,MARUTI.NS
2026-01-21,15654.06,15373.11,15936.12,MARUTI.NS
2026-01-22,15516.24,15233.58,15799.66,MARUTI.NS
2026-01-23,15414.73,15127.85,15693.44,MARUTI.NS
2026-01-27,15074.07,14793.47,15348.34,MARUTI.NS
2026-01-28,15007.5,14726.79,15279.34,MARUTI.NS
2026-01-29,14921.65,14642.62,15201.48,MARUTI.NS
2026-01-30,14879.27,14597.08,15131.98,MARUTI.NS
2026-02-02,14766.21,14508.65,15056.95,MARUTI.NS
2026-02-03,14822.37,14559.3,15099.68,MARUTI.NS
2026-02-04,14831.5,14560.15,15090.3,MARUTI.NS
2026-02-05,14820.25,14531.48,15116.63,MARUTI.NS
2026-02-06,14849.83,14565.12,15126.61,MARUTI.NS
2026-02-09,14922.48,14644.97,15202.45,MARUTI.NS
2026-02-10,15026.2,14747.83,15298.97,MARUTI.NS
2026-02-11,15073.9,14776.89,15366.45,MARUTI.NS
2026-02-12,15091.41,14829.58,15367.53,MARUTI.NS
2026-02-13,15139.32,14862.93,15400.41,MARUTI.NS
2026-02-16,15201.16,14909.62,15478.36,MARUTI.NS
2026-02-17,15279.4,15008.42,15569.52,MARUTI.NS
2026-02-18,15291.26,15000.15,15571.09,MARUTI.NS
2026-02-19,15263.21,14984.2,15547.9,MARUTI.NS
2026-02-20,15256.69,14987.72,15517.61,MARUTI.NS
2026-02-23,15112.88,14851.83,15396.71,MARUTI.NS
2026-02-24,15112.7,14822.72,15387.89,MARUTI.NS
2026-02-25,15043.56,14774.5,15304.13,MARUTI.NS
2026-02-26,14933.41,14663.82,15198.76,MARUTI.NS
2026-02-27,14845.19,14564.66,15120.86,MARUTI.NS
2026-03-02,14473.02,14203.84,14747.24,MARUTI.NS
2026-03-04,14278.45,13986.16,14541.47,MARUTI.NS
2026-03-05,14117.07,13835.5,14383.12,MARUTI.NS
2026-03-06,13986.31,13700.44,14281.61,MARUTI.NS
2026-03-09,13544.14,13247.84,13814.58,MARUTI.NS
2026-03-10,13474.57,13197.3,13759.86,MARUTI.NS
2026-03-11,13352.99,13077.47,13635.97,MARUTI.NS
2026-03-12,13208.03,12917.06,13490.42,MARUTI.NS
2026-03-13,13102.97,12834.7,13374.74,MARUTI.NS
2026-03-16,12786.93,12516.29,13069.33,MARUTI.NS
2026-03-17,12772.99,12495.81,13062.45,MARUTI.NS
2026-03-18,12712.23,12453.73,12984.19,MARUTI.NS
2026-03-19,12632.23,12336.97,12911.4,MARUTI.NS
2026-03-20,12595.2,12329.69,12885.25,MARUTI.NS
2026-03-23,12491.0,12213.72,12780.65,MARUTI.NS
2026-03-24,12546.87,12263.42,12824.9,MARUTI.NS
2026-03-25,12553.94,12273.95,12829.84,MARUTI.NS
2026-03-27,12563.54,12278.1,12831.1,MARUTI.NS
2026-03-30,12617.36,12331.71,12885.67,MARUTI.NS
2026-04-01,12759.69,12495.89,13051.14,MARUTI.NS
2026-04-02,12776.11,12502.84,13056.02,MARUTI.NS
2026-04-06,12925.78,12660.04,13190.33,MARUTI.NS
2026-04-07,13029.51,12762.13,13328.98,MARUTI.NS
2026-04-08,13074.64,12780.32,13348.96,MARUTI.NS
2026-04-09,13088.27,12800.89,13366.8,MARUTI.NS
2026-04-10,13132.33,12860.93,13417.6,MARUTI.NS
2026-04-13,13196.4,12925.15,13479.6,MARUTI.NS
2026-04-15,13312.31,13033.8,13601.82,MARUTI.NS
2026-04-16,13307.83,13038.86,13588.5,MARUTI.NS
2026-04-17,13333.13,13052.63,13606.97,MARUTI.NS
2026-04-20,13340.0,13081.97,13608.21,MARUTI.NS
2026-04-21,13409.3,13135.43,13690.79,MARUTI.NS
2026-04-22,13419.17,13130.59,13704.28,MARUTI.NS
2026-04-23,13397.22,13127.08,13673.5,MARUTI.NS
2026-04-24,13405.78,13119.78,13691.56,MARUTI.NS
2026-04-27,13367.41,13063.74,13638.13,MARUTI.NS
2026-04-28,13423.39,13130.62,13699.78,MARUTI.NS
2026-04-29,13420.82,13129.33,13681.43,MARUTI.NS
2026-04-30,13387.3,13117.26,13646.43,MARUTI.NS
2026-05-01,13385.16,13108.03,13662.7,MARUTI.NS
2026-05-04,13319.66,13066.2,13597.67,MARUTI.NS
2026-05-05,13368.18,13088.93,13647.45,MARUTI.NS
2026-05-06,13358.93,13083.84,13638.75,MARUTI.NS
2026-05-07,13319.47,13068.89,13609.25,MARUTI.NS
2026-05-08,13312.12,13033.09,13588.46,MARUTI.NS
2026-05-11,13235.24,12964.46,13519.93,MARUTI.NS
2026-05-12,13281.33,13014.1,13555.14,MARUTI.NS
2026-05-13,13270.28,13011.21,13547.18,MARUTI.NS
2026-05-14,13229.65,12968.96,13502.24,MARUTI.NS
2026-05-15,13221.74,12936.56,13516.05,MARUTI.NS
2026-05-18,13146.43,12883.96,13423.28,MARUTI.NS
2026-05-19,13194.03,12905.69,13477.49,MARUTI.NS
2026-05-20,13184.95,12906.19,13468.4,MARUTI.NS
2026-05-21,13146.7,12873.23,13419.47,MARUTI.NS
2026-05-22,13141.57,12867.25,13407.26,MARUTI.NS
2026-05-25,13076.85,12788.75,13383.51,MARUTI.NS
2026-05-26,13128.74,12864.17,13396.34,MARUTI.NS
2026-05-27,13124.35,12845.9,13396.13,MARUTI.NS
2026-05-28,13091.25,12826.03,13372.38,MARUTI.NS
2026-05-29,13091.75,12805.58,13397.46,MARUTI.NS
2026-06-01,13047.55,12789.11,13346.53,MARUTI.NS
2026-06-02,13107.74,12833.54,13387.17,MARUTI.NS
2026-06-03,13112.52,12851.06,13411.49,MARUTI.NS
2026-06-04,13089.53,12825.01,13366.2,MARUTI.NS
2026-06-05,13101.17,12813.42,13362.37,MARUTI.NS
2026-06-08,13097.14,12802.26,13360.97,MARUTI.NS
2026-06-09,13173.05,12910.33,13453.92,MARUTI.NS
2026-06-10,13194.71,12907.17,13439.48,MARUTI.NS
2026-06-11,13189.69,12893.24,13475.47,MARUTI.NS
2026-06-12,13220.3,12960.94,13498.26,MARUTI.NS
2026-06-15,13277.54,12997.01,13577.07,MARUTI.NS
2026-06-16,13374.61,13100.95,13655.36,MARUTI.NS
2026-06-17,13417.33,13139.78,13703.89,MARUTI.NS
2026-06-18,13432.92,13154.41,13690.47,MARUTI.NS
2026-06-19,13483.34,13190.65,13746.58,MARUTI.NS
2026-06-22,13591.2,13297.94,13874.96,MARUTI.NS
2026-06-23,13700.83,13419.79,13975.74,MARUTI.NS
2026-06-24,13753.25,13448.78,14027.06,MARUTI.NS
2026-06-25,13775.32,13499.85,14038.76,MARUTI.NS
2026-06-26,13828.62,13542.67,14106.97,MARUTI.NS
2026-06-29,13920.7,13617.55,14195.13,MARUTI.NS
2026-06-30,14016.27,13739.04,14298.57,MARUTI.NS
2026-07-01,14050.09,13769.22,14324.11,MARUTI.NS
2026-07-02,14049.05,13793.22,14309.21,MARUTI.NS
2026-07-03,14074.85,13811.53,14358.97,MARUTI.NS
2026-07-06,14060.73,13788.16,14353.87,MARUTI.NS
2026-07-07,14114.32,13831.86,14372.75,MARUTI.NS
2026-07-08,14103.75,13828.55,14388.01,MARUTI.NS
2026-07-09,14056.55,13803.26,14326.21,MARUTI.NS
2026-07-10,14035.14,13757.05,14300.38,MARUTI.NS
2026-07-13,13880.76,13615.65,14158.84,MARUTI.NS
2026-07-14,13890.78,13620.17,14168.93,MARUTI.NS
2026-07-15,13839.6,13562.9,14105.4,MARUTI.NS
2026-07-16,13755.54,13478.58,14015.14,MARUTI.NS
2026-07-17,13701.77,13419.95,13981.25,MARUTI.NS
2026-07-20,13483.92,13217.93,13747.96,MARUTI.NS
2026-07-21,13485.74,13196.21,13741.35,MARUTI.NS
2026-07-22,13433.48,13138.75,13699.58,MARUTI.NS
2026-07-23,13355.65,13071.57,13626.9,MARUTI.NS
2026-07-24,13315.51,13041.64,13601.66,MARUTI.NS
2026-07-27,13181.78,12905.89,13451.87,MARUTI.NS
2026-07-28,13225.06,12947.03,13514.59,MARUTI.NS
2026-07-29,13220.16,12921.4,13498.46,MARUTI.NS
2026-07-30,13194.96,12925.48,13483.79,MARUTI.NS
2026-07-31,13211.97,12934.48,13486.25,MARUTI.NS
2026-08-03,13268.54,12996.53,13570.66,MARUTI.NS
2026-08-04,13378.5,13094.41,13643.15,MARUTI.NS
2026-08-05,13440.32,13155.06,13724.55,MARUTI.NS
2026-08-06,13480.96,13213.73,13760.45,MARUTI.NS
2026-08-07,13562.03,13297.31,13830.17,MARUTI.NS
2026-08-10,13791.78,13500.03,14082.12,MARUTI.NS
2026-08-11,13950.75,13672.48,14247.37,MARUTI.NS
2026-08-12,14056.28,13791.29,14307.42,MARUTI.NS
2026-08-13,14134.91,13848.56,14401.67,MARUTI.NS
2026-08-14,14247.95,13981.17,14530.54,MARUTI.NS
2026-08-17,14536.22,14264.64,14813.62,MARUTI.NS
2026-08-18,14702.41,14423.01,14998.15,MARUTI.NS
2026-08-19,14809.36,14558.89,15091.31,MARUTI.NS
2026-08-20,14883.98,14594.96,15158.46,MARUTI.NS
2026-08-21,14988.0,14709.69,15260.39,MARUTI.NS
2026-08-24,15224.6,14932.66,15501.22,MARUTI.NS
2026-08-25,15367.35,15091.97,15655.71,MARUTI.NS
2026-08-26,15448.81,15177.52,15721.74,MARUTI.NS
2026-08-27,15496.5,15220.3,15762.2,MARUTI.NS
2026-08-28,15572.78,15312.29,15858.31,MARUTI.NS
2026-08-31,15726.78,15440.58,16004.99,MARUTI.NS
2026-09-01,15843.8,15581.19,16133.06,MARUTI.NS
2026-09-02,15901.05,15616.92,16192.65,MARUTI.NS
2026-09-03,15926.34,15663.29,16205.82,MARUTI.NS
2026-09-04,15982.22,15725.1,16267.72,MARUTI.NS
2025-07-24,1128.4,1106.91,1149.79,NESTLEIND.NS
2025-07-25,1126.26,1105.94,1147.36,NESTLEIND.NS
2025-07-28,1114.97,1093.62,1134.96,NESTLEIND.NS
2025-07-29,1116.31,1096.29,1138.2,NESTLEIND.NS
2025-07-30,1117.53,1096.0,1138.64,NESTLEIND.NS
2025-07-31,1113.81,1091.06,1134.09,NESTLEIND.NS
2025-08-01,1111.67,1092.65,1132.63,NESTLEIND.NS
2025-08-04,1101.95,1082.52,1124.04,NESTLEIND.NS
2025-08-05,1104.32,1082.74,1126.95,NESTLEIND.NS
2025-08-06,1106.81,1086.88,1128.26,NESTLEIND.NS
2025-08-07,1104.58,1084.44,1124.83,NESTLEIND.NS
2025-08-08,1104.15,1081.27,1126.54,NESTLEIND.NS
2025-08-11,1100.64,1079.65,1121.84,NESTLEIND.NS
2025-08-12,1105.37,1084.53,1125.78,NESTLEIND.NS
2025-08-13,1110.32,1088.55,1130.72,NESTLEIND.NS
2025-08-14,1110.65,1088.55,1131.89,NESTLEIND.NS
2025-08-18,1117.13,1095.41,1138.97,NESTLEIND.NS
2025-08-19,1124.37,1103.72,1147.22,NESTLEIND.NS
2025-08-20,1131.73,1111.36,1154.0,NESTLEIND.NS
2025-08-21,1134.33,1112.38,1155.3,NESTLEIND.NS
2025-08-22,1138.6,1118.22,1159.54,NESTLEIND.NS
2025-08-25,1147.92,1128.22,1168.94,NESTLEIND.NS
2025-08-26,1156.29,1135.21,1176.61,NESTLEIND.NS
2025-08-28,1167.59,1147.07,1188.64,NESTLEIND.NS
2025-08-29,1172.02,1150.88,1194.87,NESTLEIND.NS
2025-09-01,1179.63,1158.37,1202.01,NESTLEIND.NS
2025-09-02,1186.7,1165.8,1207.45,NESTLEIND.NS
2025-09-03,1193.22,1172.18,1213.95,NESTLEIND.NS
2025-09-04,1194.3,1174.05,1214.33,NESTLEIND.NS
2025-09-05,1196.38,1174.39,1218.49,NESTLEIND.NS
2025-09-08,1195.25,1173.83,1216.46,NESTLEIND.NS
2025-09-09,1198.96,1179.4,1219.41,NESTLEIND.NS
2025-09-10,1202.0,1180.52,1223.69,NESTLEIND.NS
2025-09-11,1199.5,1177.84,1221.26,NESTLEIND.NS
2025-09-12,1197.97,1176.54,1219.07,NESTLEIND.NS
2025-09-15,1186.41,1164.62,1206.13,NESTLEIND.NS
2025-09-16,1186.99,1166.27,1206.97,NESTLEIND.NS
2025-09-17,1187.15,1167.21,1209.22,NESTLEIND.NS
2025-09-18,1182.11,1161.26,1202.77,NESTLEIND.NS
2025-09-19,1178.41,1157.96,1199.7,NESTLEIND.NS
2025-09-22,1163.05,1141.41,1184.26,NESTLEIND.NS
2025-09-23,1163.36,1142.87,1184.41,NESTLEIND.NS
2025-09-24,1163.79,1141.11,1186.37,NESTLEIND.NS
2025-09-25,1159.56,1139.14,1180.76,NESTLEIND.NS
2025-09-26,1157.21,1137.4,1179.09,NESTLEIND.NS
2025-09-29,1148.9,1126.49,1170.73,NESTLEIND.NS
2025-09-30,1152.45,1131.56,1174.05,NESTLEIND.NS
2025-10-01,1156.49,1135.72,1176.4,NESTLEIND.NS
2025-10-03,1157.97,1136.41,1179.04,NESTLEIND.NS
2025-10-06,1162.79,1141.46,1182.34,NESTLEIND.NS
2025-10-07,1170.69,1149.1,1190.58,NESTLEIND.NS
2025-10-08,1178.93,1157.81,1201.18,NESTLEIND.NS
2025-10-09,1182.58,1162.3,1204.35,NESTLEIND.NS
2025-10-10,1188.07,1167.17,1209.06,NESTLEIND.NS
2025-10-13,1201.57,1180.53,1222.53,NESTLEIND.NS
2025-10-14,1211.4,1190.65,1232.03,NESTLEIND.NS
2025-10-15,1221.04,1199.84,1242.52,NESTLEIND.NS
2025-10-16,1225.54,1203.11,1245.38,NESTLEIND.NS
2025-10-17,1231.31,1211.3,1252.38,NESTLEIND.NS
2025-10-20,1242.37,1221.6,1264.99,NESTLEIND.NS
2025-10-21,1250.39,1229.82,1272.3,NESTLEIND.NS
2025-10-23,1259.64,1237.55,1281.47,NESTLEIND.NS
2025-10-24,1262.45,1240.29,1284.21,NESTLEIND.NS
2025-10-27,1263.41,1243.67,1284.53,NESTLEIND.NS
2025-10-28,1267.89,1245.55,1289.57,NESTLEIND.NS
2025-10-29,1271.77,1250.36,1293.56,NESTLEIND.NS
2025-10-30,1270.22,1251.63,1288.54,NESTLEIND.NS
2025-10-31,1269.79,1249.99,1292.18,NESTLEIND.NS
2025-11-03,1262.51,1241.27,1282.67,NESTLEIND.NS
2025-11-04,1264.88,1242.62,1286.38,NESTLEIND.NS
2025-11-06,1264.08,1243.63,1286.51,NESTLEIND.NS
2025-11-07,1262.63,1241.26,1285.33,NESTLEIND.NS
2025-11-10,1254.38,1232.65,1274.91,NESTLEIND.NS
2025-11-11,1257.01,1235.0,1277.21,NESTLEIND.NS
2025-11-12,1259.63,1240.6,1281.04,NESTLEIND.NS
2025-11-13,1257.38,1237.44,1279.24,NESTLEIND.NS
2025-11-14,1256.74,1235.29,1277.42,NESTLEIND.NS
2025-11-17,1251.13,1229.75,1272.71,NESTLEIND.NS
2025-11-18,1254.55,1233.9,1275.1,NESTLEIND.NS
2025-11-19,1257.82,1236.54,1277.92,NESTLEIND.NS
2025-11-20,1256.05,1235.63,1277.47,NESTLEIND.NS
2025-11-21,1255.68,1236.02,1275.25,NESTLEIND.NS
2025-11-24,1249.47,1229.66,1273.32,NESTLEIND.NS
2025-11-25,1252.19,1229.7,1273.93,NESTLEIND.NS
2025-11-26,1254.53,1232.87,1276.61,NESTLEIND.NS
2025-11-27,1251.62,1229.38,1272.29,NESTLEIND.NS
2025-11-28,1249.93,1229.44,1271.84,NESTLEIND.NS
2025-12-01,1239.11,1219.24,1259.4,NESTLEIND.NS
2025-12-02,1240.24,1219.12,1261.25,NESTLEIND.NS
2025-12-03,1241.07,1219.64,1261.87,NESTLEIND.NS
2025-12-04,1236.78,1215.93,1257.68,NESTLEIND.NS
2025-12-05,1233.89,1213.8,1256.08,NESTLEIND.NS
2025-12-08,1221.13,1200.47,1240.88,NESTLEIND.NS
2025-12-09,1222.32,1201.21,1243.26,NESTLEIND.NS
2025-12-10,1223.6,1200.53,1243.49,NESTLEIND.NS
2025-12-11,1220.17,1197.21,1241.75,NESTLEIND.NS
2025-12-12,1218.59,1197.73,1239.71,NESTLEIND.NS
2025-12-15,1212.21,1192.07,1233.56,NESTLEIND.NS
2025-12-16,1216.26,1195.94,1236.63,NESTLEIND.NS
2025-12-17,1220.71,1200.2,1241.56,NESTLEIND.NS
2025-12-18,1220.7,1201.02,1239.16,NESTLEIND.NS
2025-12-19,1222.71,1200.74,1243.08,NESTLEIND.NS
2025-12-22,1227.52,1205.56,1248.71,NESTLEIND.NS
2025-12-23,1235.17,1214.37,1256.64,NESTLEIND.NS
2025-12-24,1243.04,1221.98,1263.71,NESTLEIND.NS
2025-12-26,1251.03,1229.49,1273.19,NESTLEIND.NS
2025-12-29,1261.78,1240.86,1282.03,NESTLEIND.NS
2025-12-30,1270.42,1250.72,1289.93,NESTLEIND.NS
2025-12-31,1278.73,1257.84,1298.74,NESTLEIND.NS
2026-01-01,1281.77,1260.28,1303.77,NESTLEIND.NS
2026-01-02,1285.96,1265.59,1307.07,NESTLEIND.NS
2026-01-05,1291.65,1270.64,1312.08,NESTLEIND.NS
2026-01-06,1297.72,1276.45,1320.98,NESTLEIND.NS
2026-01-07,1303.1,1283.22,1324.05,NESTLEIND.NS
2026-01-08,1302.91,1282.66,1324.91,NESTLEIND.NS
2026-01-09,1303.66,1282.6,1324.66,NESTLEIND.NS
2026-01-12,1298.52,1279.29,1319.24,NESTLEIND.NS
2026-01-13,1301.06,1280.5,1322.48,NESTLEIND.NS
2026-01-14,1303.09,1280.84,1323.3,NESTLEIND.NS
2026-01-15,1299.81,1279.57,1321.84,NESTLEIND.NS
2026-01-16,1297.76,1276.07,1318.47,NESTLEIND.NS
2026-01-19,1286.57,1265.15,1306.41,NESTLEIND.NS
2026-01-20,1287.99,1266.42,1309.27,NESTLEIND.NS
2026-01-21,1289.38,1267.91,1310.95,NESTLEIND.NS
2026-01-22,1285.92,1263.77,1305.69,NESTLEIND.NS
2026-01-23,1284.15,1262.75,1305.37,NESTLEIND.NS
2026-01-27,1279.48,1257.9,1300.66,NESTLEIND.NS
2026-01-28,1282.89,1260.31,1302.93,NESTLEIND.NS
2026-01-29,1281.64,1259.4,1301.83,NESTLEIND.NS
2026-01-30,1282.19,1260.78,1304.09,NESTLEIND.NS
2026-02-02,1281.25,1260.22,1301.57,NESTLEIND.NS
2026-02-03,1286.53,1265.58,1308.39,NESTLEIND.NS
2026-02-04,1291.8,1271.61,1313.25,NESTLEIND.NS
2026-02-05,1292.13,1271.2,1314.9,NESTLEIND.NS
2026-02-06,1293.97,1272.54,1315.21,NESTLEIND.NS
2026-02-09,1294.68,1273.77,1316.61,NESTLEIND.NS
2026-02-10,1299.73,1279.77,1321.46,NESTLEIND.NS
2026-02-11,1304.37,1283.49,1324.44,NESTLEIND.NS
2026-02-12,1303.71,1283.74,1323.49,NESTLEIND.NS
2026-02-13,1304.18,1284.54,1325.11,NESTLEIND.NS
2026-02-16,1299.01,1276.41,1320.06,NESTLEIND.NS
2026-02-17,1301.64,1280.8,1322.4,NESTLEIND.NS
2026-02-18,1303.72,1282.7,1325.07,NESTLEIND.NS
2026-02-19,1300.4,1277.83,1320.85,NESTLEIND.NS
2026-02-20,1298.17,1278.23,1320.68,NESTLEIND.NS
2026-02-23,1285.15,1264.1,1306.66,NESTLEIND.NS
2026-02-24,1285.4,1262.25,1306.83,NESTLEIND.NS
2026-02-25,1285.27,1265.89,1307.8,NESTLEIND.NS
2026-02-26,1279.93,1259.38,1299.94,NESTLEIND.NS
2026-02-27,1275.91,1253.54,1298.1,NESTLEIND.NS
2026-03-02,1258.93,1238.75,1279.89,NESTLEIND.NS
2026-03-04,1257.55,1237.48,1277.16,NESTLEIND.NS
2026-03-05,1251.77,1231.04,1272.58,NESTLEIND.NS
2026-03-06,1247.47,1224.26,1266.99,NESTLEIND.NS
2026-03-09,1230.44,1207.54,1250.3,NESTLEIND.NS
2026-03-10,1229.98,1208.36,1251.46,NESTLEIND.NS
2026-03-11,1229.4,1207.73,1251.69,NESTLEIND.NS
2026-03-12,1223.83,1202.12,1246.65,NESTLEIND.NS
2026-03-13,1219.76,1199.31,1243.59,NESTLEIND.NS
2026-03-16,1203.34,1180.66,1223.43,NESTLEIND.NS
2026-03-17,1203.07,1182.65,1226.73,NESTLEIND.NS
2026-03-18,1202.7,1182.34,1224.58,NESTLEIND.NS
2026-03-19,1197.37,1176.35,1218.79,NESTLEIND.NS
2026-03-20,1193.59,1173.15,1216.04,NESTLEIND.NS
2026-03-23,1178.74,1157.14,1197.34,NESTLEIND.NS
2026-03-24,1179.35,1157.95,1200.08,NESTLEIND.NS
2026-03-25,1180.1,1158.82,1201.4,NESTLEIND.NS
2026-03-27,1174.13,1152.34,1194.77,NESTLEIND.NS
2026-03-30,1166.71,1144.15,1187.89,NESTLEIND.NS
2026-04-01,1175.09,1153.62,1197.08,NESTLEIND.NS
2026-04-02,1175.31,1154.09,1197.58,NESTLEIND.NS
2026-04-06,1186.19,1165.4,1208.22,NESTLEIND.NS
2026-04-07,1195.93,1175.3,1216.21,NESTLEIND.NS
2026-04-08,1206.42,1183.95,1228.24,NESTLEIND.NS
2026-04-09,1212.78,1191.64,1234.1,NESTLEIND.NS
2026-04-10,1221.45,1198.49,1241.57,NESTLEIND.NS
2026-04-13,1247.74,1224.75,1269.83,NESTLEIND.NS
2026-04-15,1278.53,1258.18,1298.82,NESTLEIND.NS
2026-04-16,1289.49,1269.01,1310.8,NESTLEIND.NS
2026-04-17,1302.22,1280.73,1322.19,NESTLEIND.NS
2026-04-20,1336.72,1315.62,1357.69,NESTLEIND.NS
2026-04-21,1353.19,1331.29,1373.62,NESTLEIND.NS
2026-04-22,1369.22,1347.77,1390.59,NESTLEIND.NS
2026-04-23,1379.84,1356.89,1400.43,NESTLEIND.NS
2026-04-24,1391.42,1369.23,1412.45,NESTLEIND.NS
2026-04-27,1417.81,1395.74,1440.42,NESTLEIND.NS
2026-04-28,1430.16,1410.43,1451.3,NESTLEIND.NS
2026-04-29,1441.45,1420.68,1462.55,NESTLEIND.NS
2026-04-30,1446.79,1426.17,1468.57,NESTLEIND.NS
2026-05-01,1452.62,1432.54,1475.1,NESTLEIND.NS
2026-05-04,1459.88,1439.95,1480.54,NESTLEIND.NS
2026-05-05,1465.52,1443.17,1487.36,NESTLEIND.NS
2026-05-06,1470.11,1447.52,1490.62,NESTLEIND.NS
2026-05-07,1468.82,1448.86,1491.19,NESTLEIND.NS
2026-05-08,1468.2,1447.96,1488.73,NESTLEIND.NS
2026-05-11,1457.91,1435.74,1476.85,NESTLEIND.NS
2026-05-12,1458.52,1437.62,1479.87,NESTLEIND.NS
2026-05-13,1458.56,1437.77,1479.69,NESTLEIND.NS
2026-05-14,1453.24,1432.61,1474.02,NESTLEIND.NS
2026-05-15,1449.14,1428.69,1470.22,NESTLEIND.NS
2026-05-18,1431.74,1410.15,1453.81,NESTLEIND.NS
2026-05-19,1431.06,1410.02,1453.85,NESTLEIND.NS
2026-05-20,1430.32,1408.52,1449.46,NESTLEIND.NS
2026-05-21,1424.68,1403.0,1443.38,NESTLEIND.NS
2026-05-22,1420.7,1399.36,1442.2,NESTLEIND.NS
2026-05-25,1405.71,1385.25,1428.56,NESTLEIND.NS
2026-05-26,1406.36,1385.64,1428.69,NESTLEIND.NS
2026-05-27,1407.11,1386.95,1427.97,NESTLEIND.NS
2026-05-28,1403.12,1382.55,1425.18,NESTLEIND.NS
2026-05-29,1400.84,1380.54,1422.43,NESTLEIND.NS
2026-06-01,1391.05,1370.24,1410.53,NESTLEIND.NS
2026-06-02,1393.35,1372.43,1414.44,NESTLEIND.NS
2026-06-03,1395.68,1376.87,1416.52,NESTLEIND.NS
2026-06-04,1393.15,1370.81,1415.13,NESTLEIND.NS
2026-06-05,1392.24,1372.15,1413.83,NESTLEIND.NS
2026-06-08,1385.91,1364.75,1406.7,NESTLEIND.NS
2026-06-09,1389.17,1366.91,1410.24,NESTLEIND.NS
2026-06-10,1392.39,1370.24,1414.25,NESTLEIND.NS
2026-06-11,1390.69,1368.84,1412.55,NESTLEIND.NS
2026-06-12,1390.57,1368.84,1410.64,NESTLEIND.NS
2026-06-15,1386.58,1365.96,1408.18,NESTLEIND.NS
2026-06-16,1390.67,1369.87,1411.06,NESTLEIND.NS
2026-06-17,1394.75,1373.84,1414.19,NESTLEIND.NS
2026-06-18,1393.98,1372.69,1414.62,NESTLEIND.NS
2026-06-19,1394.85,1374.65,1414.64,NESTLEIND.NS
2026-06-22,1394.21,1373.69,1415.78,NESTLEIND.NS
2026-06-23,1399.51,1379.68,1420.44,NESTLEIND.NS
2026-06-24,1404.85,1384.45,1426.45,NESTLEIND.NS
2026-06-25,1405.36,1384.57,1427.42,NESTLEIND.NS
2026-06-26,1407.5,1385.63,1428.47,NESTLEIND.NS
2026-06-29,1410.43,1389.77,1429.52,NESTLEIND.NS
2026-06-30,1416.77,1395.75,1437.74,NESTLEIND.NS
2026-07-01,1423.02,1401.85,1444.43,NESTLEIND.NS
2026-07-02,1424.29,1403.94,1443.51,NESTLEIND.NS
2026-07-03,1427.04,1406.22,1447.87,NESTLEIND.NS
2026-07-06,1430.61,1410.02,1452.76,NESTLEIND.NS
2026-07-07,1436.73,1416.77,1456.75,NESTLEIND.NS
2026-07-08,1442.53,1420.36,1463.12,NESTLEIND.NS
2026-07-09,1443.13,1421.52,1464.73,NESTLEIND.NS
2026-07-10,1444.97,1424.16,1467.56,NESTLEIND.NS
2026-07-13,1444.61,1423.36,1464.7,NESTLEIND.NS
2026-07-14,1449.06,1427.66,1470.69,NESTLEIND.NS
2026-07-15,1453.06,1432.76,1475.49,NESTLEIND.NS
2026-07-16,1451.72,1430.61,1472.31,NESTLEIND.NS
2026-07-17,1451.55,1430.28,1473.11,NESTLEIND.NS
2026-07-20,1444.91,1422.55,1466.15,NESTLEIND.NS
2026-07-21,1447.29,1424.53,1468.08,NESTLEIND.NS
2026-07-22,1449.29,1428.88,1470.5,NESTLEIND.NS
2026-07-23,1446.06,1425.57,1465.34,NESTLEIND.NS
2026-07-24,1444.11,1422.95,1463.87,NESTLEIND.NS
2026-07-27,1433.13,1413.97,1454.4,NESTLEIND.NS
2026-07-28,1434.47,1413.08,1456.36,NESTLEIND.NS
2026-07-29,1435.65,1415.44,1454.64,NESTLEIND.NS
2026-07-30,1431.85,1409.93,1454.48,NESTLEIND.NS
2026-07-31,1429.58,1408.78,1449.39,NESTLEIND.NS
2026-08-03,1419.2,1397.91,1440.91,NESTLEIND.NS
2026-08-04,1421.26,1399.35,1441.04,NESTLEIND.NS
2026-08-05,1423.41,1402.94,1445.41,NESTLEIND.NS
2026-08-06,1420.81,1399.35,1441.84,NESTLEIND.NS
2026-08-07,1419.99,1398.7,1442.11,NESTLEIND.NS
2026-08-10,1415.15,1394.09,1438.39,NESTLEIND.NS
2026-08-11,1419.4,1398.99,1440.55,NESTLEIND.NS
2026-08-12,1423.89,1401.13,1444.18,NESTLEIND.NS
2026-08-13,1423.74,1404.53,1444.26,NESTLEIND.NS
2026-08-14,1425.44,1403.6,1446.53,NESTLEIND.NS
2026-08-17,1428.44,1406.35,1448.78,NESTLEIND.NS
2026-08-18,1435.28,1413.2,1456.35,NESTLEIND.NS
2026-08-19,1442.3,1421.83,1464.2,NESTLEIND.NS
2026-08-20,1444.58,1424.05,1467.7,NESTLEIND.NS
2026-08-21,1448.59,1426.31,1468.69,NESTLEIND.NS
2026-08-24,1457.44,1435.8,1478.41,NESTLEIND.NS
2026-08-25,1465.77,1443.67,1486.35,NESTLEIND.NS
2026-08-26,1474.0,1453.13,1494.96,NESTLEIND.NS
2026-08-27,1477.19,1456.27,1497.91,NESTLEIND.NS
2026-08-28,1481.79,1460.85,1503.36,NESTLEIND.NS
2026-08-31,1490.29,1469.14,1511.38,NESTLEIND.NS
2026-09-01,1497.77,1477.51,1519.13,NESTLEIND.NS
2026-09-02,1504.78,1483.25,1526.26,NESTLEIND.NS
2026-09-03,1506.38,1485.16,1527.54,NESTLEIND.NS
2026-09-04,1509.04,1488.08,1530.78,NESTLEIND.NS
2025-07-24,322.02,316.24,328.05,NTPC.NS
2025-07-25,322.01,315.44,327.91,NTPC.NS
2025-07-28,322.51,316.25,328.83,NTPC.NS
2025-07-29,322.94,316.61,329.04,NTPC.NS
2025-07-30,324.18,318.11,330.24,NTPC.NS
2025-07-31,324.98,318.78,331.18,NTPC.NS
2025-08-01,325.7,319.63,331.73,NTPC.NS
2025-08-04,327.63,321.11,333.63,NTPC.NS
2025-08-05,328.25,321.89,334.31,NTPC.NS
2025-08-06,329.53,323.7,335.84,NTPC.NS
2025-08-07,330.22,323.84,336.68,NTPC.NS
2025-08-08,330.67,324.21,336.63,NTPC.NS
2025-08-11,331.03,325.05,336.89,NTPC.NS
2025-08-12,330.92,324.5,337.08,NTPC.NS
2025-08-13,331.39,325.46,337.72,NTPC.NS
2025-08-14,331.22,325.46,337.31,NTPC.NS
2025-08-18,328.58,322.66,334.53,NTPC.NS
2025-08-19,327.71,321.49,333.64,NTPC.NS
2025-08-20,327.52,321.66,333.58,NTPC.NS
2025-08-21,326.79,320.89,332.74,NTPC.NS
2025-08-22,325.93,319.48,332.39,NTPC.NS
2025-08-25,323.24,317.19,329.36,NTPC.NS
2025-08-26,322.5,316.62,328.66,NTPC.NS
2025-08-28,322.24,316.5,328.45,NTPC.NS
2025-08-29,321.89,315.98,328.03,NTPC.NS
2025-09-01,321.3,315.17,327.45,NTPC.NS
2025-09-02,321.39,315.25,327.74,NTPC.NS
2025-09-03,322.32,316.44,328.39,NTPC.NS
2025-09-04,322.85,316.3,329.16,NTPC.NS
2025-09-05,323.34,316.84,329.91,NTPC.NS
2025-09-08,324.98,318.8,331.59,NTPC.NS
2025-09-09,325.66,318.87,331.72,NTPC.NS
2025-09-10,327.07,320.77,333.07,NTPC.NS
2025-09-11,327.97,321.96,333.88,NTPC.NS
2025-09-12,328.73,322.56,334.83,NTPC.NS
2025-09-15,330.45,324.14,336.6,NTPC.NS
2025-09-16,330.93,324.92,336.77,NTPC.NS
2025-09-17,332.06,325.6,338.08,NTPC.NS
2025-09-18,332.59,326.57,338.91,NTPC.NS
2025-09-19,332.9,326.68,338.86,NTPC.NS
2025-09-22,333.07,326.95,339.21,NTPC.NS
2025-09-23,333.01,326.5,339.25,NTPC.NS
2025-09-24,333.62,327.39,340.32,NTPC.NS
2025-09-25,333.66,327.91,340.06,NTPC.NS
2025-09-26,333.54,327.49,339.67,NTPC.NS
2025-09-29,332.8,326.36,339.05,NTPC.NS
2025-09-30,332.59,326.1,338.57,NTPC.NS
2025-10-01,333.13,326.87,339.25,NTPC.NS
2025-10-03,333.16,327.09,339.34,NTPC.NS
2025-10-06,333.08,326.72,339.27,NTPC.NS
2025-10-07,333.18,327.19,339.34,NTPC.NS
2025-10-08,334.04,327.78,340.44,NTPC.NS
2025-10-09,334.43,328.8,340.33,NTPC.NS
2025-10-10,334.72,328.28,341.23,NTPC.NS
2025-10-13,335.37,329.24,341.42,NTPC.NS
2025-10-14,335.6,329.74,341.89,NTPC.NS
2025-10-15,336.53,330.86,342.8,NTPC.NS
2025-10-16,336.89,330.69,342.76,NTPC.NS
2025-10-17,337.06,330.78,343.13,NTPC.NS
2025-10-20,336.86,330.59,342.62,NTPC.NS
2025-10-21,336.64,330.83,342.93,NTPC.NS
2025-10-23,336.85,330.65,343.0,NTPC.NS
2025-10-24,336.41,330.07,342.1,NTPC.NS
2025-10-27,334.29,328.16,340.24,NTPC.NS
2025-10-28,333.46,327.32,339.3,NTPC.NS
2025-10-29,333.29,327.0,339.71,NTPC.NS
2025-10-30,332.56,326.27,338.83,NTPC.NS
2025-10-31,331.68,325.2,337.97,NTPC.NS
2025-11-03,328.71,322.4,335.13,NTPC.NS
2025-11-04,327.8,322.1,333.78,NTPC.NS
2025-11-06,327.05,320.7,332.83,NTPC.NS
2025-11-07,326.38,320.22,332.7,NTPC.NS
2025-11-10,324.57,318.37,330.52,NTPC.NS
2025-11-11,324.16,318.11,330.69,NTPC.NS
2025-11-12,324.56,318.54,330.6,NTPC.NS
2025-11-13,324.52,318.16,330.85,NTPC.NS
2025-11-14,324.42,318.3,330.34,NTPC.NS
2025-11-17,324.16,317.66,330.4,NTPC.NS
2025-11-18,324.17,318.4,330.82,NTPC.NS
2025-11-19,324.91,318.34,330.71,NTPC.NS
2025-11-20,325.12,318.6,330.98,NTPC.NS
2025-11-21,325.19,318.9,331.4,NTPC.NS
2025-11-24,324.84,318.86,330.7,NTPC.NS
2025-11-25,324.63,318.19,330.63,NTPC.NS
2025-11-26,325.06,318.85,331.18,NTPC.NS
2025-11-27,324.91,318.47,331.0,NTPC.NS
2025-11-28,324.54,318.27,330.54,NTPC.NS
2025-12-01,322.7,315.84,328.98,NTPC.NS
2025-12-02,321.99,315.67,328.45,NTPC.NS
2025-12-03,321.96,316.1,327.8,NTPC.NS
2025-12-04,321.38,315.27,327.94,NTPC.NS
2025-12-05,320.65,314.86,326.51,NTPC.NS
2025-12-08,318.28,312.0,324.42,NTPC.NS
2025-12-09,317.61,310.85,323.53,NTPC.NS
2025-12-10,317.74,311.43,324.26,NTPC.NS
2025-12-11,317.44,311.46,323.7,NTPC.NS
2025-12-12,317.12,311.18,323.44,NTPC.NS
2025-12-15,316.63,310.55,322.85,NTPC.NS
2025-12-16,316.78,310.97,322.65,NTPC.NS
2025-12-17,317.79,311.61,324.62,NTPC.NS
2025-12-18,318.43,312.0,323.94,NTPC.NS
2025-12-19,319.08,312.74,324.97,NTPC.NS
2025-12-22,321.46,315.38,327.44,NTPC.NS
2025-12-23,322.49,316.26,329.1,NTPC.NS
2025-12-24,324.31,318.08,330.27,NTPC.NS
2025-12-26,326.92,320.66,333.48,NTPC.NS
2025-12-29,330.41,324.48,336.98,NTPC.NS
2025-12-30,331.54,325.35,337.5,NTPC.NS
2025-12-31,333.33,327.25,339.57,NTPC.NS
2026-01-01,334.52,328.48,340.47,NTPC.NS
2026-01-02,335.5,329.28,341.97,NTPC.NS
2026-01-05,337.53,331.39,343.56,NTPC.NS
2026-01-06,338.02,332.27,344.26,NTPC.NS
2026-01-07,339.13,332.95,344.98,NTPC.NS
2026-01-08,339.62,333.81,346.1,NTPC.NS
2026-01-09,339.89,333.54,345.92,NTPC.NS
2026-01-12,339.99,333.56,345.93,NTPC.NS
2026-01-13,339.96,334.01,345.68,NTPC.NS
2026-01-14,340.63,334.1,346.47,NTPC.NS
2026-01-15,340.78,334.64,347.24,NTPC.NS
2026-01-16,340.83,335.07,347.41,NTPC.NS
2026-01-19,340.93,334.74,347.27,NTPC.NS
2026-01-20,341.13,334.82,346.66,NTPC.NS
2026-01-21,342.14,335.93,348.08,NTPC.NS
2026-01-22,342.72,336.62,348.92,NTPC.NS
2026-01-23,343.28,336.48,349.14,NTPC.NS
2026-01-27,346.17,340.5,352.55,NTPC.NS
2026-01-28,347.87,341.87,354.29,NTPC.NS
2026-01-29,349.13,342.96,355.48,NTPC.NS
2026-01-30,350.33,344.73,356.92,NTPC.NS
2026-02-02,353.92,347.45,359.34,NTPC.NS
2026-02-03,355.19,348.91,361.59,NTPC.NS
2026-02-04,357.18,351.18,363.65,NTPC.NS
2026-02-05,358.64,352.63,364.45,NTPC.NS
2026-02-06,359.94,353.73,366.47,NTPC.NS
2026-02-09,363.31,357.12,369.54,NTPC.NS
2026-02-10,364.35,358.29,370.51,NTPC.NS
2026-02-11,366.05,360.19,371.97,NTPC.NS
2026-02-12,367.16,360.73,373.76,NTPC.NS
2026-02-13,368.08,361.57,374.33,NTPC.NS
2026-02-16,370.19,364.25,376.13,NTPC.NS
2026-02-17,370.82,364.67,376.87,NTPC.NS
2026-02-18,372.12,365.76,378.37,NTPC.NS
2026-02-19,372.88,366.85,379.31,NTPC.NS
2026-02-20,373.47,367.61,379.47,NTPC.NS
2026-02-23,374.85,368.57,381.51,NTPC.NS
2026-02-24,375.32,369.32,381.97,NTPC.NS
2026-02-25,376.5,370.82,382.82,NTPC.NS
2026-02-26,377.16,370.81,383.03,NTPC.NS
2026-02-27,377.69,371.29,383.96,NTPC.NS
2026-03-02,378.9,372.72,384.71,NTPC.NS
2026-03-04,380.37,374.49,386.67,NTPC.NS
2026-03-05,380.88,374.87,386.74,NTPC.NS
2026-03-06,381.21,374.94,387.42,NTPC.NS
2026-03-09,381.47,375.46,387.54,NTPC.NS
2026-03-10,381.41,375.36,387.22,NTPC.NS
2026-03-11,381.97,375.29,387.55,NTPC.NS
2026-03-12,381.9,375.93,387.45,NTPC.NS
2026-03-13,381.59,375.21,387.37,NTPC.NS
2026-03-16,379.73,373.39,386.31,NTPC.NS
2026-03-17,378.94,372.77,385.48,NTPC.NS
2026-03-18,378.78,372.81,384.86,NTPC.NS
2026-03-19,378.03,371.76,384.23,NTPC.NS
2026-03-20,377.09,371.0,383.18,NTPC.NS
2026-03-23,373.83,367.98,380.3,NTPC.NS
2026-03-24,372.8,366.33,378.76,NTPC.NS
2026-03-25,372.53,366.53,378.8,NTPC.NS
2026-03-27,371.06,364.99,377.36,NTPC.NS
2026-03-30,369.29,363.09,375.17,NTPC.NS
2026-04-01,369.71,363.43,376.24,NTPC.NS
2026-04-02,370.04,364.01,375.93,NTPC.NS
2026-04-06,372.53,366.18,378.34,NTPC.NS
2026-04-07,373.63,367.39,379.46,NTPC.NS
2026-04-08,375.61,369.55,381.43,NTPC.NS
2026-04-09,377.22,371.31,383.82,NTPC.NS
2026-04-10,378.83,372.79,385.41,NTPC.NS
2026-04-13,383.91,377.95,390.45,NTPC.NS
2026-04-15,388.24,382.24,394.75,NTPC.NS
2026-04-16,390.23,384.04,396.61,NTPC.NS
2026-04-17,392.02,385.89,397.6,NTPC.NS
2026-04-20,396.54,390.01,402.72,NTPC.NS
2026-04-21,397.82,391.43,403.81,NTPC.NS
2026-04-22,399.65,393.13,405.95,NTPC.NS
2026-04-23,400.81,394.66,406.89,NTPC.NS
2026-04-24,401.65,395.22,407.84,NTPC.NS
2026-04-27,402.83,397.12,409.05,NTPC.NS
2026-04-28,402.9,396.99,408.78,NTPC.NS
2026-04-29,403.53,397.4,410.35,NTPC.NS
2026-04-30,403.5,397.21,409.38,NTPC.NS
2026-05-01,403.2,397.04,409.09,NTPC.NS
2026-05-04,401.37,395.05,407.3,NTPC.NS
2026-05-05,400.62,394.65,406.65,NTPC.NS
2026-05-06,400.55,394.48,406.99,NTPC.NS
2026-05-07,399.92,394.04,405.89,NTPC.NS
2026-05-08,399.14,392.88,405.59,NTPC.NS
2026-05-11,396.49,390.35,402.68,NTPC.NS
2026-05-12,395.66,389.64,401.85,NTPC.NS
2026-05-13,395.55,389.35,402.07,NTPC.NS
2026-05-14,394.95,388.5,401.08,NTPC.NS
2026-05-15,394.23,388.32,400.76,NTPC.NS
2026-05-18,391.77,385.83,398.26,NTPC.NS
2026-05-19,390.96,385.23,397.3,NTPC.NS
2026-05-20,390.83,385.16,396.96,NTPC.NS
2026-05-21,390.14,384.4,396.23,NTPC.NS
2026-05-22,389.27,382.87,395.04,NTPC.NS
2026-05-25,385.93,379.43,392.35,NTPC.NS
2026-05-26,384.68,378.71,390.67,NTPC.NS
2026-05-27,384.05,377.58,390.07,NTPC.NS
2026-05-28,382.81,376.79,389.07,NTPC.NS
2026-05-29,381.35,375.39,387.59,NTPC.NS
2026-06-01,376.16,370.04,382.35,NTPC.NS
2026-06-02,374.33,368.02,380.31,NTPC.NS
2026-06-03,373.17,366.93,379.35,NTPC.NS
2026-06-04,371.46,365.49,377.51,NTPC.NS
2026-06-05,369.62,363.07,375.56,NTPC.NS
2026-06-08,363.93,358.0,369.57,NTPC.NS
2026-06-09,362.19,356.03,367.97,NTPC.NS
2026-06-10,361.25,354.89,367.67,NTPC.NS
2026-06-11,359.91,353.94,366.68,NTPC.NS
2026-06-12,358.56,352.49,364.23,NTPC.NS
2026-06-15,355.08,348.8,361.32,NTPC.NS
2026-06-16,354.27,348.02,360.06,NTPC.NS
2026-06-17,354.34,348.27,360.6,NTPC.NS
2026-06-18,354.05,348.02,359.76,NTPC.NS
2026-06-19,353.77,347.92,360.16,NTPC.NS
2026-06-22,353.45,347.03,359.61,NTPC.NS
2026-06-23,353.57,347.61,359.74,NTPC.NS
2026-06-24,354.49,348.03,361.01,NTPC.NS
2026-06-25,354.94,348.99,361.51,NTPC.NS
2026-06-26,355.28,348.64,361.72,NTPC.NS
2026-06-29,355.93,349.75,362.26,NTPC.NS
2026-06-30,356.08,349.9,362.7,NTPC.NS
2026-07-01,356.86,350.62,362.75,NTPC.NS
2026-07-02,357.03,350.58,363.31,NTPC.NS
2026-07-03,356.96,350.84,362.74,NTPC.NS
2026-07-06,355.73,349.77,362.03,NTPC.NS
2026-07-07,355.1,348.79,361.36,NTPC.NS
2026-07-08,355.07,348.76,361.43,NTPC.NS
2026-07-09,354.41,348.59,360.96,NTPC.NS
2026-07-10,353.53,347.06,359.66,NTPC.NS
2026-07-13,350.19,344.12,356.3,NTPC.NS
2026-07-14,349.04,342.92,355.41,NTPC.NS
2026-07-15,348.61,342.5,354.64,NTPC.NS
2026-07-16,347.69,341.39,353.92,NTPC.NS
2026-07-17,346.69,340.4,352.69,NTPC.NS
2026-07-20,343.89,337.66,350.65,NTPC.NS
2026-07-21,343.21,336.95,349.47,NTPC.NS
2026-07-22,343.38,337.42,349.56,NTPC.NS
2026-07-23,343.18,337.24,348.69,NTPC.NS
2026-07-24,342.99,336.82,349.19,NTPC.NS
2026-07-27,342.99,336.53,349.61,NTPC.NS
2026-07-28,343.28,337.37,349.25,NTPC.NS
2026-07-29,344.41,338.18,350.93,NTPC.NS
2026-07-30,345.11,338.86,350.81,NTPC.NS
2026-07-31,345.77,339.49,351.93,NTPC.NS
2026-08-03,347.67,341.48,353.55,NTPC.NS
2026-08-04,348.34,342.62,354.95,NTPC.NS
2026-08-05,349.7,343.81,356.34,NTPC.NS
2026-08-06,350.48,344.37,356.49,NTPC.NS
2026-08-07,351.05,344.77,357.04,NTPC.NS
2026-08-10,351.87,346.05,357.95,NTPC.NS
2026-08-11,351.92,345.94,358.68,NTPC.NS
2026-08-12,352.56,346.18,358.5,NTPC.NS
2026-08-13,352.55,346.68,358.76,NTPC.NS
2026-08-14,352.27,346.79,358.95,NTPC.NS
2026-08-17,350.44,344.53,356.69,NTPC.NS
2026-08-18,349.66,343.57,355.67,NTPC.NS
2026-08-19,349.53,343.44,355.82,NTPC.NS
2026-08-20,348.83,342.83,354.93,NTPC.NS
2026-08-21,347.98,342.22,354.28,NTPC.NS
2026-08-24,345.15,338.96,351.55,NTPC.NS
2026-08-25,344.32,338.5,350.06,NTPC.NS
2026-08-26,344.28,338.15,350.93,NTPC.NS
2026-08-27,343.81,337.81,350.05,NTPC.NS
2026-08-28,343.31,337.27,349.03,NTPC.NS
2026-08-31,342.25,336.45,348.16,NTPC.NS
2026-09-01,342.18,335.77,348.08,NTPC.NS
2026-09-02,342.96,337.05,349.44,NTPC.NS
2026-09-03,343.34,336.99,348.85,NTPC.NS
2026-09-04,343.7,337.3,349.59,NTPC.NS
2025-07-24,229.65,224.25,234.98,ONGC.NS
2025-07-25,228.58,223.19,233.96,ONGC.NS
2025-07-28,227.4,222.11,232.92,ONGC.NS
2025-07-29,227.51,222.01,233.03,ONGC.NS
2025-07-30,228.14,222.28,233.67,ONGC.NS
2025-07-31,227.8,222.41,233.32,ONGC.NS
2025-08-01,226.39,221.14,231.96,ONGC.NS
2025-08-04,224.56,219.49,229.89,ONGC.NS
2025-08-05,224.58,219.07,230.06,ONGC.NS
2025-08-06,225.19,219.83,230.73,ONGC.NS
2025-08-07,224.89,219.58,230.66,ONGC.NS
2025-08-08,223.58,218.08,229.23,ONGC.NS
2025-08-11,222.38,216.91,227.68,ONGC.NS
2025-08-12,222.69,217.45,228.33,ONGC.NS
2025-08-13,223.6,218.45,229.24,ONGC.NS
2025-08-14,223.64,218.06,228.91,ONGC.NS
2025-08-18,222.46,216.95,227.98,ONGC.NS
2025-08-19,223.05,217.57,228.54,ONGC.NS
2025-08-20,224.23,218.93,229.15,ONGC.NS
2025-08-21,224.49,219.12,229.53,ONGC.NS
2025-08-22,223.69,218.47,229.1,ONGC.NS
2025-08-25,223.71,218.29,229.47,ONGC.NS
2025-08-26,224.29,218.49,229.6,ONGC.NS
2025-08-28,225.55,219.93,230.66,ONGC.NS
2025-08-29,224.61,218.55,229.56,ONGC.NS
2025-09-01,224.03,218.46,229.61,ONGC.NS
2025-09-02,224.38,218.85,229.65,ONGC.NS
2025-09-03,225.26,220.35,230.87,ONGC.NS
2025-09-04,225.19,219.32,230.48,ONGC.NS
2025-09-05,224.05,218.56,229.17,ONGC.NS
2025-09-08,223.03,217.42,228.24,ONGC.NS
2025-09-09,223.31,217.8,228.66,ONGC.NS
2025-09-10,224.16,218.71,229.27,ONGC.NS
2025-09-11,224.11,218.4,229.92,ONGC.NS
2025-09-12,223.03,217.61,228.35,ONGC.NS
2025-09-15,222.51,217.32,228.04,ONGC.NS
2025-09-16,223.04,217.82,227.97,ONGC.NS
2025-09-17,224.19,219.09,229.12,ONGC.NS
2025-09-18,224.46,219.11,229.91,ONGC.NS
2025-09-19,223.74,217.94,229.09,ONGC.NS
2025-09-22,224.33,218.59,229.76,ONGC.NS
2025-09-23,225.24,219.41,230.66,ONGC.NS
2025-09-24,226.74,221.16,232.08,ONGC.NS
2025-09-25,227.36,221.99,232.92,ONGC.NS
2025-09-26,226.94,221.79,232.52,ONGC.NS
2025-09-29,228.26,222.97,234.0,ONGC.NS
2025-09-30,229.32,224.02,234.78,ONGC.NS
2025-10-01,230.94,225.4,236.38,ONGC.NS
2025-10-03,231.22,226.38,236.81,ONGC.NS
2025-10-06,232.34,226.9,237.73,ONGC.NS
2025-10-07,233.26,227.85,238.66,ONGC.NS
2025-10-08,234.72,229.14,239.88,ONGC.NS
2025-10-09,235.21,229.64,240.45,ONGC.NS
2025-10-10,234.62,229.45,240.07,ONGC.NS
2025-10-13,235.13,229.69,240.5,ONGC.NS
2025-10-14,235.86,230.28,241.18,ONGC.NS
2025-10-15,237.14,231.54,242.63,ONGC.NS
2025-10-16,237.47,232.31,242.9,ONGC.NS
2025-10-17,236.74,231.57,242.03,ONGC.NS
2025-10-20,236.98,231.36,242.29,ONGC.NS
2025-10-21,237.68,232.13,243.32,ONGC.NS
2025-10-23,239.28,234.05,244.5,ONGC.NS
2025-10-24,238.58,232.95,244.04,ONGC.NS
2025-10-27,238.96,233.46,244.31,ONGC.NS
2025-10-28,239.72,234.06,245.02,ONGC.NS
2025-10-29,241.03,235.61,246.59,ONGC.NS
2025-10-30,241.42,236.1,246.81,ONGC.NS
2025-10-31,240.74,235.51,245.97,ONGC.NS
2025-11-03,241.08,235.6,246.73,ONGC.NS
2025-11-04,241.77,236.54,246.91,ONGC.NS
2025-11-06,243.25,237.6,248.64,ONGC.NS
2025-11-07,242.42,236.87,247.73,ONGC.NS
2025-11-10,242.13,236.05,247.88,ONGC.NS
2025-11-11,242.56,237.32,248.21,ONGC.NS
2025-11-12,243.5,237.97,248.4,ONGC.NS
2025-11-13,243.48,237.98,248.92,ONGC.NS
2025-11-14,242.35,236.66,247.82,ONGC.NS
2025-11-17,241.18,235.72,246.45,ONGC.NS
2025-11-18,241.33,236.11,246.54,ONGC.NS
2025-11-19,242.01,236.85,247.03,ONGC.NS
2025-11-20,241.74,235.62,247.0,ONGC.NS
2025-11-21,240.39,234.83,245.73,ONGC.NS
2025-11-24,238.7,233.08,243.66,ONGC.NS
2025-11-25,238.73,233.32,244.18,ONGC.NS
2025-11-26,239.31,234.01,244.77,ONGC.NS
2025-11-27,238.97,233.6,244.19,ONGC.NS
2025-11-28,237.57,232.09,243.34,ONGC.NS
2025-12-01,235.85,230.35,241.29,ONGC.NS
2025-12-02,235.89,230.6,241.35,ONGC.NS
2025-12-03,236.5,230.99,241.84,ONGC.NS
2025-12-04,236.19,231.05,241.68,ONGC.NS
2025-12-05,234.82,229.4,240.12,ONGC.NS
2025-12-08,233.19,228.29,238.59,ONGC.NS
2025-12-09,233.26,228.12,238.75,ONGC.NS
2025-12-10,233.88,228.45,239.33,ONGC.NS
2025-12-11,233.58,228.42,238.65,ONGC.NS
2025-12-12,232.22,226.65,237.45,ONGC.NS
2025-12-15,230.6,225.08,236.11,ONGC.NS
2025-12-16,230.68,225.0,236.01,ONGC.NS
2025-12-17,231.32,225.6,236.71,ONGC.NS
2025-12-18,231.05,225.44,236.17,ONGC.NS
2025-12-19,229.74,224.47,235.19,ONGC.NS
2025-12-22,228.41,222.6,233.67,ONGC.NS
2025-12-23,228.64,223.5,234.33,ONGC.NS
2025-12-24,229.47,223.92,234.87,ONGC.NS
2025-12-26,228.36,223.11,234.03,ONGC.NS
2025-12-29,227.97,222.58,233.8,ONGC.NS
2025-12-30,228.57,223.24,233.53,ONGC.NS
2025-12-31,229.79,224.64,235.23,ONGC.NS
2026-01-01,230.15,224.69,235.56,ONGC.NS
2026-01-02,229.52,224.19,234.89,ONGC.NS
2026-01-05,230.43,225.26,236.06,ONGC.NS
2026-01-06,231.45,226.21,236.75,ONGC.NS
2026-01-07,233.08,227.38,238.65,ONGC.NS
2026-01-08,233.83,228.54,239.31,ONGC.NS
2026-01-09,233.56,228.24,239.26,ONGC.NS
2026-01-12,235.38,230.22,241.12,ONGC.NS
2026-01-13,236.64,231.47,242.39,ONGC.NS
2026-01-14,238.46,233.19,244.17,ONGC.NS
2026-01-15,239.37,233.9,244.5,ONGC.NS
2026-01-16,239.22,233.93,244.67,ONGC.NS
2026-01-19,241.24,235.93,246.68,ONGC.NS
2026-01-20,242.52,237.46,247.87,ONGC.NS
2026-01-21,244.35,238.8,249.7,ONGC.NS
2026-01-22,245.26,239.66,250.71,ONGC.NS
2026-01-23,245.12,239.45,250.24,ONGC.NS
2026-01-27,248.54,242.91,253.6,ONGC.NS
2026-01-28,250.46,245.3,256.27,ONGC.NS
2026-01-29,251.48,245.92,256.41,ONGC.NS
2026-01-30,251.48,245.88,256.98,ONGC.NS
2026-02-02,254.13,249.06,259.57,ONGC.NS
2026-02-03,255.7,249.88,261.13,ONGC.NS
2026-02-04,257.86,252.61,263.22,ONGC.NS
2026-02-05,259.14,253.53,264.61,ONGC.NS
2026-02-06,259.39,254.06,265.04,ONGC.NS
2026-02-09,262.72,257.56,268.06,ONGC.NS
2026-02-10,264.46,259.23,270.16,ONGC.NS
2026-02-11,266.75,261.29,272.05,ONGC.NS
2026-02-12,268.09,262.55,273.06,ONGC.NS
2026-02-13,268.35,262.91,273.66,ONGC.NS
2026-02-16,271.25,266.11,276.84,ONGC.NS
2026-02-17,272.68,267.33,278.01,ONGC.NS
2026-02-18,274.57,269.07,279.67,ONGC.NS
2026-02-19,275.43,270.23,281.13,ONGC.NS
2026-02-20,275.13,269.55,280.55,ONGC.NS
2026-02-23,275.92,270.42,281.35,ONGC.NS
2026-02-24,276.53,271.36,281.96,ONGC.NS
2026-02-25,277.57,272.58,283.06,ONGC.NS
2026-02-26,277.56,272.03,283.09,ONGC.NS
2026-02-27,276.37,271.06,281.82,ONGC.NS
2026-03-02,274.59,268.98,279.95,ONGC.NS
2026-03-04,274.78,269.48,280.13,ONGC.NS
2026-03-05,274.14,268.64,279.72,ONGC.NS
2026-03-06,272.43,266.65,277.79,ONGC.NS
2026-03-09,269.74,264.04,274.85,ONGC.NS
2026-03-10,269.53,264.07,274.96,ONGC.NS
2026-03-11,269.93,264.9,275.12,ONGC.NS
2026-03-12,269.49,264.34,275.26,ONGC.NS
2026-03-13,268.08,262.86,273.75,ONGC.NS
2026-03-16,267.0,261.3,272.11,ONGC.NS
2026-03-17,267.5,261.85,273.01,ONGC.NS
2026-03-18,268.7,263.02,274.34,ONGC.NS
2026-03-19,269.1,263.62,274.4,ONGC.NS
2026-03-20,268.57,263.13,273.85,ONGC.NS
2026-03-23,270.15,264.72,275.42,ONGC.NS
2026-03-24,271.49,266.35,276.72,ONGC.NS
2026-03-25,273.47,268.05,278.3,ONGC.NS
2026-03-27,274.7,269.39,280.09,ONGC.NS
2026-03-30,277.6,271.6,282.82,ONGC.NS
2026-04-01,281.24,275.79,286.79,ONGC.NS
2026-04-02,282.35,276.92,287.51,ONGC.NS
2026-04-06,284.28,278.91,289.56,ONGC.NS
2026-04-07,285.36,279.66,290.68,ONGC.NS
2026-04-08,286.9,281.26,292.0,ONGC.NS
2026-04-09,287.42,281.9,292.95,ONGC.NS
2026-04-10,286.79,281.25,292.39,ONGC.NS
2026-04-13,286.85,281.29,292.27,ONGC.NS
2026-04-15,288.34,283.32,293.54,ONGC.NS
2026-04-16,288.38,283.25,293.98,ONGC.NS
2026-04-17,287.33,281.95,292.99,ONGC.NS
2026-04-20,286.63,280.98,291.85,ONGC.NS
2026-04-21,287.04,281.68,292.35,ONGC.NS
2026-04-22,288.03,282.87,293.21,ONGC.NS
2026-04-23,288.15,282.66,293.39,ONGC.NS
2026-04-24,287.27,282.02,292.67,ONGC.NS
2026-04-27,287.4,282.29,292.75,ONGC.NS
2026-04-28,288.17,282.88,293.47,ONGC.NS
2026-04-29,289.55,284.03,295.16,ONGC.NS
2026-04-30,290.06,284.68,295.27,ONGC.NS
2026-05-01,289.55,284.11,294.88,ONGC.NS
2026-05-04,290.64,285.25,295.9,ONGC.NS
2026-05-05,291.62,286.35,297.05,ONGC.NS
2026-05-06,293.14,287.65,298.32,ONGC.NS
2026-05-07,293.71,288.2,298.88,ONGC.NS
2026-05-08,293.17,287.64,298.59,ONGC.NS
2026-05-11,293.58,288.25,298.68,ONGC.NS
2026-05-12,294.14,288.75,299.0,ONGC.NS
2026-05-13,295.15,289.94,301.13,ONGC.NS
2026-05-14,295.11,289.57,300.37,ONGC.NS
2026-05-15,293.88,288.54,299.75,ONGC.NS
2026-05-18,291.82,286.42,296.9,ONGC.NS
2026-05-19,291.45,286.0,296.71,ONGC.NS
2026-05-20,291.5,285.66,296.75,ONGC.NS
2026-05-21,290.49,285.14,295.86,ONGC.NS
2026-05-22,288.29,283.08,293.61,ONGC.NS
2026-05-25,283.41,278.07,288.6,ONGC.NS
2026-05-26,282.18,276.76,287.5,ONGC.NS
2026-05-27,281.42,276.17,286.96,ONGC.NS
2026-05-28,279.66,274.33,285.12,ONGC.NS
2026-05-29,276.78,271.22,282.17,ONGC.NS
2026-06-01,270.34,264.87,275.91,ONGC.NS
2026-06-02,268.76,263.41,273.89,ONGC.NS
2026-06-03,267.74,262.24,273.31,ONGC.NS
2026-06-04,265.8,260.62,271.15,ONGC.NS
2026-06-05,262.83,257.74,267.96,ONGC.NS
2026-06-08,256.59,251.36,262.01,ONGC.NS
2026-06-09,255.22,249.62,260.49,ONGC.NS
2026-06-10,254.48,249.13,259.69,ONGC.NS
2026-06-11,252.88,247.33,258.0,ONGC.NS
2026-06-12,250.3,244.91,255.67,ONGC.NS
2026-06-15,245.53,240.48,250.76,ONGC.NS
2026-06-16,244.73,239.4,249.8,ONGC.NS
2026-06-17,244.59,239.09,250.12,ONGC.NS
2026-06-18,243.62,238.2,249.0,ONGC.NS
2026-06-19,241.69,236.35,246.85,ONGC.NS
2026-06-22,239.0,233.57,244.49,ONGC.NS
2026-06-23,238.92,233.63,244.26,ONGC.NS
2026-06-24,239.5,234.05,245.05,ONGC.NS
2026-06-25,239.27,234.13,244.4,ONGC.NS
2026-06-26,238.08,232.66,243.42,ONGC.NS
2026-06-29,237.57,232.09,242.8,ONGC.NS
2026-06-30,238.21,232.74,243.64,ONGC.NS
2026-07-01,239.48,233.99,244.85,ONGC.NS
2026-07-02,239.92,234.37,245.28,ONGC.NS
2026-07-03,239.37,233.72,244.82,ONGC.NS
2026-07-06,240.56,235.06,245.86,ONGC.NS
2026-07-07,241.67,236.19,247.24,ONGC.NS
2026-07-08,243.36,238.2,248.72,ONGC.NS
2026-07-09,244.16,238.71,249.15,ONGC.NS
2026-07-10,243.9,238.48,249.03,ONGC.NS
2026-07-13,245.56,240.42,251.0,ONGC.NS
2026-07-14,246.68,241.55,251.94,ONGC.NS
2026-07-15,248.31,243.04,253.99,ONGC.NS
2026-07-16,248.97,243.63,254.12,ONGC.NS
2026-07-17,248.52,242.97,254.04,ONGC.NS
2026-07-20,249.19,243.87,254.46,ONGC.NS
2026-07-21,249.88,244.13,255.31,ONGC.NS
2026-07-22,251.04,245.61,256.64,ONGC.NS
2026-07-23,251.2,245.83,256.58,ONGC.NS
2026-07-24,250.22,245.05,255.62,ONGC.NS
2026-07-27,249.29,244.34,255.05,ONGC.NS
2026-07-28,249.46,244.29,255.05,ONGC.NS
2026-07-29,250.14,244.23,255.57,ONGC.NS
2026-07-30,249.85,244.6,254.94,ONGC.NS
2026-07-31,248.46,242.89,253.92,ONGC.NS
2026-08-03,246.65,241.09,252.14,ONGC.NS
2026-08-04,246.66,241.46,252.22,ONGC.NS
2026-08-05,247.23,241.73,252.72,ONGC.NS
2026-08-06,246.9,241.44,251.68,ONGC.NS
2026-08-07,245.54,240.16,251.02,ONGC.NS
2026-08-10,244.16,239.01,249.6,ONGC.NS
2026-08-11,244.4,239.02,249.85,ONGC.NS
2026-08-12,245.25,239.74,250.72,ONGC.NS
2026-08-13,245.23,240.26,250.51,ONGC.NS
2026-08-14,244.2,238.77,249.7,ONGC.NS
2026-08-17,243.84,238.51,248.99,ONGC.NS
2026-08-18,244.41,239.01,250.02,ONGC.NS
2026-08-19,245.55,240.35,251.03,ONGC.NS
2026-08-20,245.8,240.72,251.26,ONGC.NS
2026-08-21,245.0,239.66,250.38,ONGC.NS
2026-08-24,245.05,239.4,250.32,ONGC.NS
2026-08-25,245.65,240.14,250.91,ONGC.NS
2026-08-26,246.79,241.61,252.08,ONGC.NS
2026-08-27,246.98,241.82,252.3,ONGC.NS
2026-08-28,246.09,240.61,251.49,ONGC.NS
2026-08-31,245.64,240.22,250.88,ONGC.NS
2026-09-01,246.03,240.4,251.5,ONGC.NS
2026-09-02,246.95,241.85,252.14,ONGC.NS
2026-09-03,246.91,241.63,252.51,ONGC.NS
2026-09-04,245.79,240.3,250.67,ONGC.NS
2025-07-24,280.66,276.21,285.11,POWERGRID.NS
2025-07-25,280.63,275.98,284.97,POWERGRID.NS
2025-07-28,281.45,276.97,285.67,POWERGRID.NS
2025-07-29,281.41,276.79,286.06,POWERGRID.NS
2025-07-30,282.05,277.73,286.32,POWERGRID.NS
2025-07-31,281.66,277.27,285.91,POWERGRID.NS
2025-08-01,281.55,277.67,285.99,POWERGRID.NS
2025-08-04,281.79,277.33,286.19,POWERGRID.NS
2025-08-05,281.46,276.87,286.01,POWERGRID.NS
2025-08-06,281.77,277.39,286.03,POWERGRID.NS
2025-08-07,281.02,276.85,285.54,POWERGRID.NS
2025-08-08,280.51,275.9,285.03,POWERGRID.NS
2025-08-11,279.52,275.06,284.33,POWERGRID.NS
2025-08-12,278.79,274.37,283.44,POWERGRID.NS
2025-08-13,278.73,274.14,283.25,POWERGRID.NS
2025-08-14,277.64,273.02,282.24,POWERGRID.NS
2025-08-18,275.38,270.9,279.69,POWERGRID.NS
2025-08-19,274.65,269.66,278.97,POWERGRID.NS
2025-08-20,274.66,270.26,279.02,POWERGRID.NS
2025-08-21,273.73,269.45,278.17,POWERGRID.NS
2025-08-22,273.17,269.17,277.8,POWERGRID.NS
2025-08-25,272.88,268.08,277.45,POWERGRID.NS
2025-08-26,272.66,268.05,277.23,POWERGRID.NS
2025-08-28,272.88,268.32,277.0,POWERGRID.NS
2025-08-29,272.93,268.2,277.25,POWERGRID.NS
2025-09-01,274.4,269.97,278.59,POWERGRID.NS
2025-09-02,274.71,270.38,279.13,POWERGRID.NS
2025-09-03,275.74,271.32,280.07,POWERGRID.NS
2025-09-04,275.8,271.38,280.38,POWERGRID.NS
2025-09-05,276.18,271.86,280.57,POWERGRID.NS
2025-09-08,278.09,273.7,282.8,POWERGRID.NS
2025-09-09,278.36,273.76,282.57,POWERGRID.NS
2025-09-10,279.26,274.86,284.02,POWERGRID.NS
2025-09-11,279.09,274.82,283.31,POWERGRID.NS
2025-09-12,279.17,274.78,283.67,POWERGRID.NS
2025-09-15,279.78,275.56,283.99,POWERGRID.NS
2025-09-16,279.52,275.14,283.96,POWERGRID.NS
2025-09-17,279.88,275.66,284.36,POWERGRID.NS
2025-09-18,279.18,274.79,283.71,POWERGRID.NS
2025-09-19,278.73,274.3,283.17,POWERGRID.NS
2025-09-22,278.02,273.76,282.43,POWERGRID.NS
2025-09-23,277.44,272.91,281.84,POWERGRID.NS
2025-09-24,277.58,273.28,282.01,POWERGRID.NS
2025-09-25,276.74,271.87,281.18,POWERGRID.NS
2025-09-26,276.25,271.64,280.78,POWERGRID.NS
2025-09-29,276.0,271.43,280.28,POWERGRID.NS
2025-09-30,275.76,271.43,280.47,POWERGRID.NS
2025-10-01,276.32,271.86,281.01,POWERGRID.NS
2025-10-03,276.01,271.72,280.45,POWERGRID.NS
2025-10-06,277.53,273.18,281.84,POWERGRID.NS
2025-10-07,277.88,273.43,282.4,POWERGRID.NS
2025-10-08,278.99,274.7,283.57,POWERGRID.NS
2025-10-09,279.13,274.61,284.01,POWERGRID.NS
2025-10-10,279.6,275.32,283.92,POWERGRID.NS
2025-10-13,281.86,277.67,286.48,POWERGRID.NS
2025-10-14,282.24,277.63,286.52,POWERGRID.NS
2025-10-15,283.25,278.86,287.63,POWERGRID.NS
2025-10-16,283.19,278.69,287.52,POWERGRID.NS
2025-10-17,283.33,278.81,287.74,POWERGRID.NS
2025-10-20,283.95,279.68,288.56,POWERGRID.NS
2025-10-21,283.61,279.27,288.1,POWERGRID.NS
2025-10-23,282.93,278.4,287.26,POWERGRID.NS
2025-10-24,282.22,277.76,286.76,POWERGRID.NS
2025-10-27,280.32,275.89,285.01,POWERGRID.NS
2025-10-28,279.22,274.68,283.79,POWERGRID.NS
2025-10-29,278.76,274.4,283.25,POWERGRID.NS
2025-10-30,277.27,272.67,281.62,POWERGRID.NS
2025-10-31,276.06,271.42,280.36,POWERGRID.NS
2025-11-03,273.42,269.03,277.83,POWERGRID.NS
2025-11-04,272.34,267.69,276.84,POWERGRID.NS
2025-11-06,270.79,266.42,275.14,POWERGRID.NS
2025-11-07,269.96,265.79,274.6,POWERGRID.NS
2025-11-10,269.0,264.53,273.28,POWERGRID.NS
2025-11-11,268.6,264.12,272.97,POWERGRID.NS
2025-11-12,269.01,264.69,273.93,POWERGRID.NS
2025-11-13,268.51,264.09,272.92,POWERGRID.NS
2025-11-14,268.4,264.17,273.13,POWERGRID.NS
2025-11-17,269.34,264.78,273.79,POWERGRID.NS
2025-11-18,269.42,265.24,274.03,POWERGRID.NS
2025-11-19,270.2,265.71,274.46,POWERGRID.NS
2025-11-20,269.98,265.67,274.36,POWERGRID.NS
2025-11-21,270.03,264.81,274.4,POWERGRID.NS
2025-11-24,270.72,266.26,274.85,POWERGRID.NS
2025-11-25,270.49,266.29,275.13,POWERGRID.NS
2025-11-26,270.87,266.2,275.13,POWERGRID.NS
2025-11-27,270.15,265.53,274.45,POWERGRID.NS
2025-11-28,269.63,264.97,273.65,POWERGRID.NS
2025-12-01,268.39,264.07,272.64,POWERGRID.NS
2025-12-02,267.51,263.12,272.11,POWERGRID.NS
2025-12-03,267.26,262.9,271.94,POWERGRID.NS
2025-12-04,265.96,261.38,270.27,POWERGRID.NS
2025-12-05,264.94,260.25,269.3,POWERGRID.NS
2025-12-08,262.76,257.88,267.29,POWERGRID.NS
2025-12-09,261.79,257.1,265.88,POWERGRID.NS
2025-12-10,261.58,257.01,266.34,POWERGRID.NS
2025-12-11,260.44,255.89,264.79,POWERGRID.NS
2025-12-12,259.71,255.25,264.51,POWERGRID.NS
2025-12-15,259.02,254.48,263.48,POWERGRID.NS
2025-12-16,258.73,254.16,263.03,POWERGRID.NS
2025-12-17,259.25,255.05,263.42,POWERGRID.NS
2025-12-18,258.88,254.29,263.5,POWERGRID.NS
2025-12-19,258.93,254.37,263.35,POWERGRID.NS
2025-12-22,260.45,256.15,265.11,POWERGRID.NS
2025-12-23,260.77,256.36,265.18,POWERGRID.NS
2025-12-24,261.81,257.28,266.39,POWERGRID.NS
2025-12-26,262.18,257.72,266.68,POWERGRID.NS
2025-12-29,263.71,259.14,267.97,POWERGRID.NS
2025-12-30,263.75,258.99,268.04,POWERGRID.NS
2025-12-31,264.37,259.72,268.63,POWERGRID.NS
2026-01-01,263.86,259.37,268.0,POWERGRID.NS
2026-01-02,263.54,259.16,268.17,POWERGRID.NS
2026-01-05,262.62,257.96,267.03,POWERGRID.NS
2026-01-06,261.76,257.57,266.34,POWERGRID.NS
2026-01-07,261.49,257.3,266.07,POWERGRID.NS
2026-01-08,260.13,255.6,264.39,POWERGRID.NS
2026-01-09,259.0,254.48,263.33,POWERGRID.NS
2026-01-12,256.29,251.42,260.62,POWERGRID.NS
2026-01-13,255.11,251.06,259.62,POWERGRID.NS
2026-01-14,254.69,250.21,259.12,POWERGRID.NS
2026-01-15,253.37,249.01,257.74,POWERGRID.NS
2026-01-16,252.47,248.01,256.93,POWERGRID.NS
2026-01-19,251.64,246.96,256.2,POWERGRID.NS
2026-01-20,251.47,246.89,256.04,POWERGRID.NS
2026-01-21,252.22,247.59,256.4,POWERGRID.NS
2026-01-22,252.21,247.86,256.19,POWERGRID.NS
2026-01-23,252.76,248.25,257.4,POWERGRID.NS
2026-01-27,258.24,253.75,262.63,POWERGRID.NS
2026-01-28,260.64,256.24,265.07,POWERGRID.NS
2026-01-29,262.22,257.82,266.75,POWERGRID.NS
2026-01-30,264.28,259.54,268.62,POWERGRID.NS
2026-02-02,272.02,267.62,276.32,POWERGRID.NS
2026-02-03,274.42,270.19,278.88,POWERGRID.NS
2026-02-04,277.53,273.12,281.83,POWERGRID.NS
2026-02-05,279.63,275.18,284.27,POWERGRID.NS
2026-02-06,281.97,277.48,286.25,POWERGRID.NS
2026-02-09,289.29,284.91,293.73,POWERGRID.NS
2026-02-10,291.15,286.8,295.9,POWERGRID.NS
2026-02-11,293.53,289.07,298.23,POWERGRID.NS
2026-02-12,294.73,290.06,299.07,POWERGRID.NS
2026-02-13,296.05,291.62,300.27,POWERGRID.NS
2026-02-16,299.71,295.22,304.25,POWERGRID.NS
2026-02-17,300.24,296.04,304.81,POWERGRID.NS
2026-02-18,301.29,296.89,305.94,POWERGRID.NS
2026-02-19,301.18,297.0,305.58,POWERGRID.NS
2026-02-20,301.23,297.09,305.89,POWERGRID.NS
2026-02-23,301.54,297.03,306.18,POWERGRID.NS
2026-02-24,301.16,296.23,305.56,POWERGRID.NS
2026-02-25,301.43,297.04,305.66,POWERGRID.NS
2026-02-26,300.67,296.03,305.13,POWERGRID.NS
2026-02-27,300.19,295.75,304.8,POWERGRID.NS
2026-03-02,299.66,295.28,304.31,POWERGRID.NS
2026-03-04,299.54,295.12,304.26,POWERGRID.NS
2026-03-05,298.88,294.54,303.41,POWERGRID.NS
2026-03-06,298.57,293.75,303.16,POWERGRID.NS
2026-03-09,298.72,294.35,303.02,POWERGRID.NS
2026-03-10,298.52,294.14,303.13,POWERGRID.NS
2026-03-11,299.03,294.17,303.34,POWERGRID.NS
2026-03-12,298.55,294.3,303.21,POWERGRID.NS
2026-03-13,298.37,294.08,302.69,POWERGRID.NS
2026-03-16,298.58,294.16,303.32,POWERGRID.NS
2026-03-17,298.29,293.8,302.61,POWERGRID.NS
2026-03-18,298.65,294.03,303.24,POWERGRID.NS
2026-03-19,297.98,293.3,302.33,POWERGRID.NS
2026-03-20,297.57,292.63,302.0,POWERGRID.NS
2026-03-23,297.02,292.58,301.59,POWERGRID.NS
2026-03-24,296.49,292.31,301.08,POWERGRID.NS
2026-03-25,296.65,292.19,301.22,POWERGRID.NS
2026-03-27,295.31,290.94,299.95,POWERGRID.NS
2026-03-30,294.96,290.46,299.09,POWERGRID.NS
2026-04-01,295.2,290.45,299.48,POWERGRID.NS
2026-04-02,294.84,290.77,299.26,POWERGRID.NS
2026-04-06,296.76,292.54,301.05,POWERGRID.NS
2026-04-07,297.36,292.86,302.18,POWERGRID.NS
2026-04-08,298.8,294.46,303.19,POWERGRID.NS
2026-04-09,299.37,294.89,303.71,POWERGRID.NS
2026-04-10,300.38,295.7,304.94,POWERGRID.NS
2026-04-13,304.88,300.58,309.37,POWERGRID.NS
2026-04-15,308.32,304.1,312.84,POWERGRID.NS
2026-04-16,309.42,304.84,313.9,POWERGRID.NS
2026-04-17,310.82,306.37,315.16,POWERGRID.NS
2026-04-20,315.62,310.99,319.95,POWERGRID.NS
2026-04-21,316.74,312.08,321.08,POWERGRID.NS
2026-04-22,318.44,313.83,323.08,POWERGRID.NS
2026-04-23,318.99,314.9,323.28,POWERGRID.NS
2026-04-24,319.7,315.34,324.48,POWERGRID.NS
2026-04-27,321.61,317.13,326.1,POWERGRID.NS
2026-04-28,321.56,317.31,326.15,POWERGRID.NS
2026-04-29,322.01,317.71,326.34,POWERGRID.NS
2026-04-30,321.27,316.83,325.74,POWERGRID.NS
2026-05-01,320.64,315.91,325.17,POWERGRID.NS
2026-05-04,318.62,314.22,323.04,POWERGRID.NS
2026-05-05,317.35,312.79,321.45,POWERGRID.NS
2026-05-06,316.65,312.5,321.17,POWERGRID.NS
2026-05-07,314.85,310.34,319.52,POWERGRID.NS
2026-05-08,313.28,308.67,317.52,POWERGRID.NS
2026-05-11,309.15,304.69,313.5,POWERGRID.NS
2026-05-12,307.44,302.97,311.91,POWERGRID.NS
2026-05-13,306.44,302.05,311.03,POWERGRID.NS
2026-05-14,304.48,300.21,308.92,POWERGRID.NS
2026-05-15,302.87,298.43,307.41,POWERGRID.NS
2026-05-18,299.29,294.66,303.54,POWERGRID.NS
2026-05-19,297.95,293.8,302.49,POWERGRID.NS
2026-05-20,297.39,292.75,301.91,POWERGRID.NS
2026-05-21,295.92,291.45,300.5,POWERGRID.NS
2026-05-22,294.84,290.73,299.33,POWERGRID.NS
2026-05-25,292.98,288.58,297.44,POWERGRID.NS
2026-05-26,292.2,288.08,296.44,POWERGRID.NS
2026-05-27,292.19,287.56,296.38,POWERGRID.NS
2026-05-28,291.23,286.49,295.81,POWERGRID.NS
2026-05-29,290.63,286.09,295.05,POWERGRID.NS
2026-06-01,289.92,285.41,294.33,POWERGRID.NS
2026-06-02,289.43,285.01,293.85,POWERGRID.NS
2026-06-03,289.66,285.31,294.13,POWERGRID.NS
2026-06-04,288.91,284.22,293.29,POWERGRID.NS
2026-06-05,288.47,284.09,292.61,POWERGRID.NS
2026-06-08,288.09,283.47,292.5,POWERGRID.NS
2026-06-09,287.68,283.35,292.29,POWERGRID.NS
2026-06-10,287.97,283.58,292.31,POWERGRID.NS
2026-06-11,287.28,282.96,291.81,POWERGRID.NS
2026-06-12,286.91,282.44,291.47,POWERGRID.NS
2026-06-15,286.76,282.68,291.42,POWERGRID.NS
2026-06-16,286.45,281.9,290.68,POWERGRID.NS
2026-06-17,286.85,282.01,291.31,POWERGRID.NS
2026-06-18,286.28,281.87,290.52,POWERGRID.NS
2026-06-19,286.05,281.54,290.45,POWERGRID.NS
2026-06-22,286.33,282.05,290.76,POWERGRID.NS
2026-06-23,286.16,281.76,290.67,POWERGRID.NS
2026-06-24,286.69,282.56,291.01,POWERGRID.NS
2026-06-25,286.24,281.85,291.12,POWERGRID.NS
2026-06-26,286.1,281.41,290.69,POWERGRID.NS
2026-06-29,286.56,282.07,290.67,POWERGRID.NS
2026-06-30,286.4,281.53,291.09,POWERGRID.NS
2026-07-01,286.92,282.39,291.45,POWERGRID.NS
2026-07-02,286.43,282.02,290.57,POWERGRID.NS
2026-07-03,286.23,281.87,290.75,POWERGRID.NS
2026-07-06,286.39,281.82,290.86,POWERGRID.NS
2026-07-07,286.11,281.43,290.66,POWERGRID.NS
2026-07-08,286.51,282.42,291.12,POWERGRID.NS
2026-07-09,285.9,281.65,290.22,POWERGRID.NS
2026-07-10,285.59,280.8,290.23,POWERGRID.NS
2026-07-13,285.54,280.76,289.98,POWERGRID.NS
2026-07-14,285.24,280.74,289.67,POWERGRID.NS
2026-07-15,285.65,281.29,290.09,POWERGRID.NS
2026-07-16,285.08,280.57,289.14,POWERGRID.NS
2026-07-17,284.84,280.11,289.25,POWERGRID.NS
2026-07-20,285.18,280.74,289.75,POWERGRID.NS
2026-07-21,285.05,280.38,289.43,POWERGRID.NS
2026-07-22,285.64,280.69,290.24,POWERGRID.NS
2026-07-23,285.26,280.96,289.67,POWERGRID.NS
2026-07-24,285.22,280.93,289.36,POWERGRID.NS
2026-07-27,286.04,281.49,290.35,POWERGRID.NS
2026-07-28,286.02,281.55,290.55,POWERGRID.NS
2026-07-29,286.69,282.25,291.07,POWERGRID.NS
2026-07-30,286.34,281.92,290.83,POWERGRID.NS
2026-07-31,286.28,282.2,290.83,POWERGRID.NS
2026-08-03,286.73,282.42,291.34,POWERGRID.NS
2026-08-04,286.48,281.95,290.84,POWERGRID.NS
2026-08-05,286.87,282.46,291.56,POWERGRID.NS
2026-08-06,286.2,281.76,290.51,POWERGRID.NS
2026-08-07,285.77,281.35,290.25,POWERGRID.NS
2026-08-10,285.0,280.73,289.62,POWERGRID.NS
2026-08-11,284.33,279.88,288.57,POWERGRID.NS
2026-08-12,284.31,279.66,288.91,POWERGRID.NS
2026-08-13,283.26,278.84,287.56,POWERGRID.NS
2026-08-14,282.48,278.07,287.33,POWERGRID.NS
2026-08-17,280.99,276.69,285.44,POWERGRID.NS
2026-08-18,280.21,275.33,284.33,POWERGRID.NS
2026-08-19,280.17,275.69,284.65,POWERGRID.NS
2026-08-20,279.17,274.73,283.56,POWERGRID.NS
2026-08-21,278.54,274.01,282.73,POWERGRID.NS
2026-08-24,277.94,273.62,282.42,POWERGRID.NS
2026-08-25,277.61,272.96,282.1,POWERGRID.NS
2026-08-26,278.06,273.63,282.73,POWERGRID.NS
2026-08-27,277.61,273.15,282.22,POWERGRID.NS
2026-08-28,277.56,272.97,282.08,POWERGRID.NS
2026-08-31,278.76,274.37,282.95,POWERGRID.NS
2026-09-01,279.01,274.64,283.53,POWERGRID.NS
2026-09-02,280.0,275.59,284.32,POWERGRID.NS
2026-09-03,280.03,275.42,284.24,POWERGRID.NS
2026-09-04,280.39,275.6,285.08,POWERGRID.NS
2025-07-24,1379.8,1355.29,1403.5,RELIANCE.NS
2025-07-25,1380.21,1357.04,1404.46,RELIANCE.NS
2025-07-28,1381.62,1358.22,1405.25,RELIANCE.NS
2025-07-29,1379.19,1355.27,1404.36,RELIANCE.NS
2025-07-30,1383.2,1360.14,1406.67,RELIANCE.NS
2025-07-31,1381.7,1356.77,1404.61,RELIANCE.NS
2025-08-01,1383.5,1357.57,1407.14,RELIANCE.NS
2025-08-04,1387.86,1364.89,1410.18,RELIANCE.NS
2025-08-05,1385.91,1362.82,1408.99,RELIANCE.NS
2025-08-06,1390.12,1365.95,1414.17,RELIANCE.NS
2025-08-07,1388.52,1364.83,1413.02,RELIANCE.NS
2025-08-08,1389.94,1366.78,1413.54,RELIANCE.NS
2025-08-11,1391.59,1367.58,1415.43,RELIANCE.NS
2025-08-12,1388.31,1364.1,1412.5,RELIANCE.NS
2025-08-13,1391.05,1365.28,1415.96,RELIANCE.NS
2025-08-14,1387.87,1365.03,1412.54,RELIANCE.NS
2025-08-18,1384.64,1361.89,1408.44,RELIANCE.NS
2025-08-19,1380.05,1356.85,1404.72,RELIANCE.NS
2025-08-20,1381.67,1357.61,1404.71,RELIANCE.NS
2025-08-21,1377.62,1352.77,1400.73,RELIANCE.NS
2025-08-22,1376.81,1353.68,1399.37,RELIANCE.NS
2025-08-25,1373.82,1348.81,1398.57,RELIANCE.NS
2025-08-26,1369.87,1346.91,1394.55,RELIANCE.NS
2025-08-28,1369.58,1344.86,1394.71,RELIANCE.NS
2025-08-29,1370.22,1345.93,1395.3,RELIANCE.NS
2025-09-01,1372.59,1350.76,1395.35,RELIANCE.NS
2025-09-02,1370.58,1346.55,1394.37,RELIANCE.NS
2025-09-03,1375.07,1351.6,1399.58,RELIANCE.NS
2025-09-04,1374.08,1350.15,1396.19,RELIANCE.NS
2025-09-05,1376.44,1352.54,1399.2,RELIANCE.NS
2025-09-08,1382.63,1356.77,1406.45,RELIANCE.NS
2025-09-09,1381.3,1358.31,1405.33,RELIANCE.NS
2025-09-10,1386.11,1361.92,1408.47,RELIANCE.NS
2025-09-11,1385.08,1360.33,1409.36,RELIANCE.NS
2025-09-12,1387.03,1362.46,1411.14,RELIANCE.NS
2025-09-15,1389.84,1366.17,1412.66,RELIANCE.NS
2025-09-16,1386.76,1362.73,1408.74,RELIANCE.NS
2025-09-17,1389.58,1365.46,1414.88,RELIANCE.NS
2025-09-18,1386.38,1362.28,1410.29,RELIANCE.NS
2025-09-19,1386.03,1362.8,1409.72,RELIANCE.NS
2025-09-22,1381.89,1359.07,1405.87,RELIANCE.NS
2025-09-23,1376.71,1352.75,1398.69,RELIANCE.NS
2025-09-24,1377.67,1354.55,1400.64,RELIANCE.NS
2025-09-25,1372.9,1349.14,1397.06,RELIANCE.NS
2025-09-26,1371.33,1347.25,1394.82,RELIANCE.NS
2025-09-29,1366.11,1342.14,1388.06,RELIANCE.NS
2025-09-30,1361.53,1336.88,1387.42,RELIANCE.NS
2025-10-01,1363.58,1340.81,1387.44,RELIANCE.NS
2025-10-03,1360.87,1336.97,1384.39,RELIANCE.NS
2025-10-06,1364.28,1340.92,1387.15,RELIANCE.NS
2025-10-07,1363.22,1339.24,1388.44,RELIANCE.NS
2025-10-08,1369.01,1344.24,1391.06,RELIANCE.NS
2025-10-09,1369.69,1344.5,1392.28,RELIANCE.NS
2025-10-10,1374.12,1348.24,1397.11,RELIANCE.NS
2025-10-13,1388.92,1366.53,1412.96,RELIANCE.NS
2025-10-14,1391.28,1366.42,1415.68,RELIANCE.NS
2025-10-15,1400.17,1376.92,1425.34,RELIANCE.NS
2025-10-16,1403.6,1380.1,1425.81,RELIANCE.NS
2025-10-17,1410.36,1385.83,1433.55,RELIANCE.NS
2025-10-20,1429.41,1405.77,1453.0,RELIANCE.NS
2025-10-21,1432.22,1409.95,1457.25,RELIANCE.NS
2025-10-23,1444.07,1421.22,1469.51,RELIANCE.NS
2025-10-24,1449.96,1427.22,1474.34,RELIANCE.NS
2025-10-27,1464.42,1440.42,1487.52,RELIANCE.NS
2025-10-28,1465.23,1441.99,1486.96,RELIANCE.NS
2025-10-29,1471.97,1448.41,1496.18,RELIANCE.NS
2025-10-30,1472.75,1447.15,1496.05,RELIANCE.NS
2025-10-31,1476.45,1452.33,1501.48,RELIANCE.NS
2025-11-03,1484.92,1459.57,1509.24,RELIANCE.NS
2025-11-04,1484.09,1459.59,1507.74,RELIANCE.NS
2025-11-06,1489.11,1465.02,1513.53,RELIANCE.NS
2025-11-07,1491.96,1468.6,1516.62,RELIANCE.NS
2025-11-10,1499.54,1477.4,1523.72,RELIANCE.NS
2025-11-11,1498.91,1474.02,1524.7,RELIANCE.NS
2025-11-12,1504.65,1481.85,1528.66,RELIANCE.NS
2025-11-13,1504.84,1482.17,1529.17,RELIANCE.NS
2025-11-14,1508.33,1484.67,1531.09,RELIANCE.NS
2025-11-17,1517.95,1495.83,1542.4,RELIANCE.NS
2025-11-18,1517.86,1494.0,1541.54,RELIANCE.NS
2025-11-19,1524.02,1498.4,1546.46,RELIANCE.NS
2025-11-20,1524.43,1500.22,1548.46,RELIANCE.NS
2025-11-21,1527.94,1503.67,1551.74,RELIANCE.NS
2025-11-24,1536.14,1512.07,1560.41,RELIANCE.NS
2025-11-25,1535.08,1511.74,1559.51,RELIANCE.NS
2025-11-26,1540.02,1516.43,1563.7,RELIANCE.NS
2025-11-27,1539.01,1513.16,1559.51,RELIANCE.NS
2025-11-28,1540.91,1516.73,1565.82,RELIANCE.NS
2025-12-01,1543.65,1518.99,1566.6,RELIANCE.NS
2025-12-02,1540.73,1517.3,1564.82,RELIANCE.NS
2025-12-03,1543.88,1520.44,1567.95,RELIANCE.NS
2025-12-04,1541.2,1517.15,1565.41,RELIANCE.NS
2025-12-05,1541.61,1519.38,1564.68,RELIANCE.NS
2025-12-08,1541.38,1516.61,1564.12,RELIANCE.NS
2025-12-09,1538.07,1514.37,1561.76,RELIANCE.NS
2025-12-10,1541.16,1516.99,1563.39,RELIANCE.NS
2025-12-11,1538.75,1514.22,1563.45,RELIANCE.NS
2025-12-12,1539.75,1516.46,1562.46,RELIANCE.NS
2025-12-15,1542.87,1518.84,1567.03,RELIANCE.NS
2025-12-16,1541.06,1517.2,1565.56,RELIANCE.NS
2025-12-17,1545.73,1520.86,1570.45,RELIANCE.NS
2025-12-18,1544.92,1522.0,1568.36,RELIANCE.NS
2025-12-19,1547.44,1522.8,1573.17,RELIANCE.NS
2025-12-22,1553.95,1529.4,1578.03,RELIANCE.NS
2025-12-23,1552.6,1528.73,1576.09,RELIANCE.NS
2025-12-24,1557.3,1535.64,1581.32,RELIANCE.NS
2025-12-26,1557.52,1531.75,1582.11,RELIANCE.NS
2025-12-29,1557.48,1533.08,1581.42,RELIANCE.NS
2025-12-30,1552.79,1529.06,1576.66,RELIANCE.NS
2025-12-31,1553.6,1529.97,1578.6,RELIANCE.NS
2026-01-01,1547.93,1523.69,1573.48,RELIANCE.NS
2026-01-02,1544.65,1522.22,1568.71,RELIANCE.NS
2026-01-05,1528.56,1505.69,1550.83,RELIANCE.NS
2026-01-06,1518.33,1494.51,1541.77,RELIANCE.NS
2026-01-07,1513.68,1489.93,1536.44,RELIANCE.NS
2026-01-08,1502.78,1479.26,1525.47,RELIANCE.NS
2026-01-09,1494.6,1471.0,1518.99,RELIANCE.NS
2026-01-12,1467.0,1441.71,1491.81,RELIANCE.NS
2026-01-13,1454.33,1429.41,1477.2,RELIANCE.NS
2026-01-14,1448.09,1425.14,1472.07,RELIANCE.NS
2026-01-15,1436.48,1414.37,1459.73,RELIANCE.NS
2026-01-16,1428.52,1403.68,1453.46,RELIANCE.NS
2026-01-19,1407.26,1384.67,1431.82,RELIANCE.NS
2026-01-20,1398.49,1372.58,1422.72,RELIANCE.NS
2026-01-21,1396.95,1373.23,1419.05,RELIANCE.NS
2026-01-22,1390.77,1366.33,1413.62,RELIANCE.NS
2026-01-23,1388.83,1366.34,1412.56,RELIANCE.NS
2026-01-27,1386.4,1362.65,1408.12,RELIANCE.NS
2026-01-28,1391.92,1367.3,1416.16,RELIANCE.NS
2026-01-29,1392.55,1368.02,1416.21,RELIANCE.NS
2026-01-30,1397.05,1371.88,1420.11,RELIANCE.NS
2026-02-02,1411.96,1387.87,1437.44,RELIANCE.NS
2026-02-03,1414.03,1389.53,1437.19,RELIANCE.NS
2026-02-04,1422.32,1397.93,1445.81,RELIANCE.NS
2026-02-05,1424.77,1402.4,1448.22,RELIANCE.NS
2026-02-06,1430.11,1407.03,1455.23,RELIANCE.NS
2026-02-09,1441.77,1416.81,1466.03,RELIANCE.NS
2026-02-10,1440.96,1415.4,1464.45,RELIANCE.NS
2026-02-11,1445.64,1421.56,1468.06,RELIANCE.NS
2026-02-12,1443.81,1419.07,1467.13,RELIANCE.NS
2026-02-13,1444.34,1420.35,1467.98,RELIANCE.NS
2026-02-16,1439.74,1416.03,1463.14,RELIANCE.NS
2026-02-17,1433.39,1411.44,1457.04,RELIANCE.NS
2026-02-18,1432.7,1409.63,1457.98,RELIANCE.NS
2026-02-19,1425.83,1402.11,1449.43,RELIANCE.NS
2026-02-20,1421.76,1398.07,1446.27,RELIANCE.NS
2026-02-23,1407.11,1384.0,1431.77,RELIANCE.NS
2026-02-24,1398.92,1375.49,1420.99,RELIANCE.NS
2026-02-25,1397.22,1373.88,1420.05,RELIANCE.NS
2026-02-26,1390.19,1368.3,1415.01,RELIANCE.NS
2026-02-27,1386.79,1364.31,1410.74,RELIANCE.NS
2026-03-02,1378.75,1353.81,1402.17,RELIANCE.NS
2026-03-04,1376.3,1351.39,1400.24,RELIANCE.NS
2026-03-05,1373.57,1348.37,1396.24,RELIANCE.NS
2026-03-06,1374.71,1351.95,1399.91,RELIANCE.NS
2026-03-09,1380.23,1355.0,1404.36,RELIANCE.NS
2026-03-10,1379.59,1356.89,1403.06,RELIANCE.NS
2026-03-11,1385.47,1361.74,1409.44,RELIANCE.NS
2026-03-12,1385.84,1362.86,1409.8,RELIANCE.NS
2026-03-13,1389.43,1366.06,1413.54,RELIANCE.NS
2026-03-16,1397.84,1374.78,1421.48,RELIANCE.NS
2026-03-17,1396.57,1373.21,1420.62,RELIANCE.NS
2026-03-18,1401.03,1376.84,1424.53,RELIANCE.NS
2026-03-19,1399.2,1373.85,1422.83,RELIANCE.NS
2026-03-20,1399.9,1376.06,1424.2,RELIANCE.NS
2026-03-23,1396.24,1371.41,1421.45,RELIANCE.NS
2026-03-24,1390.18,1367.28,1414.48,RELIANCE.NS
2026-03-25,1389.67,1366.29,1414.77,RELIANCE.NS
2026-03-27,1378.63,1353.96,1403.33,RELIANCE.NS
2026-03-30,1362.21,1338.74,1387.45,RELIANCE.NS
2026-04-01,1349.95,1324.22,1374.01,RELIANCE.NS
2026-04-02,1341.42,1317.68,1367.23,RELIANCE.NS
2026-04-06,1322.71,1300.42,1346.68,RELIANCE.NS
2026-04-07,1316.15,1292.0,1339.95,RELIANCE.NS
2026-04-08,1316.67,1292.01,1340.1,RELIANCE.NS
2026-04-09,1312.41,1289.52,1335.91,RELIANCE.NS
2026-04-10,1312.29,1286.89,1335.54,RELIANCE.NS
2026-04-13,1316.38,1293.41,1341.35,RELIANCE.NS
2026-04-15,1323.3,1299.87,1346.79,RELIANCE.NS
2026-04-16,1325.45,1303.38,1350.28,RELIANCE.NS
2026-04-17,1331.5,1308.74,1355.91,RELIANCE.NS
2026-04-20,1351.44,1328.18,1373.37,RELIANCE.NS
2026-04-21,1355.37,1330.96,1377.77,RELIANCE.NS
2026-04-22,1365.64,1342.18,1388.12,RELIANCE.NS
2026-04-23,1370.21,1346.32,1391.76,RELIANCE.NS
2026-04-24,1377.79,1353.39,1401.57,RELIANCE.NS
2026-04-27,1396.94,1373.81,1420.49,RELIANCE.NS
2026-04-28,1398.86,1374.61,1423.97,RELIANCE.NS
2026-04-29,1406.34,1382.73,1429.65,RELIANCE.NS
2026-04-30,1407.38,1382.7,1432.28,RELIANCE.NS
2026-05-01,1410.8,1388.09,1435.45,RELIANCE.NS
2026-05-04,1414.61,1392.41,1439.07,RELIANCE.NS
2026-05-05,1410.84,1387.19,1434.45,RELIANCE.NS
2026-05-06,1412.53,1388.84,1435.43,RELIANCE.NS
2026-05-07,1407.79,1384.51,1430.98,RELIANCE.NS
2026-05-08,1405.55,1382.06,1429.0,RELIANCE.NS
2026-05-11,1394.1,1370.27,1417.29,RELIANCE.NS
2026-05-12,1386.08,1363.01,1409.07,RELIANCE.NS
2026-05-13,1384.03,1358.79,1406.44,RELIANCE.NS
2026-05-14,1376.12,1353.2,1400.18,RELIANCE.NS
2026-05-15,1371.3,1343.92,1394.36,RELIANCE.NS
2026-05-18,1355.66,1333.1,1379.4,RELIANCE.NS
2026-05-19,1347.37,1323.97,1370.6,RELIANCE.NS
2026-05-20,1345.58,1323.93,1368.59,RELIANCE.NS
2026-05-21,1338.39,1314.62,1361.23,RELIANCE.NS
2026-05-22,1334.7,1310.19,1358.76,RELIANCE.NS
2026-05-25,1324.34,1300.13,1349.64,RELIANCE.NS
2026-05-26,1318.22,1293.9,1342.21,RELIANCE.NS
2026-05-27,1318.7,1294.02,1343.58,RELIANCE.NS
2026-05-28,1313.82,1287.76,1338.13,RELIANCE.NS
2026-05-29,1312.44,1289.89,1335.98,RELIANCE.NS
2026-06-01,1308.52,1283.36,1331.84,RELIANCE.NS
2026-06-02,1304.29,1281.02,1327.77,RELIANCE.NS
2026-06-03,1306.5,1281.16,1328.99,RELIANCE.NS
2026-06-04,1303.19,1280.27,1327.11,RELIANCE.NS
2026-06-05,1303.19,1280.52,1326.64,RELIANCE.NS
2026-06-08,1302.53,1277.52,1325.75,RELIANCE.NS
2026-06-09,1299.14,1275.55,1323.55,RELIANCE.NS
2026-06-10,1302.09,1277.61,1325.87,RELIANCE.NS
2026-06-11,1299.45,1277.64,1323.42,RELIANCE.NS
2026-06-12,1300.09,1275.98,1324.49,RELIANCE.NS
2026-06-15,1301.25,1278.73,1327.05,RELIANCE.NS
2026-06-16,1298.49,1274.81,1322.95,RELIANCE.NS
2026-06-17,1302.1,1279.58,1325.55,RELIANCE.NS
2026-06-18,1300.15,1277.02,1323.88,RELIANCE.NS
2026-06-19,1301.5,1275.7,1325.33,RELIANCE.NS
2026-06-22,1304.82,1280.96,1328.25,RELIANCE.NS
2026-06-23,1302.74,1279.7,1324.92,RELIANCE.NS
2026-06-24,1306.98,1281.81,1330.5,RELIANCE.NS
2026-06-25,1305.57,1283.34,1329.26,RELIANCE.NS
2026-06-26,1307.36,1283.31,1332.08,RELIANCE.NS
2026-06-29,1311.19,1287.03,1334.31,RELIANCE.NS
2026-06-30,1308.95,1283.93,1334.6,RELIANCE.NS
2026-07-01,1312.83,1289.07,1336.73,RELIANCE.NS
2026-07-02,1310.88,1287.96,1333.77,RELIANCE.NS
2026-07-03,1311.95,1287.98,1335.14,RELIANCE.NS
2026-07-06,1312.56,1288.72,1336.63,RELIANCE.NS
2026-07-07,1308.97,1285.03,1333.42,RELIANCE.NS
2026-07-08,1311.41,1288.59,1335.32,RELIANCE.NS
2026-07-09,1307.96,1286.09,1332.01,RELIANCE.NS
2026-07-10,1307.51,1283.47,1332.73,RELIANCE.NS
2026-07-13,1303.83,1279.73,1327.78,RELIANCE.NS
2026-07-14,1299.03,1275.12,1323.11,RELIANCE.NS
2026-07-15,1300.43,1274.23,1323.68,RELIANCE.NS
2026-07-16,1296.15,1272.67,1318.58,RELIANCE.NS
2026-07-17,1295.09,1270.87,1318.61,RELIANCE.NS
2026-07-20,1291.14,1268.14,1314.43,RELIANCE.NS
2026-07-21,1286.79,1263.67,1309.99,RELIANCE.NS
2026-07-22,1288.89,1263.67,1312.9,RELIANCE.NS
2026-07-23,1285.55,1260.58,1309.9,RELIANCE.NS
2026-07-24,1285.65,1261.79,1311.25,RELIANCE.NS
2026-07-27,1286.14,1263.6,1309.27,RELIANCE.NS
2026-07-28,1283.44,1258.84,1309.14,RELIANCE.NS
2026-07-29,1287.22,1264.6,1310.75,RELIANCE.NS
2026-07-30,1285.52,1261.69,1310.34,RELIANCE.NS
2026-07-31,1287.18,1263.23,1310.49,RELIANCE.NS
2026-08-03,1291.4,1266.96,1314.5,RELIANCE.NS
2026-08-04,1289.52,1264.98,1312.96,RELIANCE.NS
2026-08-05,1293.85,1269.31,1316.63,RELIANCE.NS
2026-08-06,1292.41,1267.19,1316.98,RELIANCE.NS
2026-08-07,1294.05,1269.84,1316.77,RELIANCE.NS
2026-08-10,1296.52,1272.04,1320.0,RELIANCE.NS
2026-08-11,1293.55,1270.28,1317.15,RELIANCE.NS
2026-08-12,1296.6,1270.59,1320.8,RELIANCE.NS
2026-08-13,1293.72,1269.13,1318.83,RELIANCE.NS
2026-08-14,1293.8,1271.3,1315.99,RELIANCE.NS
2026-08-17,1291.43,1267.52,1316.27,RELIANCE.NS
2026-08-18,1286.96,1262.82,1309.73,RELIANCE.NS
2026-08-19,1288.64,1263.55,1314.41,RELIANCE.NS
2026-08-20,1284.6,1260.09,1307.6,RELIANCE.NS
2026-08-21,1283.74,1260.03,1308.16,RELIANCE.NS
2026-08-24,1280.25,1255.15,1302.82,RELIANCE.NS
2026-08-25,1276.03,1251.99,1300.94,RELIANCE.NS
2026-08-26,1278.27,1257.0,1301.83,RELIANCE.NS
2026-08-27,1275.09,1252.09,1299.98,RELIANCE.NS
2026-08-28,1275.37,1251.57,1301.16,RELIANCE.NS
2026-08-31,1276.65,1253.14,1299.89,RELIANCE.NS
2026-09-01,1274.31,1250.44,1298.49,RELIANCE.NS
2026-09-02,1278.5,1254.4,1301.8,RELIANCE.NS
2026-09-03,1277.26,1254.09,1300.4,RELIANCE.NS
2026-09-04,1279.42,1254.45,1303.99,RELIANCE.NS
2025-07-24,1806.74,1775.6,1842.51,SBILIFE.NS
2025-07-25,1809.27,1773.84,1843.37,SBILIFE.NS
2025-07-28,1820.43,1788.76,1854.66,SBILIFE.NS
2025-07-29,1823.56,1788.9,1858.45,SBILIFE.NS
2025-07-30,1828.99,1794.99,1863.87,SBILIFE.NS
2025-07-31,1828.07,1793.98,1862.23,SBILIFE.NS
2025-08-01,1831.7,1795.79,1865.95,SBILIFE.NS
2025-08-04,1844.03,1808.79,1878.92,SBILIFE.NS
2025-08-05,1846.76,1812.95,1882.47,SBILIFE.NS
2025-08-06,1851.36,1817.03,1889.37,SBILIFE.NS
2025-08-07,1849.21,1815.59,1883.03,SBILIFE.NS
2025-08-08,1851.2,1815.85,1886.61,SBILIFE.NS
2025-08-11,1856.55,1822.24,1892.78,SBILIFE.NS
2025-08-12,1856.4,1822.55,1892.07,SBILIFE.NS
2025-08-13,1857.95,1822.42,1891.86,SBILIFE.NS
2025-08-14,1852.62,1816.18,1886.3,SBILIFE.NS
2025-08-18,1847.42,1815.64,1883.68,SBILIFE.NS
2025-08-19,1844.5,1810.53,1880.28,SBILIFE.NS
2025-08-20,1843.54,1806.36,1873.96,SBILIFE.NS
2025-08-21,1836.02,1804.25,1869.23,SBILIFE.NS
2025-08-22,1832.96,1798.11,1867.94,SBILIFE.NS
2025-08-25,1825.94,1790.07,1861.94,SBILIFE.NS
2025-08-26,1822.86,1788.62,1860.04,SBILIFE.NS
2025-08-28,1815.32,1780.47,1850.04,SBILIFE.NS
2025-08-29,1813.31,1779.93,1849.94,SBILIFE.NS
2025-09-01,1811.33,1774.46,1847.76,SBILIFE.NS
2025-09-02,1810.39,1775.59,1843.76,SBILIFE.NS
2025-09-03,1811.97,1776.49,1847.54,SBILIFE.NS
2025-09-04,1807.46,1770.83,1843.99,SBILIFE.NS
2025-09-05,1807.8,1771.95,1843.12,SBILIFE.NS
2025-09-08,1812.26,1778.67,1846.92,SBILIFE.NS
2025-09-09,1813.07,1776.55,1847.88,SBILIFE.NS
2025-09-10,1816.13,1779.86,1850.03,SBILIFE.NS
2025-09-11,1812.8,1779.93,1846.73,SBILIFE.NS
2025-09-12,1813.96,1779.48,1846.38,SBILIFE.NS
2025-09-15,1818.72,1783.37,1852.99,SBILIFE.NS
2025-09-16,1818.9,1784.28,1854.51,SBILIFE.NS
2025-09-17,1821.0,1788.56,1855.32,SBILIFE.NS
2025-09-18,1816.39,1782.71,1851.86,SBILIFE.NS
2025-09-19,1816.01,1780.78,1851.33,SBILIFE.NS
2025-09-22,1815.03,1782.46,1849.59,SBILIFE.NS
2025-09-23,1813.13,1778.16,1848.99,SBILIFE.NS
2025-09-24,1813.15,1779.5,1849.26,SBILIFE.NS
2025-09-25,1806.56,1773.82,1840.6,SBILIFE.NS
2025-09-26,1804.35,1769.75,1840.56,SBILIFE.NS
2025-09-29,1799.4,1767.16,1833.35,SBILIFE.NS
2025-09-30,1796.86,1763.95,1832.36,SBILIFE.NS
2025-10-01,1796.67,1762.89,1830.2,SBILIFE.NS
2025-10-03,1788.81,1753.97,1822.23,SBILIFE.NS
2025-10-06,1788.9,1753.4,1822.57,SBILIFE.NS
2025-10-07,1789.0,1754.93,1822.04,SBILIFE.NS
2025-10-08,1791.88,1760.2,1827.33,SBILIFE.NS
2025-10-09,1789.0,1753.11,1825.86,SBILIFE.NS
2025-10-10,1791.32,1756.8,1825.58,SBILIFE.NS
2025-10-13,1804.5,1771.11,1838.27,SBILIFE.NS
2025-10-14,1809.27,1774.09,1843.17,SBILIFE.NS
2025-10-15,1816.87,1781.15,1851.43,SBILIFE.NS
2025-10-16,1818.68,1785.15,1852.98,SBILIFE.NS
2025-10-17,1825.6,1791.24,1855.65,SBILIFE.NS
2025-10-20,1851.26,1816.27,1885.22,SBILIFE.NS
2025-10-21,1859.57,1825.6,1893.98,SBILIFE.NS
2025-10-23,1874.79,1838.96,1908.73,SBILIFE.NS
2025-10-24,1883.91,1848.54,1917.73,SBILIFE.NS
2025-10-27,1913.08,1879.41,1945.12,SBILIFE.NS
2025-10-28,1921.5,1886.07,1955.51,SBILIFE.NS
2025-10-29,1931.82,1896.29,1965.89,SBILIFE.NS
2025-10-30,1935.41,1902.18,1969.48,SBILIFE.NS
2025-10-31,1943.15,1907.52,1974.92,SBILIFE.NS
2025-11-03,1965.74,1930.03,2000.8,SBILIFE.NS
2025-11-04,1971.29,1936.12,2004.17,SBILIFE.NS
2025-11-06,1978.78,1942.03,2014.22,SBILIFE.NS
2025-11-07,1983.07,1949.57,2017.28,SBILIFE.NS
2025-11-10,1995.0,1958.46,2028.66,SBILIFE.NS
2025-11-11,1997.08,1964.12,2032.83,SBILIFE.NS
2025-11-12,2000.91,1967.34,2037.02,SBILIFE.NS
2025-11-13,1997.97,1963.32,2034.54,SBILIFE.NS
2025-11-14,1999.23,1963.69,2033.58,SBILIFE.NS
2025-11-17,2003.41,1968.72,2037.36,SBILIFE.NS
2025-11-18,2003.4,1969.99,2037.38,SBILIFE.NS
2025-11-19,2005.42,1969.62,2038.62,SBILIFE.NS
2025-11-20,2000.93,1966.48,2034.97,SBILIFE.NS
2025-11-21,2000.89,1966.19,2038.47,SBILIFE.NS
2025-11-24,2002.63,1966.07,2039.72,SBILIFE.NS
2025-11-25,2002.23,1966.63,2039.41,SBILIFE.NS
2025-11-26,2004.02,1968.47,2039.0,SBILIFE.NS
2025-11-27,1999.46,1965.11,2032.74,SBILIFE.NS
2025-11-28,1999.48,1966.53,2033.92,SBILIFE.NS
2025-12-01,2001.93,1968.39,2038.27,SBILIFE.NS
2025-12-02,2001.89,1967.98,2036.86,SBILIFE.NS
2025-12-03,2004.08,1967.0,2038.35,SBILIFE.NS
2025-12-04,1999.92,1965.57,2033.92,SBILIFE.NS
2025-12-05,2000.36,1965.39,2035.85,SBILIFE.NS
2025-12-08,2004.09,1971.86,2040.4,SBILIFE.NS
2025-12-09,2004.48,1968.3,2038.18,SBILIFE.NS
2025-12-10,2007.11,1972.28,2041.64,SBILIFE.NS
2025-12-11,2003.41,1970.34,2039.49,SBILIFE.NS
2025-12-12,2004.32,1969.52,2040.44,SBILIFE.NS
2025-12-15,2009.7,1974.45,2043.14,SBILIFE.NS
2025-12-16,2010.74,1976.21,2043.61,SBILIFE.NS
2025-12-17,2014.08,1981.2,2051.32,SBILIFE.NS
2025-12-18,2011.16,1977.12,2046.47,SBILIFE.NS
2025-12-19,2012.92,1975.76,2047.34,SBILIFE.NS
2025-12-22,2021.22,1986.26,2054.43,SBILIFE.NS
2025-12-23,2023.33,1991.16,2057.28,SBILIFE.NS
2025-12-24,2027.77,1991.24,2062.02,SBILIFE.NS
2025-12-26,2028.82,1993.77,2062.0,SBILIFE.NS
2025-12-29,2040.08,2007.36,2075.49,SBILIFE.NS
2025-12-30,2042.97,2006.71,2076.26,SBILIFE.NS
2025-12-31,2048.05,2011.09,2081.4,SBILIFE.NS
2026-01-01,2046.7,2011.9,2080.46,SBILIFE.NS
2026-01-02,2049.82,2011.86,2084.73,SBILIFE.NS
2026-01-05,2060.39,2025.49,2096.71,SBILIFE.NS
2026-01-06,2062.51,2028.5,2098.12,SBILIFE.NS
2026-01-07,2066.51,2033.73,2101.65,SBILIFE.NS
2026-01-08,2063.79,2027.22,2099.11,SBILIFE.NS
2026-01-09,2065.24,2032.5,2099.82,SBILIFE.NS
2026-01-12,2069.19,2038.0,2104.91,SBILIFE.NS
2026-01-13,2068.63,2033.07,2102.81,SBILIFE.NS
2026-01-14,2069.78,2034.31,2102.73,SBILIFE.NS
2026-01-15,2064.07,2031.95,2099.1,SBILIFE.NS
2026-01-16,2062.43,2026.52,2096.81,SBILIFE.NS
2026-01-19,2057.1,2022.13,2092.99,SBILIFE.NS
2026-01-20,2053.63,2017.13,2089.35,SBILIFE.NS
2026-01-21,2052.05,2017.51,2085.68,SBILIFE.NS
2026-01-22,2043.86,2008.65,2078.86,SBILIFE.NS
2026-01-23,2040.04,2005.89,2074.22,SBILIFE.NS
2026-01-27,2026.43,1989.25,2061.13,SBILIFE.NS
2026-01-28,2024.81,1990.61,2058.74,SBILIFE.NS
2026-01-29,2017.06,1982.97,2053.62,SBILIFE.NS
2026-01-30,2014.21,1982.53,2048.56,SBILIFE.NS
2026-02-02,2010.41,1974.4,2044.66,SBILIFE.NS
2026-02-03,2009.21,1974.65,2046.35,SBILIFE.NS
2026-02-04,2010.77,1977.26,2044.3,SBILIFE.NS
2026-02-05,2006.51,1971.96,2038.16,SBILIFE.NS
2026-02-06,2007.39,1971.44,2043.34,SBILIFE.NS
2026-02-09,2015.42,1980.25,2049.19,SBILIFE.NS
2026-02-10,2018.11,1984.59,2051.86,SBILIFE.NS
2026-02-11,2023.36,1986.42,2058.66,SBILIFE.NS
2026-02-12,2022.53,1990.15,2056.32,SBILIFE.NS
2026-02-13,2026.47,1992.98,2059.76,SBILIFE.NS
2026-02-16,2040.74,2004.39,2073.89,SBILIFE.NS
2026-02-17,2044.28,2010.73,2080.38,SBILIFE.NS
2026-02-18,2049.7,2015.17,2082.44,SBILIFE.NS
2026-02-19,2048.3,2012.0,2082.16,SBILIFE.NS
2026-02-20,2050.92,2014.42,2084.03,SBILIFE.NS
2026-02-23,2056.68,2022.41,2091.77,SBILIFE.NS
2026-02-24,2055.95,2021.22,2090.3,SBILIFE.NS
2026-02-25,2056.45,2022.22,2090.71,SBILIFE.NS
2026-02-26,2049.55,2015.97,2086.04,SBILIFE.NS
2026-02-27,2046.17,2013.33,2079.32,SBILIFE.NS
2026-03-02,2031.93,1996.59,2069.46,SBILIFE.NS
2026-03-04,2017.8,1980.73,2051.63,SBILIFE.NS
2026-03-05,2004.14,1967.26,2036.27,SBILIFE.NS
2026-03-06,1994.29,1960.22,2029.27,SBILIFE.NS
2026-03-09,1963.54,1928.11,1997.05,SBILIFE.NS
2026-03-10,1951.65,1913.56,1985.75,SBILIFE.NS
2026-03-11,1941.85,1906.96,1977.16,SBILIFE.NS
2026-03-12,1925.69,1890.96,1964.32,SBILIFE.NS
2026-03-13,1914.28,1878.44,1949.83,SBILIFE.NS
2026-03-16,1884.75,1848.33,1922.05,SBILIFE.NS
2026-03-17,1875.24,1842.55,1910.74,SBILIFE.NS
2026-03-18,1868.76,1833.96,1904.54,SBILIFE.NS
2026-03-19,1856.81,1821.66,1892.67,SBILIFE.NS
2026-03-20,1850.43,1812.48,1883.35,SBILIFE.NS
2026-03-23,1839.93,1805.41,1873.04,SBILIFE.NS
2026-03-24,1837.72,1803.25,1872.27,SBILIFE.NS
2026-03-25,1838.8,1804.84,1874.41,SBILIFE.NS
2026-03-27,1835.84,1801.1,1870.69,SBILIFE.NS
2026-03-30,1847.01,1811.63,1883.08,SBILIFE.NS
2026-04-01,1857.91,1826.36,1893.83,SBILIFE.NS
2026-04-02,1858.64,1825.29,1893.78,SBILIFE.NS
2026-04-06,1882.46,1849.6,1919.06,SBILIFE.NS
2026-04-07,1887.11,1850.92,1921.1,SBILIFE.NS
2026-04-08,1893.5,1857.38,1929.35,SBILIFE.NS
2026-04-09,1892.94,1856.2,1925.43,SBILIFE.NS
2026-04-10,1896.29,1861.59,1932.18,SBILIFE.NS
2026-04-13,1903.99,1868.93,1938.08,SBILIFE.NS
2026-04-15,1905.36,1869.02,1940.41,SBILIFE.NS
2026-04-16,1899.55,1863.66,1934.91,SBILIFE.NS
2026-04-17,1897.53,1863.35,1930.24,SBILIFE.NS
2026-04-20,1889.7,1855.26,1926.38,SBILIFE.NS
2026-04-21,1885.12,1849.76,1923.32,SBILIFE.NS
2026-04-22,1882.39,1847.71,1920.54,SBILIFE.NS
2026-04-23,1873.03,1837.71,1907.71,SBILIFE.NS
2026-04-24,1868.11,1834.09,1901.28,SBILIFE.NS
2026-04-27,1855.93,1820.57,1888.91,SBILIFE.NS
2026-04-28,1851.42,1815.98,1888.05,SBILIFE.NS
2026-04-29,1849.51,1814.65,1885.61,SBILIFE.NS
2026-04-30,1841.7,1805.83,1876.59,SBILIFE.NS
2026-05-01,1839.0,1805.01,1873.8,SBILIFE.NS
2026-05-04,1836.81,1801.3,1870.81,SBILIFE.NS
2026-05-05,1836.42,1800.19,1869.89,SBILIFE.NS
2026-05-06,1838.87,1802.47,1872.54,SBILIFE.NS
2026-05-07,1835.52,1799.59,1870.55,SBILIFE.NS
2026-05-08,1837.27,1804.05,1871.93,SBILIFE.NS
2026-05-11,1847.21,1811.65,1880.8,SBILIFE.NS
2026-05-12,1850.11,1815.86,1884.77,SBILIFE.NS
2026-05-13,1855.29,1821.64,1889.64,SBILIFE.NS
2026-05-14,1854.07,1818.42,1889.64,SBILIFE.NS
2026-05-15,1857.27,1822.68,1889.57,SBILIFE.NS
2026-05-18,1867.14,1833.29,1901.97,SBILIFE.NS
2026-05-19,1868.51,1834.59,1903.2,SBILIFE.NS
2026-05-20,1871.43,1835.97,1905.44,SBILIFE.NS
2026-05-21,1867.27,1832.44,1903.16,SBILIFE.NS
2026-05-22,1866.91,1833.19,1903.35,SBILIFE.NS
2026-05-25,1863.13,1827.71,1900.15,SBILIFE.NS
2026-05-26,1859.3,1824.72,1890.54,SBILIFE.NS
2026-05-27,1856.89,1820.33,1891.7,SBILIFE.NS
2026-05-28,1847.36,1810.24,1882.36,SBILIFE.NS
2026-05-29,1841.72,1809.47,1876.45,SBILIFE.NS
2026-06-01,1823.81,1792.22,1858.94,SBILIFE.NS
2026-06-02,1816.19,1784.62,1851.89,SBILIFE.NS
2026-06-03,1810.59,1776.08,1845.15,SBILIFE.NS
2026-06-04,1798.55,1763.63,1831.85,SBILIFE.NS
2026-06-05,1791.14,1756.4,1824.64,SBILIFE.NS
2026-06-08,1772.69,1737.74,1807.12,SBILIFE.NS
2026-06-09,1766.48,1732.77,1799.91,SBILIFE.NS
2026-06-10,1763.08,1728.41,1796.94,SBILIFE.NS
2026-06-11,1753.96,1720.01,1788.88,SBILIFE.NS
2026-06-12,1750.15,1715.3,1786.41,SBILIFE.NS
2026-06-15,1745.71,1710.89,1778.51,SBILIFE.NS
2026-06-16,1744.96,1707.33,1780.69,SBILIFE.NS
2026-06-17,1747.21,1712.15,1780.26,SBILIFE.NS
2026-06-18,1743.87,1709.4,1775.76,SBILIFE.NS
2026-06-19,1745.82,1709.21,1781.14,SBILIFE.NS
2026-06-22,1757.65,1723.11,1790.93,SBILIFE.NS
2026-06-23,1761.65,1725.44,1794.8,SBILIFE.NS
2026-06-24,1768.2,1733.48,1802.79,SBILIFE.NS
2026-06-25,1768.61,1732.23,1803.51,SBILIFE.NS
2026-06-26,1773.75,1738.34,1808.76,SBILIFE.NS
2026-06-29,1791.37,1755.62,1826.64,SBILIFE.NS
2026-06-30,1796.03,1758.86,1829.69,SBILIFE.NS
2026-07-01,1802.63,1768.07,1837.28,SBILIFE.NS
2026-07-02,1802.53,1769.2,1838.26,SBILIFE.NS
2026-07-03,1806.62,1772.72,1842.4,SBILIFE.NS
2026-07-06,1818.63,1783.43,1851.69,SBILIFE.NS
2026-07-07,1820.83,1784.36,1855.94,SBILIFE.NS
2026-07-08,1824.82,1789.3,1860.95,SBILIFE.NS
2026-07-09,1822.03,1789.05,1857.8,SBILIFE.NS
2026-07-10,1823.45,1790.31,1857.94,SBILIFE.NS
2026-07-13,1828.23,1793.59,1860.71,SBILIFE.NS
2026-07-14,1828.52,1797.06,1862.22,SBILIFE.NS
2026-07-15,1830.92,1796.87,1864.25,SBILIFE.NS
2026-07-16,1826.91,1790.63,1863.62,SBILIFE.NS
2026-07-17,1827.49,1792.65,1862.61,SBILIFE.NS
2026-07-20,1832.17,1796.6,1866.11,SBILIFE.NS
2026-07-21,1833.18,1798.82,1869.52,SBILIFE.NS
2026-07-22,1836.64,1802.28,1871.39,SBILIFE.NS
2026-07-23,1833.97,1799.15,1869.52,SBILIFE.NS
2026-07-24,1836.14,1800.95,1870.64,SBILIFE.NS
2026-07-27,1846.37,1809.2,1881.17,SBILIFE.NS
2026-07-28,1849.29,1815.77,1882.85,SBILIFE.NS
2026-07-29,1854.55,1819.28,1890.04,SBILIFE.NS
2026-07-30,1853.54,1818.84,1888.51,SBILIFE.NS
2026-07-31,1857.15,1823.32,1891.49,SBILIFE.NS
2026-08-03,1869.91,1836.05,1906.46,SBILIFE.NS
2026-08-04,1872.92,1841.5,1907.31,SBILIFE.NS
2026-08-05,1877.89,1843.92,1913.78,SBILIFE.NS
2026-08-06,1876.16,1839.36,1910.93,SBILIFE.NS
2026-08-07,1878.64,1845.59,1912.74,SBILIFE.NS
2026-08-10,1885.67,1851.81,1919.07,SBILIFE.NS
2026-08-11,1886.13,1852.56,1921.35,SBILIFE.NS
2026-08-12,1888.27,1855.95,1922.5,SBILIFE.NS
2026-08-13,1883.53,1847.61,1916.57,SBILIFE.NS
2026-08-14,1882.85,1847.38,1919.69,SBILIFE.NS
2026-08-17,1880.29,1847.15,1916.92,SBILIFE.NS
2026-08-18,1877.72,1846.27,1911.7,SBILIFE.NS
2026-08-19,1877.03,1843.4,1912.89,SBILIFE.NS
2026-08-20,1869.72,1835.49,1905.21,SBILIFE.NS
2026-08-21,1866.77,1834.34,1902.77,SBILIFE.NS
2026-08-24,1859.62,1824.82,1893.8,SBILIFE.NS
2026-08-25,1856.35,1823.12,1892.23,SBILIFE.NS
2026-08-26,1855.39,1821.13,1889.44,SBILIFE.NS
2026-08-27,1848.23,1814.0,1880.36,SBILIFE.NS
2026-08-28,1845.86,1811.17,1880.26,SBILIFE.NS
2026-08-31,1842.62,1809.12,1878.8,SBILIFE.NS
2026-09-01,1841.23,1804.71,1876.27,SBILIFE.NS
2026-09-02,1842.38,1805.7,1880.57,SBILIFE.NS
2026-09-03,1837.46,1803.77,1875.13,SBILIFE.NS
2025-07-24,788.68,771.89,805.17,SBIN.NS
2025-07-25,786.83,771.56,802.09,SBIN.NS
2025-07-28,784.06,767.94,801.28,SBIN.NS
2025-07-29,785.08,769.03,801.21,SBIN.NS
2025-07-30,788.07,772.09,805.9,SBIN.NS
2025-07-31,786.58,770.74,801.88,SBIN.NS
2025-08-01,786.45,771.19,802.72,SBIN.NS
2025-08-04,788.89,772.19,805.15,SBIN.NS
2025-08-05,791.53,775.82,807.0,SBIN.NS
2025-08-06,796.0,779.01,811.75,SBIN.NS
2025-08-07,795.81,779.38,811.77,SBIN.NS
2025-08-08,796.76,780.91,814.12,SBIN.NS
2025-08-11,800.84,785.41,816.44,SBIN.NS
2025-08-12,803.43,787.12,820.01,SBIN.NS
2025-08-13,807.54,792.12,823.85,SBIN.NS
2025-08-14,806.69,790.8,823.84,SBIN.NS
2025-08-18,806.49,790.69,822.34,SBIN.NS
2025-08-19,807.31,791.33,824.41,SBIN.NS
2025-08-20,809.56,793.27,826.11,SBIN.NS
2025-08-21,806.81,789.77,822.11,SBIN.NS
2025-08-22,804.93,788.02,821.96,SBIN.NS
2025-08-25,799.77,783.42,816.43,SBIN.NS
2025-08-26,799.34,783.49,814.64,SBIN.NS
2025-08-28,797.19,781.26,813.68,SBIN.NS
2025-08-29,794.99,778.37,810.61,SBIN.NS
2025-09-01,791.07,774.32,805.96,SBIN.NS
2025-09-02,791.78,775.72,808.22,SBIN.NS
2025-09-03,794.54,777.87,810.94,SBIN.NS
2025-09-04,792.92,777.1,809.06,SBIN.NS
2025-09-05,792.8,776.56,808.68,SBIN.NS
2025-09-08,796.29,781.01,812.7,SBIN.NS
2025-09-09,799.68,783.34,815.7,SBIN.NS
2025-09-10,805.11,789.21,820.25,SBIN.NS
2025-09-11,806.11,789.9,821.98,SBIN.NS
2025-09-12,808.47,792.48,824.59,SBIN.NS
2025-09-15,818.11,802.02,835.12,SBIN.NS
2025-09-16,822.94,806.23,839.13,SBIN.NS
2025-09-17,829.47,812.55,845.99,SBIN.NS
2025-09-18,831.18,814.32,847.33,SBIN.NS
2025-09-19,833.86,817.97,848.31,SBIN.NS
2025-09-22,842.12,827.06,859.38,SBIN.NS
2025-09-23,845.79,828.57,862.15,SBIN.NS
2025-09-24,850.84,834.54,866.27,SBIN.NS
2025-09-25,850.83,833.55,867.77,SBIN.NS
2025-09-26,851.57,835.17,868.46,SBIN.NS
2025-09-29,853.41,835.71,870.5,SBIN.NS
2025-09-30,854.93,838.58,871.93,SBIN.NS
2025-10-01,857.95,841.48,872.91,SBIN.NS
2025-10-03,855.14,837.59,871.72,SBIN.NS
2025-10-06,853.73,836.83,869.92,SBIN.NS
2025-10-07,854.85,838.51,870.12,SBIN.NS
2025-10-08,857.84,842.41,874.05,SBIN.NS
2025-10-09,856.3,840.03,872.34,SBIN.NS
2025-10-10,856.1,838.61,871.97,SBIN.NS
2025-10-13,858.82,842.33,875.65,SBIN.NS
2025-10-14,861.86,846.25,879.13,SBIN.NS
2025-10-15,866.97,850.05,882.78,SBIN.NS
2025-10-16,867.68,853.23,884.56,SBIN.NS
2025-10-17,869.82,853.97,885.98,SBIN.NS
2025-10-20,879.47,863.69,895.21,SBIN.NS
2025-10-21,884.6,867.85,899.57,SBIN.NS
2025-10-23,893.96,877.6,911.15,SBIN.NS
2025-10-24,897.47,881.91,913.87,SBIN.NS
2025-10-27,909.3,893.21,925.87,SBIN.NS
2025-10-28,914.48,897.91,929.94,SBIN.NS
2025-10-29,921.18,903.6,936.62,SBIN.NS
2025-10-30,922.92,907.38,939.46,SBIN.NS
2025-10-31,925.51,908.85,941.71,SBIN.NS
2025-11-03,933.11,916.47,949.56,SBIN.NS
2025-11-04,936.51,920.6,952.84,SBIN.NS
2025-11-06,941.15,924.21,957.6,SBIN.NS
2025-11-07,941.81,925.39,958.28,SBIN.NS
2025-11-10,943.96,928.0,960.0,SBIN.NS
2025-11-11,945.8,929.36,961.82,SBIN.NS
2025-11-12,949.24,933.1,965.07,SBIN.NS
2025-11-13,947.84,931.85,964.07,SBIN.NS
2025-11-14,947.49,931.27,965.45,SBIN.NS
2025-11-17,947.82,931.4,963.9,SBIN.NS
2025-11-18,949.42,934.06,966.24,SBIN.NS
2025-11-19,952.76,936.3,968.85,SBIN.NS
2025-11-20,951.39,935.19,966.81,SBIN.NS
2025-11-21,951.15,933.84,967.25,SBIN.NS
2025-11-24,952.01,934.91,968.48,SBIN.NS
2025-11-25,953.74,937.81,970.6,SBIN.NS
2025-11-26,957.13,940.2,973.3,SBIN.NS
2025-11-27,955.71,938.87,971.0,SBIN.NS
2025-11-28,955.3,939.25,971.9,SBIN.NS
2025-12-01,954.8,938.22,971.01,SBIN.NS
2025-12-02,955.78,940.37,972.23,SBIN.NS
2025-12-03,958.3,941.68,975.26,SBIN.NS
2025-12-04,955.89,940.93,972.32,SBIN.NS
2025-12-05,954.41,938.02,969.73,SBIN.NS
2025-12-08,950.53,934.06,967.26,SBIN.NS
2025-12-09,950.46,935.89,967.63,SBIN.NS
2025-12-10,952.02,936.1,969.38,SBIN.NS
2025-12-11,948.81,932.08,964.38,SBIN.NS
2025-12-12,946.71,930.26,962.76,SBIN.NS
2025-12-15,942.41,926.15,959.31,SBIN.NS
2025-12-16,942.75,926.02,958.01,SBIN.NS
2025-12-17,945.05,928.49,961.82,SBIN.NS
2025-12-18,942.87,926.73,959.26,SBIN.NS
2025-12-19,942.11,925.47,957.98,SBIN.NS
2025-12-22,943.41,927.14,959.02,SBIN.NS
2025-12-23,946.05,930.13,961.98,SBIN.NS
2025-12-24,950.77,933.64,967.67,SBIN.NS
2025-12-26,952.9,935.97,968.79,SBIN.NS
2025-12-29,961.45,944.95,976.63,SBIN.NS
2025-12-30,966.18,950.12,981.15,SBIN.NS
2025-12-31,972.74,957.66,989.46,SBIN.NS
2026-01-01,974.61,957.51,991.21,SBIN.NS
2026-01-02,977.59,962.55,993.72,SBIN.NS
2026-01-05,987.45,972.29,1002.74,SBIN.NS
2026-01-06,991.82,975.17,1009.17,SBIN.NS
2026-01-07,997.64,981.39,1013.77,SBIN.NS
2026-01-08,998.43,981.72,1015.49,SBIN.NS
2026-01-09,999.99,985.05,1015.96,SBIN.NS
2026-01-12,1004.16,988.36,1021.91,SBIN.NS
2026-01-13,1006.37,990.36,1023.14,SBIN.NS
2026-01-14,1010.01,993.71,1025.83,SBIN.NS
2026-01-15,1008.68,991.96,1024.54,SBIN.NS
2026-01-16,1008.26,992.28,1025.54,SBIN.NS
2026-01-19,1008.06,991.38,1024.6,SBIN.NS
2026-01-20,1009.55,993.03,1026.69,SBIN.NS
2026-01-21,1012.94,996.32,1030.0,SBIN.NS
2026-01-22,1011.86,996.02,1027.97,SBIN.NS
2026-01-23,1012.22,996.36,1028.6,SBIN.NS
2026-01-27,1022.0,1006.36,1038.31,SBIN.NS
2026-01-28,1028.75,1012.5,1046.0,SBIN.NS
2026-01-29,1031.43,1014.43,1046.93,SBIN.NS
2026-01-30,1035.89,1019.95,1051.96,SBIN.NS
2026-02-02,1054.76,1038.52,1072.62,SBIN.NS
2026-02-03,1063.74,1048.14,1079.21,SBIN.NS
2026-02-04,1074.94,1059.03,1091.56,SBIN.NS
2026-02-05,1081.84,1066.55,1098.68,SBIN.NS
2026-02-06,1090.2,1072.8,1105.56,SBIN.NS
2026-02-09,1117.85,1100.86,1134.38,SBIN.NS
2026-02-10,1128.51,1112.81,1145.01,SBIN.NS
2026-02-11,1140.66,1124.56,1157.0,SBIN.NS
2026-02-12,1147.74,1130.76,1163.45,SBIN.NS
2026-02-13,1155.47,1140.54,1171.54,SBIN.NS
2026-02-16,1176.3,1159.56,1191.48,SBIN.NS
2026-02-17,1183.09,1166.72,1199.28,SBIN.NS
2026-02-18,1190.65,1174.33,1207.06,SBIN.NS
2026-02-19,1192.46,1176.64,1208.61,SBIN.NS
2026-02-20,1194.32,1178.27,1210.4,SBIN.NS
2026-02-23,1194.8,1179.77,1210.89,SBIN.NS
2026-02-24,1194.23,1178.97,1210.0,SBIN.NS
2026-02-25,1194.3,1179.65,1211.41,SBIN.NS
2026-02-26,1188.6,1173.04,1204.82,SBIN.NS
2026-02-27,1183.05,1166.64,1200.14,SBIN.NS
2026-03-02,1162.84,1146.46,1176.58,SBIN.NS
2026-03-04,1150.69,1136.15,1166.9,SBIN.NS
2026-03-05,1140.02,1124.43,1156.42,SBIN.NS
2026-03-06,1130.13,1113.89,1145.61,SBIN.NS
2026-03-09,1101.01,1084.5,1118.18,SBIN.NS
2026-03-10,1092.78,1076.08,1109.08,SBIN.NS
2026-03-11,1086.41,1069.73,1102.32,SBIN.NS
2026-03-12,1075.54,1060.19,1091.95,SBIN.NS
2026-03-13,1066.09,1050.66,1082.69,SBIN.NS
2026-03-16,1041.68,1024.58,1056.81,SBIN.NS
2026-03-17,1035.99,1020.19,1052.1,SBIN.NS
2026-03-18,1032.57,1017.12,1049.16,SBIN.NS
2026-03-19,1024.98,1008.97,1040.87,SBIN.NS
2026-03-20,1019.09,1003.13,1035.77,SBIN.NS
2026-03-23,1006.54,990.06,1021.93,SBIN.NS
2026-03-24,1005.03,988.43,1020.87,SBIN.NS
2026-03-25,1005.82,989.27,1022.4,SBIN.NS
2026-03-27,1000.74,984.27,1017.05,SBIN.NS
2026-03-30,1000.31,983.7,1015.85,SBIN.NS
2026-04-01,1007.1,990.34,1022.87,SBIN.NS
2026-04-02,1007.27,990.98,1023.38,SBIN.NS
2026-04-06,1017.55,1001.27,1034.38,SBIN.NS
2026-04-07,1022.47,1006.64,1039.35,SBIN.NS
2026-04-08,1029.32,1012.86,1045.13,SBIN.NS
2026-04-09,1031.62,1015.88,1047.67,SBIN.NS
2026-04-10,1035.15,1019.43,1051.6,SBIN.NS
2026-04-13,1047.56,1031.55,1064.97,SBIN.NS
2026-04-15,1060.14,1044.19,1076.95,SBIN.NS
2026-04-16,1062.27,1045.4,1079.45,SBIN.NS
2026-04-17,1065.23,1049.04,1081.7,SBIN.NS
2026-04-20,1073.35,1057.67,1091.31,SBIN.NS
2026-04-21,1076.58,1059.16,1093.17,SBIN.NS
2026-04-22,1080.94,1064.62,1098.04,SBIN.NS
2026-04-23,1079.95,1064.47,1096.45,SBIN.NS
2026-04-24,1079.41,1062.69,1094.96,SBIN.NS
2026-04-27,1075.09,1058.81,1090.65,SBIN.NS
2026-04-28,1073.67,1059.08,1090.18,SBIN.NS
2026-04-29,1073.24,1056.73,1089.06,SBIN.NS
2026-04-30,1067.37,1050.81,1083.46,SBIN.NS
2026-05-01,1061.93,1044.58,1078.26,SBIN.NS
2026-05-04,1043.57,1028.23,1059.84,SBIN.NS
2026-05-05,1037.93,1022.25,1054.05,SBIN.NS
2026-05-06,1033.65,1016.88,1049.21,SBIN.NS
2026-05-07,1024.35,1008.82,1041.2,SBIN.NS
2026-05-08,1015.98,999.01,1031.07,SBIN.NS
2026-05-11,992.24,975.98,1009.3,SBIN.NS
2026-05-12,986.09,969.06,1002.72,SBIN.NS
2026-05-13,981.95,966.02,997.31,SBIN.NS
2026-05-14,973.47,957.15,988.75,SBIN.NS
2026-05-15,966.58,949.15,982.49,SBIN.NS
2026-05-18,950.97,934.55,965.92,SBIN.NS
2026-05-19,948.6,931.06,964.22,SBIN.NS
2026-05-20,948.69,931.93,964.91,SBIN.NS
2026-05-21,944.81,928.88,961.61,SBIN.NS
2026-05-22,942.81,926.52,958.21,SBIN.NS
2026-05-25,942.77,926.41,958.32,SBIN.NS
2026-05-26,945.61,929.73,961.78,SBIN.NS
2026-05-27,950.78,934.55,966.44,SBIN.NS
2026-05-28,951.76,935.38,968.0,SBIN.NS
2026-05-29,954.33,939.39,971.6,SBIN.NS
2026-06-01,965.73,949.81,981.07,SBIN.NS
2026-06-02,971.46,954.8,987.46,SBIN.NS
2026-06-03,979.01,962.73,995.57,SBIN.NS
2026-06-04,981.86,965.15,998.61,SBIN.NS
2026-06-05,985.77,969.17,1001.8,SBIN.NS
2026-06-08,998.21,983.27,1014.46,SBIN.NS
2026-06-09,1003.39,988.36,1020.11,SBIN.NS
2026-06-10,1010.01,993.75,1026.13,SBIN.NS
2026-06-11,1011.59,995.21,1029.01,SBIN.NS
2026-06-12,1013.97,996.78,1031.11,SBIN.NS
2026-06-15,1020.72,1004.47,1036.58,SBIN.NS
2026-06-16,1023.84,1007.89,1040.08,SBIN.NS
2026-06-17,1028.4,1011.85,1044.5,SBIN.NS
2026-06-18,1027.97,1011.53,1043.99,SBIN.NS
2026-06-19,1028.44,1012.55,1044.41,SBIN.NS
2026-06-22,1030.32,1013.49,1047.14,SBIN.NS
2026-06-23,1032.17,1015.8,1048.06,SBIN.NS
2026-06-24,1035.65,1018.92,1051.21,SBIN.NS
2026-06-25,1034.34,1017.44,1049.77,SBIN.NS
2026-06-26,1034.09,1017.5,1050.23,SBIN.NS
2026-06-29,1034.69,1018.0,1051.08,SBIN.NS
2026-06-30,1036.32,1020.39,1053.47,SBIN.NS
2026-07-01,1039.63,1023.6,1055.31,SBIN.NS
2026-07-02,1038.17,1022.02,1054.06,SBIN.NS
2026-07-03,1037.76,1021.47,1054.24,SBIN.NS
2026-07-06,1037.57,1022.04,1052.5,SBIN.NS
2026-07-07,1038.76,1022.94,1054.92,SBIN.NS
2026-07-08,1041.53,1025.31,1058.27,SBIN.NS
2026-07-09,1039.41,1024.25,1053.92,SBIN.NS
2026-07-10,1038.23,1021.14,1055.24,SBIN.NS
2026-07-13,1035.19,1018.36,1051.1,SBIN.NS
2026-07-14,1035.31,1018.81,1052.67,SBIN.NS
2026-07-15,1037.0,1020.99,1053.54,SBIN.NS
2026-07-16,1033.81,1016.43,1049.41,SBIN.NS
2026-07-17,1031.61,1015.86,1048.2,SBIN.NS
2026-07-20,1026.14,1009.17,1042.35,SBIN.NS
2026-07-21,1025.77,1008.59,1042.66,SBIN.NS
2026-07-22,1027.15,1011.66,1043.09,SBIN.NS
2026-07-23,1023.88,1007.35,1038.72,SBIN.NS
2026-07-24,1021.84,1005.73,1038.22,SBIN.NS
2026-07-27,1018.26,1001.84,1034.36,SBIN.NS
2026-07-28,1018.97,1003.91,1035.43,SBIN.NS
2026-07-29,1021.64,1006.04,1036.39,SBIN.NS
2026-07-30,1019.83,1004.25,1036.28,SBIN.NS
2026-07-31,1019.38,1002.55,1037.84,SBIN.NS
2026-08-03,1021.0,1004.76,1037.37,SBIN.NS
2026-08-04,1023.44,1007.06,1039.77,SBIN.NS
2026-08-05,1027.75,1012.53,1043.82,SBIN.NS
2026-08-06,1027.45,1011.68,1044.56,SBIN.NS
2026-08-07,1028.34,1012.37,1044.81,SBIN.NS
2026-08-10,1032.6,1016.2,1049.87,SBIN.NS
2026-08-11,1035.36,1019.02,1052.27,SBIN.NS
2026-08-12,1039.69,1022.89,1056.12,SBIN.NS
2026-08-13,1039.1,1022.24,1055.95,SBIN.NS
2026-08-14,1039.4,1022.12,1054.76,SBIN.NS
2026-08-17,1040.26,1025.68,1056.38,SBIN.NS
2026-08-18,1041.43,1025.4,1057.54,SBIN.NS
2026-08-19,1044.03,1027.38,1059.24,SBIN.NS
2026-08-20,1041.6,1026.0,1057.47,SBIN.NS
2026-08-21,1040.0,1024.39,1055.64,SBIN.NS
2026-08-24,1035.43,1018.34,1051.28,SBIN.NS
2026-08-25,1035.07,1019.4,1051.46,SBIN.NS
2026-08-26,1036.34,1020.09,1052.86,SBIN.NS
2026-08-27,1032.86,1016.48,1048.22,SBIN.NS
2026-08-28,1030.52,1014.31,1048.02,SBIN.NS
2026-08-31,1025.8,1010.81,1042.82,SBIN.NS
2026-09-01,1026.13,1008.65,1042.89,SBIN.NS
2026-09-02,1028.46,1012.44,1044.46,SBIN.NS
2026-09-03,1026.39,1010.01,1042.5,SBIN.NS
2026-09-04,1025.77,1010.43,1041.16,SBIN.NS
2025-07-24,1682.67,1655.73,1713.23,SUNPHARMA.NS
2025-07-25,1673.41,1646.47,1702.25,SUNPHARMA.NS
2025-07-28,1667.72,1638.94,1698.39,SUNPHARMA.NS
2025-07-29,1662.4,1634.82,1691.63,SUNPHARMA.NS
2025-07-30,1663.6,1635.22,1691.1,SUNPHARMA.NS
2025-07-31,1661.2,1633.43,1690.75,SUNPHARMA.NS
2025-08-01,1650.61,1621.79,1678.99,SUNPHARMA.NS
2025-08-04,1642.14,1611.86,1670.82,SUNPHARMA.NS
2025-08-05,1636.28,1607.78,1664.16,SUNPHARMA.NS
2025-08-06,1637.14,1607.51,1665.77,SUNPHARMA.NS
2025-08-07,1634.57,1605.7,1665.01,SUNPHARMA.NS
2025-08-08,1623.99,1594.59,1652.92,SUNPHARMA.NS
2025-08-11,1616.44,1586.93,1644.48,SUNPHARMA.NS
2025-08-12,1611.17,1582.07,1639.61,SUNPHARMA.NS
2025-08-13,1612.73,1581.69,1641.1,SUNPHARMA.NS
2025-08-14,1610.97,1580.69,1638.14,SUNPHARMA.NS
2025-08-18,1596.95,1567.84,1623.1,SUNPHARMA.NS
2025-08-19,1592.87,1562.63,1621.95,SUNPHARMA.NS
2025-08-20,1595.66,1567.3,1624.34,SUNPHARMA.NS
2025-08-21,1595.18,1568.26,1621.33,SUNPHARMA.NS
2025-08-22,1586.8,1558.41,1615.47,SUNPHARMA.NS
2025-08-25,1586.44,1558.15,1614.76,SUNPHARMA.NS
2025-08-26,1583.68,1555.08,1613.43,SUNPHARMA.NS
2025-08-28,1588.57,1560.24,1617.53,SUNPHARMA.NS
2025-08-29,1581.44,1553.16,1610.17,SUNPHARMA.NS
2025-09-01,1584.53,1556.96,1612.79,SUNPHARMA.NS
2025-09-02,1582.8,1553.22,1612.16,SUNPHARMA.NS
2025-09-03,1587.86,1557.25,1616.27,SUNPHARMA.NS
2025-09-04,1589.55,1561.4,1619.06,SUNPHARMA.NS
2025-09-05,1583.22,1554.59,1612.43,SUNPHARMA.NS
2025-09-08,1588.24,1559.84,1616.22,SUNPHARMA.NS
2025-09-09,1586.99,1559.49,1616.45,SUNPHARMA.NS
2025-09-10,1592.46,1562.34,1620.8,SUNPHARMA.NS
2025-09-11,1594.47,1568.31,1622.28,SUNPHARMA.NS
2025-09-12,1588.41,1560.91,1618.25,SUNPHARMA.NS
2025-09-15,1593.92,1564.37,1622.05,SUNPHARMA.NS
2025-09-16,1592.78,1563.71,1622.05,SUNPHARMA.NS
2025-09-17,1598.34,1569.71,1625.61,SUNPHARMA.NS
2025-09-18,1600.45,1572.35,1629.77,SUNPHARMA.NS
2025-09-19,1594.51,1564.93,1624.99,SUNPHARMA.NS
2025-09-22,1600.62,1571.24,1629.69,SUNPHARMA.NS
2025-09-23,1599.79,1569.91,1629.19,SUNPHARMA.NS
2025-09-24,1605.74,1579.49,1633.82,SUNPHARMA.NS
2025-09-25,1608.32,1579.75,1636.11,SUNPHARMA.NS
2025-09-26,1602.94,1575.37,1630.66,SUNPHARMA.NS
2025-09-29,1611.2,1582.07,1639.21,SUNPHARMA.NS
2025-09-30,1611.23,1584.43,1642.75,SUNPHARMA.NS
2025-10-01,1618.1,1589.78,1647.34,SUNPHARMA.NS
2025-10-03,1617.24,1590.28,1645.56,SUNPHARMA.NS
2025-10-06,1628.4,1599.1,1657.53,SUNPHARMA.NS
2025-10-07,1629.31,1601.93,1660.64,SUNPHARMA.NS
2025-10-08,1636.98,1608.22,1664.72,SUNPHARMA.NS
2025-10-09,1641.21,1611.22,1670.46,SUNPHARMA.NS
2025-10-10,1637.37,1607.17,1667.89,SUNPHARMA.NS
2025-10-13,1649.33,1621.97,1677.19,SUNPHARMA.NS
2025-10-14,1650.16,1622.27,1678.96,SUNPHARMA.NS
2025-10-15,1657.57,1628.79,1685.3,SUNPHARMA.NS
2025-10-16,1661.37,1633.9,1690.55,SUNPHARMA.NS
2025-10-17,1656.93,1626.68,1687.56,SUNPHARMA.NS
2025-10-20,1666.19,1637.8,1695.01,SUNPHARMA.NS
2025-10-21,1665.91,1636.86,1694.34,SUNPHARMA.NS
2025-10-23,1674.71,1644.98,1702.85,SUNPHARMA.NS
2025-10-24,1669.05,1640.44,1696.81,SUNPHARMA.NS
2025-10-27,1675.06,1648.23,1704.42,SUNPHARMA.NS
2025-10-28,1673.96,1646.46,1701.47,SUNPHARMA.NS
2025-10-29,1679.54,1651.06,1707.08,SUNPHARMA.NS
2025-10-30,1681.71,1651.9,1710.27,SUNPHARMA.NS
2025-10-31,1675.9,1646.9,1703.65,SUNPHARMA.NS
2025-11-03,1683.1,1654.28,1713.69,SUNPHARMA.NS
2025-11-04,1682.98,1651.96,1709.03,SUNPHARMA.NS
2025-11-06,1693.57,1663.46,1723.6,SUNPHARMA.NS
2025-11-07,1689.57,1659.54,1718.8,SUNPHARMA.NS
2025-11-10,1703.4,1675.37,1733.0,SUNPHARMA.NS
2025-11-11,1705.74,1676.38,1732.95,SUNPHARMA.NS
2025-11-12,1715.11,1686.84,1743.83,SUNPHARMA.NS
2025-11-13,1721.31,1693.14,1749.28,SUNPHARMA.NS
2025-11-14,1719.72,1691.21,1748.19,SUNPHARMA.NS
2025-11-17,1739.7,1712.98,1771.53,SUNPHARMA.NS
2025-11-18,1743.55,1714.63,1771.59,SUNPHARMA.NS
2025-11-19,1754.05,1724.03,1781.86,SUNPHARMA.NS
2025-11-20,1761.0,1732.76,1790.12,SUNPHARMA.NS
2025-11-21,1759.69,1731.1,1789.47,SUNPHARMA.NS
2025-11-24,1777.67,1749.05,1805.87,SUNPHARMA.NS
2025-11-25,1779.86,1751.49,1809.06,SUNPHARMA.NS
2025-11-26,1788.23,1759.82,1817.08,SUNPHARMA.NS
2025-11-27,1792.59,1763.88,1820.26,SUNPHARMA.NS
2025-11-28,1788.27,1759.93,1816.64,SUNPHARMA.NS
2025-12-01,1795.17,1766.77,1825.95,SUNPHARMA.NS
2025-12-02,1793.19,1765.16,1821.0,SUNPHARMA.NS
2025-12-03,1797.26,1771.58,1825.97,SUNPHARMA.NS
2025-12-04,1797.27,1768.47,1824.41,SUNPHARMA.NS
2025-12-05,1788.63,1757.35,1816.84,SUNPHARMA.NS
2025-12-08,1783.49,1753.0,1812.73,SUNPHARMA.NS
2025-12-09,1778.02,1749.38,1807.35,SUNPHARMA.NS
2025-12-10,1778.99,1750.57,1808.6,SUNPHARMA.NS
2025-12-11,1776.3,1748.63,1803.65,SUNPHARMA.NS
2025-12-12,1765.42,1737.17,1794.36,SUNPHARMA.NS
2025-12-15,1756.51,1726.39,1785.55,SUNPHARMA.NS
2025-12-16,1750.78,1722.55,1778.13,SUNPHARMA.NS
2025-12-17,1751.95,1724.41,1782.42,SUNPHARMA.NS
2025-12-18,1749.9,1723.7,1780.09,SUNPHARMA.NS
2025-12-19,1740.06,1712.0,1768.96,SUNPHARMA.NS
2025-12-22,1736.06,1708.71,1765.08,SUNPHARMA.NS
2025-12-23,1732.35,1704.25,1758.97,SUNPHARMA.NS
2025-12-24,1735.6,1705.94,1764.08,SUNPHARMA.NS
2025-12-26,1727.75,1698.67,1756.58,SUNPHARMA.NS
2025-12-29,1728.44,1700.76,1756.02,SUNPHARMA.NS
2025-12-30,1725.67,1698.47,1755.05,SUNPHARMA.NS
2025-12-31,1729.48,1703.36,1757.23,SUNPHARMA.NS
2026-01-01,1729.64,1700.68,1760.47,SUNPHARMA.NS
2026-01-02,1721.48,1694.35,1749.24,SUNPHARMA.NS
2026-01-05,1718.67,1690.21,1747.55,SUNPHARMA.NS
2026-01-06,1713.93,1685.27,1744.12,SUNPHARMA.NS
2026-01-07,1715.44,1688.83,1743.85,SUNPHARMA.NS
2026-01-08,1713.02,1683.54,1739.34,SUNPHARMA.NS
2026-01-09,1702.07,1674.28,1731.34,SUNPHARMA.NS
2026-01-12,1690.41,1660.33,1719.44,SUNPHARMA.NS
2026-01-13,1682.83,1654.91,1712.22,SUNPHARMA.NS
2026-01-14,1681.71,1651.37,1710.42,SUNPHARMA.NS
2026-01-15,1676.95,1648.4,1703.77,SUNPHARMA.NS
2026-01-16,1664.03,1637.82,1692.55,SUNPHARMA.NS
2026-01-19,1649.34,1620.99,1679.5,SUNPHARMA.NS
2026-01-20,1641.9,1613.48,1669.2,SUNPHARMA.NS
2026-01-21,1641.55,1611.6,1668.57,SUNPHARMA.NS
2026-01-22,1638.21,1610.07,1667.77,SUNPHARMA.NS
2026-01-23,1627.35,1598.74,1654.16,SUNPHARMA.NS
2026-01-27,1619.48,1590.04,1648.38,SUNPHARMA.NS
2026-01-28,1623.94,1594.96,1652.7,SUNPHARMA.NS
2026-01-29,1625.78,1595.66,1654.07,SUNPHARMA.NS
2026-01-30,1620.37,1593.34,1650.9,SUNPHARMA.NS
2026-02-02,1632.63,1603.3,1660.56,SUNPHARMA.NS
2026-02-03,1635.17,1606.27,1665.57,SUNPHARMA.NS
2026-02-04,1645.03,1615.59,1671.61,SUNPHARMA.NS
2026-02-05,1651.96,1625.23,1682.55,SUNPHARMA.NS
2026-02-06,1651.27,1623.18,1679.85,SUNPHARMA.NS
2026-02-09,1674.69,1643.11,1703.13,SUNPHARMA.NS
2026-02-10,1679.79,1653.14,1708.3,SUNPHARMA.NS
2026-02-11,1691.57,1662.35,1718.91,SUNPHARMA.NS
2026-02-12,1699.78,1671.79,1726.85,SUNPHARMA.NS
2026-02-13,1699.73,1670.48,1727.07,SUNPHARMA.NS
2026-02-16,1721.48,1694.25,1751.9,SUNPHARMA.NS
2026-02-17,1724.97,1696.07,1754.22,SUNPHARMA.NS
2026-02-18,1734.71,1705.79,1764.42,SUNPHARMA.NS
2026-02-19,1740.53,1711.05,1771.42,SUNPHARMA.NS
2026-02-20,1737.82,1707.53,1767.46,SUNPHARMA.NS
2026-02-23,1750.72,1723.13,1780.27,SUNPHARMA.NS
2026-02-24,1751.25,1722.24,1779.63,SUNPHARMA.NS
2026-02-25,1758.16,1731.09,1788.21,SUNPHARMA.NS
2026-02-26,1761.32,1732.99,1788.3,SUNPHARMA.NS
2026-02-27,1756.18,1726.83,1783.6,SUNPHARMA.NS
2026-03-02,1763.62,1735.58,1793.29,SUNPHARMA.NS
2026-03-04,1769.1,1740.54,1795.78,SUNPHARMA.NS
2026-03-05,1771.78,1742.67,1799.41,SUNPHARMA.NS
2026-03-06,1766.45,1737.01,1795.22,SUNPHARMA.NS
2026-03-09,1774.6,1748.08,1801.52,SUNPHARMA.NS
2026-03-10,1774.46,1745.15,1804.37,SUNPHARMA.NS
2026-03-11,1781.04,1752.06,1809.38,SUNPHARMA.NS
2026-03-12,1784.14,1755.37,1812.53,SUNPHARMA.NS
2026-03-13,1779.09,1751.85,1806.5,SUNPHARMA.NS
2026-03-16,1786.64,1757.6,1813.33,SUNPHARMA.NS
2026-03-17,1785.62,1757.16,1815.14,SUNPHARMA.NS
2026-03-18,1790.91,1762.94,1819.21,SUNPHARMA.NS
2026-03-19,1792.27,1762.1,1820.68,SUNPHARMA.NS
2026-03-20,1785.04,1754.68,1814.4,SUNPHARMA.NS
2026-03-23,1783.37,1754.43,1811.63,SUNPHARMA.NS
2026-03-24,1778.49,1750.06,1809.75,SUNPHARMA.NS
2026-03-25,1779.59,1747.63,1807.46,SUNPHARMA.NS
2026-03-27,1764.71,1737.28,1793.72,SUNPHARMA.NS
2026-03-30,1749.18,1721.91,1778.95,SUNPHARMA.NS
2026-04-01,1737.07,1709.8,1765.37,SUNPHARMA.NS
2026-04-02,1730.42,1702.07,1758.12,SUNPHARMA.NS
2026-04-06,1694.75,1666.54,1726.1,SUNPHARMA.NS
2026-04-07,1685.33,1656.2,1713.42,SUNPHARMA.NS
2026-04-08,1683.08,1655.67,1711.14,SUNPHARMA.NS
2026-04-09,1677.96,1650.24,1706.99,SUNPHARMA.NS
2026-04-10,1665.47,1636.09,1694.1,SUNPHARMA.NS
2026-04-13,1657.05,1628.35,1685.55,SUNPHARMA.NS
2026-04-15,1657.45,1627.56,1685.79,SUNPHARMA.NS
2026-04-16,1659.28,1631.92,1689.6,SUNPHARMA.NS
2026-04-17,1654.23,1625.94,1680.04,SUNPHARMA.NS
2026-04-20,1669.88,1642.41,1696.07,SUNPHARMA.NS
2026-04-21,1674.35,1645.03,1702.29,SUNPHARMA.NS
2026-04-22,1686.54,1656.63,1713.15,SUNPHARMA.NS
2026-04-23,1696.18,1666.15,1725.17,SUNPHARMA.NS
2026-04-24,1698.57,1670.1,1727.02,SUNPHARMA.NS
2026-04-27,1733.14,1702.88,1762.37,SUNPHARMA.NS
2026-04-28,1742.48,1713.06,1771.11,SUNPHARMA.NS
2026-04-29,1758.67,1731.16,1786.28,SUNPHARMA.NS
2026-04-30,1771.42,1743.69,1800.54,SUNPHARMA.NS
2026-05-01,1775.97,1747.51,1805.07,SUNPHARMA.NS
2026-05-04,1811.24,1782.7,1839.59,SUNPHARMA.NS
2026-05-05,1818.92,1790.18,1847.57,SUNPHARMA.NS
2026-05-06,1832.56,1803.69,1861.49,SUNPHARMA.NS
2026-05-07,1841.93,1814.5,1868.64,SUNPHARMA.NS
2026-05-08,1842.34,1812.9,1871.88,SUNPHARMA.NS
2026-05-11,1861.47,1835.13,1889.89,SUNPHARMA.NS
2026-05-12,1862.84,1834.95,1889.22,SUNPHARMA.NS
2026-05-13,1869.89,1840.69,1896.39,SUNPHARMA.NS
2026-05-14,1872.49,1846.59,1900.37,SUNPHARMA.NS
2026-05-15,1866.05,1837.71,1895.08,SUNPHARMA.NS
2026-05-18,1865.2,1835.74,1892.68,SUNPHARMA.NS
2026-05-19,1860.41,1831.71,1889.71,SUNPHARMA.NS
2026-05-20,1861.68,1834.04,1891.69,SUNPHARMA.NS
2026-05-21,1858.96,1830.85,1887.11,SUNPHARMA.NS
2026-05-22,1847.71,1819.94,1874.17,SUNPHARMA.NS
2026-05-25,1835.88,1805.46,1865.55,SUNPHARMA.NS
2026-05-26,1828.67,1800.48,1858.45,SUNPHARMA.NS
2026-05-27,1828.17,1798.47,1854.98,SUNPHARMA.NS
2026-05-28,1824.3,1795.78,1853.48,SUNPHARMA.NS
2026-05-29,1812.51,1783.78,1842.12,SUNPHARMA.NS
2026-06-01,1802.5,1773.95,1832.29,SUNPHARMA.NS
2026-06-02,1796.92,1770.46,1828.2,SUNPHARMA.NS
2026-06-03,1798.48,1769.91,1826.99,SUNPHARMA.NS
2026-06-04,1797.06,1767.02,1825.13,SUNPHARMA.NS
2026-06-05,1788.07,1760.16,1818.2,SUNPHARMA.NS
2026-06-08,1787.96,1757.87,1816.69,SUNPHARMA.NS
2026-06-09,1786.02,1758.8,1813.8,SUNPHARMA.NS
2026-06-10,1791.31,1762.57,1819.71,SUNPHARMA.NS
2026-06-11,1793.67,1766.15,1822.45,SUNPHARMA.NS
2026-06-12,1788.47,1759.89,1817.64,SUNPHARMA.NS
2026-06-15,1799.42,1770.61,1829.99,SUNPHARMA.NS
2026-06-16,1800.96,1773.36,1827.62,SUNPHARMA.NS
2026-06-17,1809.6,1782.16,1834.72,SUNPHARMA.NS
2026-06-18,1815.13,1787.52,1844.83,SUNPHARMA.NS
2026-06-19,1812.92,1786.61,1841.96,SUNPHARMA.NS
2026-06-22,1831.62,1804.42,1860.01,SUNPHARMA.NS
2026-06-23,1835.3,1804.97,1863.97,SUNPHARMA.NS
2026-06-24,1845.83,1817.02,1875.42,SUNPHARMA.NS
2026-06-25,1853.02,1824.54,1882.8,SUNPHARMA.NS
2026-06-26,1852.21,1820.64,1881.09,SUNPHARMA.NS
2026-06-29,1873.59,1845.23,1901.67,SUNPHARMA.NS
2026-06-30,1877.65,1848.75,1906.02,SUNPHARMA.NS
2026-07-01,1888.3,1856.99,1915.58,SUNPHARMA.NS
2026-07-02,1895.34,1865.95,1924.21,SUNPHARMA.NS
2026-07-03,1894.14,1866.71,1922.48,SUNPHARMA.NS
2026-07-06,1912.83,1885.15,1942.42,SUNPHARMA.NS
2026-07-07,1915.5,1887.04,1942.61,SUNPHARMA.NS
2026-07-08,1924.54,1896.75,1951.68,SUNPHARMA.NS
2026-07-09,1929.76,1899.29,1956.83,SUNPHARMA.NS
2026-07-10,1926.54,1899.73,1955.61,SUNPHARMA.NS
2026-07-13,1938.09,1909.88,1965.96,SUNPHARMA.NS
2026-07-14,1938.1,1910.19,1969.24,SUNPHARMA.NS
2026-07-15,1944.36,1915.57,1973.94,SUNPHARMA.NS
2026-07-16,1946.71,1919.61,1975.47,SUNPHARMA.NS
2026-07-17,1940.55,1911.44,1970.39,SUNPHARMA.NS
2026-07-20,1943.16,1915.02,1974.04,SUNPHARMA.NS
2026-07-21,1940.22,1912.42,1969.04,SUNPHARMA.NS
2026-07-22,1943.59,1916.41,1971.12,SUNPHARMA.NS
2026-07-23,1943.13,1915.64,1970.12,SUNPHARMA.NS
2026-07-24,1934.25,1905.16,1961.35,SUNPHARMA.NS
2026-07-27,1929.5,1900.98,1958.67,SUNPHARMA.NS
2026-07-28,1924.43,1892.96,1951.59,SUNPHARMA.NS
2026-07-29,1925.84,1895.54,1952.47,SUNPHARMA.NS
2026-07-30,1923.61,1893.9,1952.76,SUNPHARMA.NS
2026-07-31,1913.16,1882.57,1941.41,SUNPHARMA.NS
2026-08-03,1904.88,1876.98,1933.01,SUNPHARMA.NS
2026-08-04,1899.03,1869.36,1926.96,SUNPHARMA.NS
2026-08-05,1899.86,1871.37,1927.78,SUNPHARMA.NS
2026-08-06,1897.23,1868.17,1926.92,SUNPHARMA.NS
2026-08-07,1886.57,1858.29,1913.34,SUNPHARMA.NS
2026-08-10,1878.65,1851.01,1905.84,SUNPHARMA.NS
2026-08-11,1873.21,1846.4,1901.82,SUNPHARMA.NS
2026-08-12,1874.6,1846.71,1903.89,SUNPHARMA.NS
2026-08-13,1872.65,1842.73,1899.42,SUNPHARMA.NS
2026-08-14,1862.76,1835.79,1891.39,SUNPHARMA.NS
2026-08-17,1857.76,1829.78,1887.81,SUNPHARMA.NS
2026-08-18,1853.44,1824.13,1881.82,SUNPHARMA.NS
2026-08-19,1856.0,1826.34,1884.31,SUNPHARMA.NS
2026-08-20,1855.28,1827.21,1883.94,SUNPHARMA.NS
2026-08-21,1846.66,1818.28,1875.73,SUNPHARMA.NS
2026-08-24,1845.59,1814.95,1873.74,SUNPHARMA.NS
2026-08-25,1842.61,1813.98,1870.98,SUNPHARMA.NS
2026-08-26,1846.49,1815.84,1875.35,SUNPHARMA.NS
2026-08-27,1847.07,1818.8,1877.04,SUNPHARMA.NS
2026-08-28,1839.75,1812.21,1866.62,SUNPHARMA.NS
2026-08-31,1842.31,1814.75,1870.34,SUNPHARMA.NS
2026-09-01,1840.44,1811.93,1869.13,SUNPHARMA.NS
2026-09-02,1845.37,1813.68,1872.75,SUNPHARMA.NS
2026-09-03,1846.93,1818.54,1874.7,SUNPHARMA.NS
2025-07-24,1049.19,1029.69,1069.86,TATACONSUM.NS
2025-07-25,1049.02,1030.44,1068.14,TATACONSUM.NS
2025-07-28,1050.48,1029.73,1070.22,TATACONSUM.NS
2025-07-29,1052.55,1032.52,1072.04,TATACONSUM.NS
2025-07-30,1052.47,1031.06,1074.27,TATACONSUM.NS
2025-07-31,1051.62,1031.19,1072.7,TATACONSUM.NS
2025-08-01,1052.54,1032.63,1072.54,TATACONSUM.NS
2025-08-04,1056.22,1035.87,1077.31,TATACONSUM.NS
2025-08-05,1058.66,1039.62,1076.9,TATACONSUM.NS
2025-08-06,1058.76,1039.53,1079.91,TATACONSUM.NS
2025-08-07,1057.9,1039.16,1076.87,TATACONSUM.NS
2025-08-08,1058.64,1038.18,1079.48,TATACONSUM.NS
2025-08-11,1060.94,1040.42,1082.85,TATACONSUM.NS
2025-08-12,1062.72,1042.87,1082.12,TATACONSUM.NS
2025-08-13,1062.1,1041.66,1083.05,TATACONSUM.NS
2025-08-14,1060.51,1040.5,1080.68,TATACONSUM.NS
2025-08-18,1061.01,1040.46,1081.28,TATACONSUM.NS
2025-08-19,1062.4,1042.26,1082.04,TATACONSUM.NS
2025-08-20,1061.54,1043.32,1080.97,TATACONSUM.NS
2025-08-21,1059.87,1039.64,1080.82,TATACONSUM.NS
2025-08-22,1059.96,1040.91,1080.89,TATACONSUM.NS
2025-08-25,1061.79,1041.74,1082.46,TATACONSUM.NS
2025-08-26,1063.97,1042.74,1083.45,TATACONSUM.NS
2025-08-28,1063.46,1042.45,1083.28,TATACONSUM.NS
2025-08-29,1064.76,1046.06,1085.56,TATACONSUM.NS
2025-09-01,1070.61,1049.43,1089.4,TATACONSUM.NS
2025-09-02,1074.18,1054.07,1094.33,TATACONSUM.NS
2025-09-03,1075.62,1056.97,1095.96,TATACONSUM.NS
2025-09-04,1076.32,1054.77,1095.92,TATACONSUM.NS
2025-09-05,1078.82,1059.23,1098.96,TATACONSUM.NS
2025-09-08,1087.49,1067.22,1106.7,TATACONSUM.NS
2025-09-09,1091.66,1070.26,1110.63,TATACONSUM.NS
2025-09-10,1093.5,1074.26,1113.51,TATACONSUM.NS
2025-09-11,1094.41,1073.92,1115.65,TATACONSUM.NS
2025-09-12,1096.91,1076.91,1117.34,TATACONSUM.NS
2025-09-15,1104.39,1083.67,1123.95,TATACONSUM.NS
2025-09-16,1107.81,1087.24,1128.39,TATACONSUM.NS
2025-09-17,1108.75,1088.61,1127.49,TATACONSUM.NS
2025-09-18,1108.64,1087.76,1129.79,TATACONSUM.NS
2025-09-19,1110.01,1090.3,1130.72,TATACONSUM.NS
2025-09-22,1113.81,1093.29,1134.74,TATACONSUM.NS
2025-09-23,1115.99,1096.51,1135.91,TATACONSUM.NS
2025-09-24,1115.74,1095.2,1137.28,TATACONSUM.NS
2025-09-25,1114.51,1094.37,1133.25,TATACONSUM.NS
2025-09-26,1114.87,1093.94,1134.79,TATACONSUM.NS
2025-09-29,1116.43,1096.43,1137.5,TATACONSUM.NS
2025-09-30,1118.18,1097.42,1137.2,TATACONSUM.NS
2025-10-01,1117.68,1096.52,1137.19,TATACONSUM.NS
2025-10-03,1116.84,1096.97,1136.84,TATACONSUM.NS
2025-10-06,1119.67,1099.8,1138.37,TATACONSUM.NS
2025-10-07,1122.12,1101.21,1142.03,TATACONSUM.NS
2025-10-08,1122.44,1103.4,1140.77,TATACONSUM.NS
2025-10-09,1122.03,1102.12,1142.64,TATACONSUM.NS
2025-10-10,1123.45,1103.66,1144.49,TATACONSUM.NS
2025-10-13,1129.28,1107.76,1148.94,TATACONSUM.NS
2025-10-14,1132.7,1112.66,1152.65,TATACONSUM.NS
2025-10-15,1133.91,1111.37,1154.17,TATACONSUM.NS
2025-10-16,1134.32,1113.8,1152.94,TATACONSUM.NS
2025-10-17,1136.46,1116.85,1156.48,TATACONSUM.NS
2025-10-20,1143.72,1123.61,1162.71,TATACONSUM.NS
2025-10-21,1147.33,1127.78,1167.5,TATACONSUM.NS
2025-10-23,1148.91,1129.29,1169.17,TATACONSUM.NS
2025-10-24,1150.81,1131.65,1171.48,TATACONSUM.NS
2025-10-27,1156.56,1135.95,1175.24,TATACONSUM.NS
2025-10-28,1159.45,1138.26,1179.03,TATACONSUM.NS
2025-10-29,1159.91,1139.38,1178.4,TATACONSUM.NS
2025-10-30,1159.35,1138.91,1180.48,TATACONSUM.NS
2025-10-31,1160.32,1141.04,1181.16,TATACONSUM.NS
2025-11-03,1163.11,1143.38,1182.4,TATACONSUM.NS
2025-11-04,1165.01,1145.66,1184.32,TATACONSUM.NS
2025-11-06,1162.99,1142.2,1182.65,TATACONSUM.NS
2025-11-07,1163.07,1144.18,1182.49,TATACONSUM.NS
2025-11-10,1163.5,1144.18,1183.44,TATACONSUM.NS
2025-11-11,1164.73,1145.36,1185.68,TATACONSUM.NS
2025-11-12,1163.61,1142.83,1182.87,TATACONSUM.NS
2025-11-13,1161.56,1141.41,1181.26,TATACONSUM.NS
2025-11-14,1161.15,1140.53,1181.99,TATACONSUM.NS
2025-11-17,1160.4,1139.44,1180.84,TATACONSUM.NS
2025-11-18,1161.33,1141.67,1182.68,TATACONSUM.NS
2025-11-19,1159.93,1139.21,1180.43,TATACONSUM.NS
2025-11-20,1157.64,1137.26,1178.51,TATACONSUM.NS
2025-11-21,1157.0,1137.12,1177.99,TATACONSUM.NS
2025-11-24,1155.71,1136.3,1175.96,TATACONSUM.NS
2025-11-25,1156.5,1135.8,1176.18,TATACONSUM.NS
2025-11-26,1154.98,1134.69,1175.79,TATACONSUM.NS
2025-11-27,1152.59,1133.29,1173.24,TATACONSUM.NS
2025-11-28,1151.88,1132.81,1171.74,TATACONSUM.NS
2025-12-01,1150.62,1129.83,1172.03,TATACONSUM.NS
2025-12-02,1151.52,1132.28,1173.16,TATACONSUM.NS
2025-12-03,1150.17,1130.02,1171.28,TATACONSUM.NS
2025-12-04,1148.02,1127.37,1168.76,TATACONSUM.NS
2025-12-05,1147.64,1127.57,1167.72,TATACONSUM.NS
2025-12-08,1147.84,1127.02,1168.46,TATACONSUM.NS
2025-12-09,1149.39,1129.0,1169.87,TATACONSUM.NS
2025-12-10,1148.8,1128.63,1167.26,TATACONSUM.NS
2025-12-11,1147.48,1126.86,1168.04,TATACONSUM.NS
2025-12-12,1148.01,1128.52,1168.94,TATACONSUM.NS
2025-12-15,1151.32,1130.2,1169.56,TATACONSUM.NS
2025-12-16,1154.0,1133.73,1174.05,TATACONSUM.NS
2025-12-17,1154.55,1132.78,1175.33,TATACONSUM.NS
2025-12-18,1154.37,1134.13,1174.92,TATACONSUM.NS
2025-12-19,1156.02,1136.51,1177.04,TATACONSUM.NS
2025-12-22,1162.37,1142.38,1182.63,TATACONSUM.NS
2025-12-23,1165.88,1146.74,1186.17,TATACONSUM.NS
2025-12-24,1167.14,1146.37,1187.15,TATACONSUM.NS
2025-12-26,1169.61,1149.11,1190.41,TATACONSUM.NS
2025-12-29,1176.15,1155.32,1196.27,TATACONSUM.NS
2025-12-30,1179.34,1161.06,1199.91,TATACONSUM.NS
2025-12-31,1180.08,1160.36,1200.13,TATACONSUM.NS
2026-01-01,1179.76,1159.39,1200.41,TATACONSUM.NS
2026-01-02,1180.91,1160.28,1200.31,TATACONSUM.NS
2026-01-05,1183.63,1163.56,1204.08,TATACONSUM.NS
2026-01-06,1185.24,1166.18,1205.58,TATACONSUM.NS
2026-01-07,1184.26,1163.59,1203.98,TATACONSUM.NS
2026-01-08,1182.13,1160.83,1201.7,TATACONSUM.NS
2026-01-09,1181.39,1162.07,1202.12,TATACONSUM.NS
2026-01-12,1178.26,1158.93,1198.48,TATACONSUM.NS
2026-01-13,1177.95,1159.4,1198.62,TATACONSUM.NS
2026-01-14,1175.13,1153.39,1194.73,TATACONSUM.NS
2026-01-15,1171.24,1152.92,1191.3,TATACONSUM.NS
2026-01-16,1168.87,1147.98,1189.06,TATACONSUM.NS
2026-01-19,1161.81,1141.33,1180.78,TATACONSUM.NS
2026-01-20,1160.59,1141.1,1179.69,TATACONSUM.NS
2026-01-21,1157.08,1137.97,1175.95,TATACONSUM.NS
2026-01-22,1152.73,1132.52,1174.12,TATACONSUM.NS
2026-01-23,1150.15,1128.27,1170.99,TATACONSUM.NS
2026-01-27,1143.43,1122.25,1163.24,TATACONSUM.NS
2026-01-28,1140.88,1120.71,1159.66,TATACONSUM.NS
2026-01-29,1137.69,1116.75,1158.99,TATACONSUM.NS
2026-01-30,1136.45,1114.98,1156.88,TATACONSUM.NS
2026-02-02,1135.09,1115.6,1155.52,TATACONSUM.NS
2026-02-03,1136.42,1117.1,1156.41,TATACONSUM.NS
2026-02-04,1135.73,1116.04,1156.26,TATACONSUM.NS
2026-02-05,1134.41,1114.58,1154.56,TATACONSUM.NS
2026-02-06,1135.01,1114.62,1153.78,TATACONSUM.NS
2026-02-09,1138.68,1117.9,1160.36,TATACONSUM.NS
2026-02-10,1141.43,1121.02,1162.42,TATACONSUM.NS
2026-02-11,1141.96,1120.53,1161.33,TATACONSUM.NS
2026-02-12,1141.66,1122.65,1161.85,TATACONSUM.NS
2026-02-13,1143.04,1123.4,1164.02,TATACONSUM.NS
2026-02-16,1147.48,1126.42,1166.8,TATACONSUM.NS
2026-02-17,1149.9,1130.13,1169.69,TATACONSUM.NS
2026-02-18,1149.81,1130.1,1170.48,TATACONSUM.NS
2026-02-19,1148.59,1128.05,1167.97,TATACONSUM.NS
2026-02-20,1148.76,1129.36,1169.3,TATACONSUM.NS
2026-02-23,1147.92,1129.0,1169.67,TATACONSUM.NS
2026-02-24,1148.1,1129.59,1168.19,TATACONSUM.NS
2026-02-25,1145.58,1124.18,1164.71,TATACONSUM.NS
2026-02-26,1141.74,1122.03,1162.25,TATACONSUM.NS
2026-02-27,1139.16,1118.97,1158.95,TATACONSUM.NS
2026-03-02,1129.64,1109.47,1149.47,TATACONSUM.NS
2026-03-04,1121.56,1100.95,1142.44,TATACONSUM.NS
2026-03-05,1115.0,1094.75,1135.51,TATACONSUM.NS
2026-03-06,1109.85,1089.89,1129.72,TATACONSUM.NS
2026-03-09,1093.92,1072.99,1112.88,TATACONSUM.NS
2026-03-10,1089.62,1069.14,1109.98,TATACONSUM.NS
2026-03-11,1083.01,1062.43,1103.66,TATACONSUM.NS
2026-03-12,1075.55,1056.24,1096.02,TATACONSUM.NS
2026-03-13,1069.88,1050.01,1090.5,TATACONSUM.NS
2026-03-16,1054.73,1035.15,1074.91,TATACONSUM.NS
2026-03-17,1051.49,1030.33,1069.89,TATACONSUM.NS
2026-03-18,1046.32,1025.37,1068.1,TATACONSUM.NS
2026-03-19,1040.69,1021.24,1060.41,TATACONSUM.NS
2026-03-20,1037.19,1016.85,1057.42,TATACONSUM.NS
2026-03-23,1030.44,1010.07,1050.86,TATACONSUM.NS
2026-03-24,1030.5,1009.56,1050.0,TATACONSUM.NS
2026-03-25,1028.82,1009.19,1047.88,TATACONSUM.NS
2026-03-27,1027.05,1007.46,1047.82,TATACONSUM.NS
2026-03-30,1031.62,1012.0,1053.37,TATACONSUM.NS
2026-04-01,1037.22,1016.36,1057.32,TATACONSUM.NS
2026-04-02,1038.61,1018.7,1057.23,TATACONSUM.NS
2026-04-06,1054.75,1034.74,1074.88,TATACONSUM.NS
2026-04-07,1060.65,1039.66,1080.1,TATACONSUM.NS
2026-04-08,1064.4,1045.8,1085.74,TATACONSUM.NS
2026-04-09,1067.37,1045.78,1085.56,TATACONSUM.NS
2026-04-10,1072.09,1050.78,1092.39,TATACONSUM.NS
2026-04-13,1087.05,1067.32,1107.48,TATACONSUM.NS
2026-04-15,1097.03,1077.75,1117.89,TATACONSUM.NS
2026-04-16,1099.89,1079.31,1121.07,TATACONSUM.NS
2026-04-17,1104.34,1085.62,1125.24,TATACONSUM.NS
2026-04-20,1117.95,1097.36,1138.92,TATACONSUM.NS
2026-04-21,1123.57,1102.64,1142.69,TATACONSUM.NS
2026-04-22,1126.83,1106.99,1146.38,TATACONSUM.NS
2026-04-23,1129.17,1107.95,1149.32,TATACONSUM.NS
2026-04-24,1133.14,1113.6,1153.17,TATACONSUM.NS
2026-04-27,1145.68,1124.33,1165.4,TATACONSUM.NS
2026-04-28,1151.08,1130.74,1172.38,TATACONSUM.NS
2026-04-29,1154.2,1134.85,1176.1,TATACONSUM.NS
2026-04-30,1156.45,1137.47,1176.59,TATACONSUM.NS
2026-05-01,1160.38,1141.0,1181.64,TATACONSUM.NS
2026-05-04,1172.86,1152.8,1192.05,TATACONSUM.NS
2026-05-05,1178.18,1158.98,1196.71,TATACONSUM.NS
2026-05-06,1181.14,1162.24,1200.68,TATACONSUM.NS
2026-05-07,1183.13,1164.22,1202.45,TATACONSUM.NS
2026-05-08,1186.66,1165.92,1206.16,TATACONSUM.NS
2026-05-11,1196.82,1176.83,1216.13,TATACONSUM.NS
2026-05-12,1200.93,1180.46,1219.89,TATACONSUM.NS
2026-05-13,1202.42,1181.34,1221.89,TATACONSUM.NS
2026-05-14,1202.68,1182.75,1222.17,TATACONSUM.NS
2026-05-15,1204.22,1182.77,1224.73,TATACONSUM.NS
2026-05-18,1206.88,1186.97,1226.33,TATACONSUM.NS
2026-05-19,1208.02,1188.58,1227.58,TATACONSUM.NS
2026-05-20,1206.36,1185.95,1226.37,TATACONSUM.NS
2026-05-21,1203.3,1182.5,1224.83,TATACONSUM.NS
2026-05-22,1201.41,1180.51,1220.9,TATACONSUM.NS
2026-05-25,1193.51,1174.58,1213.28,TATACONSUM.NS
2026-05-26,1191.22,1171.15,1210.66,TATACONSUM.NS
2026-05-27,1186.23,1165.47,1206.02,TATACONSUM.NS
2026-05-28,1180.03,1161.24,1201.84,TATACONSUM.NS
2026-05-29,1175.21,1154.05,1194.67,TATACONSUM.NS
2026-06-01,1160.33,1140.16,1181.07,TATACONSUM.NS
2026-06-02,1156.42,1136.81,1175.77,TATACONSUM.NS
2026-06-03,1150.24,1131.05,1170.94,TATACONSUM.NS
2026-06-04,1143.26,1122.87,1163.73,TATACONSUM.NS
2026-06-05,1138.1,1117.19,1158.28,TATACONSUM.NS
2026-06-08,1124.81,1104.42,1143.98,TATACONSUM.NS
2026-06-09,1122.26,1102.56,1143.3,TATACONSUM.NS
2026-06-10,1117.8,1097.07,1139.82,TATACONSUM.NS
2026-06-11,1112.87,1093.62,1132.91,TATACONSUM.NS
2026-06-12,1110.07,1090.55,1129.43,TATACONSUM.NS
2026-06-15,1105.06,1084.28,1125.03,TATACONSUM.NS
2026-06-16,1105.5,1085.73,1125.29,TATACONSUM.NS
2026-06-17,1104.06,1082.86,1124.95,TATACONSUM.NS
2026-06-18,1102.12,1081.31,1121.74,TATACONSUM.NS
2026-06-19,1102.2,1082.97,1122.65,TATACONSUM.NS
2026-06-22,1104.8,1084.54,1123.99,TATACONSUM.NS
2026-06-23,1107.28,1086.82,1126.75,TATACONSUM.NS
2026-06-24,1107.57,1087.16,1129.23,TATACONSUM.NS
2026-06-25,1107.03,1087.44,1128.27,TATACONSUM.NS
2026-06-26,1108.18,1087.51,1127.74,TATACONSUM.NS
2026-06-29,1111.86,1094.17,1132.84,TATACONSUM.NS
2026-06-30,1114.03,1095.0,1133.48,TATACONSUM.NS
2026-07-01,1113.71,1093.35,1133.92,TATACONSUM.NS
2026-07-02,1112.28,1090.75,1132.57,TATACONSUM.NS
2026-07-03,1112.3,1091.64,1132.42,TATACONSUM.NS
2026-07-06,1111.56,1092.28,1131.1,TATACONSUM.NS
2026-07-07,1112.07,1091.8,1131.7,TATACONSUM.NS
2026-07-08,1110.06,1090.76,1130.9,TATACONSUM.NS
2026-07-09,1106.99,1087.68,1126.55,TATACONSUM.NS
2026-07-10,1105.43,1084.74,1125.94,TATACONSUM.NS
2026-07-13,1100.8,1081.2,1119.62,TATACONSUM.NS
2026-07-14,1100.4,1080.03,1121.56,TATACONSUM.NS
2026-07-15,1097.72,1078.48,1118.51,TATACONSUM.NS
2026-07-16,1094.22,1074.17,1115.06,TATACONSUM.NS
2026-07-17,1092.48,1072.53,1113.59,TATACONSUM.NS
2026-07-20,1088.85,1068.71,1108.45,TATACONSUM.NS
2026-07-21,1089.24,1068.78,1109.95,TATACONSUM.NS
2026-07-22,1087.55,1066.37,1106.69,TATACONSUM.NS
2026-07-23,1085.2,1064.32,1104.43,TATACONSUM.NS
2026-07-24,1084.75,1064.15,1104.21,TATACONSUM.NS
2026-07-27,1085.46,1065.85,1106.12,TATACONSUM.NS
2026-07-28,1087.33,1067.9,1108.36,TATACONSUM.NS
2026-07-29,1087.07,1066.49,1107.5,TATACONSUM.NS
2026-07-30,1086.08,1066.07,1105.22,TATACONSUM.NS
2026-07-31,1086.89,1067.65,1106.18,TATACONSUM.NS
2026-08-03,1090.48,1070.53,1110.5,TATACONSUM.NS
2026-08-04,1092.95,1071.93,1113.34,TATACONSUM.NS
2026-08-05,1093.11,1072.29,1113.51,TATACONSUM.NS
2026-08-06,1092.34,1072.16,1112.19,TATACONSUM.NS
2026-08-07,1093.19,1073.64,1111.51,TATACONSUM.NS
2026-08-10,1095.9,1076.63,1117.19,TATACONSUM.NS
2026-08-11,1097.82,1078.83,1117.31,TATACONSUM.NS
2026-08-12,1097.33,1077.06,1118.8,TATACONSUM.NS
2026-08-13,1095.87,1076.59,1116.06,TATACONSUM.NS
2026-08-14,1095.98,1076.3,1117.24,TATACONSUM.NS
2026-08-17,1096.63,1077.46,1117.15,TATACONSUM.NS
2026-08-18,1098.01,1079.04,1119.57,TATACONSUM.NS
2026-08-19,1097.11,1077.1,1117.75,TATACONSUM.NS
2026-08-20,1095.35,1075.31,1116.72,TATACONSUM.NS
2026-08-21,1095.34,1074.27,1115.55,TATACONSUM.NS
2026-08-24,1096.66,1077.85,1117.7,TATACONSUM.NS
2026-08-25,1098.62,1077.74,1118.81,TATACONSUM.NS
2026-08-26,1098.46,1077.01,1118.58,TATACONSUM.NS
2026-08-27,1097.62,1077.82,1118.6,TATACONSUM.NS
2026-08-28,1098.66,1077.98,1117.64,TATACONSUM.NS
2026-08-31,1103.75,1084.01,1124.38,TATACONSUM.NS
2026-09-01,1107.09,1086.37,1128.49,TATACONSUM.NS
2026-09-02,1108.32,1087.42,1127.79,TATACONSUM.NS
2026-09-03,1108.85,1090.1,1129.83,TATACONSUM.NS
2026-09-04,1111.2,1091.66,1132.19,TATACONSUM.NS
2025-07-24,158.61,154.66,162.38,TATASTEEL.NS
2025-07-25,157.48,153.47,160.75,TATASTEEL.NS
2025-07-28,156.49,152.73,160.22,TATASTEEL.NS
2025-07-29,156.62,153.0,160.62,TATASTEEL.NS
2025-07-30,157.57,153.8,161.49,TATASTEEL.NS
2025-07-31,157.12,153.4,160.9,TATASTEEL.NS
2025-08-01,156.02,152.12,159.6,TATASTEEL.NS
2025-08-04,155.15,151.66,159.09,TATASTEEL.NS
2025-08-05,155.33,151.56,159.19,TATASTEEL.NS
2025-08-06,156.33,152.66,160.01,TATASTEEL.NS
2025-08-07,155.94,152.18,159.49,TATASTEEL.NS
2025-08-08,154.89,151.18,158.5,TATASTEEL.NS
2025-08-11,154.23,150.3,157.86,TATASTEEL.NS
2025-08-12,154.47,150.5,158.08,TATASTEEL.NS
2025-08-13,155.56,151.78,159.4,TATASTEEL.NS
2025-08-14,155.24,151.66,159.11,TATASTEEL.NS
2025-08-18,153.95,150.55,157.8,TATASTEEL.NS
2025-08-19,154.33,150.56,158.3,TATASTEEL.NS
2025-08-20,155.56,151.73,159.45,TATASTEEL.NS
2025-08-21,155.41,151.6,159.22,TATASTEEL.NS
2025-08-22,154.63,150.83,158.34,TATASTEEL.NS
2025-08-25,154.92,151.18,158.52,TATASTEEL.NS
2025-08-26,155.55,151.9,159.14,TATASTEEL.NS
2025-08-28,157.15,153.15,160.84,TATASTEEL.NS
2025-08-29,156.66,152.87,160.3,TATASTEEL.NS
2025-09-01,157.81,154.05,161.5,TATASTEEL.NS
2025-09-02,158.72,155.02,162.5,TATASTEEL.NS
2025-09-03,160.47,156.74,164.18,TATASTEEL.NS
2025-09-04,160.84,157.19,164.65,TATASTEEL.NS
2025-09-05,160.58,156.92,164.4,TATASTEEL.NS
2025-09-08,162.26,158.29,166.29,TATASTEEL.NS
2025-09-09,163.27,159.4,167.05,TATASTEEL.NS
2025-09-10,165.09,161.35,168.98,TATASTEEL.NS
2025-09-11,165.47,161.44,168.98,TATASTEEL.NS
2025-09-12,165.18,161.4,168.91,TATASTEEL.NS
2025-09-15,166.46,162.83,170.13,TATASTEEL.NS
2025-09-16,167.24,163.33,170.91,TATASTEEL.NS
2025-09-17,168.78,165.27,172.6,TATASTEEL.NS
2025-09-18,168.86,165.3,172.58,TATASTEEL.NS
2025-09-19,168.21,164.43,171.77,TATASTEEL.NS
2025-09-22,168.3,164.46,171.97,TATASTEEL.NS
2025-09-23,168.65,164.58,172.16,TATASTEEL.NS
2025-09-24,169.77,166.02,173.65,TATASTEEL.NS
2025-09-25,169.43,165.59,172.8,TATASTEEL.NS
2025-09-26,168.39,164.77,172.02,TATASTEEL.NS
2025-09-29,167.47,163.8,171.37,TATASTEEL.NS
2025-09-30,167.58,163.65,171.33,TATASTEEL.NS
2025-10-01,168.51,164.51,172.39,TATASTEEL.NS
2025-10-03,166.91,162.99,170.88,TATASTEEL.NS
2025-10-06,166.17,162.26,169.87,TATASTEEL.NS
2025-10-07,166.46,162.73,170.41,TATASTEEL.NS
2025-10-08,167.63,164.04,171.47,TATASTEEL.NS
2025-10-09,167.45,163.81,170.98,TATASTEEL.NS
2025-10-10,166.68,162.97,170.29,TATASTEEL.NS
2025-10-13,167.19,163.31,170.9,TATASTEEL.NS
2025-10-14,167.94,164.08,171.39,TATASTEEL.NS
2025-10-15,169.57,165.83,173.29,TATASTEEL.NS
2025-10-16,169.85,166.03,173.76,TATASTEEL.NS
2025-10-17,169.53,165.86,173.1,TATASTEEL.NS
2025-10-20,171.16,167.47,175.18,TATASTEEL.NS
2025-10-21,172.18,168.22,176.11,TATASTEEL.NS
2025-10-23,174.46,170.33,178.21,TATASTEEL.NS
2025-10-24,174.21,170.61,177.81,TATASTEEL.NS
2025-10-27,175.62,171.84,179.49,TATASTEEL.NS
2025-10-28,176.43,172.93,180.13,TATASTEEL.NS
2025-10-29,177.98,173.99,181.93,TATASTEEL.NS
2025-10-30,178.05,174.09,182.09,TATASTEEL.NS
2025-10-31,177.37,173.36,181.1,TATASTEEL.NS
2025-11-03,177.21,173.61,181.25,TATASTEEL.NS
2025-11-04,177.43,173.63,181.19,TATASTEEL.NS
2025-11-06,177.82,174.03,181.49,TATASTEEL.NS
2025-11-07,176.53,172.76,180.48,TATASTEEL.NS
2025-11-10,174.63,170.78,178.63,TATASTEEL.NS
2025-11-11,174.33,170.96,178.21,TATASTEEL.NS
2025-11-12,174.8,171.13,178.45,TATASTEEL.NS
2025-11-13,173.83,170.08,177.42,TATASTEEL.NS
2025-11-14,172.18,168.37,175.81,TATASTEEL.NS
2025-11-17,169.56,165.64,173.37,TATASTEEL.NS
2025-11-18,169.15,165.47,172.93,TATASTEEL.NS
2025-11-19,169.57,165.68,173.2,TATASTEEL.NS
2025-11-20,168.61,164.64,172.37,TATASTEEL.NS
2025-11-21,167.02,163.16,170.66,TATASTEEL.NS
2025-11-24,164.89,161.1,168.93,TATASTEEL.NS
2025-11-25,164.72,161.1,168.84,TATASTEEL.NS
2025-11-26,165.41,161.49,169.51,TATASTEEL.NS
2025-11-27,164.74,160.83,168.38,TATASTEEL.NS
2025-11-28,163.47,159.73,167.5,TATASTEEL.NS
2025-12-01,162.35,158.54,166.47,TATASTEEL.NS
2025-12-02,162.51,158.54,165.95,TATASTEEL.NS
2025-12-03,163.54,159.8,167.25,TATASTEEL.NS
2025-12-04,163.2,159.45,166.69,TATASTEEL.NS
2025-12-05,162.25,158.79,166.17,TATASTEEL.NS
2025-12-08,162.02,158.38,165.86,TATASTEEL.NS
2025-12-09,162.47,158.74,166.5,TATASTEEL.NS
2025-12-10,163.77,159.81,167.23,TATASTEEL.NS
2025-12-11,163.69,159.97,167.53,TATASTEEL.NS
2025-12-12,163.0,159.41,166.94,TATASTEEL.NS
2025-12-15,163.54,159.35,167.39,TATASTEEL.NS
2025-12-16,164.24,160.25,167.86,TATASTEEL.NS
2025-12-17,165.8,162.18,169.49,TATASTEEL.NS
2025-12-18,165.98,162.14,169.51,TATASTEEL.NS
2025-12-19,165.55,161.7,169.33,TATASTEEL.NS
2025-12-22,166.89,163.1,170.66,TATASTEEL.NS
2025-12-23,167.86,164.25,171.59,TATASTEEL.NS
2025-12-24,169.67,165.95,173.57,TATASTEEL.NS
2025-12-26,169.92,166.28,173.55,TATASTEEL.NS
2025-12-29,171.86,168.18,175.56,TATASTEEL.NS
2025-12-30,172.97,169.37,176.73,TATASTEEL.NS
2025-12-31,174.91,171.18,178.67,TATASTEEL.NS
2026-01-01,175.43,171.62,179.22,TATASTEEL.NS
2026-01-02,175.29,171.48,179.05,TATASTEEL.NS
2026-01-05,177.14,173.56,180.92,TATASTEEL.NS
2026-01-06,178.15,174.23,181.64,TATASTEEL.NS
2026-01-07,179.94,176.01,183.31,TATASTEEL.NS
2026-01-08,180.28,176.66,184.21,TATASTEEL.NS
2026-01-09,179.93,176.09,183.9,TATASTEEL.NS
2026-01-12,181.02,177.17,184.95,TATASTEEL.NS
2026-01-13,181.74,178.06,185.36,TATASTEEL.NS
2026-01-14,183.25,179.57,187.09,TATASTEEL.NS
2026-01-15,183.32,179.79,186.88,TATASTEEL.NS
2026-01-16,182.71,179.14,186.37,TATASTEEL.NS
2026-01-19,183.17,179.2,186.98,TATASTEEL.NS
2026-01-20,183.77,179.78,187.56,TATASTEEL.NS
2026-01-21,185.2,181.38,188.88,TATASTEEL.NS
2026-01-22,185.23,181.34,189.2,TATASTEEL.NS
2026-01-23,184.64,180.75,188.47,TATASTEEL.NS
2026-01-27,186.33,182.81,190.03,TATASTEEL.NS
2026-01-28,188.05,184.41,191.77,TATASTEEL.NS
2026-01-29,188.41,184.06,192.36,TATASTEEL.NS
2026-01-30,188.19,184.43,192.22,TATASTEEL.NS
2026-02-02,190.27,186.82,193.94,TATASTEEL.NS
2026-02-03,191.53,187.65,195.23,TATASTEEL.NS
2026-02-04,193.66,190.28,197.61,TATASTEEL.NS
2026-02-05,194.41,190.67,198.31,TATASTEEL.NS
2026-02-06,194.53,190.51,198.31,TATASTEEL.NS
2026-02-09,197.37,193.94,201.27,TATASTEEL.NS
2026-02-10,198.74,194.9,202.33,TATASTEEL.NS
2026-02-11,200.9,196.94,205.12,TATASTEEL.NS
2026-02-12,201.6,197.76,205.5,TATASTEEL.NS
2026-02-13,201.59,197.61,205.09,TATASTEEL.NS
2026-02-16,203.46,199.79,207.19,TATASTEEL.NS
2026-02-17,204.33,200.5,208.32,TATASTEEL.NS
2026-02-18,205.91,202.2,209.71,TATASTEEL.NS
2026-02-19,205.95,202.21,209.89,TATASTEEL.NS
2026-02-20,205.22,201.74,208.99,TATASTEEL.NS
2026-02-23,204.61,200.77,208.16,TATASTEEL.NS
2026-02-24,204.59,200.94,208.56,TATASTEEL.NS
2026-02-25,205.27,201.67,209.08,TATASTEEL.NS
2026-02-26,204.42,200.51,208.17,TATASTEEL.NS
2026-02-27,202.8,199.11,206.47,TATASTEEL.NS
2026-03-02,199.8,196.02,203.25,TATASTEEL.NS
2026-03-04,199.18,195.38,202.89,TATASTEEL.NS
2026-03-05,197.81,194.18,201.65,TATASTEEL.NS
2026-03-06,195.77,192.27,199.65,TATASTEEL.NS
2026-03-09,192.11,188.34,195.52,TATASTEEL.NS
2026-03-10,191.41,187.56,195.24,TATASTEEL.NS
2026-03-11,191.58,188.05,195.64,TATASTEEL.NS
2026-03-12,190.41,186.74,194.15,TATASTEEL.NS
2026-03-13,188.66,184.93,192.52,TATASTEEL.NS
2026-03-16,186.39,182.68,190.44,TATASTEEL.NS
2026-03-17,186.29,182.52,190.29,TATASTEEL.NS
2026-03-18,187.13,183.16,190.97,TATASTEEL.NS
2026-03-19,186.66,182.85,190.21,TATASTEEL.NS
2026-03-20,185.66,182.1,189.61,TATASTEEL.NS
2026-03-23,185.7,181.79,189.72,TATASTEEL.NS
2026-03-24,186.37,182.55,190.15,TATASTEEL.NS
2026-03-25,187.95,184.18,191.24,TATASTEEL.NS
2026-03-27,187.89,184.31,191.59,TATASTEEL.NS
2026-03-30,189.72,185.95,193.46,TATASTEEL.NS
2026-04-01,192.9,189.19,196.59,TATASTEEL.NS
2026-04-02,193.53,189.72,197.23,TATASTEEL.NS
2026-04-06,195.94,192.52,199.75,TATASTEEL.NS
2026-04-07,197.18,193.43,201.17,TATASTEEL.NS
2026-04-08,199.23,195.53,203.15,TATASTEEL.NS
2026-04-09,199.84,196.39,203.73,TATASTEEL.NS
2026-04-10,199.78,196.29,203.43,TATASTEEL.NS
2026-04-13,201.82,198.03,205.69,TATASTEEL.NS
2026-04-15,204.72,201.36,208.5,TATASTEEL.NS
2026-04-16,205.11,201.52,209.12,TATASTEEL.NS
2026-04-17,204.81,200.87,208.58,TATASTEEL.NS
2026-04-20,206.08,201.99,209.95,TATASTEEL.NS
2026-04-21,206.87,202.81,210.57,TATASTEEL.NS
2026-04-22,208.44,204.73,212.21,TATASTEEL.NS
2026-04-23,208.57,204.81,212.22,TATASTEEL.NS
2026-04-24,208.0,204.23,212.04,TATASTEEL.NS
2026-04-27,208.48,204.65,212.16,TATASTEEL.NS
2026-04-28,209.02,204.91,213.05,TATASTEEL.NS
2026-04-29,210.35,206.61,214.18,TATASTEEL.NS
2026-04-30,210.24,206.21,213.91,TATASTEEL.NS
2026-05-01,209.44,205.51,212.78,TATASTEEL.NS
2026-05-04,209.28,205.15,213.3,TATASTEEL.NS
2026-05-05,209.62,206.05,213.49,TATASTEEL.NS
2026-05-06,210.76,207.14,214.58,TATASTEEL.NS
2026-05-07,210.47,206.75,214.42,TATASTEEL.NS
2026-05-08,209.5,205.55,213.44,TATASTEEL.NS
2026-05-11,208.89,204.98,212.95,TATASTEEL.NS
2026-05-12,209.11,205.42,212.64,TATASTEEL.NS
2026-05-13,210.13,206.46,213.85,TATASTEEL.NS
2026-05-14,209.73,206.08,213.53,TATASTEEL.NS
2026-05-15,208.67,204.9,212.45,TATASTEEL.NS
2026-05-18,207.81,204.09,211.71,TATASTEEL.NS
2026-05-19,207.96,204.12,211.37,TATASTEEL.NS
2026-05-20,208.92,205.0,212.49,TATASTEEL.NS
2026-05-21,208.45,204.92,212.16,TATASTEEL.NS
2026-05-22,207.32,203.5,211.21,TATASTEEL.NS
2026-05-25,206.26,202.67,210.16,TATASTEEL.NS
2026-05-26,206.33,202.31,210.07,TATASTEEL.NS
2026-05-27,207.2,203.47,211.38,TATASTEEL.NS
2026-05-28,206.65,203.06,210.41,TATASTEEL.NS
2026-05-29,205.42,201.76,208.84,TATASTEEL.NS
2026-06-01,204.0,200.17,207.8,TATASTEEL.NS
2026-06-02,203.94,200.28,207.57,TATASTEEL.NS
2026-06-03,204.67,200.86,208.44,TATASTEEL.NS
2026-06-04,203.96,200.25,207.92,TATASTEEL.NS
2026-06-05,202.58,198.61,206.38,TATASTEEL.NS
2026-06-08,200.7,196.83,204.53,TATASTEEL.NS
2026-06-09,200.48,196.85,204.45,TATASTEEL.NS
2026-06-10,201.07,197.13,204.89,TATASTEEL.NS
2026-06-11,200.23,196.3,203.94,TATASTEEL.NS
2026-06-12,198.72,194.84,202.52,TATASTEEL.NS
2026-06-15,196.57,192.74,200.04,TATASTEEL.NS
2026-06-16,196.29,192.72,200.24,TATASTEEL.NS
2026-06-17,196.85,193.25,200.71,TATASTEEL.NS
2026-06-18,196.0,192.32,200.02,TATASTEEL.NS
2026-06-19,194.51,190.5,198.24,TATASTEEL.NS
2026-06-22,192.53,188.61,196.5,TATASTEEL.NS
2026-06-23,192.36,188.44,196.19,TATASTEEL.NS
2026-06-24,193.04,189.32,196.8,TATASTEEL.NS
2026-06-25,192.33,188.52,196.04,TATASTEEL.NS
2026-06-26,190.99,187.44,194.5,TATASTEEL.NS
2026-06-29,189.54,185.68,193.32,TATASTEEL.NS
2026-06-30,189.55,185.76,193.27,TATASTEEL.NS
2026-07-01,190.42,186.64,194.1,TATASTEEL.NS
2026-07-02,189.89,186.22,193.76,TATASTEEL.NS
2026-07-03,188.73,185.03,192.5,TATASTEEL.NS
2026-07-06,187.75,183.9,191.79,TATASTEEL.NS
2026-07-07,187.9,183.86,191.52,TATASTEEL.NS
2026-07-08,188.87,185.09,192.75,TATASTEEL.NS
2026-07-09,188.44,184.7,192.1,TATASTEEL.NS
2026-07-10,187.36,183.54,191.07,TATASTEEL.NS
2026-07-13,186.52,182.96,190.47,TATASTEEL.NS
2026-07-14,186.68,182.95,190.64,TATASTEEL.NS
2026-07-15,187.66,183.86,191.48,TATASTEEL.NS
2026-07-16,187.22,183.4,190.9,TATASTEEL.NS
2026-07-17,186.13,182.2,189.86,TATASTEEL.NS
2026-07-20,185.19,181.79,188.91,TATASTEEL.NS
2026-07-21,185.31,181.49,189.13,TATASTEEL.NS
2026-07-22,186.26,182.54,190.16,TATASTEEL.NS
2026-07-23,185.78,182.24,189.44,TATASTEEL.NS
2026-07-24,184.65,180.65,188.49,TATASTEEL.NS
2026-07-27,183.66,180.02,187.31,TATASTEEL.NS
2026-07-28,183.78,180.05,187.65,TATASTEEL.NS
2026-07-29,184.73,180.88,188.82,TATASTEEL.NS
2026-07-30,184.27,180.53,188.05,TATASTEEL.NS
2026-07-31,183.16,179.52,186.86,TATASTEEL.NS
2026-08-03,182.26,178.48,186.26,TATASTEEL.NS
2026-08-04,182.43,178.75,186.22,TATASTEEL.NS
2026-08-05,183.42,179.86,187.23,TATASTEEL.NS
2026-08-06,183.01,179.35,186.86,TATASTEEL.NS
2026-08-07,181.96,178.25,185.84,TATASTEEL.NS
2026-08-10,181.25,177.57,185.67,TATASTEEL.NS
2026-08-11,181.48,177.8,185.11,TATASTEEL.NS
2026-08-12,182.55,179.11,186.46,TATASTEEL.NS
2026-08-13,182.22,178.15,185.95,TATASTEEL.NS
2026-08-14,181.24,177.5,185.0,TATASTEEL.NS
2026-08-17,180.83,177.31,184.71,TATASTEEL.NS
2026-08-18,181.18,177.33,184.82,TATASTEEL.NS
2026-08-19,182.37,178.61,186.02,TATASTEEL.NS
2026-08-20,182.18,178.48,185.96,TATASTEEL.NS
2026-08-21,181.37,177.66,185.32,TATASTEEL.NS
2026-08-24,181.52,177.63,185.54,TATASTEEL.NS
2026-08-25,182.09,178.41,185.98,TATASTEEL.NS
2026-08-26,183.53,179.63,187.12,TATASTEEL.NS
2026-08-27,183.59,179.85,187.32,TATASTEEL.NS
2026-08-28,183.04,179.2,186.64,TATASTEEL.NS
2026-08-31,184.05,180.37,187.84,TATASTEEL.NS
2026-09-01,184.91,181.17,188.76,TATASTEEL.NS
2026-09-02,186.63,182.83,190.22,TATASTEEL.NS
2026-09-03,186.96,183.5,190.93,TATASTEEL.NS
2026-09-04,186.67,182.93,190.37,TATASTEEL.NS
2025-07-24,2941.65,2880.34,2999.98,TCS.NS
2025-07-25,2940.35,2881.81,2997.69,TCS.NS
2025-07-28,2960.4,2902.47,3021.82,TCS.NS
2025-07-29,2963.73,2903.4,3021.9,TCS.NS
2025-07-30,2963.81,2905.96,3021.08,TCS.NS
2025-07-31,2961.7,2899.72,3022.06,TCS.NS
2025-08-01,2952.56,2894.02,3010.39,TCS.NS
2025-08-04,2950.77,2895.77,3007.33,TCS.NS
2025-08-05,2947.87,2887.4,3003.28,TCS.NS
2025-08-06,2942.5,2885.81,3003.76,TCS.NS
2025-08-07,2935.8,2879.56,2998.89,TCS.NS
2025-08-08,2923.02,2870.08,2982.44,TCS.NS
2025-08-11,2916.7,2860.92,2976.97,TCS.NS
2025-08-12,2914.52,2854.99,2970.35,TCS.NS
2025-08-13,2910.93,2854.06,2968.17,TCS.NS
2025-08-14,2907.07,2849.07,2966.82,TCS.NS
2025-08-18,2908.03,2848.3,2966.27,TCS.NS
2025-08-19,2912.42,2854.99,2963.94,TCS.NS
2025-08-20,2915.73,2859.14,2974.19,TCS.NS
2025-08-21,2918.9,2860.43,2978.35,TCS.NS
2025-08-22,2916.94,2854.54,2969.38,TCS.NS
2025-08-25,2946.0,2891.6,3002.23,TCS.NS
2025-08-26,2955.57,2899.89,3015.06,TCS.NS
2025-08-28,2969.81,2916.21,3027.54,TCS.NS
2025-08-29,2970.21,2911.46,3030.91,TCS.NS
2025-09-01,2999.41,2945.36,3059.23,TCS.NS
2025-09-02,3006.67,2948.8,3065.03,TCS.NS
2025-09-03,3010.86,2952.93,3067.0,TCS.NS
2025-09-04,3012.88,2953.88,3070.9,TCS.NS
2025-09-05,3007.71,2950.55,3061.89,TCS.NS
2025-09-08,3015.39,2954.01,3072.44,TCS.NS
2025-09-09,3014.34,2955.96,3078.12,TCS.NS
2025-09-10,3009.94,2953.48,3064.81,TCS.NS
2025-09-11,3003.25,2947.5,3064.68,TCS.NS
2025-09-12,2989.44,2930.78,3045.57,TCS.NS
2025-09-15,2973.25,2913.53,3028.32,TCS.NS
2025-09-16,2965.46,2909.66,3020.27,TCS.NS
2025-09-17,2955.15,2892.38,3010.22,TCS.NS
2025-09-18,2943.47,2887.94,3000.33,TCS.NS
2025-09-19,2925.69,2862.91,2978.02,TCS.NS
2025-09-22,2904.18,2847.95,2959.08,TCS.NS
2025-09-23,2896.84,2840.32,2958.34,TCS.NS
2025-09-24,2888.04,2832.23,2944.94,TCS.NS
2025-09-25,2878.89,2821.25,2939.73,TCS.NS
2025-09-26,2864.56,2804.67,2923.61,TCS.NS
2025-09-29,2857.9,2798.37,2912.81,TCS.NS
2025-09-30,2856.59,2799.18,2915.4,TCS.NS
2025-10-01,2854.14,2800.19,2914.69,TCS.NS
2025-10-03,2843.75,2783.78,2902.17,TCS.NS
2025-10-06,2855.76,2797.6,2911.52,TCS.NS
2025-10-07,2859.97,2806.07,2917.1,TCS.NS
2025-10-08,2862.53,2806.12,2920.44,TCS.NS
2025-10-09,2864.35,2803.0,2924.51,TCS.NS
2025-10-10,2860.42,2805.4,2918.1,TCS.NS
2025-10-13,2880.09,2823.58,2935.57,TCS.NS
2025-10-14,2885.6,2826.42,2946.45,TCS.NS
2025-10-15,2888.89,2831.17,2946.83,TCS.NS
2025-10-16,2890.92,2830.3,2946.41,TCS.NS
2025-10-17,2886.75,2828.76,2945.49,TCS.NS
2025-10-20,2903.7,2844.68,2959.82,TCS.NS
2025-10-21,2907.92,2848.55,2966.2,TCS.NS
2025-10-23,2910.54,2851.73,2974.31,TCS.NS
2025-10-24,2905.11,2849.84,2964.31,TCS.NS
2025-10-27,2919.32,2861.67,2979.09,TCS.NS
2025-10-28,2923.08,2865.27,2981.53,TCS.NS
2025-10-29,2924.84,2864.58,2983.46,TCS.NS
2025-10-30,2925.62,2873.22,2983.0,TCS.NS
2025-10-31,2920.54,2861.11,2980.01,TCS.NS
2025-11-03,2937.15,2877.27,2995.34,TCS.NS
2025-11-04,2942.04,2883.72,3000.64,TCS.NS
2025-11-06,2947.05,2888.14,3003.3,TCS.NS
2025-11-07,2943.22,2883.8,3002.49,TCS.NS
2025-11-10,2963.13,2902.41,3022.78,TCS.NS
2025-11-11,2968.85,2907.41,3028.87,TCS.NS
2025-11-12,2972.48,2908.96,3028.53,TCS.NS
2025-11-13,2975.0,2916.82,3031.4,TCS.NS
2025-11-14,2971.46,2914.69,3035.81,TCS.NS
2025-11-17,2991.23,2934.78,3050.31,TCS.NS
2025-11-18,2996.66,2937.4,3051.89,TCS.NS
2025-11-19,2999.92,2940.89,3056.6,TCS.NS
2025-11-20,3002.05,2948.51,3061.91,TCS.NS
2025-11-21,2998.14,2939.45,3057.28,TCS.NS
2025-11-24,3017.37,2963.24,3077.74,TCS.NS
2025-11-25,3022.94,2961.82,3079.54,TCS.NS
2025-11-26,3026.57,2968.72,3082.8,TCS.NS
2025-11-27,3029.29,2968.75,3088.17,TCS.NS
2025-11-28,3026.22,2970.52,3084.23,TCS.NS
2025-12-01,3049.4,2985.61,3104.87,TCS.NS
2025-12-02,3056.68,2999.01,3113.75,TCS.NS
2025-12-03,3062.15,3002.17,3119.76,TCS.NS
2025-12-04,3066.8,3008.04,3121.27,TCS.NS
2025-12-05,3065.67,3007.46,3125.0,TCS.NS
2025-12-08,3094.05,3040.12,3150.82,TCS.NS
2025-12-09,3102.62,3041.36,3156.8,TCS.NS
2025-12-10,3109.03,3049.2,3168.17,TCS.NS
2025-12-11,3114.19,3055.73,3170.72,TCS.NS
2025-12-12,3113.11,3059.13,3176.28,TCS.NS
2025-12-15,3138.35,3080.46,3196.68,TCS.NS
2025-12-16,3144.7,3088.12,3203.36,TCS.NS
2025-12-17,3148.31,3087.43,3208.14,TCS.NS
2025-12-18,3150.12,3092.45,3206.03,TCS.NS
2025-12-19,3145.16,3081.35,3202.72,TCS.NS
2025-12-22,3156.3,3101.21,3214.92,TCS.NS
2025-12-23,3157.42,3098.73,3217.9,TCS.NS
2025-12-24,3155.68,3097.85,3216.81,TCS.NS
2025-12-26,3142.01,3081.6,3203.31,TCS.NS
2025-12-29,3139.48,3081.92,3201.53,TCS.NS
2025-12-30,3137.03,3081.16,3195.2,TCS.NS
2025-12-31,3132.36,3073.19,3192.54,TCS.NS
2026-01-01,3126.62,3068.84,3182.69,TCS.NS
2026-01-02,3115.0,3059.04,3170.27,TCS.NS
2026-01-05,3112.78,3050.83,3173.43,TCS.NS
2026-01-06,3111.95,3052.91,3170.03,TCS.NS
2026-01-07,3109.58,3051.52,3169.49,TCS.NS
2026-01-08,3106.73,3047.52,3163.23,TCS.NS
2026-01-09,3098.49,3043.27,3162.05,TCS.NS
2026-01-12,3108.07,3049.26,3165.54,TCS.NS
2026-01-13,3111.24,3050.49,3166.44,TCS.NS
2026-01-14,3112.65,3053.8,3165.99,TCS.NS
2026-01-15,3113.19,3054.54,3169.29,TCS.NS
2026-01-16,3107.8,3048.27,3167.21,TCS.NS
2026-01-19,3121.3,3064.62,3179.17,TCS.NS
2026-01-20,3123.83,3062.89,3184.6,TCS.NS
2026-01-21,3123.49,3064.42,3181.12,TCS.NS
2026-01-22,3121.12,3064.03,3177.26,TCS.NS
2026-01-23,3111.64,3053.36,3169.65,TCS.NS
2026-01-27,3099.96,3041.98,3157.38,TCS.NS
2026-01-28,3090.25,3030.78,3146.52,TCS.NS
2026-01-29,3077.77,3023.26,3136.94,TCS.NS
2026-01-30,3057.6,2996.89,3114.8,TCS.NS
2026-02-02,3018.16,2960.46,3075.57,TCS.NS
2026-02-03,3001.05,2943.45,3059.01,TCS.NS
2026-02-04,2980.58,2924.94,3037.88,TCS.NS
2026-02-05,2957.9,2898.86,3010.79,TCS.NS
2026-02-06,2928.28,2873.89,2984.1,TCS.NS
2026-02-09,2866.54,2806.96,2923.39,TCS.NS
2026-02-10,2844.42,2787.43,2901.52,TCS.NS
2026-02-11,2820.27,2762.57,2882.12,TCS.NS
2026-02-12,2795.31,2737.08,2854.96,TCS.NS
2026-02-13,2764.79,2705.79,2821.05,TCS.NS
2026-02-16,2708.3,2652.96,2759.85,TCS.NS
2026-02-17,2690.31,2635.47,2749.32,TCS.NS
2026-02-18,2671.28,2613.89,2733.45,TCS.NS
2026-02-19,2652.27,2592.12,2713.27,TCS.NS
2026-02-20,2628.37,2571.46,2688.65,TCS.NS
2026-02-23,2594.02,2531.37,2652.35,TCS.NS
2026-02-24,2583.54,2526.49,2639.27,TCS.NS
2026-02-25,2571.81,2516.46,2629.32,TCS.NS
2026-02-26,2559.72,2504.91,2616.43,TCS.NS
2026-02-27,2542.22,2482.3,2602.02,TCS.NS
2026-03-02,2522.86,2469.82,2584.35,TCS.NS
2026-03-04,2506.54,2446.18,2561.87,TCS.NS
2026-03-05,2496.12,2435.19,2556.83,TCS.NS
2026-03-06,2479.51,2421.34,2538.66,TCS.NS
2026-03-09,2458.91,2398.96,2517.88,TCS.NS
2026-03-10,2450.48,2390.57,2505.99,TCS.NS
2026-03-11,2439.72,2381.3,2495.56,TCS.NS
2026-03-12,2427.72,2369.93,2485.13,TCS.NS
2026-03-13,2409.63,2352.62,2468.94,TCS.NS
2026-03-16,2386.89,2328.22,2440.98,TCS.NS
2026-03-17,2379.01,2319.81,2434.99,TCS.NS
2026-03-18,2369.64,2309.07,2425.51,TCS.NS
2026-03-19,2359.94,2300.63,2415.65,TCS.NS
2026-03-20,2345.16,2288.58,2407.13,TCS.NS
2026-03-23,2338.54,2283.59,2397.93,TCS.NS
2026-03-24,2338.04,2277.15,2391.35,TCS.NS
2026-03-25,2336.93,2279.35,2394.91,TCS.NS
2026-03-27,2331.18,2269.67,2389.22,TCS.NS
2026-03-30,2355.82,2295.1,2414.74,TCS.NS
2026-04-01,2374.92,2315.89,2429.25,TCS.NS
2026-04-02,2383.97,2323.71,2439.67,TCS.NS
2026-04-06,2433.42,2374.57,2490.98,TCS.NS
2026-04-07,2447.84,2385.83,2506.93,TCS.NS
2026-04-08,2459.88,2400.7,2515.13,TCS.NS
2026-04-09,2470.33,2412.99,2529.37,TCS.NS
2026-04-10,2474.02,2415.52,2531.78,TCS.NS
2026-04-13,2509.36,2451.86,2566.58,TCS.NS
2026-04-15,2521.66,2463.88,2583.03,TCS.NS
2026-04-16,2523.15,2463.96,2585.15,TCS.NS
2026-04-17,2516.87,2465.52,2573.31,TCS.NS
2026-04-20,2518.05,2460.87,2577.88,TCS.NS
2026-04-21,2513.98,2454.17,2571.43,TCS.NS
2026-04-22,2506.21,2443.97,2560.91,TCS.NS
2026-04-23,2495.88,2436.96,2551.65,TCS.NS
2026-04-24,2478.21,2416.9,2533.82,TCS.NS
2026-04-27,2449.85,2391.19,2509.17,TCS.NS
2026-04-28,2437.98,2378.02,2494.92,TCS.NS
2026-04-29,2423.65,2366.25,2478.22,TCS.NS
2026-04-30,2408.07,2351.71,2466.53,TCS.NS
2026-05-01,2386.53,2328.71,2446.45,TCS.NS
2026-05-04,2354.78,2299.44,2412.85,TCS.NS
2026-05-05,2344.42,2286.37,2403.34,TCS.NS
2026-05-06,2332.79,2272.31,2393.48,TCS.NS
2026-05-07,2320.99,2263.95,2380.04,TCS.NS
2026-05-08,2304.19,2245.45,2364.29,TCS.NS
2026-05-11,2290.87,2232.49,2347.89,TCS.NS
2026-05-12,2287.51,2227.56,2342.46,TCS.NS
2026-05-13,2283.04,2224.95,2340.8,TCS.NS
2026-05-14,2278.4,2220.81,2336.53,TCS.NS
2026-05-15,2268.57,2210.97,2326.48,TCS.NS
2026-05-18,2273.82,2215.08,2332.25,TCS.NS
2026-05-19,2275.47,2217.4,2332.82,TCS.NS
2026-05-20,2275.28,2219.4,2333.59,TCS.NS
2026-05-21,2274.11,2212.34,2336.7,TCS.NS
2026-05-22,2266.92,2207.45,2322.08,TCS.NS
2026-05-25,2274.98,2217.1,2332.75,TCS.NS
2026-05-26,2275.92,2216.34,2333.83,TCS.NS
2026-05-27,2274.26,2213.34,2333.73,TCS.NS
2026-05-28,2270.95,2215.02,2328.93,TCS.NS
2026-05-29,2261.01,2205.48,2319.46,TCS.NS
2026-06-01,2257.99,2203.7,2318.04,TCS.NS
2026-06-02,2254.61,2198.54,2316.34,TCS.NS
2026-06-03,2248.48,2191.35,2303.96,TCS.NS
2026-06-04,2240.62,2184.25,2302.54,TCS.NS
2026-06-05,2226.16,2169.73,2279.36,TCS.NS
2026-06-08,2210.48,2151.2,2272.89,TCS.NS
2026-06-09,2203.41,2145.93,2261.53,TCS.NS
2026-06-10,2193.93,2131.46,2248.55,TCS.NS
2026-06-11,2183.14,2121.58,2238.0,TCS.NS
2026-06-12,2166.17,2109.07,2221.47,TCS.NS
2026-06-15,2145.81,2082.11,2199.33,TCS.NS
2026-06-16,2138.18,2077.2,2197.92,TCS.NS
2026-06-17,2128.66,2076.45,2188.6,TCS.NS
2026-06-18,2118.32,2060.75,2174.19,TCS.NS
2026-06-19,2102.32,2047.4,2161.13,TCS.NS
2026-06-22,2087.89,2033.45,2146.92,TCS.NS
2026-06-23,2083.21,2024.78,2139.48,TCS.NS
2026-06-24,2077.1,2020.04,2134.46,TCS.NS
2026-06-25,2070.64,2011.19,2127.11,TCS.NS
2026-06-26,2058.97,2001.5,2112.88,TCS.NS
2026-06-29,2059.97,2003.25,2115.31,TCS.NS
2026-06-30,2061.19,2009.02,2118.57,TCS.NS
2026-07-01,2061.3,2002.84,2116.97,TCS.NS
2026-07-02,2061.34,2001.78,2119.64,TCS.NS
2026-07-03,2056.41,2000.6,2114.12,TCS.NS
2026-07-06,2078.53,2018.42,2138.21,TCS.NS
2026-07-07,2086.86,2030.77,2144.26,TCS.NS
2026-07-08,2094.01,2036.27,2152.6,TCS.NS
2026-07-09,2100.93,2045.59,2158.7,TCS.NS
2026-07-10,2102.61,2049.78,2161.73,TCS.NS
2026-07-13,2142.21,2083.04,2195.63,TCS.NS
2026-07-14,2155.27,2102.62,2213.31,TCS.NS
2026-07-15,2166.47,2104.41,2222.37,TCS.NS
2026-07-16,2176.66,2121.63,2232.94,TCS.NS
2026-07-17,2180.8,2121.01,2236.81,TCS.NS
2026-07-20,2222.26,2161.69,2282.0,TCS.NS
2026-07-21,2234.03,2178.9,2294.64,TCS.NS
2026-07-22,2242.96,2180.63,2298.76,TCS.NS
2026-07-23,2249.95,2192.41,2305.49,TCS.NS
2026-07-24,2249.97,2192.97,2304.75,TCS.NS
2026-07-27,2274.36,2214.45,2333.13,TCS.NS
2026-07-28,2279.17,2218.82,2336.88,TCS.NS
2026-07-29,2280.7,2223.71,2336.54,TCS.NS
2026-07-30,2279.99,2223.56,2341.91,TCS.NS
2026-07-31,2272.15,2214.17,2328.6,TCS.NS
2026-08-03,2273.52,2215.96,2331.54,TCS.NS
2026-08-04,2271.34,2212.41,2335.19,TCS.NS
2026-08-05,2266.48,2213.24,2328.29,TCS.NS
2026-08-06,2260.09,2201.84,2317.79,TCS.NS
2026-08-07,2247.42,2192.94,2307.32,TCS.NS
2026-08-10,2240.18,2181.77,2298.26,TCS.NS
2026-08-11,2237.3,2179.0,2292.38,TCS.NS
2026-08-12,2232.86,2173.42,2292.1,TCS.NS
2026-08-13,2227.99,2167.56,2282.45,TCS.NS
2026-08-14,2217.89,2156.95,2278.0,TCS.NS
2026-08-17,2223.99,2165.99,2282.32,TCS.NS
2026-08-18,2227.06,2163.47,2284.8,TCS.NS
2026-08-19,2229.09,2173.43,2286.29,TCS.NS
2026-08-20,2231.04,2174.81,2286.12,TCS.NS
2026-08-21,2227.97,2171.42,2285.93,TCS.NS
2026-08-24,2254.52,2198.54,2311.89,TCS.NS
2026-08-25,2263.62,2209.2,2316.73,TCS.NS
2026-08-26,2271.02,2210.89,2325.4,TCS.NS
2026-08-27,2277.55,2224.03,2342.51,TCS.NS
2026-08-28,2278.13,2220.18,2336.06,TCS.NS
2026-08-31,2309.17,2249.77,2372.35,TCS.NS
2026-09-01,2317.44,2256.55,2377.26,TCS.NS
2026-09-02,2322.81,2264.03,2382.58,TCS.NS
2026-09-03,2326.16,2267.75,2387.26,TCS.NS
2026-09-04,2322.43,2263.66,2380.52,TCS.NS
2025-07-24,1387.76,1357.92,1420.0,TECHM.NS
2025-07-25,1391.56,1359.04,1424.57,TECHM.NS
2025-07-28,1414.38,1381.84,1448.64,TECHM.NS
2025-07-29,1419.42,1387.83,1451.55,TECHM.NS
2025-07-30,1422.05,1389.32,1453.26,TECHM.NS
2025-07-31,1422.38,1391.19,1458.1,TECHM.NS
2025-08-01,1422.24,1389.4,1452.27,TECHM.NS
2025-08-04,1433.78,1402.74,1466.34,TECHM.NS
2025-08-05,1435.38,1402.96,1469.33,TECHM.NS
2025-08-06,1434.81,1400.66,1466.32,TECHM.NS
2025-08-07,1432.21,1400.88,1466.26,TECHM.NS
2025-08-08,1429.44,1395.92,1461.1,TECHM.NS
2025-08-11,1435.1,1404.11,1468.88,TECHM.NS
2025-08-12,1435.47,1403.57,1470.18,TECHM.NS
2025-08-13,1434.03,1402.64,1467.7,TECHM.NS
2025-08-14,1430.94,1395.44,1465.39,TECHM.NS
2025-08-18,1435.28,1402.47,1467.95,TECHM.NS
2025-08-19,1436.75,1404.34,1468.26,TECHM.NS
2025-08-20,1436.63,1402.74,1468.46,TECHM.NS
2025-08-21,1435.03,1403.36,1466.88,TECHM.NS
2025-08-22,1433.75,1398.4,1466.96,TECHM.NS
2025-08-25,1446.1,1413.61,1479.58,TECHM.NS
2025-08-26,1449.17,1417.5,1483.05,TECHM.NS
2025-08-28,1450.16,1419.61,1482.98,TECHM.NS
2025-08-29,1449.9,1420.04,1484.31,TECHM.NS
2025-09-01,1463.48,1430.17,1495.17,TECHM.NS
2025-09-02,1466.25,1434.0,1500.4,TECHM.NS
2025-09-03,1466.9,1432.64,1498.25,TECHM.NS
2025-09-04,1465.49,1433.76,1500.18,TECHM.NS
2025-09-05,1463.76,1431.45,1495.93,TECHM.NS
2025-09-08,1470.8,1439.0,1503.45,TECHM.NS
2025-09-09,1470.76,1439.25,1503.87,TECHM.NS
2025-09-10,1468.37,1436.78,1501.23,TECHM.NS
2025-09-11,1463.72,1432.14,1494.58,TECHM.NS
2025-09-12,1458.63,1425.79,1491.08,TECHM.NS
2025-09-15,1455.41,1424.52,1487.3,TECHM.NS
2025-09-16,1452.12,1420.34,1486.38,TECHM.NS
2025-09-17,1446.66,1414.07,1479.64,TECHM.NS
2025-09-18,1439.21,1408.23,1469.7,TECHM.NS
2025-09-19,1431.62,1400.03,1462.58,TECHM.NS
2025-09-22,1423.23,1389.55,1453.29,TECHM.NS
2025-09-23,1419.12,1387.01,1455.97,TECHM.NS
2025-09-24,1413.32,1380.24,1446.45,TECHM.NS
2025-09-25,1406.03,1371.74,1436.05,TECHM.NS
2025-09-26,1399.09,1364.38,1432.45,TECHM.NS
2025-09-29,1395.42,1361.6,1428.42,TECHM.NS
2025-09-30,1393.69,1360.68,1425.41,TECHM.NS
2025-10-01,1390.61,1357.43,1424.05,TECHM.NS
2025-10-03,1382.56,1353.14,1415.53,TECHM.NS
2025-10-06,1389.05,1356.1,1420.18,TECHM.NS
2025-10-07,1390.66,1356.34,1422.2,TECHM.NS
2025-10-08,1390.79,1360.75,1425.21,TECHM.NS
2025-10-09,1389.48,1355.38,1420.67,TECHM.NS
2025-10-10,1388.47,1356.49,1421.2,TECHM.NS
2025-10-13,1401.12,1369.03,1435.54,TECHM.NS
2025-10-14,1403.98,1370.63,1437.77,TECHM.NS
2025-10-15,1404.9,1373.67,1438.36,TECHM.NS
2025-10-16,1403.95,1370.71,1434.51,TECHM.NS
2025-10-17,1402.85,1372.04,1432.74,TECHM.NS
2025-10-20,1412.76,1381.58,1444.1,TECHM.NS
2025-10-21,1413.99,1381.75,1447.24,TECHM.NS
2025-10-23,1409.92,1378.07,1440.69,TECHM.NS
2025-10-24,1406.53,1373.44,1439.53,TECHM.NS
2025-10-27,1409.2,1374.1,1440.88,TECHM.NS
2025-10-28,1408.13,1376.08,1440.97,TECHM.NS
2025-10-29,1405.0,1369.96,1437.89,TECHM.NS
2025-10-30,1399.99,1366.68,1431.34,TECHM.NS
2025-10-31,1394.95,1361.09,1428.11,TECHM.NS
2025-11-03,1394.74,1363.75,1425.49,TECHM.NS
2025-11-04,1393.51,1361.02,1426.25,TECHM.NS
2025-11-06,1386.35,1355.09,1420.96,TECHM.NS
2025-11-07,1382.45,1349.97,1413.63,TECHM.NS
2025-11-10,1388.13,1355.71,1419.69,TECHM.NS
2025-11-11,1389.58,1358.48,1421.03,TECHM.NS
2025-11-12,1389.72,1357.99,1422.39,TECHM.NS
2025-11-13,1388.65,1358.31,1420.95,TECHM.NS
2025-11-14,1388.2,1355.65,1421.02,TECHM.NS
2025-11-17,1404.91,1371.08,1437.14,TECHM.NS
2025-11-18,1410.09,1376.37,1439.75,TECHM.NS
2025-11-19,1413.89,1380.98,1445.49,TECHM.NS
2025-11-20,1416.38,1384.1,1449.22,TECHM.NS
2025-11-21,1419.33,1387.48,1452.78,TECHM.NS
2025-11-24,1444.88,1409.65,1477.28,TECHM.NS
2025-11-25,1452.45,1420.69,1484.24,TECHM.NS
2025-11-26,1458.32,1424.38,1491.46,TECHM.NS
2025-11-27,1462.54,1428.79,1495.02,TECHM.NS
2025-11-28,1466.86,1432.61,1496.68,TECHM.NS
2025-12-01,1494.41,1461.27,1527.13,TECHM.NS
2025-12-02,1501.93,1470.14,1534.45,TECHM.NS
2025-12-03,1507.42,1474.68,1538.51,TECHM.NS
2025-12-04,1510.93,1478.7,1544.32,TECHM.NS
2025-12-05,1514.24,1481.02,1545.59,TECHM.NS
2025-12-08,1537.06,1503.72,1570.51,TECHM.NS
2025-12-09,1542.53,1508.94,1576.85,TECHM.NS
2025-12-10,1545.76,1513.6,1577.21,TECHM.NS
2025-12-11,1546.83,1514.3,1580.62,TECHM.NS
2025-12-12,1547.54,1514.8,1581.9,TECHM.NS
2025-12-15,1561.93,1528.4,1595.04,TECHM.NS
2025-12-16,1564.45,1530.39,1599.34,TECHM.NS
2025-12-17,1564.71,1533.76,1598.93,TECHM.NS
2025-12-18,1562.83,1530.95,1595.52,TECHM.NS
2025-12-19,1560.64,1528.84,1595.56,TECHM.NS
2025-12-22,1566.85,1534.59,1598.88,TECHM.NS
2025-12-23,1566.94,1532.91,1598.15,TECHM.NS
2025-12-24,1564.98,1531.84,1595.06,TECHM.NS
2025-12-26,1557.19,1523.8,1588.69,TECHM.NS
2025-12-29,1560.16,1527.03,1593.27,TECHM.NS
2025-12-30,1559.91,1529.07,1593.35,TECHM.NS
2025-12-31,1557.99,1524.49,1591.06,TECHM.NS
2026-01-01,1554.59,1521.25,1586.63,TECHM.NS
2026-01-02,1551.56,1517.12,1583.55,TECHM.NS
2026-01-05,1559.74,1528.18,1594.07,TECHM.NS
2026-01-06,1562.02,1529.18,1595.54,TECHM.NS
2026-01-07,1563.01,1529.3,1594.8,TECHM.NS
2026-01-08,1562.83,1530.73,1595.87,TECHM.NS
2026-01-09,1563.31,1530.55,1595.17,TECHM.NS
2026-01-12,1583.07,1550.53,1614.99,TECHM.NS
2026-01-13,1589.34,1559.14,1620.35,TECHM.NS
2026-01-14,1594.24,1563.07,1626.12,TECHM.NS
2026-01-15,1597.82,1565.21,1629.78,TECHM.NS
2026-01-16,1601.81,1571.26,1637.03,TECHM.NS
2026-01-19,1629.74,1597.66,1663.24,TECHM.NS
2026-01-20,1637.66,1605.7,1669.03,TECHM.NS
2026-01-21,1643.54,1610.53,1676.21,TECHM.NS
2026-01-22,1647.36,1617.49,1682.32,TECHM.NS
2026-01-23,1650.78,1617.8,1683.87,TECHM.NS
2026-01-27,1675.68,1642.17,1707.53,TECHM.NS
2026-01-28,1676.58,1644.51,1711.97,TECHM.NS
2026-01-29,1674.57,1642.54,1708.25,TECHM.NS
2026-01-30,1671.34,1640.4,1703.02,TECHM.NS
2026-02-02,1668.22,1635.33,1701.5,TECHM.NS
2026-02-03,1662.89,1631.9,1697.74,TECHM.NS
2026-02-04,1654.25,1621.62,1685.78,TECHM.NS
2026-02-05,1642.45,1609.45,1674.71,TECHM.NS
2026-02-06,1629.33,1596.89,1660.49,TECHM.NS
2026-02-09,1597.24,1564.95,1628.17,TECHM.NS
2026-02-10,1582.95,1548.8,1614.17,TECHM.NS
2026-02-11,1565.94,1533.1,1599.8,TECHM.NS
2026-02-12,1546.47,1511.03,1578.94,TECHM.NS
2026-02-13,1526.49,1495.41,1559.97,TECHM.NS
2026-02-16,1479.68,1446.48,1508.78,TECHM.NS
2026-02-17,1462.68,1428.54,1496.95,TECHM.NS
2026-02-18,1444.11,1412.44,1475.26,TECHM.NS
2026-02-19,1424.27,1392.32,1457.43,TECHM.NS
2026-02-20,1405.09,1372.18,1437.95,TECHM.NS
2026-02-23,1367.41,1334.58,1398.55,TECHM.NS
2026-02-24,1355.49,1322.29,1389.11,TECHM.NS
2026-02-25,1342.89,1313.57,1376.3,TECHM.NS
2026-02-26,1329.78,1297.18,1362.62,TECHM.NS
2026-02-27,1318.0,1284.49,1349.88,TECHM.NS
2026-03-02,1305.18,1272.3,1335.66,TECHM.NS
2026-03-04,1298.14,1268.19,1328.79,TECHM.NS
2026-03-05,1293.67,1259.63,1325.88,TECHM.NS
2026-03-06,1290.29,1256.13,1322.85,TECHM.NS
2026-03-09,1300.26,1267.58,1334.67,TECHM.NS
2026-03-10,1303.6,1272.03,1336.36,TECHM.NS
2026-03-11,1305.63,1272.9,1338.98,TECHM.NS
2026-03-12,1306.36,1273.77,1338.58,TECHM.NS
2026-03-13,1307.49,1274.4,1339.51,TECHM.NS
2026-03-16,1326.86,1294.87,1358.81,TECHM.NS
2026-03-17,1332.02,1295.19,1362.3,TECHM.NS
2026-03-18,1335.31,1301.67,1366.77,TECHM.NS
2026-03-19,1336.77,1302.36,1369.59,TECHM.NS
2026-03-20,1338.17,1306.03,1371.83,TECHM.NS
2026-03-23,1356.35,1322.41,1388.83,TECHM.NS
2026-03-24,1360.71,1328.02,1392.97,TECHM.NS
2026-03-25,1363.08,1331.14,1393.72,TECHM.NS
2026-03-27,1364.1,1333.32,1396.16,TECHM.NS
2026-03-30,1380.17,1346.22,1412.86,TECHM.NS
2026-04-01,1386.26,1353.42,1421.61,TECHM.NS
2026-04-02,1386.71,1353.72,1416.89,TECHM.NS
2026-04-06,1404.24,1370.9,1436.91,TECHM.NS
2026-04-07,1408.56,1374.91,1442.0,TECHM.NS
2026-04-08,1411.03,1378.52,1442.26,TECHM.NS
2026-04-09,1411.73,1378.99,1445.49,TECHM.NS
2026-04-10,1412.41,1379.06,1446.04,TECHM.NS
2026-04-13,1428.33,1395.23,1461.26,TECHM.NS
2026-04-15,1432.95,1400.63,1462.75,TECHM.NS
2026-04-16,1432.04,1399.71,1463.94,TECHM.NS
2026-04-17,1430.76,1400.17,1464.41,TECHM.NS
2026-04-20,1438.79,1407.07,1471.19,TECHM.NS
2026-04-21,1438.98,1405.91,1471.05,TECHM.NS
2026-04-22,1436.77,1401.43,1469.38,TECHM.NS
2026-04-23,1432.28,1400.28,1467.37,TECHM.NS
2026-04-24,1427.31,1393.72,1461.53,TECHM.NS
2026-04-27,1424.43,1392.12,1458.04,TECHM.NS
2026-04-28,1421.29,1388.51,1454.66,TECHM.NS
2026-04-29,1416.03,1380.77,1447.17,TECHM.NS
2026-04-30,1408.83,1374.42,1441.75,TECHM.NS
2026-05-01,1401.58,1368.66,1433.81,TECHM.NS
2026-05-04,1394.91,1362.18,1426.61,TECHM.NS
2026-05-05,1391.66,1358.55,1424.88,TECHM.NS
2026-05-06,1386.89,1354.36,1416.98,TECHM.NS
2026-05-07,1380.81,1349.03,1412.34,TECHM.NS
2026-05-08,1375.29,1340.77,1409.57,TECHM.NS
2026-05-11,1377.1,1345.03,1410.74,TECHM.NS
2026-05-12,1377.61,1341.71,1408.62,TECHM.NS
2026-05-13,1376.97,1345.73,1409.99,TECHM.NS
2026-05-14,1375.29,1342.19,1407.12,TECHM.NS
2026-05-15,1374.36,1342.32,1406.23,TECHM.NS
2026-05-18,1390.15,1354.64,1422.81,TECHM.NS
2026-05-19,1395.07,1362.29,1428.12,TECHM.NS
2026-05-20,1398.56,1364.8,1432.21,TECHM.NS
2026-05-21,1400.65,1369.28,1432.31,TECHM.NS
2026-05-22,1403.03,1370.78,1436.65,TECHM.NS
2026-05-25,1425.44,1391.42,1456.94,TECHM.NS
2026-05-26,1431.31,1396.32,1465.24,TECHM.NS
2026-05-27,1435.06,1405.5,1467.88,TECHM.NS
2026-05-28,1436.72,1404.26,1467.91,TECHM.NS
2026-05-29,1437.99,1408.27,1470.63,TECHM.NS
2026-06-01,1453.27,1420.74,1486.44,TECHM.NS
2026-06-02,1455.65,1423.75,1487.83,TECHM.NS
2026-06-03,1455.45,1424.96,1489.69,TECHM.NS
2026-06-04,1452.79,1419.01,1486.64,TECHM.NS
2026-06-05,1449.45,1417.37,1481.96,TECHM.NS
2026-06-08,1450.07,1419.52,1483.2,TECHM.NS
2026-06-09,1447.59,1416.39,1479.35,TECHM.NS
2026-06-10,1442.72,1408.37,1476.04,TECHM.NS
2026-06-11,1435.65,1401.45,1468.05,TECHM.NS
2026-06-12,1428.25,1394.82,1459.15,TECHM.NS
2026-06-15,1419.47,1386.2,1450.86,TECHM.NS
2026-06-16,1414.99,1381.78,1448.19,TECHM.NS
2026-06-17,1408.75,1376.43,1443.74,TECHM.NS
2026-06-18,1400.97,1367.73,1433.98,TECHM.NS
2026-06-19,1393.54,1362.78,1425.83,TECHM.NS
2026-06-22,1388.7,1354.77,1422.22,TECHM.NS
2026-06-23,1386.81,1355.07,1418.38,TECHM.NS
2026-06-24,1383.75,1352.29,1417.13,TECHM.NS
2026-06-25,1379.68,1345.02,1410.64,TECHM.NS
2026-06-26,1376.45,1342.41,1408.44,TECHM.NS
2026-06-29,1386.48,1354.29,1417.64,TECHM.NS
2026-06-30,1390.08,1359.12,1423.47,TECHM.NS
2026-07-01,1392.65,1360.87,1426.22,TECHM.NS
2026-07-02,1394.29,1360.04,1428.03,TECHM.NS
2026-07-03,1396.77,1363.93,1431.05,TECHM.NS
2026-07-06,1423.28,1390.5,1457.9,TECHM.NS
2026-07-07,1431.94,1397.49,1464.16,TECHM.NS
2026-07-08,1439.27,1408.86,1474.3,TECHM.NS
2026-07-09,1445.31,1412.54,1478.07,TECHM.NS
2026-07-10,1451.79,1418.5,1481.82,TECHM.NS
2026-07-13,1487.6,1455.86,1519.37,TECHM.NS
2026-07-14,1498.37,1465.28,1531.02,TECHM.NS
2026-07-15,1507.31,1474.83,1542.67,TECHM.NS
2026-07-16,1514.44,1482.89,1549.35,TECHM.NS
2026-07-17,1521.49,1491.2,1555.57,TECHM.NS
2026-07-20,1556.0,1522.06,1588.74,TECHM.NS
2026-07-21,1565.4,1533.34,1596.21,TECHM.NS
2026-07-22,1572.54,1539.5,1605.69,TECHM.NS
2026-07-23,1577.46,1544.71,1610.68,TECHM.NS
2026-07-24,1581.94,1550.63,1616.68,TECHM.NS
2026-07-27,1606.95,1573.5,1637.85,TECHM.NS
2026-07-28,1612.73,1579.8,1645.13,TECHM.NS
2026-07-29,1616.08,1580.34,1649.65,TECHM.NS
2026-07-30,1617.13,1584.98,1650.89,TECHM.NS
2026-07-31,1617.68,1583.98,1650.62,TECHM.NS
2026-08-03,1631.04,1599.32,1663.03,TECHM.NS
2026-08-04,1633.15,1601.37,1665.37,TECHM.NS
2026-08-05,1633.01,1601.93,1665.25,TECHM.NS
2026-08-06,1630.78,1596.23,1662.56,TECHM.NS
2026-08-07,1628.31,1598.09,1660.52,TECHM.NS
2026-08-10,1634.45,1601.43,1666.04,TECHM.NS
2026-08-11,1634.85,1603.55,1667.75,TECHM.NS
2026-08-12,1633.37,1600.21,1665.5,TECHM.NS
2026-08-13,1630.18,1598.21,1662.6,TECHM.NS
2026-08-14,1627.12,1596.78,1660.02,TECHM.NS
2026-08-17,1633.64,1600.52,1664.34,TECHM.NS
2026-08-18,1634.8,1602.03,1666.31,TECHM.NS
2026-08-19,1634.36,1601.38,1668.22,TECHM.NS
2026-08-20,1632.43,1598.96,1665.98,TECHM.NS
2026-08-21,1630.83,1598.89,1662.62,TECHM.NS
2026-08-24,1642.34,1608.54,1675.0,TECHM.NS
2026-08-25,1645.21,1614.95,1676.87,TECHM.NS
2026-08-26,1646.39,1612.6,1680.37,TECHM.NS
2026-08-27,1645.95,1612.93,1678.97,TECHM.NS
2026-08-28,1645.66,1612.83,1678.18,TECHM.NS
2026-08-31,1659.58,1626.37,1692.54,TECHM.NS
2026-09-01,1662.61,1628.53,1695.62,TECHM.NS
2026-09-02,1663.58,1630.9,1693.2,TECHM.NS
2026-09-03,1662.56,1631.32,1693.78,TECHM.NS
2025-07-24,3376.98,3309.91,3450.85,TITAN.NS
2025-07-25,3384.46,3311.96,3461.01,TITAN.NS
2025-07-28,3374.09,3299.9,3453.85,TITAN.NS
2025-07-29,3380.86,3304.89,3449.96,TITAN.NS
2025-07-30,3399.12,3323.14,3471.4,TITAN.NS
2025-07-31,3396.87,3323.05,3472.03,TITAN.NS
2025-08-01,3402.79,3333.63,3471.12,TITAN.NS
2025-08-04,3391.94,3319.53,3460.86,TITAN.NS
2025-08-05,3400.01,3325.84,3470.32,TITAN.NS
2025-08-06,3420.3,3343.08,3496.4,TITAN.NS
2025-08-07,3420.78,3350.25,3492.73,TITAN.NS
2025-08-08,3430.08,3354.61,3506.64,TITAN.NS
2025-08-11,3432.72,3355.98,3503.32,TITAN.NS
2025-08-12,3446.12,3369.04,3514.91,TITAN.NS
2025-08-13,3471.99,3398.44,3538.94,TITAN.NS
2025-08-14,3478.17,3407.67,3549.0,TITAN.NS
2025-08-18,3511.66,3437.75,3583.1,TITAN.NS
2025-08-19,3529.45,3457.82,3600.76,TITAN.NS
2025-08-20,3559.05,3483.15,3630.1,TITAN.NS
2025-08-21,3568.16,3496.23,3639.18,TITAN.NS
2025-08-22,3585.22,3510.5,3655.36,TITAN.NS
2025-08-25,3603.43,3537.66,3677.98,TITAN.NS
2025-08-26,3618.77,3543.39,3692.59,TITAN.NS
2025-08-28,3648.87,3581.35,3719.44,TITAN.NS
2025-08-29,3659.75,3585.81,3732.72,TITAN.NS
2025-09-01,3652.54,3579.31,3724.21,TITAN.NS
2025-09-02,3657.4,3584.14,3728.86,TITAN.NS
2025-09-03,3672.02,3591.5,3742.72,TITAN.NS
2025-09-04,3664.26,3589.36,3734.14,TITAN.NS
2025-09-05,3662.7,3590.92,3736.86,TITAN.NS
2025-09-08,3617.11,3539.83,3693.76,TITAN.NS
2025-09-09,3609.49,3533.9,3683.43,TITAN.NS
2025-09-10,3612.11,3537.07,3687.39,TITAN.NS
2025-09-11,3593.05,3529.15,3662.38,TITAN.NS
2025-09-12,3581.07,3508.89,3653.59,TITAN.NS
2025-09-15,3511.31,3433.57,3581.03,TITAN.NS
2025-09-16,3498.48,3418.55,3564.38,TITAN.NS
2025-09-17,3497.51,3419.02,3571.18,TITAN.NS
2025-09-18,3476.55,3398.43,3543.82,TITAN.NS
2025-09-19,3464.43,3389.12,3534.1,TITAN.NS
2025-09-22,3404.72,3332.84,3481.64,TITAN.NS
2025-09-23,3398.6,3325.59,3468.18,TITAN.NS
2025-09-24,3405.9,3334.8,3476.23,TITAN.NS
2025-09-25,3394.61,3320.11,3466.7,TITAN.NS
2025-09-26,3393.43,3320.93,3464.02,TITAN.NS
2025-09-29,3372.34,3295.59,3445.42,TITAN.NS
2025-09-30,3380.35,3304.57,3453.94,TITAN.NS
2025-10-01,3402.02,3329.85,3474.64,TITAN.NS
2025-10-03,3418.21,3345.1,3496.45,TITAN.NS
2025-10-06,3436.59,3364.53,3513.28,TITAN.NS
2025-10-07,3456.05,3377.89,3525.93,TITAN.NS
2025-10-08,3488.07,3407.96,3563.61,TITAN.NS
2025-10-09,3500.29,3434.58,3572.97,TITAN.NS
2025-10-10,3521.09,3449.4,3595.91,TITAN.NS
2025-10-13,3554.07,3480.6,3623.97,TITAN.NS
2025-10-14,3575.47,3494.51,3643.51,TITAN.NS
2025-10-15,3608.0,3536.01,3687.4,TITAN.NS
2025-10-16,3619.4,3538.87,3687.69,TITAN.NS
2025-10-17,3638.13,3566.46,3710.48,TITAN.NS
2025-10-20,3658.67,3581.58,3729.88,TITAN.NS
2025-10-21,3674.34,3601.18,3746.42,TITAN.NS
2025-10-23,3705.46,3630.77,3778.47,TITAN.NS
2025-10-24,3717.44,3643.32,3788.61,TITAN.NS
2025-10-27,3718.37,3646.36,3795.52,TITAN.NS
2025-10-28,3728.21,3658.83,3805.28,TITAN.NS
2025-10-29,3749.22,3678.82,3827.23,TITAN.NS
2025-10-30,3749.4,3676.97,3824.27,TITAN.NS
2025-10-31,3757.46,3686.21,3833.03,TITAN.NS
2025-11-03,3751.24,3679.04,3822.6,TITAN.NS
2025-11-04,3760.23,3688.98,3830.87,TITAN.NS
2025-11-06,3781.79,3707.79,3848.98,TITAN.NS
2025-11-07,3790.89,3717.52,3865.41,TITAN.NS
2025-11-10,3790.03,3716.41,3861.67,TITAN.NS
2025-11-11,3801.14,3720.66,3877.42,TITAN.NS
2025-11-12,3824.07,3751.68,3904.95,TITAN.NS
2025-11-13,3826.63,3753.34,3896.73,TITAN.NS
2025-11-14,3837.31,3757.56,3910.3,TITAN.NS
2025-11-17,3838.26,3763.71,3914.63,TITAN.NS
2025-11-18,3848.71,3776.95,3923.66,TITAN.NS
2025-11-19,3870.28,3800.32,3947.62,TITAN.NS
2025-11-20,3870.72,3798.56,3943.54,TITAN.NS
2025-11-21,3878.54,3806.02,3955.04,TITAN.NS
2025-11-24,3866.76,3799.76,3940.09,TITAN.NS
2025-11-25,3871.82,3799.56,3945.38,TITAN.NS
2025-11-26,3887.57,3814.13,3960.59,TITAN.NS
2025-11-27,3881.91,3810.54,3956.58,TITAN.NS
2025-11-28,3883.46,3810.45,3956.96,TITAN.NS
2025-12-01,3853.49,3783.87,3932.13,TITAN.NS
2025-12-02,3853.2,3781.42,3927.12,TITAN.NS
2025-12-03,3864.21,3790.01,3936.82,TITAN.NS
2025-12-04,3854.58,3781.49,3927.0,TITAN.NS
2025-12-05,3853.05,3781.32,3930.76,TITAN.NS
2025-12-08,3820.24,3751.02,3883.77,TITAN.NS
2025-12-09,3821.38,3744.77,3891.5,TITAN.NS
2025-12-10,3835.08,3763.78,3904.21,TITAN.NS
2025-12-11,3829.38,3752.25,3901.64,TITAN.NS
2025-12-12,3833.01,3758.96,3907.13,TITAN.NS
2025-12-15,3822.28,3749.63,3889.67,TITAN.NS
2025-12-16,3832.63,3763.52,3905.34,TITAN.NS
2025-12-17,3856.22,3785.39,3925.97,TITAN.NS
2025-12-18,3860.93,3785.25,3928.18,TITAN.NS
2025-12-19,3875.29,3798.58,3942.83,TITAN.NS
2025-12-22,3896.71,3826.0,3962.2,TITAN.NS
2025-12-23,3917.08,3849.65,3990.63,TITAN.NS
2025-12-24,3950.01,3876.74,4024.26,TITAN.NS
2025-12-26,3984.94,3911.53,4063.88,TITAN.NS
2025-12-29,4020.8,3952.92,4094.58,TITAN.NS
2025-12-30,4043.02,3972.36,4112.63,TITAN.NS
2025-12-31,4076.18,4005.36,4153.11,TITAN.NS
2026-01-01,4087.96,4013.52,4161.85,TITAN.NS
2026-01-02,4106.7,4036.31,4179.72,TITAN.NS
2026-01-05,4124.22,4050.31,4204.74,TITAN.NS
2026-01-06,4137.53,4066.16,4210.49,TITAN.NS
2026-01-07,4160.62,4088.42,4231.69,TITAN.NS
2026-01-08,4161.32,4089.21,4236.44,TITAN.NS
2026-01-09,4168.18,4095.88,4244.86,TITAN.NS
2026-01-12,4147.26,4068.67,4213.34,TITAN.NS
2026-01-13,4147.59,4071.43,4219.19,TITAN.NS
2026-01-14,4157.99,4085.55,4231.7,TITAN.NS
2026-01-15,4146.51,4070.48,4220.23,TITAN.NS
2026-01-16,4141.93,4070.2,4215.64,TITAN.NS
2026-01-19,4093.04,4018.77,4167.01,TITAN.NS
2026-01-20,4086.7,4013.03,4155.12,TITAN.NS
2026-01-21,4091.99,4018.79,4165.46,TITAN.NS
2026-01-22,4077.03,4001.45,4148.85,TITAN.NS
2026-01-23,4070.67,4002.51,4141.02,TITAN.NS
2026-01-27,4025.43,3947.2,4095.15,TITAN.NS
2026-01-28,4037.25,3962.63,4113.88,TITAN.NS
2026-01-29,4030.26,3956.72,4097.57,TITAN.NS
2026-01-30,4033.13,3960.52,4108.37,TITAN.NS
2026-02-02,4022.82,3947.96,4100.36,TITAN.NS
2026-02-03,4033.97,3958.9,4110.03,TITAN.NS
2026-02-04,4058.57,3989.44,4132.94,TITAN.NS
2026-02-05,4064.39,3990.92,4137.65,TITAN.NS
2026-02-06,4079.9,4007.02,4150.74,TITAN.NS
2026-02-09,4104.13,4030.36,4178.66,TITAN.NS
2026-02-10,4124.98,4058.43,4198.07,TITAN.NS
2026-02-11,4158.03,4084.86,4235.66,TITAN.NS
2026-02-12,4170.93,4102.59,4239.58,TITAN.NS
2026-02-13,4191.98,4124.34,4267.37,TITAN.NS
2026-02-16,4222.68,4144.26,4289.44,TITAN.NS
2026-02-17,4242.08,4170.57,4316.93,TITAN.NS
2026-02-18,4271.89,4201.91,4350.2,TITAN.NS
2026-02-19,4279.75,4209.22,4353.52,TITAN.NS
2026-02-20,4294.03,4222.31,4368.5,TITAN.NS
2026-02-23,4295.04,4217.41,4368.83,TITAN.NS
2026-02-24,4301.89,4231.89,4375.69,TITAN.NS
2026-02-25,4318.1,4247.92,4393.35,TITAN.NS
2026-02-26,4311.51,4240.1,4383.24,TITAN.NS
2026-02-27,4310.72,4239.19,4382.56,TITAN.NS
2026-03-02,4265.05,4188.66,4338.78,TITAN.NS
2026-03-04,4258.14,4186.48,4333.39,TITAN.NS
2026-03-05,4237.62,4168.59,4307.98,TITAN.NS
2026-03-06,4223.9,4149.95,4297.55,TITAN.NS
2026-03-09,4147.38,4074.07,4218.25,TITAN.NS
2026-03-10,4131.91,4058.13,4198.73,TITAN.NS
2026-03-11,4128.18,4055.93,4201.47,TITAN.NS
2026-03-12,4104.36,4032.56,4174.74,TITAN.NS
2026-03-13,4089.35,4018.15,4159.23,TITAN.NS
2026-03-16,4021.23,3950.43,4090.41,TITAN.NS
2026-03-17,4012.59,3944.62,4082.44,TITAN.NS
2026-03-18,4017.6,3945.35,4088.32,TITAN.NS
2026-03-19,4004.34,3934.08,4074.54,TITAN.NS
2026-03-20,4001.54,3926.5,4075.17,TITAN.NS
2026-03-23,3978.44,3905.44,4050.86,TITAN.NS
2026-03-24,3986.93,3915.73,4055.24,TITAN.NS
2026-03-25,4009.75,3935.45,4078.9,TITAN.NS
2026-03-27,4030.42,3963.59,4101.89,TITAN.NS
2026-03-30,4061.42,3988.05,4137.42,TITAN.NS
2026-04-01,4125.3,4050.97,4202.45,TITAN.NS
2026-04-02,4144.84,4068.01,4217.71,TITAN.NS
2026-04-06,4233.85,4158.26,4309.69,TITAN.NS
2026-04-07,4265.04,4191.35,4334.38,TITAN.NS
2026-04-08,4307.51,4232.68,4375.13,TITAN.NS
2026-04-09,4328.83,4252.39,4402.18,TITAN.NS
2026-04-10,4357.29,4292.59,4428.34,TITAN.NS
2026-04-13,4404.11,4330.55,4481.72,TITAN.NS
2026-04-15,4459.32,4393.82,4536.85,TITAN.NS
2026-04-16,4468.91,4396.17,4543.08,TITAN.NS
2026-04-17,4484.19,4418.28,4557.31,TITAN.NS
2026-04-20,4484.66,4412.6,4558.34,TITAN.NS
2026-04-21,4490.48,4415.72,4563.36,TITAN.NS
2026-04-22,4505.38,4426.84,4582.08,TITAN.NS
2026-04-23,4497.32,4426.54,4574.32,TITAN.NS
2026-04-24,4494.96,4422.2,4566.02,TITAN.NS
2026-04-27,4444.71,4370.91,4514.2,TITAN.NS
2026-04-28,4435.0,4359.38,4506.22,TITAN.NS
2026-04-29,4435.35,4362.61,4509.35,TITAN.NS
2026-04-30,4413.86,4340.39,4484.85,TITAN.NS
2026-05-01,4399.33,4324.7,4473.46,TITAN.NS
2026-05-04,4321.03,4245.07,4391.41,TITAN.NS
2026-05-05,4305.0,4232.73,4376.16,TITAN.NS
2026-05-06,4300.58,4224.27,4372.77,TITAN.NS
2026-05-07,4275.87,4205.1,4351.4,TITAN.NS
2026-05-08,4259.64,4183.49,4335.23,TITAN.NS
2026-05-11,4184.86,4113.5,4260.35,TITAN.NS
2026-05-12,4172.59,4100.35,4240.93,TITAN.NS
2026-05-13,4173.08,4095.52,4245.36,TITAN.NS
2026-05-14,4154.3,4075.57,4226.34,TITAN.NS
2026-05-15,4144.89,4077.52,4213.56,TITAN.NS
2026-05-18,4094.62,4026.29,4165.82,TITAN.NS
2026-05-19,4091.45,4021.32,4169.54,TITAN.NS
2026-05-20,4101.27,4026.69,4169.69,TITAN.NS
2026-05-21,4091.95,4016.05,4167.65,TITAN.NS
2026-05-22,4092.02,4018.87,4164.61,TITAN.NS
2026-05-25,4069.27,3995.08,4146.96,TITAN.NS
2026-05-26,4074.69,3994.27,4146.32,TITAN.NS
2026-05-27,4092.71,4018.69,4167.89,TITAN.NS
2026-05-28,4091.13,4019.56,4160.42,TITAN.NS
2026-05-29,4098.46,4023.24,4174.61,TITAN.NS
2026-06-01,4094.39,4016.32,4169.63,TITAN.NS
2026-06-02,4105.0,4030.55,4187.04,TITAN.NS
2026-06-03,4127.7,4051.66,4196.51,TITAN.NS
2026-06-04,4130.34,4056.38,4199.04,TITAN.NS
2026-06-05,4141.44,4069.97,4216.54,TITAN.NS
2026-06-08,4146.44,4070.88,4220.78,TITAN.NS
2026-06-09,4159.46,4087.94,4231.95,TITAN.NS
2026-06-10,4184.36,4108.66,4254.89,TITAN.NS
2026-06-11,4189.0,4121.24,4254.72,TITAN.NS
2026-06-12,4201.98,4128.28,4274.13,TITAN.NS
2026-06-15,4212.19,4140.29,4283.04,TITAN.NS
2026-06-16,4226.93,4151.1,4302.54,TITAN.NS
2026-06-17,4253.58,4186.33,4324.79,TITAN.NS
2026-06-18,4260.03,4190.27,4332.71,TITAN.NS
2026-06-19,4274.88,4199.54,4351.02,TITAN.NS
2026-06-22,4291.19,4219.09,4362.31,TITAN.NS
2026-06-23,4308.11,4231.59,4381.16,TITAN.NS
2026-06-24,4336.98,4262.88,4408.71,TITAN.NS
2026-06-25,4345.69,4270.69,4414.35,TITAN.NS
2026-06-26,4362.8,4290.35,4437.78,TITAN.NS
2026-06-29,4385.63,4314.39,4457.86,TITAN.NS
2026-06-30,4404.52,4328.84,4475.94,TITAN.NS
2026-07-01,4435.2,4359.6,4508.87,TITAN.NS
2026-07-02,4445.51,4368.86,4518.27,TITAN.NS
2026-07-03,4463.99,4392.81,4534.53,TITAN.NS
2026-07-06,4489.12,4412.81,4558.29,TITAN.NS
2026-07-07,4508.06,4435.76,4579.4,TITAN.NS
2026-07-08,4538.41,4465.63,4614.58,TITAN.NS
2026-07-09,4547.96,4474.88,4626.12,TITAN.NS
2026-07-10,4565.25,4493.35,4638.35,TITAN.NS
2026-07-13,4584.14,4509.08,4653.21,TITAN.NS
2026-07-14,4600.13,4524.37,4672.78,TITAN.NS
2026-07-15,4627.11,4550.41,4698.56,TITAN.NS
2026-07-16,4632.92,4562.5,4700.39,TITAN.NS
2026-07-17,4646.12,4573.03,4715.5,TITAN.NS
2026-07-20,4651.1,4578.91,4722.03,TITAN.NS
2026-07-21,4662.09,4588.78,4734.28,TITAN.NS
2026-07-22,4684.01,4610.79,4761.1,TITAN.NS
2026-07-23,4684.75,4614.25,4759.17,TITAN.NS
2026-07-24,4692.95,4624.51,4774.68,TITAN.NS
2026-07-27,4684.18,4612.25,4757.83,TITAN.NS
2026-07-28,4691.25,4623.08,4767.35,TITAN.NS
2026-07-29,4709.7,4635.04,4776.76,TITAN.NS
2026-07-30,4707.5,4631.1,4782.43,TITAN.NS
2026-07-31,4713.33,4641.12,4788.29,TITAN.NS
2026-08-03,4701.43,4629.71,4778.89,TITAN.NS
2026-08-04,4708.89,4635.26,4781.59,TITAN.NS
2026-08-05,4728.45,4652.03,4803.13,TITAN.NS
2026-08-06,4728.1,4652.63,4799.71,TITAN.NS
2026-08-07,4736.49,4661.28,4814.3,TITAN.NS
2026-08-10,4736.05,4663.0,4809.77,TITAN.NS
2026-08-11,4748.38,4672.13,4817.0,TITAN.NS
2026-08-12,4773.19,4700.1,4848.72,TITAN.NS
2026-08-13,4778.37,4707.47,4853.45,TITAN.NS
2026-08-14,4792.44,4719.78,4866.15,TITAN.NS
2026-08-17,4808.76,4737.66,4882.91,TITAN.NS
2026-08-18,4826.13,4751.79,4897.82,TITAN.NS
2026-08-19,4855.48,4781.99,4925.85,TITAN.NS
2026-08-20,4864.56,4792.99,4935.49,TITAN.NS
2026-08-21,4881.78,4803.96,4951.44,TITAN.NS
2026-08-24,4901.87,4827.63,4970.96,TITAN.NS
2026-08-25,4918.31,4845.79,4992.96,TITAN.NS
2026-08-26,4945.52,4869.91,5015.48,TITAN.NS
2026-08-27,4951.23,4877.76,5021.29,TITAN.NS
2026-08-28,4963.83,4890.9,5040.52,TITAN.NS
2026-08-31,4962.75,4888.16,5036.54,TITAN.NS
2026-09-01,4969.89,4898.01,5043.58,TITAN.NS
2026-09-02,4986.85,4911.49,5059.98,TITAN.NS
2026-09-03,4981.45,4909.9,5050.58,TITAN.NS
2025-07-24,12082.7,11870.4,12291.0,ULTRACEMCO.NS
2025-07-25,12087.51,11883.92,12305.22,ULTRACEMCO.NS
2025-07-28,12165.63,11950.69,12356.69,ULTRACEMCO.NS
2025-07-29,12182.65,11973.75,12388.14,ULTRACEMCO.NS
2025-07-30,12249.46,12047.06,12466.09,ULTRACEMCO.NS
2025-07-31,12239.13,12033.67,12445.73,ULTRACEMCO.NS
2025-08-01,12243.51,12027.46,12445.41,ULTRACEMCO.NS
2025-08-04,12315.97,12116.79,12533.12,ULTRACEMCO.NS
2025-08-05,12329.94,12122.31,12543.07,ULTRACEMCO.NS
2025-08-06,12393.38,12180.77,12593.03,ULTRACEMCO.NS
2025-08-07,12379.41,12170.95,12588.14,ULTRACEMCO.NS
2025-08-08,12380.01,12182.04,12581.19,ULTRACEMCO.NS
2025-08-11,12441.58,12237.8,12657.25,ULTRACEMCO.NS
2025-08-12,12452.4,12239.75,12659.55,ULTRACEMCO.NS
2025-08-13,12513.01,12321.38,12729.2,ULTRACEMCO.NS
2025-08-14,12496.62,12270.92,12716.42,ULTRACEMCO.NS
2025-08-18,12553.05,12354.1,12759.81,ULTRACEMCO.NS
2025-08-19,12563.16,12359.92,12775.21,ULTRACEMCO.NS
2025-08-20,12623.15,12417.9,12840.4,ULTRACEMCO.NS
2025-08-21,12606.08,12387.44,12817.89,ULTRACEMCO.NS
2025-08-22,12603.82,12397.05,12814.92,ULTRACEMCO.NS
2025-08-25,12656.2,12455.67,12852.31,ULTRACEMCO.NS
2025-08-26,12663.0,12468.39,12870.81,ULTRACEMCO.NS
2025-08-28,12696.13,12494.91,12888.54,ULTRACEMCO.NS
2025-08-29,12687.17,12481.15,12874.78,ULTRACEMCO.NS
2025-09-01,12711.3,12510.26,12909.21,ULTRACEMCO.NS
2025-09-02,12705.92,12503.82,12908.05,ULTRACEMCO.NS
2025-09-03,12748.11,12562.71,12960.46,ULTRACEMCO.NS
2025-09-04,12710.9,12515.69,12923.29,ULTRACEMCO.NS
2025-09-05,12686.19,12476.49,12870.22,ULTRACEMCO.NS
2025-09-08,12658.61,12445.94,12854.81,ULTRACEMCO.NS
2025-09-09,12635.3,12425.39,12832.03,ULTRACEMCO.NS
2025-09-10,12659.64,12454.0,12877.54,ULTRACEMCO.NS
2025-09-11,12604.99,12414.9,12795.35,ULTRACEMCO.NS
2025-09-12,12563.52,12356.39,12772.73,ULTRACEMCO.NS
2025-09-15,12492.69,12292.14,12697.13,ULTRACEMCO.NS
2025-09-16,12458.19,12259.83,12655.53,ULTRACEMCO.NS
2025-09-17,12473.35,12278.55,12677.39,ULTRACEMCO.NS
2025-09-18,12411.69,12206.63,12611.11,ULTRACEMCO.NS
2025-09-19,12365.52,12165.51,12575.54,ULTRACEMCO.NS
2025-09-22,12295.18,12093.21,12509.79,ULTRACEMCO.NS
2025-09-23,12265.68,12069.29,12468.98,ULTRACEMCO.NS
2025-09-24,12288.12,12081.14,12496.17,ULTRACEMCO.NS
2025-09-25,12235.87,12031.26,12439.49,ULTRACEMCO.NS
2025-09-26,12201.04,12002.69,12396.89,ULTRACEMCO.NS
2025-09-29,12173.7,11970.77,12379.12,ULTRACEMCO.NS
2025-09-30,12160.51,11954.01,12359.0,ULTRACEMCO.NS
2025-10-01,12199.7,12005.68,12406.34,ULTRACEMCO.NS
2025-10-03,12146.0,11937.91,12337.05,ULTRACEMCO.NS
2025-10-06,12163.38,11958.06,12365.31,ULTRACEMCO.NS
2025-10-07,12162.45,11958.79,12360.67,ULTRACEMCO.NS
2025-10-08,12212.15,11993.01,12418.22,ULTRACEMCO.NS
2025-10-09,12185.3,11981.6,12401.45,ULTRACEMCO.NS
2025-10-10,12173.52,11963.49,12377.58,ULTRACEMCO.NS
2025-10-13,12197.15,11997.52,12415.41,ULTRACEMCO.NS
2025-10-14,12193.91,11978.66,12394.36,ULTRACEMCO.NS
2025-10-15,12239.22,12028.52,12430.05,ULTRACEMCO.NS
2025-10-16,12206.06,11997.76,12405.15,ULTRACEMCO.NS
2025-10-17,12186.24,11985.65,12394.08,ULTRACEMCO.NS
2025-10-20,12177.68,11951.67,12383.76,ULTRACEMCO.NS
2025-10-21,12161.93,11945.07,12370.17,ULTRACEMCO.NS
2025-10-23,12148.18,11944.92,12350.74,ULTRACEMCO.NS
2025-10-24,12115.54,11904.28,12310.71,ULTRACEMCO.NS
2025-10-27,12072.39,11868.38,12290.36,ULTRACEMCO.NS
2025-10-28,12047.17,11846.39,12260.2,ULTRACEMCO.NS
2025-10-29,12071.43,11856.89,12270.42,ULTRACEMCO.NS
2025-10-30,12018.58,11815.33,12204.83,ULTRACEMCO.NS
2025-10-31,11980.79,11781.48,12180.89,ULTRACEMCO.NS
2025-11-03,11931.7,11736.87,12139.26,ULTRACEMCO.NS
2025-11-04,11907.53,11707.19,12115.48,ULTRACEMCO.NS
2025-11-06,11884.99,11682.56,12080.89,ULTRACEMCO.NS
2025-11-07,11851.89,11648.34,12041.16,ULTRACEMCO.NS
2025-11-10,11821.13,11621.99,12014.71,ULTRACEMCO.NS
2025-11-11,11803.79,11607.91,12015.36,ULTRACEMCO.NS
2025-11-12,11837.31,11637.05,12056.01,ULTRACEMCO.NS
2025-11-13,11794.72,11580.08,11993.61,ULTRACEMCO.NS
2025-11-14,11767.85,11584.0,11975.11,ULTRACEMCO.NS
2025-11-17,11751.88,11545.1,11968.23,ULTRACEMCO.NS
2025-11-18,11737.77,11540.4,11931.51,ULTRACEMCO.NS
2025-11-19,11773.57,11584.94,11977.38,ULTRACEMCO.NS
2025-11-20,11732.28,11531.84,11927.16,ULTRACEMCO.NS
2025-11-21,11705.75,11503.63,11909.9,ULTRACEMCO.NS
2025-11-24,11685.73,11494.38,11891.53,ULTRACEMCO.NS
2025-11-25,11668.96,11472.06,11855.66,ULTRACEMCO.NS
2025-11-26,11701.66,11501.35,11915.18,ULTRACEMCO.NS
2025-11-27,11657.05,11470.02,11870.61,ULTRACEMCO.NS
2025-11-28,11627.15,11419.44,11831.51,ULTRACEMCO.NS
2025-12-01,11598.65,11386.2,11805.28,ULTRACEMCO.NS
2025-12-02,11580.23,11384.34,11772.79,ULTRACEMCO.NS
2025-12-03,11612.17,11408.55,11820.11,ULTRACEMCO.NS
2025-12-04,11567.84,11359.01,11783.98,ULTRACEMCO.NS
2025-12-05,11539.38,11331.86,11734.6,ULTRACEMCO.NS
2025-12-08,11523.05,11317.68,11717.15,ULTRACEMCO.NS
2025-12-09,11511.46,11312.62,11714.41,ULTRACEMCO.NS
2025-12-10,11551.6,11350.23,11767.22,ULTRACEMCO.NS
2025-12-11,11516.8,11309.56,11719.24,ULTRACEMCO.NS
2025-12-12,11499.11,11292.23,11707.6,ULTRACEMCO.NS
2025-12-15,11521.4,11323.6,11728.94,ULTRACEMCO.NS
2025-12-16,11524.25,11306.96,11728.04,ULTRACEMCO.NS
2025-12-17,11579.35,11381.11,11772.45,ULTRACEMCO.NS
2025-12-18,11559.77,11350.78,11757.29,ULTRACEMCO.NS
2025-12-19,11557.42,11358.19,11767.68,ULTRACEMCO.NS
2025-12-22,11624.22,11427.07,11815.16,ULTRACEMCO.NS
2025-12-23,11640.79,11446.65,11858.65,ULTRACEMCO.NS
2025-12-24,11708.74,11505.33,11926.36,ULTRACEMCO.NS
2025-12-26,11709.42,11512.24,11920.28,ULTRACEMCO.NS
2025-12-29,11800.83,11586.84,12000.82,ULTRACEMCO.NS
2025-12-30,11822.9,11625.26,12028.43,ULTRACEMCO.NS
2025-12-31,11894.99,11697.49,12097.46,ULTRACEMCO.NS
2026-01-01,11890.08,11697.85,12088.73,ULTRACEMCO.NS
2026-01-02,11899.98,11698.31,12097.51,ULTRACEMCO.NS
2026-01-05,11989.15,11789.14,12193.5,ULTRACEMCO.NS
2026-01-06,12008.6,11793.55,12207.51,ULTRACEMCO.NS
2026-01-07,12077.36,11867.39,12276.93,ULTRACEMCO.NS
2026-01-08,12068.58,11862.89,12265.91,ULTRACEMCO.NS
2026-01-09,12074.24,11862.61,12277.26,ULTRACEMCO.NS
2026-01-12,12150.03,11955.53,12363.89,ULTRACEMCO.NS
2026-01-13,12165.35,11960.03,12364.89,ULTRACEMCO.NS
2026-01-14,12230.41,12028.71,12435.64,ULTRACEMCO.NS
2026-01-15,12218.48,12001.23,12421.93,ULTRACEMCO.NS
2026-01-16,12221.65,12008.5,12411.28,ULTRACEMCO.NS
2026-01-19,12294.99,12089.92,12501.26,ULTRACEMCO.NS
2026-01-20,12311.36,12121.75,12510.14,ULTRACEMCO.NS
2026-01-21,12378.45,12178.84,12591.59,ULTRACEMCO.NS
2026-01-22,12369.53,12148.49,12577.13,ULTRACEMCO.NS
2026-01-23,12376.66,12180.78,12562.82,ULTRACEMCO.NS
2026-01-27,12490.11,12280.89,12697.16,ULTRACEMCO.NS
2026-01-28,12564.53,12370.17,12761.73,ULTRACEMCO.NS
2026-01-29,12563.18,12358.09,12787.04,ULTRACEMCO.NS
2026-01-30,12577.93,12383.76,12772.11,ULTRACEMCO.NS
2026-02-02,12689.05,12474.53,12902.02,ULTRACEMCO.NS
2026-02-03,12717.9,12527.12,12926.84,ULTRACEMCO.NS
2026-02-04,12796.74,12579.71,13007.11,ULTRACEMCO.NS
2026-02-05,12798.41,12598.84,12998.42,ULTRACEMCO.NS
2026-02-06,12814.53,12599.03,13007.19,ULTRACEMCO.NS
2026-02-09,12917.31,12725.57,13125.74,ULTRACEMCO.NS
2026-02-10,12938.45,12731.19,13142.13,ULTRACEMCO.NS
2026-02-11,13006.79,12803.1,13214.7,ULTRACEMCO.NS
2026-02-12,12995.01,12805.2,13202.91,ULTRACEMCO.NS
2026-02-13,12994.57,12789.37,13200.24,ULTRACEMCO.NS
2026-02-16,13028.36,12831.22,13223.06,ULTRACEMCO.NS
2026-02-17,13020.03,12812.18,13223.73,ULTRACEMCO.NS
2026-02-18,13055.76,12851.63,13269.88,ULTRACEMCO.NS
2026-02-19,13008.35,12819.66,13216.19,ULTRACEMCO.NS
2026-02-20,12969.47,12752.95,13170.8,ULTRACEMCO.NS
2026-02-23,12873.77,12660.98,13072.24,ULTRACEMCO.NS
2026-02-24,12818.71,12607.46,13025.76,ULTRACEMCO.NS
2026-02-25,12806.61,12603.99,13002.71,ULTRACEMCO.NS
2026-02-26,12710.79,12507.5,12907.97,ULTRACEMCO.NS
2026-02-27,12623.42,12425.54,12828.75,ULTRACEMCO.NS
2026-03-02,12387.4,12176.49,12596.91,ULTRACEMCO.NS
2026-03-04,12236.89,12035.24,12435.48,ULTRACEMCO.NS
2026-03-05,12104.21,11916.2,12316.1,ULTRACEMCO.NS
2026-03-06,11983.95,11780.79,12194.0,ULTRACEMCO.NS
2026-03-09,11678.11,11471.57,11877.49,ULTRACEMCO.NS
2026-03-10,11567.7,11360.85,11755.22,ULTRACEMCO.NS
2026-03-11,11509.18,11303.89,11702.91,ULTRACEMCO.NS
2026-03-12,11376.64,11159.77,11574.47,ULTRACEMCO.NS
2026-03-13,11262.96,11064.67,11467.56,ULTRACEMCO.NS
2026-03-16,11015.65,10816.47,11220.1,ULTRACEMCO.NS
2026-03-17,10937.28,10730.9,11137.26,ULTRACEMCO.NS
2026-03-18,10916.62,10715.4,11125.23,ULTRACEMCO.NS
2026-03-19,10827.36,10635.16,11036.45,ULTRACEMCO.NS
2026-03-20,10761.93,10538.79,10971.03,ULTRACEMCO.NS
2026-03-23,10683.27,10477.59,10894.12,ULTRACEMCO.NS
2026-03-24,10666.83,10452.17,10879.82,ULTRACEMCO.NS
2026-03-25,10709.72,10513.22,10917.85,ULTRACEMCO.NS
2026-03-27,10683.86,10465.45,10873.16,ULTRACEMCO.NS
2026-03-30,10790.88,10579.3,10992.22,ULTRACEMCO.NS
2026-04-01,10927.41,10734.56,11134.52,ULTRACEMCO.NS
2026-04-02,10951.52,10738.95,11151.35,ULTRACEMCO.NS
2026-04-06,11201.9,11000.08,11402.89,ULTRACEMCO.NS
2026-04-07,11264.03,11049.14,11469.36,ULTRACEMCO.NS
2026-04-08,11375.82,11167.7,11575.63,ULTRACEMCO.NS
2026-04-09,11409.62,11198.84,11621.27,ULTRACEMCO.NS
2026-04-10,11456.67,11251.31,11657.15,ULTRACEMCO.NS
2026-04-13,11642.72,11434.71,11838.02,ULTRACEMCO.NS
2026-04-15,11779.28,11572.98,11981.39,ULTRACEMCO.NS
2026-04-16,11788.89,11583.51,11990.13,ULTRACEMCO.NS
2026-04-17,11808.8,11594.97,12007.1,ULTRACEMCO.NS
2026-04-20,11901.81,11702.17,12094.56,ULTRACEMCO.NS
2026-04-21,11914.34,11707.75,12104.13,ULTRACEMCO.NS
2026-04-22,11972.45,11769.46,12175.76,ULTRACEMCO.NS
2026-04-23,11949.54,11752.66,12161.09,ULTRACEMCO.NS
2026-04-24,11937.89,11730.06,12134.85,ULTRACEMCO.NS
2026-04-27,11945.5,11753.39,12164.64,ULTRACEMCO.NS
2026-04-28,11933.59,11743.62,12148.13,ULTRACEMCO.NS
2026-04-29,11969.57,11757.06,12186.05,ULTRACEMCO.NS
2026-04-30,11926.93,11722.9,12133.2,ULTRACEMCO.NS
2026-05-01,11897.93,11691.15,12086.09,ULTRACEMCO.NS
2026-05-04,11867.06,11668.12,12068.68,ULTRACEMCO.NS
2026-05-05,11846.33,11633.76,12056.74,ULTRACEMCO.NS
2026-05-06,11875.13,11663.78,12071.31,ULTRACEMCO.NS
2026-05-07,11826.7,11623.32,12027.41,ULTRACEMCO.NS
2026-05-08,11793.01,11603.57,11993.37,ULTRACEMCO.NS
2026-05-11,11752.07,11535.15,11946.04,ULTRACEMCO.NS
2026-05-12,11728.45,11506.4,11923.36,ULTRACEMCO.NS
2026-05-13,11754.24,11559.25,11949.33,ULTRACEMCO.NS
2026-05-14,11702.48,11497.59,11918.67,ULTRACEMCO.NS
2026-05-15,11665.04,11462.17,11862.73,ULTRACEMCO.NS
2026-05-18,11609.54,11405.43,11802.56,ULTRACEMCO.NS
2026-05-19,11579.99,11373.97,11786.93,ULTRACEMCO.NS
2026-05-20,11599.41,11399.75,11806.14,ULTRACEMCO.NS
2026-05-21,11541.0,11335.64,11735.55,ULTRACEMCO.NS
2026-05-22,11496.78,11287.68,11696.1,ULTRACEMCO.NS
2026-05-25,11422.28,11206.21,11618.65,ULTRACEMCO.NS
2026-05-26,11387.61,11176.78,11585.83,ULTRACEMCO.NS
2026-05-27,11402.93,11201.63,11587.76,ULTRACEMCO.NS
2026-05-28,11341.67,11142.29,11543.43,ULTRACEMCO.NS
2026-05-29,11296.06,11096.94,11491.31,ULTRACEMCO.NS
2026-06-01,11228.0,11032.91,11434.22,ULTRACEMCO.NS
2026-06-02,11199.45,10989.16,11397.27,ULTRACEMCO.NS
2026-06-03,11222.97,11015.24,11422.87,ULTRACEMCO.NS
2026-06-04,11172.0,10966.25,11365.17,ULTRACEMCO.NS
2026-06-05,11138.73,10946.35,11335.99,ULTRACEMCO.NS
2026-06-08,11118.72,10921.57,11334.55,ULTRACEMCO.NS
2026-06-09,11109.25,10917.99,11315.87,ULTRACEMCO.NS
2026-06-10,11152.98,10949.67,11356.1,ULTRACEMCO.NS
2026-06-11,11123.06,10916.97,11336.9,ULTRACEMCO.NS
2026-06-12,11111.38,10899.47,11307.29,ULTRACEMCO.NS
2026-06-15,11156.13,10962.0,11356.13,ULTRACEMCO.NS
2026-06-16,11167.16,10958.27,11360.65,ULTRACEMCO.NS
2026-06-17,11230.35,11025.39,11430.34,ULTRACEMCO.NS
2026-06-18,11218.57,11019.97,11417.66,ULTRACEMCO.NS
2026-06-19,11223.47,11025.03,11413.73,ULTRACEMCO.NS
2026-06-22,11306.74,11102.97,11507.55,ULTRACEMCO.NS
2026-06-23,11326.49,11134.14,11521.7,ULTRACEMCO.NS
2026-06-24,11396.26,11197.79,11607.91,ULTRACEMCO.NS
2026-06-25,11388.94,11178.67,11599.32,ULTRACEMCO.NS
2026-06-26,11396.25,11193.95,11589.21,ULTRACEMCO.NS
2026-06-29,11475.79,11270.99,11686.42,ULTRACEMCO.NS
2026-06-30,11491.26,11287.2,11698.24,ULTRACEMCO.NS
2026-07-01,11555.62,11351.33,11756.05,ULTRACEMCO.NS
2026-07-02,11542.0,11323.42,11752.34,ULTRACEMCO.NS
2026-07-03,11542.39,11355.71,11742.08,ULTRACEMCO.NS
2026-07-06,11600.14,11386.5,11800.14,ULTRACEMCO.NS
2026-07-07,11608.81,11395.59,11809.43,ULTRACEMCO.NS
2026-07-08,11666.98,11469.94,11871.68,ULTRACEMCO.NS
2026-07-09,11647.96,11449.69,11849.98,ULTRACEMCO.NS
2026-07-10,11643.88,11437.21,11856.99,ULTRACEMCO.NS
2026-07-13,11694.72,11493.99,11890.81,ULTRACEMCO.NS
2026-07-14,11703.39,11511.7,11896.98,ULTRACEMCO.NS
2026-07-15,11762.66,11549.69,11968.22,ULTRACEMCO.NS
2026-07-16,11745.78,11547.64,11960.45,ULTRACEMCO.NS
2026-07-17,11744.79,11544.68,11942.15,ULTRACEMCO.NS
2026-07-20,11809.16,11614.05,12009.97,ULTRACEMCO.NS
2026-07-21,11823.22,11622.8,12030.3,ULTRACEMCO.NS
2026-07-22,11888.02,11670.34,12099.26,ULTRACEMCO.NS
2026-07-23,11876.65,11670.51,12078.2,ULTRACEMCO.NS
2026-07-24,11880.95,11682.58,12091.39,ULTRACEMCO.NS
2026-07-27,11958.47,11769.96,12164.96,ULTRACEMCO.NS
2026-07-28,11975.6,11766.86,12186.49,ULTRACEMCO.NS
2026-07-29,12042.69,11846.5,12233.33,ULTRACEMCO.NS
2026-07-30,12032.76,11826.66,12235.97,ULTRACEMCO.NS
2026-07-31,12037.66,11836.72,12245.18,ULTRACEMCO.NS
2026-08-03,12112.17,11915.0,12317.53,ULTRACEMCO.NS
2026-08-04,12126.92,11919.03,12318.49,ULTRACEMCO.NS
2026-08-05,12191.08,11980.11,12396.4,ULTRACEMCO.NS
2026-08-06,12177.81,11973.9,12382.48,ULTRACEMCO.NS
2026-08-07,12179.08,11979.08,12390.35,ULTRACEMCO.NS
2026-08-10,12242.23,12038.68,12455.62,ULTRACEMCO.NS
2026-08-11,12253.41,12034.36,12451.39,ULTRACEMCO.NS
2026-08-12,12314.3,12105.31,12501.17,ULTRACEMCO.NS
2026-08-13,12298.11,12101.28,12496.61,ULTRACEMCO.NS
2026-08-14,12296.86,12100.93,12503.42,ULTRACEMCO.NS
2026-08-17,12354.9,12148.68,12550.54,ULTRACEMCO.NS
2026-08-18,12365.1,12156.09,12574.54,ULTRACEMCO.NS
2026-08-19,12425.23,12212.4,12629.49,ULTRACEMCO.NS
2026-08-20,12408.41,12212.0,12586.16,ULTRACEMCO.NS
2026-08-21,12406.51,12204.62,12617.43,ULTRACEMCO.NS
2026-08-24,12461.01,12255.8,12666.54,ULTRACEMCO.NS
2026-08-25,12468.94,12260.47,12670.99,ULTRACEMCO.NS
2026-08-26,12525.98,12315.12,12747.51,ULTRACEMCO.NS
2026-08-27,12505.1,12291.44,12701.43,ULTRACEMCO.NS
2026-08-28,12498.04,12285.95,12694.76,ULTRACEMCO.NS
2026-08-31,12529.39,12322.36,12719.97,ULTRACEMCO.NS
2026-09-01,12526.86,12328.42,12737.99,ULTRACEMCO.NS
2026-09-02,12572.08,12370.82,12765.27,ULTRACEMCO.NS
2026-09-03,12538.04,12339.61,12743.74,ULTRACEMCO.NS
2025-07-24,714.35,695.12,733.06,UPL.NS
2025-07-25,711.04,692.11,730.94,UPL.NS
2025-07-28,706.94,688.58,727.67,UPL.NS
2025-07-29,705.93,687.69,723.08,UPL.NS
2025-07-30,704.94,686.19,724.38,UPL.NS
2025-07-31,703.62,684.87,722.7,UPL.NS
2025-08-01,700.08,681.21,719.27,UPL.NS
2025-08-04,696.48,677.06,714.35,UPL.NS
2025-08-05,696.0,676.59,715.96,UPL.NS
2025-08-06,695.7,676.35,714.9,UPL.NS
2025-08-07,695.2,674.0,713.3,UPL.NS
2025-08-08,692.6,673.58,710.05,UPL.NS
2025-08-11,692.29,672.66,709.82,UPL.NS
2025-08-12,692.99,674.24,713.23,UPL.NS
2025-08-13,693.87,674.44,712.89,UPL.NS
2025-08-14,694.53,674.41,713.59,UPL.NS
2025-08-18,695.72,677.57,715.26,UPL.NS
2025-08-19,697.22,677.68,716.76,UPL.NS
2025-08-20,698.8,678.61,717.69,UPL.NS
2025-08-21,700.04,680.57,718.02,UPL.NS
2025-08-22,699.01,682.12,718.15,UPL.NS
2025-08-25,702.2,682.46,721.39,UPL.NS
2025-08-26,703.6,683.31,722.71,UPL.NS
2025-08-28,705.82,686.42,723.58,UPL.NS
2025-08-29,704.29,685.11,723.61,UPL.NS
2025-09-01,705.29,685.82,724.61,UPL.NS
2025-09-02,705.76,687.27,725.17,UPL.NS
2025-09-03,706.08,686.01,725.06,UPL.NS
2025-09-04,705.87,687.45,723.74,UPL.NS
2025-09-05,703.18,683.75,721.47,UPL.NS
2025-09-08,700.5,680.52,720.47,UPL.NS
2025-09-09,699.72,681.8,718.22,UPL.NS
2025-09-10,698.8,679.72,717.68,UPL.NS
2025-09-11,697.37,678.77,714.92,UPL.NS
2025-09-12,693.52,675.76,713.22,UPL.NS
2025-09-15,687.76,667.57,706.9,UPL.NS
2025-09-16,686.14,666.81,704.32,UPL.NS
2025-09-17,684.51,665.22,703.69,UPL.NS
2025-09-18,682.49,663.25,700.6,UPL.NS
2025-09-19,678.19,659.41,697.9,UPL.NS
2025-09-22,672.01,652.69,690.27,UPL.NS
2025-09-23,670.58,651.76,689.68,UPL.NS
2025-09-24,669.28,649.64,688.49,UPL.NS
2025-09-25,667.77,650.75,686.56,UPL.NS
2025-09-26,664.12,644.15,683.84,UPL.NS
2025-09-29,660.73,642.13,679.72,UPL.NS
2025-09-30,660.46,640.31,679.51,UPL.NS
2025-10-01,660.42,641.52,680.21,UPL.NS
2025-10-03,657.98,639.26,676.57,UPL.NS
2025-10-06,658.93,640.42,679.74,UPL.NS
2025-10-07,660.09,641.85,678.52,UPL.NS
2025-10-08,661.46,643.4,680.63,UPL.NS
2025-10-09,662.64,644.14,681.05,UPL.NS
2025-10-10,661.69,642.21,680.06,UPL.NS
2025-10-13,666.1,647.72,684.25,UPL.NS
2025-10-14,668.25,650.47,688.01,UPL.NS
2025-10-15,670.53,650.27,689.96,UPL.NS
2025-10-16,672.52,654.09,691.87,UPL.NS
2025-10-17,672.32,652.72,691.42,UPL.NS
2025-10-20,678.56,660.42,699.1,UPL.NS
2025-10-21,681.23,661.84,700.39,UPL.NS
2025-10-23,686.47,667.39,705.04,UPL.NS
2025-10-24,686.73,667.4,705.54,UPL.NS
2025-10-27,694.48,674.59,713.39,UPL.NS
2025-10-28,697.71,678.66,714.92,UPL.NS
2025-10-29,701.05,682.47,720.54,UPL.NS
2025-10-30,704.14,686.22,722.57,UPL.NS
2025-10-31,705.04,686.48,724.12,UPL.NS
2025-11-03,714.75,695.0,732.42,UPL.NS
2025-11-04,718.6,698.63,737.98,UPL.NS
2025-11-06,726.11,706.27,746.5,UPL.NS
2025-11-07,727.43,707.39,746.2,UPL.NS
2025-11-10,737.6,718.93,757.58,UPL.NS
2025-11-11,741.26,723.79,760.95,UPL.NS
2025-11-12,744.8,725.8,763.41,UPL.NS
2025-11-13,747.79,728.02,765.54,UPL.NS
2025-11-14,748.27,730.02,767.34,UPL.NS
2025-11-17,754.52,736.23,773.54,UPL.NS
2025-11-18,756.43,737.27,775.78,UPL.NS
2025-11-19,757.99,738.98,777.85,UPL.NS
2025-11-20,758.83,739.16,777.05,UPL.NS
2025-11-21,757.01,738.03,776.27,UPL.NS
2025-11-24,755.8,735.75,774.34,UPL.NS
2025-11-25,755.17,736.86,774.91,UPL.NS
2025-11-26,754.27,736.55,773.39,UPL.NS
2025-11-27,752.75,732.9,772.35,UPL.NS
2025-11-28,748.74,729.62,767.95,UPL.NS
2025-12-01,742.42,722.37,760.45,UPL.NS
2025-12-02,740.73,722.22,761.2,UPL.NS
2025-12-03,739.15,720.24,757.22,UPL.NS
2025-12-04,737.35,717.34,756.6,UPL.NS
2025-12-05,733.49,714.68,751.57,UPL.NS
2025-12-08,730.2,712.2,751.18,UPL.NS
2025-12-09,730.35,710.43,750.16,UPL.NS
2025-12-10,730.98,710.61,749.78,UPL.NS
2025-12-11,731.74,713.06,750.75,UPL.NS
2025-12-12,730.71,710.99,749.26,UPL.NS
2025-12-15,737.07,717.66,757.36,UPL.NS
2025-12-16,740.59,721.94,760.99,UPL.NS
2025-12-17,744.55,724.18,764.26,UPL.NS
2025-12-18,748.5,730.09,767.47,UPL.NS
2025-12-19,750.48,731.71,769.23,UPL.NS
2025-12-22,763.93,743.84,782.72,UPL.NS
2025-12-23,768.97,750.02,786.86,UPL.NS
2025-12-24,773.94,754.71,792.5,UPL.NS
2025-12-26,780.25,761.34,798.97,UPL.NS
2025-12-29,789.95,770.92,808.74,UPL.NS
2025-12-30,792.63,774.13,810.89,UPL.NS
2025-12-31,794.74,776.5,815.38,UPL.NS
2026-01-01,795.84,777.18,815.15,UPL.NS
2026-01-02,794.01,774.18,813.44,UPL.NS
2026-01-05,790.95,771.77,811.09,UPL.NS
2026-01-06,789.1,770.1,807.54,UPL.NS
2026-01-07,786.7,767.77,806.81,UPL.NS
2026-01-08,783.4,763.68,802.22,UPL.NS
2026-01-09,777.36,758.41,797.54,UPL.NS
2026-01-12,763.67,744.55,783.15,UPL.NS
2026-01-13,759.18,740.31,779.1,UPL.NS
2026-01-14,754.67,734.93,773.62,UPL.NS
2026-01-15,749.86,729.53,769.08,UPL.NS
2026-01-16,742.91,723.4,761.55,UPL.NS
2026-01-19,730.19,710.57,749.87,UPL.NS
2026-01-20,727.2,707.9,745.92,UPL.NS
2026-01-21,724.72,705.29,744.83,UPL.NS
2026-01-22,722.41,703.57,742.64,UPL.NS
2026-01-23,718.37,700.13,737.04,UPL.NS
2026-01-27,716.75,698.55,735.65,UPL.NS
2026-01-28,717.97,699.95,737.61,UPL.NS
2026-01-29,719.23,700.06,739.05,UPL.NS
2026-01-30,718.56,701.28,737.28,UPL.NS
2026-02-02,724.27,705.66,741.55,UPL.NS
2026-02-03,726.78,708.18,746.76,UPL.NS
2026-02-04,729.23,710.45,748.79,UPL.NS
2026-02-05,731.16,710.36,749.09,UPL.NS
2026-02-06,730.57,712.19,750.32,UPL.NS
2026-02-09,732.97,713.23,751.53,UPL.NS
2026-02-10,733.27,713.06,751.85,UPL.NS
2026-02-11,733.03,714.48,751.99,UPL.NS
2026-02-12,731.83,713.77,750.72,UPL.NS
2026-02-13,727.75,708.38,746.68,UPL.NS
2026-02-16,718.3,697.74,737.7,UPL.NS
2026-02-17,714.47,695.32,732.74,UPL.NS
2026-02-18,710.15,690.38,729.73,UPL.NS
2026-02-19,705.01,685.16,725.73,UPL.NS
2026-02-20,697.2,678.16,715.94,UPL.NS
2026-02-23,678.58,659.2,697.95,UPL.NS
2026-02-24,672.55,653.72,691.23,UPL.NS
2026-02-25,666.53,646.63,684.75,UPL.NS
2026-02-26,660.22,641.55,679.26,UPL.NS
2026-02-27,651.77,633.99,670.41,UPL.NS
2026-03-02,634.43,615.5,653.77,UPL.NS
2026-03-04,625.64,606.0,645.23,UPL.NS
2026-03-05,621.56,600.66,640.59,UPL.NS
2026-03-06,615.68,595.43,634.45,UPL.NS
2026-03-09,607.36,587.59,626.09,UPL.NS
2026-03-10,605.99,587.75,626.27,UPL.NS
2026-03-11,605.07,585.46,624.23,UPL.NS
2026-03-12,604.19,584.53,623.22,UPL.NS
2026-03-13,601.4,583.22,619.5,UPL.NS
2026-03-16,601.28,582.88,619.68,UPL.NS
2026-03-17,602.15,582.4,620.71,UPL.NS
2026-03-18,603.21,584.44,621.42,UPL.NS
2026-03-19,604.02,585.13,623.55,UPL.NS
2026-03-20,602.64,583.65,620.41,UPL.NS
2026-03-23,605.12,584.66,625.01,UPL.NS
2026-03-24,606.41,588.23,625.31,UPL.NS
2026-03-25,607.7,589.58,625.79,UPL.NS
2026-03-27,607.19,587.8,626.48,UPL.NS
2026-03-30,609.36,590.32,628.03,UPL.NS
2026-04-01,611.85,593.16,631.37,UPL.NS
2026-04-02,612.83,593.99,632.01,UPL.NS
2026-04-06,615.07,596.18,634.67,UPL.NS
2026-04-07,616.95,597.67,636.04,UPL.NS
2026-04-08,619.0,600.78,639.91,UPL.NS
2026-04-09,620.83,600.91,639.86,UPL.NS
2026-04-10,620.52,600.96,641.06,UPL.NS
2026-04-13,626.74,607.59,644.62,UPL.NS
2026-04-15,632.21,612.59,650.23,UPL.NS
2026-04-16,634.63,615.0,652.96,UPL.NS
2026-04-17,634.74,616.54,654.65,UPL.NS
2026-04-20,641.03,622.17,659.68,UPL.NS
2026-04-21,643.31,625.61,662.52,UPL.NS
2026-04-22,645.41,626.03,663.74,UPL.NS
2026-04-23,646.94,626.31,666.48,UPL.NS
2026-04-24,645.94,628.19,665.07,UPL.NS
2026-04-27,647.77,628.14,667.79,UPL.NS
2026-04-28,648.29,629.41,668.14,UPL.NS
2026-04-29,648.56,629.82,667.25,UPL.NS
2026-04-30,648.21,629.26,668.71,UPL.NS
2026-05-01,645.35,625.75,664.57,UPL.NS
2026-05-04,642.07,623.78,661.4,UPL.NS
2026-05-05,641.18,622.08,661.07,UPL.NS
2026-05-06,640.25,621.46,658.41,UPL.NS
2026-05-07,638.94,620.39,658.36,UPL.NS
2026-05-08,635.36,614.52,654.71,UPL.NS
2026-05-11,631.63,612.17,650.15,UPL.NS
2026-05-12,631.14,611.26,649.4,UPL.NS
2026-05-13,630.87,612.27,649.92,UPL.NS
2026-05-14,630.47,611.62,650.49,UPL.NS
2026-05-15,628.01,609.41,649.92,UPL.NS
2026-05-18,628.53,609.93,647.78,UPL.NS
2026-05-19,629.61,609.43,648.53,UPL.NS
2026-05-20,630.92,611.82,651.16,UPL.NS
2026-05-21,632.03,612.32,650.92,UPL.NS
2026-05-22,631.0,612.52,649.23,UPL.NS
2026-05-25,634.74,615.61,653.66,UPL.NS
2026-05-26,636.42,615.37,657.2,UPL.NS
2026-05-27,638.04,618.6,657.67,UPL.NS
2026-05-28,639.17,619.54,657.78,UPL.NS
2026-05-29,637.83,618.38,656.44,UPL.NS
2026-06-01,638.76,618.46,657.77,UPL.NS
2026-06-02,638.93,619.19,658.68,UPL.NS
2026-06-03,638.78,620.1,657.79,UPL.NS
2026-06-04,637.91,619.24,656.68,UPL.NS
2026-06-05,634.41,614.56,653.9,UPL.NS
2026-06-08,628.29,609.79,648.56,UPL.NS
2026-06-09,626.09,607.42,644.86,UPL.NS
2026-06-10,623.65,603.99,644.38,UPL.NS
2026-06-11,620.64,601.04,638.39,UPL.NS
2026-06-12,615.17,595.18,635.08,UPL.NS
2026-06-15,604.7,584.58,623.93,UPL.NS
2026-06-16,601.68,582.84,621.59,UPL.NS
2026-06-17,598.78,578.97,618.6,UPL.NS
2026-06-18,595.67,576.89,616.55,UPL.NS
2026-06-19,590.49,571.44,608.86,UPL.NS
2026-06-22,583.02,563.81,603.09,UPL.NS
2026-06-23,581.66,562.24,599.43,UPL.NS
2026-06-24,580.7,562.07,600.0,UPL.NS
2026-06-25,579.78,559.81,599.51,UPL.NS
2026-06-26,576.97,557.76,595.82,UPL.NS
2026-06-29,577.34,557.13,596.93,UPL.NS
2026-06-30,578.66,558.73,597.31,UPL.NS
2026-07-01,580.31,561.69,600.24,UPL.NS
2026-07-02,581.9,562.31,600.79,UPL.NS
2026-07-03,581.45,562.95,601.17,UPL.NS
2026-07-06,587.6,568.91,608.53,UPL.NS
2026-07-07,590.31,571.79,608.91,UPL.NS
2026-07-08,593.04,574.34,611.67,UPL.NS
2026-07-09,595.4,576.29,616.32,UPL.NS
2026-07-10,595.39,577.02,614.46,UPL.NS
2026-07-13,600.98,581.75,619.16,UPL.NS
2026-07-14,602.92,584.07,622.38,UPL.NS
2026-07-15,604.64,584.76,622.7,UPL.NS
2026-07-16,605.75,587.21,624.8,UPL.NS
2026-07-17,604.32,584.9,624.28,UPL.NS
2026-07-20,604.89,584.7,623.33,UPL.NS
2026-07-21,605.03,585.75,623.48,UPL.NS
2026-07-22,604.95,585.46,623.26,UPL.NS
2026-07-23,604.31,584.31,622.75,UPL.NS
2026-07-24,601.2,581.52,619.77,UPL.NS
2026-07-27,597.47,576.91,616.2,UPL.NS
2026-07-28,596.51,577.11,614.52,UPL.NS
2026-07-29,595.53,576.73,614.99,UPL.NS
2026-07-30,594.18,575.71,613.12,UPL.NS
2026-07-31,590.57,570.72,608.6,UPL.NS
2026-08-03,586.6,564.95,605.59,UPL.NS
2026-08-04,585.94,566.84,604.77,UPL.NS
2026-08-05,585.45,567.51,605.24,UPL.NS
2026-08-06,584.75,565.36,603.95,UPL.NS
2026-08-07,581.93,562.61,601.44,UPL.NS
2026-08-10,580.97,561.53,598.92,UPL.NS
2026-08-11,581.46,562.3,599.33,UPL.NS
2026-08-12,582.14,563.31,601.42,UPL.NS
2026-08-13,582.63,563.2,602.43,UPL.NS
2026-08-14,580.98,562.53,599.7,UPL.NS
2026-08-17,583.25,564.43,602.74,UPL.NS
2026-08-18,584.67,566.12,604.4,UPL.NS
2026-08-19,586.19,567.8,605.17,UPL.NS
2026-08-20,587.39,568.08,607.21,UPL.NS
2026-08-21,586.35,566.95,605.51,UPL.NS
2026-08-24,589.66,570.65,609.68,UPL.NS
2026-08-25,591.16,574.51,611.35,UPL.NS
2026-08-26,592.6,574.47,611.51,UPL.NS
2026-08-27,593.61,573.96,612.81,UPL.NS
2026-08-28,592.23,572.32,611.45,UPL.NS
2026-08-31,593.78,573.59,613.93,UPL.NS
2026-09-01,594.47,575.49,614.82,UPL.NS
2026-09-02,595.01,575.67,613.33,UPL.NS
2026-09-03,595.01,575.31,614.42,UPL.NS
2025-07-24,245.85,240.84,251.44,WIPRO.NS
2025-07-25,244.45,239.51,249.6,WIPRO.NS
2025-07-28,243.07,238.27,248.47,WIPRO.NS
2025-07-29,242.45,237.95,247.41,WIPRO.NS
2025-07-30,242.09,237.13,246.93,WIPRO.NS
2025-07-31,242.03,236.69,246.97,WIPRO.NS
2025-08-01,240.74,235.88,245.79,WIPRO.NS
2025-08-04,239.84,234.79,244.94,WIPRO.NS
2025-08-05,239.43,234.41,244.51,WIPRO.NS
2025-08-06,239.29,234.64,244.27,WIPRO.NS
2025-08-07,239.46,234.17,244.73,WIPRO.NS
2025-08-08,238.41,233.57,243.34,WIPRO.NS
2025-08-11,238.3,233.41,243.45,WIPRO.NS
2025-08-12,238.17,233.33,243.4,WIPRO.NS
2025-08-13,238.31,233.6,243.29,WIPRO.NS
2025-08-14,238.77,233.87,243.53,WIPRO.NS
2025-08-18,238.8,234.13,243.75,WIPRO.NS
2025-08-19,238.97,233.61,243.87,WIPRO.NS
2025-08-20,239.41,234.96,244.47,WIPRO.NS
2025-08-21,240.16,235.43,245.31,WIPRO.NS
2025-08-22,239.7,234.76,245.1,WIPRO.NS
2025-08-25,241.28,236.47,245.84,WIPRO.NS
2025-08-26,241.67,236.53,246.61,WIPRO.NS
2025-08-28,243.22,237.85,248.24,WIPRO.NS
2025-08-29,242.88,237.8,248.0,WIPRO.NS
2025-09-01,244.54,239.53,249.71,WIPRO.NS
2025-09-02,244.86,239.76,249.87,WIPRO.NS
2025-09-03,245.37,240.35,250.35,WIPRO.NS
2025-09-04,246.1,241.04,251.41,WIPRO.NS
2025-09-05,245.53,240.92,250.68,WIPRO.NS
2025-09-08,246.18,240.9,250.91,WIPRO.NS
2025-09-09,246.07,240.98,251.23,WIPRO.NS
2025-09-10,246.12,241.0,251.37,WIPRO.NS
2025-09-11,246.37,241.34,251.65,WIPRO.NS
2025-09-12,245.3,240.43,250.46,WIPRO.NS
2025-09-15,244.45,239.62,249.4,WIPRO.NS
2025-09-16,243.87,238.82,249.36,WIPRO.NS
2025-09-17,243.49,238.27,248.38,WIPRO.NS
2025-09-18,243.35,238.13,248.35,WIPRO.NS
2025-09-19,241.93,236.81,246.84,WIPRO.NS
2025-09-22,240.42,235.34,245.0,WIPRO.NS
2025-09-23,239.77,234.88,245.1,WIPRO.NS
2025-09-24,239.39,234.4,244.41,WIPRO.NS
2025-09-25,239.32,234.33,244.61,WIPRO.NS
2025-09-26,238.04,232.84,243.26,WIPRO.NS
2025-09-29,237.37,232.51,242.57,WIPRO.NS
2025-09-30,237.1,232.02,241.97,WIPRO.NS
2025-10-01,237.14,232.18,242.58,WIPRO.NS
2025-10-03,236.71,231.39,241.46,WIPRO.NS
2025-10-06,237.4,232.43,242.18,WIPRO.NS
2025-10-07,237.54,232.4,242.58,WIPRO.NS
2025-10-08,237.95,232.74,242.69,WIPRO.NS
2025-10-09,238.64,233.9,243.7,WIPRO.NS
2025-10-10,238.09,233.15,242.69,WIPRO.NS
2025-10-13,239.14,233.69,243.89,WIPRO.NS
2025-10-14,239.26,234.41,243.87,WIPRO.NS
2025-10-15,239.56,234.79,244.66,WIPRO.NS
2025-10-16,240.09,235.44,244.94,WIPRO.NS
2025-10-17,239.3,234.38,244.21,WIPRO.NS
2025-10-20,239.35,233.95,244.36,WIPRO.NS
2025-10-21,239.06,233.99,243.85,WIPRO.NS
2025-10-23,239.05,234.02,244.11,WIPRO.NS
2025-10-24,237.84,232.87,242.68,WIPRO.NS
2025-10-27,236.82,232.01,242.1,WIPRO.NS
2025-10-28,236.27,231.79,241.25,WIPRO.NS
2025-10-29,235.95,231.19,240.98,WIPRO.NS
2025-10-30,235.92,230.95,241.05,WIPRO.NS
2025-10-31,234.67,229.54,239.97,WIPRO.NS
2025-11-03,233.94,228.99,238.91,WIPRO.NS
2025-11-04,233.64,228.73,238.56,WIPRO.NS
2025-11-06,234.0,229.42,238.6,WIPRO.NS
2025-11-07,233.19,227.96,238.13,WIPRO.NS
2025-11-10,234.01,228.91,238.91,WIPRO.NS
2025-11-11,234.27,229.42,239.49,WIPRO.NS
2025-11-12,234.83,229.29,239.88,WIPRO.NS
2025-11-13,235.73,230.92,240.39,WIPRO.NS
2025-11-14,235.44,230.55,240.58,WIPRO.NS
2025-11-17,237.61,232.36,242.43,WIPRO.NS
2025-11-18,238.21,233.43,243.0,WIPRO.NS
2025-11-19,239.06,233.66,244.05,WIPRO.NS
2025-11-20,240.19,235.17,245.21,WIPRO.NS
2025-11-21,240.07,235.36,244.78,WIPRO.NS
2025-11-24,242.39,237.43,247.23,WIPRO.NS
2025-11-25,242.95,238.15,247.61,WIPRO.NS
2025-11-26,243.71,238.86,248.91,WIPRO.NS
2025-11-27,244.73,239.42,249.53,WIPRO.NS
2025-11-28,244.47,239.38,249.71,WIPRO.NS
2025-12-01,246.36,241.35,251.45,WIPRO.NS
2025-12-02,246.79,241.48,251.55,WIPRO.NS
2025-12-03,247.45,242.32,252.52,WIPRO.NS
2025-12-04,248.39,243.24,253.21,WIPRO.NS
2025-12-05,248.09,243.13,253.14,WIPRO.NS
2025-12-08,250.09,244.96,255.18,WIPRO.NS
2025-12-09,250.63,245.72,255.7,WIPRO.NS
2025-12-10,251.44,246.36,256.21,WIPRO.NS
2025-12-11,252.56,247.46,257.44,WIPRO.NS
2025-12-12,252.45,247.47,257.73,WIPRO.NS
2025-12-15,255.08,250.01,259.93,WIPRO.NS
2025-12-16,255.81,250.98,260.84,WIPRO.NS
2025-12-17,256.77,251.74,261.91,WIPRO.NS
2025-12-18,258.01,252.95,262.86,WIPRO.NS
2025-12-19,257.97,252.83,262.9,WIPRO.NS
2025-12-22,260.41,255.49,265.42,WIPRO.NS
2025-12-23,260.93,256.21,265.89,WIPRO.NS
2025-12-24,261.6,256.59,267.02,WIPRO.NS
2025-12-26,261.95,256.79,266.77,WIPRO.NS
2025-12-29,262.56,257.58,267.57,WIPRO.NS
2025-12-30,262.34,257.19,267.36,WIPRO.NS
2025-12-31,262.23,257.56,266.97,WIPRO.NS
2026-01-01,262.26,257.05,267.14,WIPRO.NS
2026-01-02,260.93,255.81,266.23,WIPRO.NS
2026-01-05,259.05,254.13,264.17,WIPRO.NS
2026-01-06,258.06,253.58,263.01,WIPRO.NS
2026-01-07,257.22,252.04,262.15,WIPRO.NS
2026-01-08,256.6,251.58,261.74,WIPRO.NS
2026-01-09,254.68,249.76,259.89,WIPRO.NS
2026-01-12,251.57,246.6,256.73,WIPRO.NS
2026-01-13,250.36,245.29,255.06,WIPRO.NS
2026-01-14,249.4,244.6,254.58,WIPRO.NS
2026-01-15,248.75,243.45,253.32,WIPRO.NS
2026-01-16,246.89,241.72,251.88,WIPRO.NS
2026-01-19,244.39,239.24,249.2,WIPRO.NS
2026-01-20,243.49,238.71,248.45,WIPRO.NS
2026-01-21,242.88,238.32,247.87,WIPRO.NS
2026-01-22,242.6,237.47,247.57,WIPRO.NS
2026-01-23,241.1,235.78,245.79,WIPRO.NS
2026-01-27,238.93,234.03,243.8,WIPRO.NS
2026-01-28,238.5,233.66,243.28,WIPRO.NS
2026-01-29,238.33,233.32,243.67,WIPRO.NS
2026-01-30,236.87,231.62,241.91,WIPRO.NS
2026-02-02,234.96,229.72,239.87,WIPRO.NS
2026-02-03,234.02,229.43,239.04,WIPRO.NS
2026-02-04,233.23,228.24,238.32,WIPRO.NS
2026-02-05,232.62,227.82,237.62,WIPRO.NS
2026-02-06,230.68,225.7,235.72,WIPRO.NS
2026-02-09,227.13,222.29,232.05,WIPRO.NS
2026-02-10,225.62,220.71,230.73,WIPRO.NS
2026-02-11,224.27,219.44,229.49,WIPRO.NS
2026-02-12,223.14,218.14,228.24,WIPRO.NS
2026-02-13,220.72,215.75,226.05,WIPRO.NS
2026-02-16,216.11,211.55,220.83,WIPRO.NS
2026-02-17,214.4,209.66,219.19,WIPRO.NS
2026-02-18,212.95,207.56,217.54,WIPRO.NS
2026-02-19,211.81,207.25,216.84,WIPRO.NS
2026-02-20,209.48,204.46,213.98,WIPRO.NS
2026-02-23,205.67,200.63,210.56,WIPRO.NS
2026-02-24,204.39,199.4,209.49,WIPRO.NS
2026-02-25,203.44,198.45,208.77,WIPRO.NS
2026-02-26,202.86,198.09,207.93,WIPRO.NS
2026-02-27,201.12,196.34,206.38,WIPRO.NS
2026-03-02,199.2,194.19,204.22,WIPRO.NS
2026-03-04,198.19,193.45,203.4,WIPRO.NS
2026-03-05,198.16,193.14,203.07,WIPRO.NS
2026-03-06,196.93,192.03,202.02,WIPRO.NS
2026-03-09,196.2,191.29,201.27,WIPRO.NS
2026-03-10,195.8,190.63,200.67,WIPRO.NS
2026-03-11,195.65,190.75,201.07,WIPRO.NS
2026-03-12,195.77,190.95,200.55,WIPRO.NS
2026-03-13,194.62,189.83,199.85,WIPRO.NS
2026-03-16,193.9,188.69,198.8,WIPRO.NS
2026-03-17,193.47,188.67,198.58,WIPRO.NS
2026-03-18,193.27,188.07,198.54,WIPRO.NS
2026-03-19,193.35,188.61,198.34,WIPRO.NS
2026-03-20,192.19,186.76,197.16,WIPRO.NS
2026-03-23,191.69,186.9,196.89,WIPRO.NS
2026-03-24,191.44,186.41,196.66,WIPRO.NS
2026-03-25,191.49,186.63,196.18,WIPRO.NS
2026-03-27,191.12,185.99,196.02,WIPRO.NS
2026-03-30,192.19,187.25,197.16,WIPRO.NS
2026-04-01,193.29,188.37,198.42,WIPRO.NS
2026-04-02,194.38,189.03,199.41,WIPRO.NS
2026-04-06,197.36,192.39,202.3,WIPRO.NS
2026-04-07,198.3,193.19,203.42,WIPRO.NS
2026-04-08,199.5,194.33,204.26,WIPRO.NS
2026-04-09,200.99,196.23,206.22,WIPRO.NS
2026-04-10,201.21,196.05,205.99,WIPRO.NS
2026-04-13,204.38,199.68,209.24,WIPRO.NS
2026-04-15,205.95,200.97,211.14,WIPRO.NS
2026-04-16,206.95,202.15,211.99,WIPRO.NS
2026-04-17,206.56,201.55,211.75,WIPRO.NS
2026-04-20,207.28,202.41,212.43,WIPRO.NS
2026-04-21,207.04,202.21,212.32,WIPRO.NS
2026-04-22,206.87,201.93,211.63,WIPRO.NS
2026-04-23,206.83,201.43,211.66,WIPRO.NS
2026-04-24,205.41,200.18,210.11,WIPRO.NS
2026-04-27,203.24,198.31,208.32,WIPRO.NS
2026-04-28,202.18,197.35,207.24,WIPRO.NS
2026-04-29,201.3,196.18,206.24,WIPRO.NS
2026-04-30,200.68,195.76,205.83,WIPRO.NS
2026-05-01,198.81,193.55,203.6,WIPRO.NS
2026-05-04,196.21,191.63,201.42,WIPRO.NS
2026-05-05,195.32,190.28,200.11,WIPRO.NS
2026-05-06,194.77,189.98,200.25,WIPRO.NS
2026-05-07,194.62,189.91,199.65,WIPRO.NS
2026-05-08,193.35,188.3,198.49,WIPRO.NS
2026-05-11,193.2,188.01,198.12,WIPRO.NS
2026-05-12,193.27,188.53,198.24,WIPRO.NS
2026-05-13,193.72,188.55,198.92,WIPRO.NS
2026-05-14,194.57,189.22,199.4,WIPRO.NS
2026-05-15,194.28,189.22,199.1,WIPRO.NS
2026-05-18,196.74,191.74,201.84,WIPRO.NS
2026-05-19,197.48,192.45,202.67,WIPRO.NS
2026-05-20,198.47,193.24,203.61,WIPRO.NS
2026-05-21,199.71,194.6,204.47,WIPRO.NS
2026-05-22,199.67,194.76,204.72,WIPRO.NS
2026-05-25,201.85,197.03,206.96,WIPRO.NS
2026-05-26,202.16,197.25,206.66,WIPRO.NS
2026-05-27,202.57,197.49,207.42,WIPRO.NS
2026-05-28,203.09,198.15,208.35,WIPRO.NS
2026-05-29,202.18,197.01,207.04,WIPRO.NS
2026-06-01,201.17,196.15,206.3,WIPRO.NS
2026-06-02,200.3,194.98,205.34,WIPRO.NS
2026-06-03,199.5,194.43,204.69,WIPRO.NS
2026-06-04,198.81,194.04,203.89,WIPRO.NS
2026-06-05,196.72,191.78,202.23,WIPRO.NS
2026-06-08,192.57,187.7,197.74,WIPRO.NS
2026-06-09,190.85,185.83,195.89,WIPRO.NS
2026-06-10,189.33,184.08,194.34,WIPRO.NS
2026-06-11,188.06,183.18,192.91,WIPRO.NS
2026-06-12,185.56,180.45,190.48,WIPRO.NS
2026-06-15,181.11,176.44,186.28,WIPRO.NS
2026-06-16,179.61,174.31,184.45,WIPRO.NS
2026-06-17,178.45,173.66,183.49,WIPRO.NS
2026-06-18,177.69,172.86,182.91,WIPRO.NS
2026-06-19,175.82,170.79,180.75,WIPRO.NS
2026-06-22,173.83,168.94,178.93,WIPRO.NS
2026-06-23,173.28,168.32,178.36,WIPRO.NS
2026-06-24,173.11,168.37,177.82,WIPRO.NS
2026-06-25,173.35,168.32,178.71,WIPRO.NS
2026-06-26,172.46,167.69,177.24,WIPRO.NS
2026-06-29,173.19,168.28,178.19,WIPRO.NS
2026-06-30,173.42,168.31,178.23,WIPRO.NS
2026-07-01,173.93,169.16,179.28,WIPRO.NS
2026-07-02,174.76,169.88,179.85,WIPRO.NS
2026-07-03,174.35,169.44,179.25,WIPRO.NS
2026-07-06,175.88,170.99,181.12,WIPRO.NS
2026-07-07,176.16,171.36,180.93,WIPRO.NS
2026-07-08,176.62,171.82,181.56,WIPRO.NS
2026-07-09,177.3,172.4,182.15,WIPRO.NS
2026-07-10,176.67,171.48,181.68,WIPRO.NS
2026-07-13,177.13,172.09,181.72,WIPRO.NS
2026-07-14,176.96,171.88,181.97,WIPRO.NS
2026-07-15,176.95,172.12,182.13,WIPRO.NS
2026-07-16,177.14,172.3,182.37,WIPRO.NS
2026-07-17,176.02,170.93,181.11,WIPRO.NS
2026-07-20,175.11,169.81,180.43,WIPRO.NS
2026-07-21,174.54,169.72,179.6,WIPRO.NS
2026-07-22,174.17,169.07,179.03,WIPRO.NS
2026-07-23,174.05,169.18,179.3,WIPRO.NS
2026-07-24,172.67,167.53,177.47,WIPRO.NS
2026-07-27,171.26,166.14,176.29,WIPRO.NS
2026-07-28,170.63,165.29,175.5,WIPRO.NS
2026-07-29,170.24,165.4,175.65,WIPRO.NS
2026-07-30,170.15,165.41,175.44,WIPRO.NS
2026-07-31,168.83,164.02,173.53,WIPRO.NS
2026-08-03,167.81,163.04,172.79,WIPRO.NS
2026-08-04,167.35,162.18,172.34,WIPRO.NS
2026-08-05,167.17,162.5,172.2,WIPRO.NS
2026-08-06,167.29,162.12,172.05,WIPRO.NS
2026-08-07,166.2,160.93,171.23,WIPRO.NS
2026-08-10,165.93,160.56,170.83,WIPRO.NS
2026-08-11,165.75,160.6,170.9,WIPRO.NS
2026-08-12,165.83,160.66,170.6,WIPRO.NS
2026-08-13,166.24,161.42,170.98,WIPRO.NS
2026-08-14,165.43,160.27,170.53,WIPRO.NS
2026-08-17,166.05,161.21,171.12,WIPRO.NS
2026-08-18,166.17,161.07,171.02,WIPRO.NS
2026-08-19,166.56,161.6,171.67,WIPRO.NS
2026-08-20,167.27,162.16,172.37,WIPRO.NS
2026-08-21,166.76,161.94,171.88,WIPRO.NS
2026-08-24,168.22,162.75,173.13,WIPRO.NS
2026-08-25,168.59,163.82,173.91,WIPRO.NS
2026-08-26,169.21,164.11,173.97,WIPRO.NS
2026-08-27,170.12,165.04,174.92,WIPRO.NS
2026-08-28,169.78,165.0,174.89,WIPRO.NS
2026-08-31,171.5,166.62,176.75,WIPRO.NS
2026-09-01,171.86,167.08,176.99,WIPRO.NS
2026-09-02,172.43,167.13,177.4,WIPRO.NS
2026-09-03,173.22,168.29,178.39,WIPRO.NS
2026-09-04,172.71,167.35,177.92,WIPRO.NS
